Book Name,Authors,Info,Image URL
"The Chronicles of Narnia - The Lion, the Witch & the Wardrobe",C.S. Lewis,"{""Format:"": ""Paperback"", ""Language:"": ""English"", ""ISBN:"": ""0439847974"", ""ISBN13:"": ""9780439847971"", ""Release Date:"": ""January 2006"", ""Publisher:"": ""Scholastic Books"", ""Length:"": ""189 Pages"", ""Weight:"": ""0.28 lbs.""}",https://i.thriftbooks.com/api/imagehandler/m/4EBE4E0B421FBD138021ABBEBC6CF6F9ACBB92E4.jpeg
"Percy Jackson and the Olympians, Book One the Lightning Thief (Percy Jackson and the Olympians, Book One)",Rick Riordan,"{""Format:"": ""Paperback"", ""Language:"": ""English"", ""ISBN:"": ""0786838655"", ""ISBN13:"": ""9780786838653"", ""Release Date:"": ""April 2006"", ""Publisher:"": ""Disney-Hyperion"", ""Length:"": ""416 Pages"", ""Weight:"": ""0.73 lbs."", ""Dimensions:"": ""1.1\"" x 5.2\"" x 7.5\"""", ""Age Range:"": ""8 to 12 years"", ""Grade Range:"": ""Grades 3 to 7""}",https://i.thriftbooks.com/api/imagehandler/m/D70D7E7467C535449A4E17D6F91ADD61F9441480.jpeg
Where the Wild Things Are: A Caldecott Award Winner,Maurice Sendak,"{""Format:"": ""Hardcover"", ""Language:"": ""English"", ""ISBN:"": ""0060254920"", ""ISBN13:"": ""9780060254926"", ""Release Date:"": ""December 2012"", ""Publisher:"": ""HarperCollins"", ""Length:"": ""48 Pages"", ""Weight:"": ""0.99 lbs."", ""Dimensions:"": ""0.5\"" x 10.2\"" x 9.1\"""", ""Age Range:"": ""4 to 8 years"", ""Grade Range:"": ""Preschool to Grade 3""}",https://i.thriftbooks.com/api/imagehandler/m/5F0B9CCC15447FB1BC4C8B60F846B11CC6BED437.jpeg
A Game of Thrones,George R.R. Martin,"{""Format:"": ""Paperback"", ""Language:"": ""English"", ""ISBN:"": ""0553381687"", ""ISBN13:"": ""9780553381689"", ""Release Date:"": ""May 2002"", ""Publisher:"": ""Bantam"", ""Length:"": ""720 Pages"", ""Weight:"": ""1.32 lbs."", ""Dimensions:"": ""1.4\"" x 6.2\"" x 9.2\""""}",https://i.thriftbooks.com/api/imagehandler/m/DC3FBF36A7064A899375625FAFB20956A4EC4D88.jpeg
The Phantom Tollbooth,Norton Juster,"{""Format:"": ""Paperback"", ""Language:"": ""English"", ""ISBN:"": ""0394820371"", ""Release Date:"": ""October 1988"", ""Publisher:"": ""Bullseye Books"", ""Length:"": ""272 Pages"", ""Weight:"": ""0.60 lbs."", ""Dimensions:"": ""0.4\"" x 5.1\"" x 7.8\""""}",https://m.media-amazon.com/images/I/51Wk9AYRlTL._SL350_.jpg
James and the Giant Peach,Roald Dahl,"{""Format:"": ""Paperback"", ""Language:"": ""English"", ""ISBN:"": ""0142410365"", ""Release Date:"": ""August 2007"", ""Publisher:"": ""Penguin Young Readers Group"", ""Length:"": ""146 Pages"", ""Weight:"": ""0.30 lbs."", ""Dimensions:"": ""0.5\"" x 5.0\"" x 7.6\""""}",https://m.media-amazon.com/images/I/51cHrLMCvkL._SL350_.jpg
The Sea of Monsters (Percy Jackson and the Olympians),Rick Riordan,"{""Format:"": ""Paperback"", ""ISBN:"": ""0545611598"", ""ISBN13:"": ""9780545611596"", ""Release Date:"": ""January 2013"", ""Publisher:"": ""Scholastic"", ""Weight:"": ""0.68 lbs.""}",https://m.media-amazon.com/images/I/41PpSjz8ByL._SL350_.jpg
Harold and the Purple Crayon,Crockett Johnson,"{""Format:"": ""Board book"", ""Language:"": ""English"", ""ISBN:"": ""0062086529"", ""Release Date:"": ""September 2015"", ""Publisher:"": ""HarperFestival"", ""Length:"": ""34 Pages"", ""Weight:"": ""0.50 lbs."", ""Dimensions:"": ""6.3\"" x 0.8\"" x 5.5\""""}",https://m.media-amazon.com/images/I/41R0N8bH1vL._SL350_.jpg
"A Clash of Kings (A Song of Ice and Fire, Book 2)",George R.R. Martin,"{""Format:"": ""Mass Market Paperback"", ""Language:"": ""English"", ""ISBN:"": ""0553579908"", ""Release Date:"": ""September 2000"", ""Publisher:"": ""Bantam"", ""Length:"": ""1040 Pages"", ""Weight:"": ""1.05 lbs."", ""Dimensions:"": ""6.9\"" x 1.6\"" x 4.2\""""}",https://m.media-amazon.com/images/I/51x+T30gxJL._SL350_.jpg
"The Titan's Curse (Percy Jackson and the Olympians, Book 3)",Rick Riordan,"{""Format:"": ""Paperback"", ""Language:"": ""English"", ""ISBN:"": ""1423101480"", ""Release Date:"": ""April 2008"", ""Publisher:"": ""Disney Hyperion"", ""Length:"": ""352 Pages"", ""Weight:"": ""0.55 lbs."", ""Dimensions:"": ""7.5\"" x 0.8\"" x 5.2\""""}",https://m.media-amazon.com/images/I/51aWjGY4ViL._SL350_.jpg
The Woman Who Rides Like a Man,Tamora Pierce,"{""Format:"": ""Mass Market Paperback"", ""Language:"": ""English"", ""ISBN:"": ""067980112X"", ""ISBN13:"": ""9780679801122"", ""Release Date:"": ""April 1990"", ""Publisher:"": ""Random House Children's Books"", ""Length:"": ""256 Pages"", ""Weight:"": ""0.28 lbs."", ""Dimensions:"": ""0.7\"" x 4.2\"" x 6.9\"""", ""Age Range:"": ""10 to 13 years"", ""Grade Range:"": ""Grades 5 to 8""}",https://i.thriftbooks.com/api/imagehandler/m/8D2C2AB5559B8A477EC4DFA8B894F87612128EFB.jpeg
Lioness Rampant (4) (Song of the Lioness),Tamora Pierce,"{""Format:"": ""Mass Market Paperback"", ""Language:"": ""English"", ""ISBN:"": ""0689878575"", ""Release Date:"": ""January 2005"", ""Publisher:"": ""Simon Pulse"", ""Length:"": ""384 Pages"", ""Weight:"": ""0.47 lbs."", ""Dimensions:"": ""7.0\"" x 1.1\"" x 4.2\""""}",https://m.media-amazon.com/images/I/41vZJoZ+S8L._SL350_.jpg
The Land of the Silver Apples,Nancy Farmer,"{""Format:"": ""Hardcover"", ""Language:"": ""English"", ""ISBN:"": ""1416907351"", ""ISBN13:"": ""9781416907350"", ""Release Date:"": ""August 2007"", ""Publisher:"": ""Atheneum Books"", ""Length:"": ""512 Pages"", ""Weight:"": ""1.40 lbs."", ""Dimensions:"": ""1.6\"" x 6.3\"" x 9.3\"""", ""Age Range:"": ""10 to 14 years"", ""Grade Range:"": ""Grades 5 to 9""}",https://i.thriftbooks.com/api/imagehandler/m/0EFD4C057EEB20BFC1B20A0DE46554565B3B5254.jpeg
First Test,Tamora Pierce,"{""Format:"": ""Mass Market Paperback"", ""Language:"": ""English"", ""ISBN:"": ""0679889175"", ""ISBN13:"": ""9780679889175"", ""Release Date:"": ""May 2000"", ""Publisher:"": ""Random House Children's Books"", ""Length:"": ""256 Pages"", ""Weight:"": ""0.30 lbs."", ""Dimensions:"": ""0.7\"" x 4.2\"" x 6.9\"""", ""Age Range:"": ""12 years and up"", ""Grade Range:"": ""Grade 7 and higher""}",https://i.thriftbooks.com/api/imagehandler/m/40A02294A47F11B31AB97F3A789F66D152D1211F.jpeg
The Wyverns' Treasure,R.L. LaFevers,"{""Format:"": ""Hardcover"", ""Language:"": ""English"", ""ISBN:"": ""0547316186"", ""ISBN13:"": ""9780547316185"", ""Release Date:"": ""October 2010"", ""Publisher:"": ""Houghton Mifflin"", ""Length:"": ""154 Pages"", ""Weight:"": ""0.62 lbs."", ""Dimensions:"": ""0.8\"" x 5.3\"" x 7.8\"""", ""Age Range:"": ""6 to 9 years"", ""Grade Range:"": ""Grades 1 to 4""}",https://i.thriftbooks.com/api/imagehandler/m/62E4802ED4760D917FE2F5B9A6D5320C503D0EF1.jpeg
Fly by Night,Frances Hardinge,"{""Format:"": ""Hardcover"", ""Language:"": ""English"", ""ISBN:"": ""0060876271"", ""ISBN13:"": ""9780060876272"", ""Release Date:"": ""May 2006"", ""Publisher:"": ""HarperCollins Publishers"", ""Length:"": ""487 Pages"", ""Weight:"": ""0.25 lbs."", ""Dimensions:"": ""1.5\"" x 5.7\"" x 8.5\"""", ""Age Range:"": ""10 to 14 years"", ""Grade Range:"": ""Grades 5 to 9""}",https://i.thriftbooks.com/api/imagehandler/m/860671867FA4EC9C527AE96E3FDADF4BF6877710.jpeg
The Search for Belle Prater,Ruth White,"{""Format:"": ""Paperback"", ""Language:"": ""English"", ""ISBN:"": ""0440421640"", ""ISBN13:"": ""9780440421641"", ""Release Date:"": ""January 2007"", ""Publisher:"": ""Yearling Books"", ""Length:"": ""169 Pages"", ""Weight:"": ""0.30 lbs."", ""Dimensions:"": ""0.4\"" x 5.3\"" x 7.7\"""", ""Age Range:"": ""8 to 12 years"", ""Grade Range:"": ""Grades 3 to 7""}",https://i.thriftbooks.com/api/imagehandler/m/0B26F818701583B4F35C1DA5E04CB70B826D9F1A.jpeg
"Theodosia and the Eyes of Horus (The Theodosia Series, 3)",R.L. LaFevers,"{""Format:"": ""Paperback"", ""Language:"": ""English"", ""ISBN:"": ""0547550111"", ""Release Date:"": ""April 2011"", ""Publisher:"": ""Clarion Books"", ""Length:"": ""384 Pages"", ""Weight:"": ""0.92 lbs."", ""Dimensions:"": ""7.8\"" x 0.9\"" x 5.5\""""}",https://m.media-amazon.com/images/I/515IyjsU7iL._SL350_.jpg
The Secret Box,Barbara Lehman,"{""Format:"": ""Hardcover"", ""Language:"": ""English"", ""ISBN:"": ""0547238681"", ""ISBN13:"": ""9780547238685"", ""Release Date:"": ""March 2011"", ""Publisher:"": ""Clarion Books"", ""Length:"": ""48 Pages"", ""Weight:"": ""0.80 lbs."", ""Dimensions:"": ""0.4\"" x 8.0\"" x 8.0\"""", ""Age Range:"": ""4 to 7 years"", ""Grade Range:"": ""Preschool to Grade 2""}",https://i.thriftbooks.com/api/imagehandler/m/678851AFEFD86CC57C09643ED5D5EC15CCB2EDEC.jpeg
Roswell High: The Outsider (TV Series),Melinda Metz,"{""Format:"": ""Paperback"", ""Language:"": ""English"", ""ISBN:"": ""0671774662"", ""Release Date:"": ""January 1999"", ""Publisher:"": ""Simon Spotlight Entertainment"", ""Length:"": ""176 Pages"", ""Weight:"": ""0.35 lbs."", ""Dimensions:"": ""6.8\"" x 0.5\"" x 4.3\""""}",https://m.media-amazon.com/images/I/51bwl98Zt5L._SL350_.jpg
Theodosia and the Last Pharaoh,R.L. LaFevers,"{""Format:"": ""Paperback"", ""Language:"": ""English"", ""ISBN:"": ""0547850867"", ""ISBN13:"": ""9780547850863"", ""Release Date:"": ""October 2012"", ""Publisher:"": ""Clarion Books"", ""Length:"": ""400 Pages"", ""Weight:"": ""0.85 lbs."", ""Dimensions:"": ""1.0\"" x 5.5\"" x 7.7\"""", ""Age Range:"": ""8 to 12 years"", ""Grade Range:"": ""Grades 3 to 7""}",https://i.thriftbooks.com/api/imagehandler/m/7D3936F076AB7EB38FFAFA48BBF4C480F9A96513.jpeg
A Day with Wilbur Robinson,William Joyce,"{""Format:"": ""Hardcover"", ""Language:"": ""English"", ""ISBN:"": ""0060890983"", ""ISBN13:"": ""9780060890988"", ""Release Date:"": ""August 2006"", ""Publisher:"": ""Laura Geringer Book"", ""Length:"": ""40 Pages"", ""Weight:"": ""1.76 lbs."", ""Dimensions:"": ""0.4\"" x 10.3\"" x 10.1\"""", ""Age Range:"": ""4 to 8 years"", ""Grade Range:"": ""Preschool to Grade 3""}",https://i.thriftbooks.com/api/imagehandler/m/04F8F62C139E8B02D6C60AA8F88C2B59EBC33E52.jpeg
Outlaw Princess of Sherwood,Nancy Springer,"{""Format:"": ""Hardcover"", ""Language:"": ""English"", ""ISBN:"": ""0399237216"", ""ISBN13:"": ""9780399237218"", ""Release Date:"": ""September 2003"", ""Publisher:"": ""Philomel Books"", ""Length:"": ""122 Pages"", ""Weight:"": ""0.65 lbs."", ""Dimensions:"": ""0.6\"" x 5.8\"" x 8.6\"""", ""Age Range:"": ""8 to 12 years"", ""Grade Range:"": ""Grades 3 to 7""}",https://i.thriftbooks.com/api/imagehandler/m/98352292A9937FC29629BCFD2ECE1D333D75D7CB.jpeg
"Secrets of Dripping Fang, Book Seven: Please Don't Eat the Children",Dan Greenburg,"{""Format:"": ""Hardcover"", ""Language:"": ""English"", ""ISBN:"": ""0152060472"", ""ISBN13:"": ""9780152060473"", ""Release Date:"": ""April 2007"", ""Publisher:"": ""Houghton Mifflin"", ""Length:"": ""143 Pages"", ""Weight:"": ""0.55 lbs."", ""Dimensions:"": ""0.7\"" x 5.3\"" x 7.3\"""", ""Age Range:"": ""7 to 10 years"", ""Grade Range:"": ""Grades 2 to 5""}",https://i.thriftbooks.com/api/imagehandler/m/B282C1545A919DA79AA4B65ED6B90D70DAD44263.jpeg
Theodosia and the Staff of Osiris,R.L. LaFevers,"{""Format:"": ""Hardcover"", ""Language:"": ""English"", ""ISBN:"": ""0618927646"", ""ISBN13:"": ""9780618927647"", ""Release Date:"": ""January 2008"", ""Publisher:"": ""Harcourt Brace and Company"", ""Length:"": ""400 Pages"", ""Weight:"": ""1.24 lbs."", ""Dimensions:"": ""1.2\"" x 6.1\"" x 7.9\"""", ""Age Range:"": ""7 to 10 years"", ""Grade Range:"": ""Grades 2 to 5""}",https://i.thriftbooks.com/api/imagehandler/m/32570BD9F34E6367E25EDD8F37153001970DAD8A.jpeg
Max: A Maximum Ride Novel,James Patterson,"{""Format:"": ""Hardcover"", ""Language:"": ""English"", ""ISBN:"": ""0316002895"", ""ISBN13:"": ""9780316002899"", ""Release Date:"": ""March 2009"", ""Publisher:"": ""Jimmy Patterson"", ""Length:"": ""320 Pages"", ""Weight:"": ""1.00 lbs."", ""Dimensions:"": ""1.0\"" x 5.8\"" x 8.5\"""", ""Age Range:"": ""11 to 15 years"", ""Grade Range:"": ""Grades 6 to 10""}",https://i.thriftbooks.com/api/imagehandler/m/00E9C94D0ECC44F33718395E9C9BE251CA95FC0C.jpeg
Theodosia and the Serpents of Chaos,R.L. LaFevers,"{""Format:"": ""Paperback"", ""Language:"": ""English"", ""ISBN:"": ""0618999760"", ""ISBN13:"": ""9780618999767"", ""Release Date:"": ""May 2008"", ""Publisher:"": ""Clarion Books"", ""Length:"": ""352 Pages"", ""Weight:"": ""0.75 lbs."", ""Dimensions:"": ""0.8\"" x 5.5\"" x 7.7\"""", ""Age Range:"": ""8 to 12 years"", ""Grade Range:"": ""Grades 3 to 7""}",https://i.thriftbooks.com/api/imagehandler/m/D8C53106CE126C419D6B0CE7DD581D28D7B4593B.jpeg
Flight of the Phoenix,R.L. LaFevers,"{""Format:"": ""Paperback"", ""Language:"": ""English"", ""ISBN:"": ""0547408455"", ""ISBN13:"": ""9780547408453"", ""Release Date:"": ""September 2010"", ""Publisher:"": ""Clarion Books"", ""Length:"": ""144 Pages"", ""Weight:"": ""0.30 lbs."", ""Dimensions:"": ""0.5\"" x 5.1\"" x 7.8\"""", ""Age Range:"": ""6 to 9 years"", ""Grade Range:"": ""Grades 1 to 4""}",https://i.thriftbooks.com/api/imagehandler/m/B532FD413B0BE2C533338C39E4B3BB309CD410CC.jpeg
Mary Jane Tpb,Judith O'Brien,"{""Format:"": ""Paperback"", ""Language:"": ""English"", ""ISBN:"": ""0785114408"", ""ISBN13:"": ""9780785114406"", ""Release Date:"": ""June 2004"", ""Publisher:"": ""Marvel Comics Group"", ""Length:"": ""224 Pages"", ""Weight:"": ""0.50 lbs."", ""Dimensions:"": ""0.7\"" x 5.6\"" x 7.9\"""", ""Age Range:"": ""13 to 17 years"", ""Grade Range:"": ""Grades 8 to 12""}",https://i.thriftbooks.com/api/imagehandler/m/56C9491D0C8DB4941D8CA6F1F6FD46265D81D8EB.jpeg
The Unicorn's Tale,R.L. LaFevers,"{""Format:"": ""Hardcover"", ""Language:"": ""English"", ""ISBN:"": ""0547482779"", ""ISBN13:"": ""9780547482774"", ""Release Date:"": ""April 2011"", ""Publisher:"": ""Houghton Mifflin"", ""Length:"": ""153 Pages"", ""Weight:"": ""0.65 lbs."", ""Dimensions:"": ""0.7\"" x 5.6\"" x 8.0\"""", ""Age Range:"": ""6 to 9 years"", ""Grade Range:"": ""Grades 1 to 4""}",https://i.thriftbooks.com/api/imagehandler/m/D793212C567CD947A40DC1508C30E60B6213F8C4.jpeg
Redwall: 30th Anniversary Edition,Brian Jacques,"{""Format:"": ""Mass Market Paperback"", ""Language:"": ""English"", ""ISBN:"": ""0441005489"", ""Release Date:"": ""September 1997"", ""Publisher:"": ""Ace"", ""Length:"": ""352 Pages"", ""Weight:"": ""0.47 lbs."", ""Dimensions:"": ""6.8\"" x 0.9\"" x 4.3\""""}",https://m.media-amazon.com/images/I/51JI-TH-dfL._SL350_.jpg
"The Heroes of Olympus, Book One the Lost Hero",Rick Riordan,"{""Format:"": ""Paperback"", ""Language:"": ""English"", ""ISBN:"": ""1423113462"", ""ISBN13:"": ""9781423113461"", ""Release Date:"": ""April 2012"", ""Publisher:"": ""Disney-Hyperion"", ""Length:"": ""592 Pages"", ""Weight:"": ""0.80 lbs."", ""Dimensions:"": ""1.5\"" x 5.2\"" x 7.6\"""", ""Age Range:"": ""8 to 12 years"", ""Grade Range:"": ""Grades 3 to 7""}",https://i.thriftbooks.com/api/imagehandler/m/8A54DAAB626C3C32C843A6BAEC0553BE9EF0E041.jpeg
Jurassic Park,Michael Crichton,"{""Format:"": ""Mass Market Paperback"", ""Language:"": ""English"", ""ISBN:"": ""0345370775"", ""ISBN13:"": ""9780345370778"", ""Release Date:"": ""November 1991"", ""Publisher:"": ""Ballantine Books"", ""Length:"": ""416 Pages"", ""Weight:"": ""0.41 lbs."", ""Dimensions:"": ""0.9\"" x 4.2\"" x 6.9\""""}",https://i.thriftbooks.com/api/imagehandler/m/C6CA8309CFF0719CCBCDFDB57CA1C993B8964922.jpeg
Eldest,Christopher Paolini,"{""Format:"": ""Hardcover"", ""Language:"": ""English"", ""ISBN:"": ""037582670X"", ""Release Date:"": ""January 2005"", ""Publisher:"": ""Knopf Books for Young Readers"", ""Length:"": ""704 Pages"", ""Weight:"": ""1.85 lbs."", ""Dimensions:"": ""9.4\"" x 2.0\"" x 6.4\""""}",https://m.media-amazon.com/images/I/41oM8o3czRL._SL350_.jpg
"The Tale of Despereaux: Being the Story of a Mouse, a Princess, Some Soup and a Spool of Thread",Kate DiCamillo,"{""Format:"": ""Paperback"", ""Language:"": ""English"", ""ISBN:"": ""0763625299"", ""Release Date:"": ""April 2006"", ""Publisher:"": ""Candlewick"", ""Length:"": ""272 Pages"", ""Weight:"": ""0.61 lbs."", ""Dimensions:"": ""7.7\"" x 0.8\"" x 5.1\""""}",https://m.media-amazon.com/images/I/41TvvFlUKlL._SL350_.jpg
A Dance with Dragons: A Song of Ice and Fire: Book Five,George R.R. Martin,"{""Format:"": ""Mass Market Paperback"", ""Language:"": ""English"", ""ISBN:"": ""0553582011"", ""ISBN13:"": ""9780553582017"", ""Release Date:"": ""October 2013"", ""Publisher:"": ""Bantam"", ""Length:"": ""1152 Pages"", ""Weight:"": ""0.96 lbs."", ""Dimensions:"": ""1.8\"" x 4.3\"" x 7.0\""""}",https://i.thriftbooks.com/api/imagehandler/m/CB4CB4997C1E01D56A01FFED4FFAB71BC76F292F.jpeg
"Percy Jackson and the Olympians, Book Four the Battle of the Labyrinth (Percy Jackson and the Olympians, Book Four)",Rick Riordan,"{""Format:"": ""Paperback"", ""Language:"": ""English"", ""ISBN:"": ""1423101499"", ""ISBN13:"": ""9781423101499"", ""Release Date:"": ""April 2009"", ""Publisher:"": ""Disney-Hyperion"", ""Length:"": ""400 Pages"", ""Weight:"": ""0.69 lbs."", ""Dimensions:"": ""1.1\"" x 5.2\"" x 7.3\"""", ""Age Range:"": ""8 to 12 years"", ""Grade Range:"": ""Grades 3 to 7""}",https://i.thriftbooks.com/api/imagehandler/m/04D11A7C5C8BA68309D5C58BB14AA07F616F6B16.jpeg
The Princess Bride,William Goldman,"{""Format:"": ""Mass Market Paperback"", ""Language:"": ""English"", ""ISBN:"": ""0345348036"", ""ISBN13:"": ""9780345348036"", ""Release Date:"": ""November 2000"", ""Publisher:"": ""Del Rey Books"", ""Length:"": ""416 Pages"", ""Weight:"": ""0.35 lbs."", ""Dimensions:"": ""1.1\"" x 4.2\"" x 7.0\""""}",https://i.thriftbooks.com/api/imagehandler/m/B6D6456C1BDFDBE3EC8F5E5ADF911D7477C98E54.jpeg
The Chronicles of Narnia: The Classic Fantasy Adventure Series (Official Edition),C.S. Lewis,"{""Format:"": ""Paperback"", ""Language:"": ""English"", ""ISBN:"": ""0066238501"", ""ISBN13:"": ""9780066238500"", ""Release Date:"": ""October 2001"", ""Publisher:"": ""HarperCollins"", ""Length:"": ""768 Pages"", ""Weight:"": ""2.07 lbs."", ""Dimensions:"": ""2.0\"" x 6.0\"" x 9.0\"""", ""Age Range:"": ""8 years and up"", ""Grade Range:"": ""Grade 3 and higher""}",https://i.thriftbooks.com/api/imagehandler/m/3D5E489788EF9D860BB96CE52745BBC090B27265.jpeg
The Son of Neptune,Rick Riordan,"{""Format:"": ""Paperback"", ""Language:"": ""English"", ""ISBN:"": ""1423141997"", ""ISBN13:"": ""9781423141990"", ""Release Date:"": ""July 2013"", ""Publisher:"": ""Disney-Hyperion"", ""Length:"": ""521 Pages"", ""Weight:"": ""0.82 lbs."", ""Dimensions:"": ""1.3\"" x 5.3\"" x 7.6\"""", ""Age Range:"": ""13 to 17 years"", ""Grade Range:"": ""Grades 8 to 12""}",https://i.thriftbooks.com/api/imagehandler/m/ADD37696BFE3D32C5DC61ED73F090811C094F16D.jpeg
"Percy Jackson and the Olympians, Book Five the Last Olympian (Percy Jackson and the Olympians, Book Five)",Rick Riordan,"{""Format:"": ""Paperback"", ""Language:"": ""English"", ""ISBN:"": ""1423101502"", ""ISBN13:"": ""9781423101505"", ""Release Date:"": ""January 2011"", ""Publisher:"": ""Disney-Hyperion"", ""Length:"": ""432 Pages"", ""Weight:"": ""0.64 lbs."", ""Dimensions:"": ""1.0\"" x 5.3\"" x 8.0\"""", ""Age Range:"": ""10 to 13 years"", ""Grade Range:"": ""Grades 5 to 8""}",https://i.thriftbooks.com/api/imagehandler/m/0DB260941066404AE31050E4EE7481336BC0FA5B.jpeg
"(First Collier Books Edition, 1970) the Magician's Nephew Paperback By C.S. Lewis, Book 6 From the Chronicles of Narnia",C.S. Lewis,"{""Format:"": ""Paperback"", ""ISBN:"": ""B009TN1IQE"", ""Release Date:"": ""January 1970"", ""Publisher:"": ""collier books"", ""Weight:"": ""0.30 lbs.""}",https://m.media-amazon.com/images/I/419vvxhGqWL._SL350_.jpg
"A Storm of Swords (A Song of Ice and Fire, Book 3)",George R.R. Martin,"{""Format:"": ""Mass Market Paperback"", ""Language:"": ""English"", ""ISBN:"": ""055357342X"", ""Release Date:"": ""March 2003"", ""Publisher:"": ""Bantam"", ""Length:"": ""1216 Pages"", ""Weight:"": ""0.88 lbs."", ""Dimensions:"": ""6.8\"" x 1.7\"" x 4.2\""""}",https://m.media-amazon.com/images/I/41qaJs1ciPL._SL350_.jpg
A Feast for Crows: A Song of Ice and Fire: Book Four,George R.R. Martin,"{""Format:"": ""Paperback"", ""Language:"": ""English"", ""ISBN:"": ""0553582038"", ""ISBN13:"": ""9780553582031"", ""Release Date:"": ""October 2007"", ""Publisher:"": ""Bantam"", ""Length:"": ""784 Pages"", ""Weight:"": ""1.62 lbs."", ""Dimensions:"": ""1.3\"" x 6.3\"" x 9.3\""""}",https://i.thriftbooks.com/api/imagehandler/m/3493233006CDD9B57D48BB67B99813E666C6EA8D.jpeg
The Mysterious Benedict Society,Trenton Lee Stewart,"{""Format:"": ""Paperback"", ""Language:"": ""English"", ""ISBN:"": ""0316003956"", ""ISBN13:"": ""9780316003957"", ""Release Date:"": ""April 2008"", ""Publisher:"": ""Little, Brown Books for Young Readers"", ""Length:"": ""512 Pages"", ""Weight:"": ""1.02 lbs."", ""Dimensions:"": ""1.4\"" x 5.2\"" x 7.6\"""", ""Age Range:"": ""8 to 12 years"", ""Grade Range:"": ""Grades 3 to 7""}",https://i.thriftbooks.com/api/imagehandler/m/195B1F9BFCE46844553DF53989396B1F77721132.jpeg
The Miraculous Journey of Edward Tulane,Kate DiCamillo,"{""Format:"": ""Hardcover"", ""Language:"": ""English"", ""ISBN:"": ""0763625892"", ""ISBN13:"": ""9780763625894"", ""Release Date:"": ""February 2006"", ""Publisher:"": ""Candlewick Press (MA)"", ""Length:"": ""228 Pages"", ""Weight:"": ""1.09 lbs."", ""Dimensions:"": ""1.0\"" x 7.3\"" x 8.2\"""", ""Age Range:"": ""6 to 9 years"", ""Grade Range:"": ""Grades 1 to 4""}",https://i.thriftbooks.com/api/imagehandler/m/6EA445F3CC948BCE15451971FEEAE186EB17C477.jpeg
The Dragonet Prophecy (Wings of Fire #1): Volume 1,Tui T. Sutherland,"{""Format:"": ""Paperback"", ""Language:"": ""English"", ""ISBN:"": ""0545349230"", ""ISBN13:"": ""9780545349239"", ""Release Date:"": ""April 2013"", ""Publisher:"": ""Scholastic Press"", ""Length:"": ""336 Pages"", ""Weight:"": ""0.52 lbs."", ""Dimensions:"": ""0.9\"" x 5.3\"" x 7.5\"""", ""Age Range:"": ""9 to 12 years"", ""Grade Range:"": ""Grades 4 to 7""}",https://i.thriftbooks.com/api/imagehandler/m/DD388E34560EF0489E7F7FA0DA0134F513FA4B3F.jpeg
"The Angel Experiment (Maximum Ride, Book 1)",James Patterson,"{""Format:"": ""Hardcover"", ""Language:"": ""English"", ""ISBN:"": ""031615556X"", ""Release Date:"": ""April 2005"", ""Publisher:"": ""jimmy patterson"", ""Length:"": ""432 Pages"", ""Weight:"": ""1.11 lbs."", ""Dimensions:"": ""8.0\"" x 1.5\"" x 5.5\""""}",https://m.media-amazon.com/images/I/51zQ7Mm1bSL._SL350_.jpg
Howl's Moving Castle,Diana Wynne Jones,"{""Format:"": ""Paperback"", ""Language:"": ""English"", ""ISBN:"": ""006441034X"", ""ISBN13:"": ""9780064410342"", ""Release Date:"": ""August 2001"", ""Publisher:"": ""Greenwillow Books"", ""Length:"": ""336 Pages"", ""Weight:"": ""0.33 lbs."", ""Dimensions:"": ""1.1\"" x 4.1\"" x 6.7\"""", ""Age Range:"": ""8 to 12 years"", ""Grade Range:"": ""Grades 3 to 7""}",https://i.thriftbooks.com/api/imagehandler/m/9DF365F4592E5245445E9CFFBFF098EF1D42BB7B.jpeg
Fight Club,Chuck Palahniuk,"{""Format:"": ""Paperback"", ""Language:"": ""English"", ""ISBN:"": ""0805076557"", ""ISBN13:"": ""9780805076554"", ""Release Date:"": ""May 2004"", ""Publisher:"": ""Owl Books (NY)"", ""Length:"": ""199 Pages"", ""Weight:"": ""0.50 lbs."", ""Dimensions:"": ""0.6\"" x 5.6\"" x 8.2\""""}",https://i.thriftbooks.com/api/imagehandler/m/5C7293DF34C4B2147872F61C9CDB50438BF048F0.jpeg
Mrs. Frisby and the Rats of NIMH,Robert C. O'Brien,"{""Format:"": ""Paperback"", ""Language:"": ""English"", ""ISBN:"": ""0689710682"", ""Release Date:"": ""March 1986"", ""Publisher:"": ""Aladdin"", ""Length:"": ""240 Pages"", ""Weight:"": ""0.40 lbs."", ""Dimensions:"": ""7.6\"" x 0.6\"" x 5.1\""""}",https://m.media-amazon.com/images/I/41aruQaBZ9L._SL350_.jpg
Inkheart,Cornelia Funke,"{""Format:"": ""Paperback"", ""Language:"": ""English"", ""ISBN:"": ""0439531659"", ""ISBN13:"": ""9780439531658"", ""Release Date:"": ""September 2004"", ""Publisher:"": ""Scholastic"", ""Length:"": ""534 Pages"", ""Weight:"": ""0.86 lbs.""}",https://m.media-amazon.com/images/I/51dRfrERUiL._SL350_.jpg
Prince Caspian: The Return to Narnia (The Chronicles of Narnia - Full-Color Collector's Edition),C.S. Lewis,"{""Format:"": ""Paperback"", ""Language:"": ""English"", ""ISBN:"": ""0064409449"", ""Release Date:"": ""August 2000"", ""Publisher:"": ""HarperTrophy"", ""Length:"": ""240 Pages"", ""Weight:"": ""0.88 lbs."", ""Dimensions:"": ""7.7\"" x 0.7\"" x 5.2\""""}",https://m.media-amazon.com/images/I/51SIEecf+tL._SL350_.jpg
The City of Ember (The City of Ember Book 1),Jeanne DuPrau,"{""Format:"": ""Paperback"", ""Language:"": ""English"", ""ISBN:"": ""0375822747"", ""Release Date:"": ""May 2004"", ""Publisher:"": ""Yearling"", ""Length:"": ""270 Pages"", ""Weight:"": ""0.75 lbs."", ""Dimensions:"": ""7.6\"" x 0.6\"" x 5.2\""""}",https://m.media-amazon.com/images/I/41mBOv2PstL._SL350_.jpg
The Indian in the Cupboard,Lynne Reid Banks,"{""Format:"": ""Paperback"", ""Language:"": ""English"", ""ISBN:"": ""0375847537"", ""Release Date:"": ""February 2010"", ""Publisher:"": ""Yearling"", ""Length:"": ""240 Pages"", ""Weight:"": ""0.35 lbs."", ""Dimensions:"": ""7.6\"" x 0.6\"" x 5.3\""""}",https://m.media-amazon.com/images/I/41Y4TE1jSrL._SL350_.jpg
The Voyage of the Dawn Treader: The Classic Fantasy Adventure Series (Official Edition),C.S. Lewis,"{""Format:"": ""Hardcover"", ""Language:"": ""English"", ""ISBN:"": ""0060234865"", ""ISBN13:"": ""9780060234867"", ""Release Date:"": ""August 2007"", ""Publisher:"": ""HarperCollins"", ""Length:"": ""256 Pages"", ""Weight:"": ""0.88 lbs."", ""Dimensions:"": ""0.9\"" x 6.3\"" x 9.2\"""", ""Age Range:"": ""8 years and up"", ""Grade Range:"": ""Grade 3 and higher""}",https://i.thriftbooks.com/api/imagehandler/m/C032A14DBBE99E85021EF8908AB04FD9C91F9A82.jpeg
Where the Mountain Meets the Moon (Newbery Honor Book),Grace Lin,"{""Format:"": ""Paperback"", ""Language:"": ""English"", ""ISBN:"": ""0316038636"", ""ISBN13:"": ""9780316038638"", ""Release Date:"": ""July 2019"", ""Publisher:"": ""Little, Brown Books for Young Readers"", ""Length:"": ""320 Pages"", ""Weight:"": ""0.81 lbs."", ""Dimensions:"": ""1.0\"" x 5.2\"" x 7.5\"""", ""Age Range:"": ""8 to 12 years"", ""Grade Range:"": ""Grades 3 to 7""}",https://i.thriftbooks.com/api/imagehandler/m/22126DB7EF3518E7895D99D32DD8DE2A2D06C458.jpeg
Dinosaurs Before Dark,Mary Pope Osborne,"{""Format:"": ""Paperback"", ""Language:"": ""English"", ""ISBN:"": ""0679824111"", ""ISBN13:"": ""9780679824114"", ""Release Date:"": ""July 1992"", ""Publisher:"": ""Random House Books for Young Readers"", ""Length:"": ""80 Pages"", ""Weight:"": ""0.13 lbs."", ""Dimensions:"": ""0.3\"" x 5.1\"" x 7.4\"""", ""Age Range:"": ""7 to 9 years"", ""Grade Range:"": ""Grades 2 to 4""}",https://i.thriftbooks.com/api/imagehandler/m/2D07033668CD44A4686DC07022F325CADC2E1313.jpeg
"Kane Chronicles, The, Book One: Red Pyramid, The-Kane Chronicles, The, Book One",Rick Riordan,"{""Format:"": ""Hardcover"", ""Language:"": ""English"", ""ISBN:"": ""1423113381"", ""ISBN13:"": ""9781423113386"", ""Release Date:"": ""May 2010"", ""Publisher:"": ""Disney Hyperion"", ""Length:"": ""528 Pages"", ""Weight:"": ""1.63 lbs."", ""Dimensions:"": ""1.5\"" x 5.5\"" x 8.7\"""", ""Age Range:"": ""10 to 13 years"", ""Grade Range:"": ""Grades 5 to 8""}",https://i.thriftbooks.com/api/imagehandler/m/2740DFB1FE8F3E7F8583D08B4E0C497B605A5BD2.jpeg
The Horse and His Boy: Full Color Edition: The Classic Fantasy Adventure Series (Official Edition),C.S. Lewis,"{""Format:"": ""Paperback"", ""Language:"": ""English"", ""ISBN:"": ""0064409406"", ""ISBN13:"": ""9780064409407"", ""Release Date:"": ""August 2000"", ""Publisher:"": ""HarperCollins"", ""Length:"": ""240 Pages"", ""Weight:"": ""0.45 lbs."", ""Dimensions:"": ""0.8\"" x 5.1\"" x 7.6\"""", ""Age Range:"": ""8 years and up"", ""Grade Range:"": ""Grade 3 and higher""}",https://i.thriftbooks.com/api/imagehandler/m/FCB5AC0C387A83E96A1D1D8657B55E3BBA139914.jpeg
The Ruins of Gorlan: Book One,John Flanagan,"{""Format:"": ""Paperback"", ""Language:"": ""English"", ""ISBN:"": ""0142406635"", ""ISBN13:"": ""9780142406632"", ""Release Date:"": ""June 2006"", ""Publisher:"": ""Viking Books for Young Readers"", ""Length:"": ""288 Pages"", ""Weight:"": ""0.51 lbs."", ""Dimensions:"": ""0.7\"" x 5.1\"" x 7.8\"""", ""Age Range:"": ""10 years and up"", ""Grade Range:"": ""Grade 5 and higher""}",https://i.thriftbooks.com/api/imagehandler/m/CE2ACB399B14F38488E40B14578BDDB0C3565B3D.jpeg
School's Out--Forever: A Maximum Ride Novel,James Patterson,"{""Format:"": ""Hardcover"", ""Language:"": ""English"", ""ISBN:"": ""0316155594"", ""ISBN13:"": ""9780316155595"", ""Release Date:"": ""May 2006"", ""Publisher:"": ""Jimmy Patterson"", ""Length:"": ""416 Pages"", ""Weight:"": ""1.26 lbs."", ""Dimensions:"": ""1.5\"" x 6.4\"" x 9.1\"""", ""Age Range:"": ""12 to 15 years"", ""Grade Range:"": ""Grades 7 to 10""}",https://i.thriftbooks.com/api/imagehandler/m/7C87A76F82B81826A422E8E74B0959B3940C1202.jpeg
"Into the Wild (Warriors, Book 1)",Erin Hunter,"{""Format:"": ""Paperback"", ""Language:"": ""English"", ""ISBN:"": ""0060525509"", ""Release Date:"": ""January 2004"", ""Publisher:"": ""HarperCollins"", ""Length:"": ""288 Pages"", ""Weight:"": ""0.48 lbs."", ""Dimensions:"": ""7.6\"" x 0.6\"" x 5.1\""""}",https://m.media-amazon.com/images/I/51XAzH4YyEL._SL350_.jpg
The Adventures of Captain Underpants: Color Edition,Dav Pilkey,"{""Format:"": ""Hardcover"", ""Language:"": ""English"", ""ISBN:"": ""0545499089"", ""Release Date:"": ""August 2013"", ""Publisher:"": ""Scholastic Inc."", ""Length:"": ""144 Pages"", ""Weight:"": ""0.93 lbs."", ""Dimensions:"": ""8.4\"" x 0.6\"" x 5.5\""""}",https://m.media-amazon.com/images/I/5151qbcoe2L._SL350_.jpg
The Last Battle: Full Color Edition: The Classic Fantasy Adventure Series (Official Edition),C.S. Lewis,"{""Format:"": ""Paperback"", ""Language:"": ""English"", ""ISBN:"": ""0064409414"", ""ISBN13:"": ""9780064409414"", ""Release Date:"": ""August 2000"", ""Publisher:"": ""HarperCollins"", ""Length:"": ""224 Pages"", ""Weight:"": ""0.11 lbs."", ""Dimensions:"": ""0.6\"" x 5.0\"" x 7.5\"""", ""Age Range:"": ""8 years and up"", ""Grade Range:"": ""Grade 3 and higher""}",https://i.thriftbooks.com/api/imagehandler/m/67D7E459CFD23156CB3539EA0477403F70DC6E38.jpeg
Mossflower,Brian Jacques,"{""Format:"": ""Hardcover"", ""Language:"": ""English"", ""ISBN:"": ""0399215492"", ""ISBN13:"": ""9780399215490"", ""Release Date:"": ""November 1988"", ""Publisher:"": ""Philomel Books"", ""Length:"": ""431 Pages"", ""Weight:"": ""1.45 lbs."", ""Dimensions:"": ""1.4\"" x 6.2\"" x 9.4\"""", ""Age Range:"": ""9 years and up"", ""Grade Range:"": ""Grade 4 and higher""}",https://i.thriftbooks.com/api/imagehandler/m/ECF875D8FC07381EBE77D7000345C9BD96F7EAFE.jpeg
The Silver Chair (The Chronicles of Narnia Book 6),C.S. Lewis,"{""Format:"": ""Paperback"", ""Language:"": ""English"", ""ISBN:"": ""0590254804"", ""ISBN13:"": ""9780590254809"", ""Release Date:"": ""January 1995"", ""Publisher:"": ""Scholastic Inc"", ""Length:"": ""243 Pages"", ""Weight:"": ""0.40 lbs.""}",https://i.thriftbooks.com/api/imagehandler/m/E9AD3A7B25DCD8BD2E43034E6E2AB0FAB94A499E.jpeg
"Inkdeath (Inkheart Trilogy, Book 3): Volume 3",Cornelia Funke,"{""Format:"": ""Paperback"", ""Language:"": ""English"", ""ISBN:"": ""0439866294"", ""ISBN13:"": ""9780439866293"", ""Release Date:"": ""July 2010"", ""Publisher:"": ""Scholastic Paperbacks"", ""Length:"": ""704 Pages"", ""Weight:"": ""1.05 lbs."", ""Dimensions:"": ""2.0\"" x 5.3\"" x 7.6\"""", ""Age Range:"": ""9 to 14 years"", ""Grade Range:"": ""Grades 4 to 9""}",https://i.thriftbooks.com/api/imagehandler/m/A4CFA40DE2DA025B8E6DDA95E8507CC8F624D001.jpeg
The Alchemyst: The Secrets of the Immortal Nicholas Flamel,Michael Scott,"{""Format:"": ""Paperback"", ""Language:"": ""English"", ""ISBN:"": ""0385736002"", ""Release Date:"": ""June 2008"", ""Publisher:"": ""Ember"", ""Length:"": ""375 Pages"", ""Weight:"": ""0.65 lbs."", ""Dimensions:"": ""8.0\"" x 0.9\"" x 5.2\""""}",https://m.media-amazon.com/images/I/417yRaNXI6L._SL350_.jpg
Fablehaven,Brandon Mull,"{""Format:"": ""Paperback"", ""Language:"": ""English"", ""ISBN:"": ""1416947205"", ""ISBN13:"": ""9781416947202"", ""Release Date:"": ""April 2007"", ""Publisher:"": ""Aladdin Paperbacks"", ""Length:"": ""384 Pages"", ""Weight:"": ""0.59 lbs."", ""Dimensions:"": ""1.3\"" x 5.0\"" x 7.9\"""", ""Age Range:"": ""8 to 13 years"", ""Grade Range:"": ""Grades 3 to 8""}",https://i.thriftbooks.com/api/imagehandler/m/3AAB6C5B9DF1B5AE236397E4F7C965B4C55115C3.jpeg
The Final Warning,James Patterson,"{""Format:"": ""Hardcover"", ""Language:"": ""English"", ""ISBN:"": ""0316002860"", ""ISBN13:"": ""9780316002868"", ""Release Date:"": ""March 2008"", ""Publisher:"": ""Jimmy Patterson"", ""Length:"": ""272 Pages"", ""Weight:"": ""0.84 lbs."", ""Dimensions:"": ""1.3\"" x 6.4\"" x 9.1\"""", ""Age Range:"": ""12 to 15 years"", ""Grade Range:"": ""Grades 7 to 10""}",https://i.thriftbooks.com/api/imagehandler/m/83E96DD52089512266F496FB080EBC6ECC969E1F.jpeg
"The Thief (The Queen's Thief, Book 1)",Megan Whalen Turner,"{""Format:"": ""Paperback"", ""Language:"": ""English"", ""ISBN:"": ""0060824972"", ""Release Date:"": ""December 2005"", ""Publisher:"": ""Greenwillow Books"", ""Length:"": ""280 Pages"", ""Weight:"": ""0.95 lbs."", ""Dimensions:"": ""0.7\"" x 5.2\"" x 7.6\""""}",https://m.media-amazon.com/images/I/517F5WRpO4L._SL350_.jpg
"The False Prince (the Ascendance Series, Book 1): Volume 1",Jennifer A. Nielsen,"{""Format:"": ""Paperback"", ""Language:"": ""English"", ""ISBN:"": ""0545284147"", ""ISBN13:"": ""9780545284141"", ""Release Date:"": ""February 2013"", ""Publisher:"": ""Scholastic Paperbacks"", ""Length:"": ""352 Pages"", ""Weight:"": ""0.67 lbs."", ""Dimensions:"": ""0.9\"" x 5.2\"" x 7.4\"""", ""Age Range:"": ""8 to 12 years"", ""Grade Range:"": ""Grades 3 to 7""}",https://i.thriftbooks.com/api/imagehandler/m/BEF779CA8991474F56CB3ECDEB90ECF6846E47A5.jpeg
The Magic School Bus Inside the Human Body,Joanna Cole,"{""Format:"": ""Paperback"", ""Language:"": ""English"", ""ISBN:"": ""0590414275"", ""Release Date:"": ""October 1990"", ""Publisher:"": ""Scholastic Press"", ""Length:"": ""40 Pages"", ""Weight:"": ""0.57 lbs."", ""Dimensions:"": ""0.3\"" x 8.4\"" x 10.0\""""}",https://m.media-amazon.com/images/I/617Wp6UHYrL._SL350_.jpg
Catwings,Ursula K. Le Guin,"{""Format:"": ""Paperback"", ""Language:"": ""English"", ""ISBN:"": ""0590428330"", ""ISBN13:"": ""9780590428330"", ""Release Date:"": ""March 1990"", ""Publisher:"": ""Scholastic"", ""Length:"": ""40 Pages"", ""Weight:"": ""0.18 lbs."", ""Dimensions:"": ""0.2\"" x 5.3\"" x 7.6\"""", ""Age Range:"": ""7 to 10 years"", ""Grade Range:"": ""Grades 2 to 5""}",https://i.thriftbooks.com/api/imagehandler/m/D936129E77F279E43C6E4B13635951E08324E4D1.jpeg
The Siege of Macindaw,John Flanagan,"{""Format:"": ""Paperback"", ""Language:"": ""English"", ""ISBN:"": ""0142415243"", ""ISBN13:"": ""9780142415245"", ""Release Date:"": ""May 2010"", ""Publisher:"": ""Viking Books for Young Readers"", ""Length:"": ""336 Pages"", ""Weight:"": ""0.60 lbs."", ""Dimensions:"": ""0.9\"" x 5.1\"" x 7.6\"""", ""Age Range:"": ""10 years and up"", ""Grade Range:"": ""Grade 5 and higher""}",https://i.thriftbooks.com/api/imagehandler/m/BCFEA093B828CB295C961C2D8D88CE5A82BD6D87.jpeg
Charlie and the Great Glass Elevator,Roald Dahl,"{""Format:"": ""Paperback"", ""Language:"": ""English"", ""ISBN:"": ""0141301120"", ""ISBN13:"": ""9780141301129"", ""Release Date:"": ""June 1998"", ""Publisher:"": ""Puffin Books"", ""Length:"": ""159 Pages"", ""Weight:"": ""0.35 lbs."", ""Dimensions:"": ""0.5\"" x 5.2\"" x 7.7\"""", ""Age Range:"": ""8 to 12 years"", ""Grade Range:"": ""Grades 3 to 7""}",https://i.thriftbooks.com/api/imagehandler/m/19BF9B3F4F961D63D82A3B2A99C3771898689919.jpeg
Mariel of Redwall,Brian Jacques,"{""Format:"": ""Mass Market Paperback"", ""Language:"": ""English"", ""ISBN:"": ""0380719223"", ""ISBN13:"": ""9780380719228"", ""Release Date:"": ""March 1993"", ""Publisher:"": ""Avon Books"", ""Length:"": ""400 Pages"", ""Weight:"": ""1.10 lbs."", ""Dimensions:"": ""1.1\"" x 4.2\"" x 6.9\"""", ""Age Range:"": ""9 to 12 years"", ""Grade Range:"": ""Grades 4 to 7""}",https://i.thriftbooks.com/api/imagehandler/m/BEB53D9DBAAB804238CDA87840A3F9AD420CF80D.jpeg
Keeper of the Lost Cities,Shannon Messenger,"{""Format:"": ""Paperback"", ""Language:"": ""English"", ""ISBN:"": ""1442445947"", ""ISBN13:"": ""9781442445949"", ""Release Date:"": ""August 2013"", ""Publisher:"": ""Aladdin Paperbacks"", ""Length:"": ""512 Pages"", ""Weight:"": ""1.13 lbs."", ""Dimensions:"": ""1.4\"" x 5.1\"" x 7.5\"""", ""Age Range:"": ""8 to 12 years"", ""Grade Range:"": ""Grades 3 to 7""}",https://i.thriftbooks.com/api/imagehandler/m/B575E4B404AA5F14A6E74E9BBC9011C4ED6F25E0.jpeg
The Last Council: A Graphic Novel (Amulet #4): Volume 4,Kazu Kibuishi,"{""Format:"": ""Paperback"", ""Language:"": ""English"", ""ISBN:"": ""0545208874"", ""ISBN13:"": ""9780545208871"", ""Release Date:"": ""September 2011"", ""Publisher:"": ""Graphix"", ""Length:"": ""224 Pages"", ""Weight:"": ""1.15 lbs."", ""Dimensions:"": ""0.5\"" x 6.1\"" x 9.1\"""", ""Age Range:"": ""9 to 12 years"", ""Grade Range:"": ""Grades 4 to 7""}",https://i.thriftbooks.com/api/imagehandler/m/4888E35F831D876C652E257669B700A822799123.jpeg
Martin the Warrior,Brian Jacques,"{""Format:"": ""Mass Market Paperback"", ""Language:"": ""English"", ""ISBN:"": ""0441001866"", ""ISBN13:"": ""9780441001866"", ""Release Date:"": ""September 1999"", ""Publisher:"": ""Ace Books"", ""Length:"": ""384 Pages"", ""Weight:"": ""0.45 lbs."", ""Dimensions:"": ""1.0\"" x 4.2\"" x 6.8\"""", ""Age Range:"": ""10 years and up"", ""Grade Range:"": ""Grade 5 and higher""}",https://i.thriftbooks.com/api/imagehandler/m/66E13F1C4409AE7B76C306E24B2DB4587271DED1.jpeg
Three Tales of My Father's Dragon,Ruth Stiles Gannett,"{""Format:"": ""Hardcover"", ""Language:"": ""English"", ""ISBN:"": ""0679889116"", ""Release Date:"": ""November 1997"", ""Publisher:"": ""Random House Books for Young Readers"", ""Length:"": ""256 Pages"", ""Weight:"": ""0.88 lbs."", ""Dimensions:"": ""8.3\"" x 0.9\"" x 6.5\""""}",https://m.media-amazon.com/images/I/51ipXi0BcDL._SL350_.jpg
Fang,James Patterson,"{""Format:"": ""Hardcover"", ""Language:"": ""English"", ""ISBN:"": ""0316036196"", ""ISBN13:"": ""9780316036191"", ""Release Date:"": ""March 2010"", ""Publisher:"": ""Jimmy Patterson"", ""Length:"": ""336 Pages"", ""Weight:"": ""1.00 lbs."", ""Dimensions:"": ""1.4\"" x 5.6\"" x 8.3\"""", ""Age Range:"": ""13 to 18 years"", ""Grade Range:"": ""Grade 8 to Postsecondary""}",https://i.thriftbooks.com/api/imagehandler/m/8AD1DE38D8F1339C1C276195CB26280608341D70.jpeg
Salamandastron,Brian Jacques,"{""Format:"": ""Mass Market Paperback"", ""Language:"": ""English"", ""ISBN:"": ""0441000312"", ""ISBN13:"": ""9780441000319"", ""Release Date:"": ""April 1994"", ""Publisher:"": ""Ace Books"", ""Length:"": ""368 Pages"", ""Weight:"": ""0.42 lbs."", ""Dimensions:"": ""1.2\"" x 4.2\"" x 6.6\"""", ""Age Range:"": ""10 years and up"", ""Grade Range:"": ""Grade 5 and higher""}",https://i.thriftbooks.com/api/imagehandler/m/1D67EF0812FA273073EF9E88C40B6A0C1308FED7.jpeg
Erak's Ransom: Book Seven,John Flanagan,"{""Format:"": ""Paperback"", ""Language:"": ""English"", ""ISBN:"": ""0142415251"", ""ISBN13:"": ""9780142415252"", ""Release Date:"": ""September 2011"", ""Publisher:"": ""Viking Books for Young Readers"", ""Length:"": ""416 Pages"", ""Weight:"": ""0.70 lbs."", ""Dimensions:"": ""1.2\"" x 5.0\"" x 7.7\"""", ""Age Range:"": ""10 to 13 years"", ""Grade Range:"": ""Grades 5 to 8""}",https://i.thriftbooks.com/api/imagehandler/m/5788B5D00969473452F2640AF806A6D3618C0570.jpeg
The House of the Scorpion,Nancy Farmer,"{""Format:"": ""Hardcover"", ""Language:"": ""English"", ""ISBN:"": ""0439577829"", ""ISBN13:"": ""9780439577823"", ""Release Date:"": ""January 2003"", ""Publisher:"": ""Scholastic"", ""Length:"": ""380 Pages"", ""Weight:"": ""1.15 lbs.""}",https://m.media-amazon.com/images/I/51++BiekajL._SL350_.jpg
"Rise of the Evening Star (Fablehaven, Book 2)",Brandon Mull,"{""Format:"": ""Paperback"", ""Language:"": ""English"", ""ISBN:"": ""1416957707"", ""Release Date:"": ""April 2008"", ""Publisher:"": ""Aladdin"", ""Length:"": ""480 Pages"", ""Weight:"": ""0.74 lbs."", ""Dimensions:"": ""7.6\"" x 1.0\"" x 5.1\""""}",https://m.media-amazon.com/images/I/51luULIf+PL._SL350_.jpg
The Magician,Michael Scott,"{""Format:"": ""Paperback"", ""Language:"": ""English"", ""ISBN:"": ""0385737289"", ""ISBN13:"": ""9780385737289"", ""Release Date:"": ""April 2009"", ""Publisher:"": ""Ember"", ""Length:"": ""496 Pages"", ""Weight:"": ""0.75 lbs."", ""Dimensions:"": ""1.1\"" x 5.2\"" x 8.0\"""", ""Age Range:"": ""12 years and up"", ""Grade Range:"": ""Grade 7 and higher""}",https://i.thriftbooks.com/api/imagehandler/m/E69E12604967F89BE7AE622A325731AFB069903E.jpeg
The People of Sparks,Jeanne DuPrau,"{""Format:"": ""Hardcover"", ""Language:"": ""English"", ""ISBN:"": ""0375828249"", ""ISBN13:"": ""9780375828249"", ""Release Date:"": ""May 2004"", ""Publisher:"": ""Random House Books for Young Readers"", ""Length:"": ""338 Pages"", ""Weight:"": ""0.88 lbs."", ""Dimensions:"": ""1.1\"" x 5.8\"" x 8.5\"""", ""Age Range:"": ""8 to 12 years"", ""Grade Range:"": ""Grades 3 to 7""}",https://i.thriftbooks.com/api/imagehandler/m/0E00AD58964E6B7BAD48C021B46C03152E8235C1.jpeg
The Necromancer,Michael Scott,"{""Format:"": ""Hardcover"", ""Language:"": ""English"", ""ISBN:"": ""0385735316"", ""ISBN13:"": ""9780385735315"", ""Release Date:"": ""May 2010"", ""Publisher:"": ""Delacorte Press"", ""Length:"": ""403 Pages"", ""Weight:"": ""1.25 lbs."", ""Dimensions:"": ""1.4\"" x 6.3\"" x 8.5\"""", ""Age Range:"": ""12 years and up"", ""Grade Range:"": ""Grade 7 and higher""}",https://i.thriftbooks.com/api/imagehandler/m/8AD872C4E6105C42C8275E58FF0AA42E906B035F.jpeg
"Among the Hidden (Shadow Children, One)",Margaret Peterson Haddix,"{""Format:"": ""Paperback"", ""Language:"": ""English"", ""ISBN:"": ""0545139104"", ""ISBN13:"": ""9780545139106"", ""Release Date:"": ""January 2008"", ""Publisher:"": ""Scholastic"", ""Length:"": ""153 Pages"", ""Weight:"": ""0.26 lbs.""}",https://i.thriftbooks.com/api/imagehandler/m/190EFC3B0CC23F8D82BEBC8649966B4FA4F83D33.jpeg
Inkspell,Cornelia Funke,"{""Format:"": ""Hardcover"", ""Language:"": ""English"", ""ISBN:"": ""0439554004"", ""ISBN13:"": ""9780439554008"", ""Release Date:"": ""October 2005"", ""Publisher:"": ""Chicken House"", ""Length:"": ""635 Pages"", ""Weight:"": ""2.21 lbs."", ""Dimensions:"": ""1.8\"" x 6.4\"" x 7.9\"""", ""Age Range:"": ""8 to 12 years"", ""Grade Range:"": ""Grades 3 to 7""}",https://i.thriftbooks.com/api/imagehandler/m/4ED54F360F879FA1FB2E69BC8A7A58B05A73F1C9.jpeg
The Burning Bridge,John Flanagan,"{""Format:"": ""Paperback"", ""Language:"": ""English"", ""ISBN:"": ""0142408425"", ""ISBN13:"": ""9780142408421"", ""Release Date:"": ""June 2007"", ""Publisher:"": ""Penguin Young Readers Group"", ""Length:"": ""304 Pages"", ""Weight:"": ""0.50 lbs."", ""Dimensions:"": ""0.9\"" x 5.1\"" x 7.6\"""", ""Age Range:"": ""10 years and up"", ""Grade Range:"": ""Grade 5 and higher""}",https://i.thriftbooks.com/api/imagehandler/m/6B391A9CBB50243558E50AF54B2B8C9C3F652246.jpeg
"The Icebound Land (Ranger's Apprentice, Book 3)",John Flanagan,"{""Format:"": ""Paperback"", ""Language:"": ""English"", ""ISBN:"": ""0142410756"", ""Release Date:"": ""February 2008"", ""Publisher:"": ""Puffin"", ""Length:"": ""288 Pages"", ""Weight:"": ""0.55 lbs."", ""Dimensions:"": ""7.7\"" x 0.8\"" x 5.0\""""}",https://m.media-amazon.com/images/I/51W4duve2yL._SL350_.jpg
The Battle for Skandia: Book Four,John Flanagan,"{""Format:"": ""Paperback"", ""Language:"": ""English"", ""ISBN:"": ""0142413402"", ""ISBN13:"": ""9780142413401"", ""Release Date:"": ""January 2009"", ""Publisher:"": ""Viking Books for Young Readers"", ""Length:"": ""336 Pages"", ""Weight:"": ""0.58 lbs."", ""Dimensions:"": ""0.8\"" x 5.0\"" x 7.8\"""", ""Age Range:"": ""10 years and up"", ""Grade Range:"": ""Grade 5 and higher""}",https://i.thriftbooks.com/api/imagehandler/m/9ED78481A1C6206360815AA0E1DF1A09D8CE011C.jpeg
Warriors #2: Fire and Ice,Erin Hunter,"{""Format:"": ""Paperback"", ""Language:"": ""English"", ""ISBN:"": ""0062366971"", ""ISBN13:"": ""9780062366979"", ""Release Date:"": ""March 2015"", ""Publisher:"": ""HarperCollins"", ""Length:"": ""368 Pages"", ""Weight:"": ""0.60 lbs."", ""Dimensions:"": ""0.9\"" x 5.1\"" x 7.6\"""", ""Age Range:"": ""8 to 12 years"", ""Grade Range:"": ""Grades 3 to 7""}",https://i.thriftbooks.com/api/imagehandler/m/C883A18371BB557FB588441ED58DA8CDB208F748.jpeg
Mattimeo: A Tale From Redwall,Brian Jacques,"{""Format:"": ""Mass Market Paperback"", ""Language:"": ""English"", ""ISBN:"": ""0441006108"", ""Release Date:"": ""February 1999"", ""Publisher:"": ""Ace Books"", ""Length:"": ""448 Pages"", ""Weight:"": ""0.54 lbs."", ""Dimensions:"": ""6.7\"" x 1.1\"" x 4.2\""""}",https://m.media-amazon.com/images/I/51H4S0IRUHL._SL350_.jpg
The Sorcerer of the North,John Flanagan,"{""Format:"": ""Paperback"", ""Language:"": ""English"", ""ISBN:"": ""0142414298"", ""ISBN13:"": ""9780142414293"", ""Release Date:"": ""June 2009"", ""Publisher:"": ""Viking Books for Young Readers"", ""Length:"": ""336 Pages"", ""Weight:"": ""0.55 lbs."", ""Dimensions:"": ""1.0\"" x 5.1\"" x 7.5\"""", ""Age Range:"": ""10 years and up"", ""Grade Range:"": ""Grade 5 and higher""}",https://i.thriftbooks.com/api/imagehandler/m/20F7936D7430A2FA76B3F563481AD726A04A7686.jpeg
Saving the World and Other Extreme Sports: A Maximum Ride Novel,James Patterson,"{""Format:"": ""Hardcover"", ""Language:"": ""English"", ""ISBN:"": ""0316155608"", ""ISBN13:"": ""9780316155601"", ""Release Date:"": ""May 2007"", ""Publisher:"": ""Jimmy Patterson"", ""Length:"": ""416 Pages"", ""Weight:"": ""1.25 lbs."", ""Dimensions:"": ""1.3\"" x 5.7\"" x 9.1\"""", ""Age Range:"": ""12 to 15 years"", ""Grade Range:"": ""Grades 7 to 10""}",https://i.thriftbooks.com/api/imagehandler/m/DD97FAEF40CADBD6F7C522197479F503FD03D49C.jpeg
Mary Poppins (Reynal & Hitchcock) Red,P.L. Travers,"{""Format:"": ""Hardcover"", ""ISBN:"": ""B00HB8XI8K"", ""Release Date:"": ""January 1943"", ""Publisher:"": ""Reynal & Hitchcock"", ""Length:"": ""206 Pages"", ""Weight:"": ""1.01 lbs.""}",https://m.media-amazon.com/images/I/11XG7jNkoOL._SL350_.jpg
Artemis Fowl,Eoin Colfer,"{""Format:"": ""Paperback"", ""Language:"": ""English"", ""ISBN:"": ""0786817070"", ""ISBN13:"": ""9780786817078"", ""Release Date:"": ""June 2002"", ""Publisher:"": ""Hyperion Books for Children"", ""Length:"": ""304 Pages"", ""Weight:"": ""0.20 lbs."", ""Dimensions:"": ""0.8\"" x 5.3\"" x 7.5\"""", ""Age Range:"": ""10 to 14 years"", ""Grade Range:"": ""Grades 5 to 9""}",https://i.thriftbooks.com/api/imagehandler/m/3D216E0AE22E74D5C0AF05522CCD3DD3FB3FB00F.jpeg
Percy Jackson and the Olympians the Lightning Thief: The Graphic Novel,Robert Venditti,"{""Format:"": ""Hardcover"", ""Language:"": ""English"", ""ISBN:"": ""1423116968"", ""ISBN13:"": ""9781423116967"", ""Release Date:"": ""October 2010"", ""Publisher:"": ""Disney-Hyperion"", ""Length:"": ""128 Pages"", ""Weight:"": ""0.85 lbs."", ""Dimensions:"": ""0.6\"" x 6.1\"" x 9.1\"""", ""Age Range:"": ""10 to 14 years"", ""Grade Range:"": ""Grades 5 to 9""}",https://i.thriftbooks.com/api/imagehandler/m/5A27C0802002FA8EC37E063322274F42D4C1D797.jpeg
"Rising Storm (Warriors, Book 4)",Erin Hunter,"{""Format:"": ""Paperback"", ""Language:"": ""English"", ""ISBN:"": ""0060525630"", ""Release Date:"": ""February 2005"", ""Publisher:"": ""HarperCollins"", ""Length:"": ""336 Pages"", ""Weight:"": ""0.40 lbs."", ""Dimensions:"": ""7.6\"" x 0.7\"" x 5.1\""""}",https://m.media-amazon.com/images/I/511nZV7xdNL._SL350_.jpg
The Book of Three,Lloyd Alexander,"{""Format:"": ""Paperback"", ""Language:"": ""English"", ""ISBN:"": ""0440407028"", ""ISBN13:"": ""9780440407027"", ""Release Date:"": ""November 1978"", ""Publisher:"": ""Yearling Books"", ""Length:"": ""224 Pages"", ""Weight:"": ""0.35 lbs."", ""Dimensions:"": ""0.6\"" x 5.1\"" x 7.6\"""", ""Age Range:"": ""10 to 13 years"", ""Grade Range:"": ""Grades 5 to 8""}",https://i.thriftbooks.com/api/imagehandler/m/D466750AC9C9B48269320E355435FDF16C2C5B92.jpeg
"Forest of Secrets (Warriors, Book 3)",Erin Hunter,"{""Format:"": ""Paperback"", ""Language:"": ""English"", ""ISBN:"": ""0060525614"", ""Release Date:"": ""October 2004"", ""Publisher:"": ""HarperCollins"", ""Length:"": ""336 Pages"", ""Weight:"": ""0.73 lbs."", ""Dimensions:"": ""7.6\"" x 0.7\"" x 5.1\""""}",https://m.media-amazon.com/images/I/51x6pH7tMHL._SL350_.jpg
The Twenty-One Balloons,William Pène du Bois,"{""Format:"": ""Paperback"", ""Language:"": ""English"", ""ISBN:"": ""0140320970"", ""ISBN13:"": ""9780140320978"", ""Release Date:"": ""May 1986"", ""Publisher:"": ""Puffin Books"", ""Length:"": ""192 Pages"", ""Weight:"": ""0.35 lbs."", ""Dimensions:"": ""0.5\"" x 5.1\"" x 7.8\"""", ""Age Range:"": ""8 to 12 years"", ""Grade Range:"": ""Grades 3 to 7""}",https://i.thriftbooks.com/api/imagehandler/m/C8A6B4B7934DA3ED325EA56ABA122E6C252CA4FC.jpeg
By James Patterson: Angel: A Maximum Ride Novel,James Patterson,"{""Format:"": ""Hardcover"", ""Language:"": ""English"", ""ISBN:"": ""0316182508"", ""ISBN13:"": ""9780316182508"", ""Release Date:"": ""January 2011"", ""Publisher:"": ""Hardcover"", ""Weight:"": ""1.00 lbs.""}",https://m.media-amazon.com/images/I/31AKXj-Aj0L._SL350_.jpg
A Dangerous Path,Erin Hunter,"{""Format:"": ""Paperback"", ""Language:"": ""English"", ""ISBN:"": ""0060525657"", ""ISBN13:"": ""9780060525651"", ""Release Date:"": ""May 2005"", ""Publisher:"": ""HarperCollins"", ""Length:"": ""336 Pages"", ""Weight:"": ""0.50 lbs."", ""Dimensions:"": ""0.7\"" x 5.2\"" x 7.6\"""", ""Age Range:"": ""10 to 13 years"", ""Grade Range:"": ""Grades 5 to 8""}",https://i.thriftbooks.com/api/imagehandler/m/05044FAB2D1F2DD70483BCDF204B7C1335E0547B.jpeg
"The Darkest Hour (Warriors, Book 6)",Erin Hunter,"{""Format:"": ""Paperback"", ""Language:"": ""English"", ""ISBN:"": ""0060525851"", ""Release Date:"": ""January 2006"", ""Publisher:"": ""Avon"", ""Length:"": ""315 Pages"", ""Weight:"": ""0.50 lbs."", ""Dimensions:"": ""7.6\"" x 0.7\"" x 5.1\""""}",https://m.media-amazon.com/images/I/51irCpagG9L._SL350_.jpg
Gregor the Overlander,Suzanne Collins,"{""Format:"": ""Paperback"", ""Language:"": ""English"", ""ISBN:"": ""0439678137"", ""ISBN13:"": ""9780439678131"", ""Release Date:"": ""June 2013"", ""Publisher:"": ""Scholastic Paperbacks"", ""Length:"": ""311 Pages"", ""Weight:"": ""0.50 lbs."", ""Dimensions:"": ""1.0\"" x 5.2\"" x 7.5\"""", ""Age Range:"": ""9 to 12 years"", ""Grade Range:"": ""Grades 4 to 7""}",https://i.thriftbooks.com/api/imagehandler/m/1B7378CE5B71F9508A1303C318E97D99D8FF2EFC.jpeg
Stardust,Neil Gaiman,"{""Format:"": ""Paperback"", ""Language:"": ""English"", ""ISBN:"": ""0060934719"", ""ISBN13:"": ""9780060934712"", ""Release Date:"": ""July 2001"", ""Publisher:"": ""Harper Perennial"", ""Length:"": ""250 Pages"", ""Weight:"": ""0.50 lbs."", ""Dimensions:"": ""0.6\"" x 5.3\"" x 8.1\""""}",https://i.thriftbooks.com/api/imagehandler/m/FC6E7DE43F7AAE9CC34F68AA5D93B43DD1F403F5.jpeg
The Lost World,Michael Crichton,"{""Format:"": ""Hardcover"", ""Language:"": ""English"", ""ISBN:"": ""0679419462"", ""ISBN13:"": ""9780679419464"", ""Release Date:"": ""September 1995"", ""Publisher:"": ""Knopf Publishing Group"", ""Length:"": ""393 Pages"", ""Weight:"": ""1.92 lbs."", ""Dimensions:"": ""1.5\"" x 6.7\"" x 9.6\""""}",https://i.thriftbooks.com/api/imagehandler/m/17A6BC0E8EA6250B472A694D4524BED413B0B358.jpeg
The Historian,Elizabeth Kostova,"{""Format:"": ""Hardcover"", ""Language:"": ""English"", ""ISBN:"": ""0316011770"", ""ISBN13:"": ""9780316011778"", ""Release Date:"": ""June 2005"", ""Publisher:"": ""Little Brown and Company"", ""Length:"": ""656 Pages"", ""Weight:"": ""1.99 lbs."", ""Dimensions:"": ""1.9\"" x 6.4\"" x 9.6\""""}",https://i.thriftbooks.com/api/imagehandler/m/470EC61DEACB615CEC01C74E2A1DE86C3150B002.jpeg
The Last Wish: Introducing the Witcher,Andrzej Sapkowski,"{""Format:"": ""Paperback"", ""Language:"": ""English"", ""ISBN:"": ""0316438960"", ""ISBN13:"": ""9780316438964"", ""Release Date:"": ""July 2017"", ""Publisher:"": ""Orbit"", ""Length:"": ""352 Pages"", ""Weight:"": ""0.70 lbs."", ""Dimensions:"": ""1.1\"" x 5.5\"" x 8.2\""""}",https://i.thriftbooks.com/api/imagehandler/m/18F1DBA418BF5B872F9851EE3FA399C596578163.jpeg
Till We Have Faces: A Myth Retold,C.S. Lewis,"{""Format:"": ""Paperback"", ""Language:"": ""English"", ""ISBN:"": ""0062565419"", ""ISBN13:"": ""9780062565419"", ""Release Date:"": ""February 2017"", ""Publisher:"": ""HarperOne"", ""Length:"": ""368 Pages"", ""Weight:"": ""0.66 lbs."", ""Dimensions:"": ""1.1\"" x 5.3\"" x 7.8\""""}",https://i.thriftbooks.com/api/imagehandler/m/0FE169B753F5473E2093A1EC2A9044FB40030A5F.jpeg
"Dark Force Rising (Star Wars: The Thrawn Trilogy, Vol. 2)",Timothy Zahn,"{""Format:"": ""Mass Market Paperback"", ""Language:"": ""English"", ""ISBN:"": ""0553560719"", ""Release Date:"": ""February 1993"", ""Publisher:"": ""Random House Worlds"", ""Length:"": ""439 Pages"", ""Weight:"": ""0.49 lbs."", ""Dimensions:"": ""6.8\"" x 1.1\"" x 4.2\""""}",https://m.media-amazon.com/images/I/51J8InTLJWL._SL350_.jpg
Last Command: Star Wars III,Timothy Zahn,"{""Format:"": ""Hardcover"", ""Language:"": ""English"", ""ISBN:"": ""0553091867"", ""ISBN13:"": ""9780553091861"", ""Release Date:"": ""April 1993"", ""Publisher:"": ""Spectra Books"", ""Length:"": ""407 Pages"", ""Weight:"": ""1.55 lbs."", ""Dimensions:"": ""1.3\"" x 6.3\"" x 9.3\""""}",https://i.thriftbooks.com/api/imagehandler/m/0B379F98FC1777C1B43495206078A9D73CACB6E7.jpeg
The Valley of Horses,Jean M. Auel,"{""Format:"": ""Hardcover"", ""Language:"": ""English"", ""ISBN:"": ""051754489X"", ""ISBN13:"": ""9780517544891"", ""Release Date:"": ""April 1982"", ""Publisher:"": ""Crown Publishing Group (NY)"", ""Length:"": ""512 Pages"", ""Weight:"": ""1.50 lbs."", ""Dimensions:"": ""1.5\"" x 6.5\"" x 9.6\""""}",https://i.thriftbooks.com/api/imagehandler/m/A7DBD8CA82CC82D110DEC4AB6EFB4D54874AADC1.jpeg
"The Shelters of Stone (Earth's Children, Book 5)",Jean M. Auel,"{""Format:"": ""Hardcover"", ""Language:"": ""English"", ""ISBN:"": ""0609610597"", ""Release Date:"": ""April 2002"", ""Publisher:"": ""Crown"", ""Length:"": ""753 Pages"", ""Weight:"": ""1.19 lbs."", ""Dimensions:"": ""9.3\"" x 2.3\"" x 6.5\""""}",https://m.media-amazon.com/images/I/51WQhfZwZfL._SL350_.jpg
Blood of Elves,Andrzej Sapkowski,"{""Format:"": ""Mass Market Paperback"", ""Language:"": ""English"", ""ISBN:"": ""031602919X"", ""ISBN13:"": ""9780316029193"", ""Release Date:"": ""May 2009"", ""Publisher:"": ""Orbit"", ""Length:"": ""416 Pages"", ""Weight:"": ""0.45 lbs."", ""Dimensions:"": ""1.3\"" x 4.1\"" x 6.7\""""}",https://i.thriftbooks.com/api/imagehandler/m/B93A3B1134BB1BC3F13C7A8E0423BF24D461BFBE.jpeg
The Mammoth Hunters,Jean M. Auel,"{""Format:"": ""Hardcover"", ""Language:"": ""English"", ""ISBN:"": ""0517556278"", ""ISBN13:"": ""9780517556276"", ""Release Date:"": ""December 1985"", ""Publisher:"": ""Crown Publishing Group (NY)"", ""Length:"": ""656 Pages"", ""Weight:"": ""2.30 lbs."", ""Dimensions:"": ""1.9\"" x 6.4\"" x 9.5\""""}",https://i.thriftbooks.com/api/imagehandler/m/3451CEED9059BBCD0A016D93596EF4246921D5C8.jpeg
The Restaurant at the End of the Universe,Douglas Adams,"{""Format:"": ""Mass Market Paperback"", ""Language:"": ""English"", ""ISBN:"": ""0345391810"", ""ISBN13:"": ""9780345391810"", ""Release Date:"": ""September 1995"", ""Publisher:"": ""Del Rey Books"", ""Length:"": ""256 Pages"", ""Weight:"": ""0.30 lbs."", ""Dimensions:"": ""0.7\"" x 4.2\"" x 6.9\""""}",https://i.thriftbooks.com/api/imagehandler/m/54865479B9E4A67B5F4D1AF3415BF0F464A47066.jpeg
The Kings of Clonmel: Book Eight,John Flanagan,"{""Format:"": ""Paperback"", ""Language:"": ""English"", ""ISBN:"": ""0142418579"", ""ISBN13:"": ""9780142418574"", ""Release Date:"": ""September 2011"", ""Publisher:"": ""Viking Books for Young Readers"", ""Length:"": ""400 Pages"", ""Weight:"": ""1.10 lbs."", ""Dimensions:"": ""1.0\"" x 5.0\"" x 7.8\"""", ""Age Range:"": ""10 years and up"", ""Grade Range:"": ""Grade 5 and higher""}",https://i.thriftbooks.com/api/imagehandler/m/EA9A2B638788F7D3F8A494FCFB0C1B1679D14466.jpeg
Mummies in the Morning,Mary Pope Osborne,"{""Format:"": ""Paperback"", ""Language:"": ""English"", ""ISBN:"": ""0679824243"", ""ISBN13:"": ""9780679824244"", ""Release Date:"": ""August 1993"", ""Publisher:"": ""Random House Books for Young Readers"", ""Length:"": ""80 Pages"", ""Weight:"": ""0.13 lbs."", ""Dimensions:"": ""0.2\"" x 5.2\"" x 7.6\"""", ""Age Range:"": ""7 to 9 years"", ""Grade Range:"": ""Grades 2 to 4""}",https://i.thriftbooks.com/api/imagehandler/m/869142C02EA0135DF79C9010458E7539D82372AC.jpeg
The Flood (Halo #2),William C. Dietz,"{""Format:"": ""Paperback"", ""Language:"": ""English"", ""ISBN:"": ""0345459210"", ""ISBN13:"": ""9780345459213"", ""Release Date:"": ""April 2003"", ""Publisher:"": ""Del Rey"", ""Length:"": ""352 Pages"", ""Weight:"": ""0.60 lbs."", ""Dimensions:"": ""6.8\"" x 1.0\"" x 4.3\""""}",https://i.thriftbooks.com/api/imagehandler/m/22BCEB7C231338D6D7A3973EB48D3A2A738697DC.jpeg
Peter and the Starcatchers,Ridley Pearson,"{""Format:"": ""Hardcover"", ""Language:"": ""English"", ""ISBN:"": ""0786854456"", ""ISBN13:"": ""9780786854455"", ""Release Date:"": ""September 2004"", ""Publisher:"": ""Disney Editions"", ""Length:"": ""464 Pages"", ""Weight:"": ""1.30 lbs."", ""Dimensions:"": ""1.8\"" x 5.8\"" x 8.3\"""", ""Age Range:"": ""10 to 14 years"", ""Grade Range:"": ""Grades 5 to 9""}",https://i.thriftbooks.com/api/imagehandler/m/4C9345799DC97192864DB5C57D11BAB7D6FA8E31.jpeg
Secrets of the Dragon Sanctuary,Brandon Mull,"{""Format:"": ""Paperback"", ""Language:"": ""English"", ""ISBN:"": ""1416990283"", ""ISBN13:"": ""9781416990284"", ""Release Date:"": ""February 2010"", ""Publisher:"": ""Aladdin Paperbacks"", ""Length:"": ""560 Pages"", ""Weight:"": ""0.85 lbs."", ""Dimensions:"": ""1.4\"" x 5.3\"" x 7.4\"""", ""Age Range:"": ""8 to 13 years"", ""Grade Range:"": ""Grades 3 to 8""}",https://i.thriftbooks.com/api/imagehandler/m/4BD024B22D53C4468E9F6EB34B510A9D4280B654.jpeg
Halt's Peril,John Flanagan,"{""Format:"": ""Paperback"", ""Language:"": ""English"", ""ISBN:"": ""0142418587"", ""ISBN13:"": ""9780142418581"", ""Release Date:"": ""March 2012"", ""Publisher:"": ""Viking Books for Young Readers"", ""Length:"": ""416 Pages"", ""Weight:"": ""0.70 lbs."", ""Dimensions:"": ""1.1\"" x 5.0\"" x 7.5\"""", ""Age Range:"": ""10 to 13 years"", ""Grade Range:"": ""Grades 5 to 8""}",https://i.thriftbooks.com/api/imagehandler/m/B4D79F9A2D1420F90A3677898E9F88AE07DA16EF.jpeg
Night of the Ninjas,Mary Pope Osborne,"{""Format:"": ""Paperback"", ""Language:"": ""English"", ""ISBN:"": ""0590965433"", ""ISBN13:"": ""9780590965439"", ""Release Date:"": ""November 1996"", ""Publisher:"": ""Scholastic Inc"", ""Length:"": ""69 Pages"", ""Weight:"": ""0.12 lbs.""}",https://m.media-amazon.com/images/I/51ngJeQ5IEL._SL350_.jpg
Dinotopia: A Land Apart from Time,James Gurney,"{""Format:"": ""Hardcover"", ""Language:"": ""English"", ""ISBN:"": ""1878685236"", ""ISBN13:"": ""9781878685230"", ""Release Date:"": ""January 1992"", ""Publisher:"": ""Turner Publishing, Inc."", ""Length:"": ""159 Pages"", ""Weight:"": ""2.25 lbs."", ""Dimensions:"": ""0.7\"" x 10.8\"" x 10.0\"""", ""Age Range:"": ""12 to 17 years"", ""Grade Range:"": ""Grades 7 to 12""}",https://i.thriftbooks.com/api/imagehandler/m/5C4048754DA4125D51E7125C9FDCC1A1E6601E20.jpeg
