Book Name,Authors,Info,Image URL
"Oh, the Thinks You Can Think!",Dr. Seuss,"{""Format:"": ""Hardcover"", ""Language:"": ""English"", ""ISBN:"": ""0394831292"", ""ISBN13:"": ""9780394831299"", ""Release Date:"": ""August 1975"", ""Publisher:"": ""Random House Books for Young Readers"", ""Length:"": ""48 Pages"", ""Weight:"": ""0.48 lbs."", ""Dimensions:"": ""0.3\"" x 6.8\"" x 9.3\"""", ""Age Range:"": ""3 to 7 years"", ""Grade Range:"": ""Preschool to Grade 2""}",https://i.thriftbooks.com/api/imagehandler/m/81E2F0CFCE776AD89C71F4495233771817472209.jpeg
Harold and the Purple Crayon,Crockett Johnson,"{""Format:"": ""Board book"", ""Language:"": ""English"", ""ISBN:"": ""0062086529"", ""Release Date:"": ""September 2015"", ""Publisher:"": ""HarperFestival"", ""Length:"": ""34 Pages"", ""Weight:"": ""0.50 lbs."", ""Dimensions:"": ""6.3\"" x 0.8\"" x 5.5\""""}",https://m.media-amazon.com/images/I/41R0N8bH1vL._SL350_.jpg
How Do Dinosaurs Play with Their Friends?,Jane Yolen,"{""Format:"": ""Board book"", ""Language:"": ""English"", ""ISBN:"": ""043985654X"", ""ISBN13:"": ""9780439856546"", ""Release Date:"": ""August 2006"", ""Publisher:"": ""Blue Sky Press (AZ)"", ""Length:"": ""6 Pages"", ""Weight:"": ""0.55 lbs."", ""Dimensions:"": ""0.6\"" x 5.0\"" x 6.8\"""", ""Age Range:"": ""3 to 5 years""}",https://i.thriftbooks.com/api/imagehandler/m/6EB23578195BEC177BAD9F25C6AAB0555DFBF8CB.jpeg
The Lego Ideas Book: Unlock Your Imagination,Daniel Lipkowitz,"{""Format:"": ""Hardcover"", ""Language:"": ""English"", ""ISBN:"": ""0756686067"", ""ISBN13:"": ""9780756686062"", ""Release Date:"": ""September 2011"", ""Publisher:"": ""DK Publishing (Dorling Kindersley)"", ""Length:"": ""200 Pages"", ""Weight:"": ""2.19 lbs."", ""Dimensions:"": ""0.9\"" x 9.2\"" x 10.9\"""", ""Age Range:"": ""8 to 11 years"", ""Grade Range:"": ""Grades 3 to 6""}",https://i.thriftbooks.com/api/imagehandler/m/3BD4AD6837E2A52A3FB0F2D0443BC2D80E6A504B.jpeg
I Spy Fantasy: A Book of Picture Riddles,Jean Marzollo,"{""Format:"": ""Hardcover"", ""Language:"": ""English"", ""ISBN:"": ""0590462954"", ""ISBN13:"": ""9780590462952"", ""Release Date:"": ""October 1994"", ""Publisher:"": ""Cartwheel Books"", ""Length:"": ""40 Pages"", ""Weight:"": ""1.10 lbs."", ""Dimensions:"": ""0.3\"" x 9.1\"" x 12.2\"""", ""Age Range:"": ""4 to 8 years"", ""Grade Range:"": ""Preschool to Grade 3""}",https://i.thriftbooks.com/api/imagehandler/m/7DC0E5C8C666FFD6DAEA892B07354C9468B39CCA.jpeg
Press Here: Board Book Edition,Hervé Tullet,"{""Format:"": ""Board book"", ""Language:"": ""English"", ""ISBN:"": ""1452178593"", ""ISBN13:"": ""9781452178592"", ""Release Date:"": ""February 2019"", ""Publisher:"": ""Chronicle Books"", ""Length:"": ""46 Pages"", ""Weight:"": ""0.73 lbs."", ""Dimensions:"": ""0.9\"" x 5.9\"" x 5.9\"""", ""Age Range:"": ""3 to 5 years""}",https://i.thriftbooks.com/api/imagehandler/m/28068A23A23DA4149CC73FC762C5B8B3A217E788.jpeg
The Snowy Day,Ezra Jack Keats,"{""Format:"": ""Board book"", ""Language:"": ""English"", ""ISBN:"": ""0670867330"", ""ISBN13:"": ""9780670867332"", ""Release Date:"": ""January 1996"", ""Publisher:"": ""Viking Books for Young Readers"", ""Length:"": ""32 Pages"", ""Weight:"": ""0.50 lbs."", ""Dimensions:"": ""0.7\"" x 5.7\"" x 5.4\"""", ""Age Range:"": ""2 years and under""}",https://i.thriftbooks.com/api/imagehandler/m/092E6EEE62E4E5EEB685E9E03E3ACEC974D7CCC0.jpeg
I Spy Treasure Hunt: A Book of Picture Riddles,Jean Marzollo,"{""Format:"": ""Hardcover"", ""Language:"": ""English"", ""ISBN:"": ""0439042445"", ""Release Date:"": ""October 1999"", ""Publisher:"": ""Scholastic"", ""Length:"": ""36 Pages"", ""Weight:"": ""1.12 lbs."", ""Dimensions:"": ""12.5\"" x 0.5\"" x 9.5\""""}",https://m.media-amazon.com/images/I/61zWljsu2YL._SL350_.jpg
I Spy Christmas: A Book of Picture Riddles,Jean Marzollo,"{""Format:"": ""Hardcover"", ""Language:"": ""English"", ""ISBN:"": ""0590458469"", ""ISBN13:"": ""9780590458467"", ""Release Date:"": ""October 1992"", ""Publisher:"": ""Cartwheel Books"", ""Length:"": ""37 Pages"", ""Weight:"": ""1.05 lbs."", ""Dimensions:"": ""0.4\"" x 9.2\"" x 12.5\"""", ""Age Range:"": ""4 to 8 years"", ""Grade Range:"": ""Preschool to Grade 3""}",https://i.thriftbooks.com/api/imagehandler/m/6C1E6E44F3DDCC59A1E1595B5F36C615255C2515.jpeg
Snowmen at Night,Caralyn Buehner,"{""Format:"": ""Paperback"", ""Language:"": ""English"", ""ISBN:"": ""0439631556"", ""ISBN13:"": ""9780439631556"", ""Release Date:"": ""January 2002"", ""Publisher:"": ""Scholastic"", ""Length:"": ""32 Pages"", ""Weight:"": ""0.30 lbs.""}",https://m.media-amazon.com/images/I/51Rjiv0B2nL._SL350_.jpg
I Spy School Days: A Book of Picture Riddles,Jean Marzollo,"{""Format:"": ""Hardcover"", ""Language:"": ""English"", ""ISBN:"": ""0590481355"", ""Release Date:"": ""September 1995"", ""Publisher:"": ""Cartwheel"", ""Length:"": ""40 Pages"", ""Weight:"": ""1.08 lbs."", ""Dimensions:"": ""12.3\"" x 0.5\"" x 9.3\""""}",https://m.media-amazon.com/images/I/51Q-qHMdzgL._SL350_.jpg
I Spy Mystery: A Book of Picture Riddles,Jean Marzollo,"{""Format:"": ""Hardcover"", ""Language:"": ""English"", ""ISBN:"": ""0590462946"", ""ISBN13:"": ""9780590462945"", ""Release Date:"": ""October 1993"", ""Publisher:"": ""Cartwheel Books"", ""Length:"": ""40 Pages"", ""Weight:"": ""1.15 lbs."", ""Dimensions:"": ""0.3\"" x 9.4\"" x 12.1\"""", ""Age Range:"": ""4 to 8 years"", ""Grade Range:"": ""Preschool to Grade 3""}",https://i.thriftbooks.com/api/imagehandler/m/58912C8B841772B926F274E2B58C2554A782F64B.jpeg
What to Do When You Worry Too Much: A Kid's Guide to Overcoming Anxiety,Dawn Huebner,"{""Format:"": ""Paperback"", ""Language:"": ""English"", ""ISBN:"": ""1591473144"", ""ISBN13:"": ""9781591473145"", ""Release Date:"": ""September 2005"", ""Publisher:"": ""Magination Press"", ""Length:"": ""80 Pages"", ""Weight:"": ""0.49 lbs."", ""Dimensions:"": ""0.4\"" x 8.4\"" x 10.7\"""", ""Age Range:"": ""6 to 12 years"", ""Grade Range:"": ""Grades 1 to 7""}",https://i.thriftbooks.com/api/imagehandler/m/569BBD868D5CF1BAB35AFF038A707DA4BA793780.jpeg
I Spy Spooky Night: A Book of Picture Riddles,Jean Marzollo,"{""Format:"": ""Hardcover"", ""Language:"": ""English"", ""ISBN:"": ""0590481371"", ""ISBN13:"": ""9780590481373"", ""Release Date:"": ""September 1996"", ""Publisher:"": ""Cartwheel Books"", ""Length:"": ""31 Pages"", ""Weight:"": ""1.10 lbs."", ""Dimensions:"": ""0.3\"" x 9.1\"" x 12.2\"""", ""Age Range:"": ""4 to 8 years"", ""Grade Range:"": ""Preschool to Grade 3""}",https://i.thriftbooks.com/api/imagehandler/m/904B5EC8276DD54F4D21EB336D14B0CE97C76AE6.jpeg
Snowmen at Christmas,Caralyn Buehner,"{""Format:"": ""Hardcover"", ""Language:"": ""English"", ""ISBN:"": ""0803729952"", ""ISBN13:"": ""9780803729957"", ""Release Date:"": ""September 2005"", ""Publisher:"": ""Dial Books"", ""Length:"": ""32 Pages"", ""Weight:"": ""0.95 lbs."", ""Dimensions:"": ""0.5\"" x 8.7\"" x 11.0\"""", ""Age Range:"": ""3 to 7 years"", ""Grade Range:"": ""Preschool to Grade 2""}",https://i.thriftbooks.com/api/imagehandler/m/06664EE02830ECC6DF69772B1817AF76441491FF.jpeg
And to Think That I Saw It on Mulberry Street,Dr. Seuss,"{""Format:"": ""Hardcover"", ""Language:"": ""English"", ""ISBN:"": ""0375975810"", ""Release Date:"": ""January 2016"", ""Publisher:"": ""Random House Children's Books"", ""Weight:"": ""0.70 lbs.""}",https://m.media-amazon.com/images/I/51ETbYJyc-S._SL350_.jpg
I Spy Fun House: A Book of Picture Riddles,Jean Marzollo,"{""Format:"": ""Hardcover"", ""Language:"": ""English"", ""ISBN:"": ""0590462938"", ""ISBN13:"": ""9780590462938"", ""Release Date:"": ""March 1993"", ""Publisher:"": ""Cartwheel Books"", ""Length:"": ""40 Pages"", ""Weight:"": ""1.05 lbs."", ""Dimensions:"": ""0.3\"" x 9.2\"" x 12.3\"""", ""Age Range:"": ""4 to 8 years"", ""Grade Range:"": ""Preschool to Grade 3""}",https://i.thriftbooks.com/api/imagehandler/m/6EA51F5DC1879BBDCA02834C4C9F10C660C3525E.jpeg
I Spy: A Book of Picture Riddles,Walter Wick,"{""Format:"": ""Hardcover"", ""Language:"": ""English"", ""ISBN:"": ""0590450875"", ""ISBN13:"": ""9780590450874"", ""Release Date:"": ""April 1992"", ""Publisher:"": ""Cartwheel Books"", ""Length:"": ""40 Pages"", ""Weight:"": ""1.09 lbs."", ""Dimensions:"": ""0.3\"" x 9.2\"" x 12.1\"""", ""Age Range:"": ""4 to 8 years"", ""Grade Range:"": ""Preschool to Grade 3""}",https://i.thriftbooks.com/api/imagehandler/m/88C626C46D78966DBDA43F90DBA757EE91744449.jpeg
Where's Waldo?: Martin Handford,Martin Handford,"{""Format:"": ""Hardcover"", ""Language:"": ""English"", ""ISBN:"": ""0316342939"", ""ISBN13:"": ""9780316342933"", ""Release Date:"": ""January 1987"", ""Publisher:"": ""Little Brown and Company"", ""Length:"": ""27 Pages"", ""Weight:"": ""1.13 lbs."", ""Dimensions:"": ""0.4\"" x 10.2\"" x 12.8\"""", ""Age Range:"": ""4 years and up""}",https://i.thriftbooks.com/api/imagehandler/m/5F07D578C0099D76AB76B516177345AF5E30E7F4.jpeg
Roxaboxen,Alice McLerran,"{""Format:"": ""Library Binding"", ""Language:"": ""English"", ""ISBN:"": ""0688075932"", ""ISBN13:"": ""9780688075934"", ""Release Date:"": ""April 1991"", ""Publisher:"": ""HarperCollins"", ""Length:"": ""32 Pages"", ""Weight:"": ""0.70 lbs."", ""Dimensions:"": ""0.3\"" x 9.9\"" x 8.0\"""", ""Age Range:"": ""4 to 8 years"", ""Grade Range:"": ""Preschool to Grade 3""}",https://i.thriftbooks.com/api/imagehandler/m/22357F0DB8CE3D5F951E5C325E4CE7A029CF38F6.jpeg
Skippyjon Jones,Judy Schachner,"{""Format:"": ""Paperback"", ""Language:"": ""English"", ""ISBN:"": ""0142404039"", ""Release Date:"": ""April 2005"", ""Publisher:"": ""Puffin Books"", ""Length:"": ""32 Pages"", ""Weight:"": ""0.35 lbs."", ""Dimensions:"": ""9.0\"" x 0.1\"" x 10.6\""""}",https://m.media-amazon.com/images/I/51QknfvUsbL._SL350_.jpg
Where's Waldo? the Fantastic Journey,Martin Handford,"{""Format:"": ""Paperback"", ""Language:"": ""English"", ""ISBN:"": ""0763635006"", ""ISBN13:"": ""9780763635008"", ""Release Date:"": ""April 2007"", ""Publisher:"": ""Candlewick Press (MA)"", ""Length:"": ""32 Pages"", ""Weight:"": ""0.40 lbs."", ""Dimensions:"": ""0.2\"" x 9.9\"" x 12.9\"""", ""Age Range:"": ""5 to 9 years"", ""Grade Range:"": ""Preschool to Grade 4""}",https://i.thriftbooks.com/api/imagehandler/m/C36E8689C967171410AF3422E4AA113C49506E42.jpeg
The Unwanteds,Lisa McMann,"{""Format:"": ""Paperback"", ""Language:"": ""English"", ""ISBN:"": ""1442407697"", ""ISBN13:"": ""9781442407695"", ""Release Date:"": ""July 2012"", ""Publisher:"": ""Aladdin Paperbacks"", ""Length:"": ""416 Pages"", ""Weight:"": ""0.68 lbs."", ""Dimensions:"": ""1.1\"" x 5.0\"" x 7.6\"""", ""Age Range:"": ""8 to 12 years"", ""Grade Range:"": ""Grades 3 to 7""}",https://i.thriftbooks.com/api/imagehandler/m/855123CBAD80A5375A917A40BA9140458CF432BA.jpeg
Abuela,Arthur Dorros,"{""Format:"": ""Paperback"", ""Language:"": ""English"", ""ISBN:"": ""0440830273"", ""ISBN13:"": ""9780440830276"", ""Release Date:"": ""January 1993"", ""Publisher:"": ""BANTAM DOUBLEDAY @ DELL"", ""Length:"": ""40 Pages"", ""Weight:"": ""0.40 lbs.""}",https://i.thriftbooks.com/api/imagehandler/m/2D4D4BFE68240323DD8C8E703220CCA3BF7C18C8.jpeg
The Goodnight Train Board Book,June Sobel,"{""Format:"": ""Board book"", ""Language:"": ""English"", ""ISBN:"": ""0547718985"", ""ISBN13:"": ""9780547718989"", ""Release Date:"": ""June 2012"", ""Publisher:"": ""Clarion Books"", ""Length:"": ""30 Pages"", ""Weight:"": ""0.85 lbs."", ""Dimensions:"": ""0.8\"" x 7.4\"" x 6.7\"""", ""Age Range:"": ""3 years and under""}",https://i.thriftbooks.com/api/imagehandler/m/F3C15F395C0D0A89754AD087E869058394231101.jpeg
Danny and the Dinosaur,Syd Hoff,"{""Format:"": ""Hardcover"", ""Language:"": ""English"", ""ISBN:"": ""B076CVRVJY"", ""Release Date:"": ""January 1958"", ""Publisher:"": ""Harper & Row"", ""Weight:"": ""0.41 lbs.""}",https://m.media-amazon.com/images/I/51sxnOYdXVL._SL350_.jpg
Would You Rather Be a Bullfrog?,Theo LeSieg,"{""Format:"": ""Board book"", ""Language:"": ""English"", ""ISBN:"": ""0385375158"", ""ISBN13:"": ""9780385375153"", ""Release Date:"": ""January 2014"", ""Publisher:"": ""Random House Books for Young Readers"", ""Length:"": ""24 Pages"", ""Weight:"": ""0.40 lbs."", ""Dimensions:"": ""0.5\"" x 5.2\"" x 7.2\"""", ""Age Range:"": ""3 years and under""}",https://i.thriftbooks.com/api/imagehandler/m/D17E99D53004D8438A880AF62D2A81AD17ACC5D9.jpeg
Where's Waldo Now?,Martin Handford,"{""Format:"": ""Paperback"", ""Language:"": ""English"", ""ISBN:"": ""0763634999"", ""ISBN13:"": ""9780763634995"", ""Release Date:"": ""April 2007"", ""Publisher:"": ""Candlewick Press (MA)"", ""Length:"": ""32 Pages"", ""Weight:"": ""0.52 lbs."", ""Dimensions:"": ""0.2\"" x 10.0\"" x 12.5\"""", ""Age Range:"": ""5 to 9 years"", ""Grade Range:"": ""Preschool to Grade 4""}",https://i.thriftbooks.com/api/imagehandler/m/22BD04C94747C89D53DF7C265A68308E3EF282EE.jpeg
Where's Waldo? in Hollywood,Martin Handford,"{""Format:"": ""Paperback"", ""Language:"": ""English"", ""ISBN:"": ""0763635014"", ""ISBN13:"": ""9780763635015"", ""Release Date:"": ""April 2007"", ""Publisher:"": ""Candlewick Press (MA)"", ""Length:"": ""32 Pages"", ""Weight:"": ""0.60 lbs."", ""Dimensions:"": ""0.2\"" x 9.7\"" x 12.2\"""", ""Age Range:"": ""6 to 9 years"", ""Grade Range:"": ""Grades 1 to 4""}",https://i.thriftbooks.com/api/imagehandler/m/13810565F2CD93AB3A4723BC3C974328BDF42D64.jpeg
The Grufallo's Child,Julia Donaldson,"{""Format:"": ""Unknown Binding"", ""Language:"": ""English"", ""ISBN:"": ""1447281500"", ""ISBN13:"": ""9781447281504"", ""Release Date:"": ""January 2005"", ""Publisher:"": ""Macmillan"", ""Weight:"": ""0.45 lbs."", ""Dimensions:"": ""0.9\"" x 7.6\"" x 8.3\""""}",https://m.media-amazon.com/images/I/616GlJGd7ZL._SL350_.jpg
Your Fantastic Elastic Brain,JoAnn Deak,"{""Format:"": ""Paperback"", ""Language:"": ""English"", ""ISBN:"": ""0545650976"", ""ISBN13:"": ""9780545650977"", ""Release Date:"": ""January 2013"", ""Publisher:"": ""Scholastic, Inc."", ""Length:"": ""32 Pages"", ""Weight:"": ""0.25 lbs.""}",https://m.media-amazon.com/images/I/51pTIWmeL1L._SL350_.jpg
