Book Name,Authors,Info,Image URL
"The Spirit Catches You and You Fall Down: A Hmong Child, Her American Doctors, and the Collision of Two Cultures",Anne Fadiman,"{""Format:"": ""Hardcover"", ""Language:"": ""English"", ""ISBN:"": ""0374267812"", ""ISBN13:"": ""9780374267810"", ""Release Date:"": ""September 1997"", ""Publisher:"": ""Farrar Straus Giroux"", ""Length:"": ""352 Pages"", ""Weight:"": ""0.86 lbs."", ""Dimensions:"": ""1.2\"" x 6.4\"" x 9.6\""""}",https://i.thriftbooks.com/api/imagehandler/m/C9DFD3BC5CFB94B8EEE4DCE4AA811EAE8C27845F.jpeg
Pathophysiology Made Incredibly Easy!,Lippincott Williams & Wilkins,"{""Format:"": ""Paperback"", ""Language:"": ""English"", ""ISBN:"": ""145114623X"", ""ISBN13:"": ""9781451146233"", ""Release Date:"": ""January 2012"", ""Publisher:"": ""LWW"", ""Length:"": ""535 Pages"", ""Weight:"": ""2.00 lbs."", ""Dimensions:"": ""1.1\"" x 7.1\"" x 9.0\""""}",https://i.thriftbooks.com/api/imagehandler/m/6092D66C4072D695B7480188198EBE72256BAA12.jpeg
Medical Apartheid: The Dark History of Medical Experimentation on Black Americans from Colonial Times to the Present,Harriet A. Washington,"{""Format:"": ""Paperback"", ""Language:"": ""English"", ""ISBN:"": ""076791547X"", ""ISBN13:"": ""9780767915472"", ""Release Date:"": ""January 2008"", ""Publisher:"": ""Vintage"", ""Length:"": ""528 Pages"", ""Weight:"": ""0.96 lbs."", ""Dimensions:"": ""1.1\"" x 5.5\"" x 8.2\""""}",https://i.thriftbooks.com/api/imagehandler/m/5188A417B8CB85CCE84CA5AD2ABA57B381843AE2.jpeg
Food Politics: How the Food Industry Influences Nutrition and Health,Marion Nestle,"{""Format:"": ""Hardcover"", ""Language:"": ""English"", ""ISBN:"": ""0520224655"", ""ISBN13:"": ""9780520224650"", ""Release Date:"": ""March 2002"", ""Publisher:"": ""University of California Press"", ""Length:"": ""469 Pages"", ""Weight:"": ""1.60 lbs."", ""Dimensions:"": ""1.2\"" x 6.3\"" x 9.3\""""}",https://i.thriftbooks.com/api/imagehandler/m/68F447073AD6C5E81D1E0B22863DFF98A9D6850D.jpeg
My Own Country: A Doctor's Story,Abraham Verghese,"{""Format:"": ""Paperback"", ""Language:"": ""English"", ""ISBN:"": ""0679752927"", ""ISBN13:"": ""9780679752929"", ""Release Date:"": ""April 1995"", ""Publisher:"": ""Vintage"", ""Length:"": ""448 Pages"", ""Weight:"": ""0.86 lbs."", ""Dimensions:"": ""1.1\"" x 5.2\"" x 8.0\""""}",https://i.thriftbooks.com/api/imagehandler/m/81E7D6998FC4106B8A0D052BC5077950640656A6.jpeg
"Healing of America: A Global Quest for Better, Cheaper, and Fairer Health Care",T.R. Reid,"{""Format:"": ""Hardcover"", ""Language:"": ""English"", ""ISBN:"": ""1594202346"", ""ISBN13:"": ""9781594202346"", ""Release Date:"": ""August 2009"", ""Publisher:"": ""Penguin Press"", ""Length:"": ""288 Pages"", ""Weight:"": ""1.20 lbs."", ""Dimensions:"": ""1.0\"" x 6.4\"" x 9.4\"""", ""Age Range:"": ""18 years and up"", ""Grade Range:"": ""Postsecondary and higher""}",https://i.thriftbooks.com/api/imagehandler/m/32B7A357D8BB2C0431DD9E54117DBCB38E618ADF.jpeg
The Social Transformation of American Medicine: The rise of a sovereign profession and the making of a vast industry,Paul Starr,"{""Format:"": ""Paperback"", ""Language:"": ""English"", ""ISBN:"": ""0465079350"", ""Release Date:"": ""June 1984"", ""Publisher:"": ""Basic Books"", ""Length:"": ""528 Pages"", ""Weight:"": ""1.50 lbs."", ""Dimensions:"": ""9.8\"" x 1.5\"" x 6.0\""""}",https://m.media-amazon.com/images/I/51ebwNE-PZL._SL350_.jpg
Motivational Interviewing in Health Care: Helping Patients Change Behavior,Christopher C. Butler,"{""Format:"": ""Paperback"", ""Language:"": ""English"", ""ISBN:"": ""1593856121"", ""ISBN13:"": ""9781593856120"", ""Release Date:"": ""November 2007"", ""Publisher:"": ""Guilford Publications"", ""Length:"": ""210 Pages"", ""Weight:"": ""0.68 lbs."", ""Dimensions:"": ""0.6\"" x 6.1\"" x 8.9\""""}",https://i.thriftbooks.com/api/imagehandler/m/236D44C449D313D2E393CD35A02C279123369FA4.jpeg
Evidence-Based Practice in Nursing and Healthcare: A Guide to Best Practice [With CDROM],Bernadette Melnyk,"{""Format:"": ""Paperback"", ""Language:"": ""English"", ""ISBN:"": ""0781744776"", ""ISBN13:"": ""9780781744775"", ""Release Date:"": ""January 2004"", ""Publisher:"": ""Lippincott Raven"", ""Length:"": ""624 Pages"", ""Weight:"": ""2.40 lbs."", ""Dimensions:"": ""1.2\"" x 7.3\"" x 9.1\""""}",https://i.thriftbooks.com/api/imagehandler/m/596392DE9C2EB2A6F301495DA31500FD686B96F4.jpeg
Anatomy & Physiology Made Incredibly Easy!,Lippincott Williams & Wilkins,"{""Format:"": ""Paperback"", ""Language:"": ""English"", ""ISBN:"": ""1582550433"", ""ISBN13:"": ""9781582550435"", ""Release Date:"": ""January 2006"", ""Publisher:"": ""Lippincott Williams & Wilkins"", ""Length:"": ""320 Pages"", ""Weight:"": ""1.38 lbs."", ""Dimensions:"": ""0.7\"" x 7.5\"" x 9.1\""""}",https://i.thriftbooks.com/api/imagehandler/m/02A80838F984849C56C2B2B6F90DEEF3BE772AB2.jpeg
Living with the Earth: Concepts in Environmental Health Science,Gary S. Moore,"{""Format:"": ""Hardcover"", ""Language:"": ""English"", ""ISBN:"": ""0849379989"", ""ISBN13:"": ""9780849379987"", ""Release Date:"": ""April 2007"", ""Publisher:"": ""CRC Press"", ""Length:"": ""604 Pages"", ""Weight:"": ""0.20 lbs."", ""Dimensions:"": ""1.6\"" x 6.4\"" x 9.5\""""}",https://i.thriftbooks.com/api/imagehandler/m/34065297A94FF5B4CB754DDD6E1E13B21579B5B4.jpeg
News and Numbers: A Guide to Reporting Statistical Claims and Controversies in Health and Other Fields,Lewis Cope,"{""Format:"": ""Paperback"", ""Language:"": ""English"", ""ISBN:"": ""0813814243"", ""ISBN13:"": ""9780813814247"", ""Release Date:"": ""April 2001"", ""Publisher:"": ""Wiley-Blackwell"", ""Length:"": ""232 Pages"", ""Weight:"": ""0.75 lbs."", ""Dimensions:"": ""0.6\"" x 5.6\"" x 8.6\""""}",https://i.thriftbooks.com/api/imagehandler/m/DD729A4B7E6EA0C6B6E3AB7E0F3E7F1663F326DF.jpeg
"Promoting Self-Change from Problem Substance Use: Practical Implications for Policy, Prevention and Treatment",J. Blomqvist,"{""Format:"": ""Paperback"", ""Language:"": ""English"", ""ISBN:"": ""0792370880"", ""ISBN13:"": ""9780792370888"", ""Release Date:"": ""June 2001"", ""Publisher:"": ""Springer"", ""Length:"": ""213 Pages"", ""Weight:"": ""0.83 lbs."", ""Dimensions:"": ""0.6\"" x 6.5\"" x 9.4\""""}",https://i.thriftbooks.com/api/imagehandler/m/80F9B657D1B34901A7C576BC5581AC8701B6B94A.jpeg
"The Gospel of Germs: Men, Women, and the Microbe in American Life",Nancy Tomes,"{""Format:"": ""Paperback"", ""Language:"": ""English"", ""ISBN:"": ""0674357086"", ""ISBN13:"": ""9780674357082"", ""Release Date:"": ""September 1999"", ""Publisher:"": ""Harvard University Press"", ""Length:"": ""368 Pages"", ""Weight:"": ""1.10 lbs."", ""Dimensions:"": ""0.9\"" x 6.1\"" x 9.2\""""}",https://i.thriftbooks.com/api/imagehandler/m/AABA1FB0602CA0F4101A74AAF9385598602B8D1D.jpeg
Community Health Advocacy,Linda S. Lloyd,"{""Format:"": ""Hardcover"", ""Language:"": ""English"", ""ISBN:"": ""0306473909"", ""ISBN13:"": ""9780306473906"", ""Release Date:"": ""December 2002"", ""Publisher:"": ""Springer"", ""Length:"": ""171 Pages"", ""Weight:"": ""0.96 lbs."", ""Dimensions:"": ""0.7\"" x 6.3\"" x 9.3\""""}",https://i.thriftbooks.com/api/imagehandler/m/D3714E9D076249D8DE086C1883B612F1BBD517A0.jpeg
"When Abortion Was a Crime: Women, Medicine, and Law in the United States, 1867-1973, with a New Preface",Leslie J. Reagan,"{""Format:"": ""Paperback"", ""Language:"": ""English"", ""ISBN:"": ""0520387414"", ""ISBN13:"": ""9780520387416"", ""Release Date:"": ""February 2022"", ""Publisher:"": ""University of California Press"", ""Length:"": ""432 Pages"", ""Weight:"": ""1.25 lbs."", ""Dimensions:"": ""1.0\"" x 5.9\"" x 8.8\""""}",https://i.thriftbooks.com/api/imagehandler/m/6171056D09EB9473A1CAAC2F9DF82772BF4FA86D.jpeg
The AIDS Pandemic in Latin America,Shawn C. Smallman,"{""Format:"": ""Paperback"", ""Language:"": ""English"", ""ISBN:"": ""0807857963"", ""ISBN13:"": ""9780807857960"", ""Release Date:"": ""April 2007"", ""Publisher:"": ""University of North Carolina Press"", ""Length:"": ""304 Pages"", ""Weight:"": ""1.00 lbs."", ""Dimensions:"": ""0.7\"" x 6.4\"" x 9.2\""""}",https://i.thriftbooks.com/api/imagehandler/m/C69620497333C4293CF29E6C58DD48932582D62A.jpeg
Environmental Health,Dade W. Moeller,"{""Format:"": ""Hardcover"", ""Language:"": ""English"", ""ISBN:"": ""0674047400"", ""ISBN13:"": ""9780674047402"", ""Release Date:"": ""June 2011"", ""Publisher:"": ""Harvard University Press"", ""Length:"": ""544 Pages"", ""Weight:"": ""1.85 lbs."", ""Dimensions:"": ""1.3\"" x 6.4\"" x 9.2\""""}",https://i.thriftbooks.com/api/imagehandler/m/EA7A41B3516AAE45A985558522BE23046E9A6D16.jpeg
Sociologies of Food and Nutrition,Wm. Alex McIntosh,"{"""": """"}",https://i.thriftbooks.com/api/imagehandler/m/6B3EDAAFAAFF5620EE4B8FC270EF9B0F7CD71000.jpeg
Kampala Women Getting By: Wellbeing in the Time of AIDS,Sandra Wallman,"{""Format:"": ""Paperback"", ""Language:"": ""English"", ""ISBN:"": ""0821411594"", ""ISBN13:"": ""9780821411599"", ""Release Date:"": ""September 1996"", ""Publisher:"": ""Ohio University Press"", ""Length:"": ""256 Pages"", ""Weight:"": ""0.78 lbs."", ""Dimensions:"": ""0.8\"" x 5.3\"" x 8.4\""""}",https://i.thriftbooks.com/api/imagehandler/m/110D77A6439BCD22D2E14DC2012F6D59338886F1.jpeg
"Forecasting Mortality in Developed Countries: Insights from a Statistical, Demographic and Epidemiological Perspective",Ewa Tabeau,"{"""": """"}",https://i.thriftbooks.com/api/imagehandler/m/D1C1F68A6A73791003A0C874D49C758E40CA87DD.jpeg
Pharmacology for Health Professionals [With Access Code],Sally S. Roach,"{""Format:"": ""Paperback"", ""Language:"": ""English"", ""ISBN:"": ""0781766338"", ""ISBN13:"": ""9780781766333"", ""Release Date:"": ""January 2005"", ""Publisher:"": ""Lippincott Williams & Wilkins"", ""Length:"": ""596 Pages"", ""Weight:"": ""2.75 lbs."", ""Dimensions:"": ""0.9\"" x 8.3\"" x 10.7\""""}",https://i.thriftbooks.com/api/imagehandler/m/D15B3ED612519B8FEB246783ABBC8434A2B77042.jpeg
Bad Blood,James H. Jones,"{""Format:"": ""Paperback"", ""Language:"": ""English"", ""ISBN:"": ""0029166764"", ""ISBN13:"": ""9780029166765"", ""Release Date:"": ""January 1993"", ""Publisher:"": ""Free Press"", ""Length:"": ""336 Pages"", ""Weight:"": ""1.00 lbs."", ""Dimensions:"": ""0.8\"" x 6.3\"" x 9.2\""""}",https://i.thriftbooks.com/api/imagehandler/m/38499734EA7BD1EE97DC0C8F2B85936E6EB3906A.jpeg
Spanish-English English-Spanish Medical Dictionary: Diccionario Medico Espanol-Ingles Ingles-Espanol,Onyria Herrera McElroy,"{""Format:"": ""Paperback"", ""Language:"": ""English"", ""ISBN:"": ""0316554480"", ""ISBN13:"": ""9780316554480"", ""Release Date:"": ""January 1996"", ""Publisher:"": ""Lippincott Williams & Wilkins"", ""Length:"": ""513 Pages"", ""Weight:"": ""1.65 lbs."", ""Dimensions:"": ""0.9\"" x 6.0\"" x 9.0\""""}",https://m.media-amazon.com/images/I/511TG0SPF0L._SL350_.jpg
Epidemiology and the Delivery of Health Care Services: Methods and Applications,Denise M. Oleske,"{""Format:"": ""Hardcover"", ""Language:"": ""English"", ""ISBN:"": ""0306449684"", ""ISBN13:"": ""9780306449680"", ""Release Date:"": ""June 1995"", ""Publisher:"": ""Plenum Publishing Corporation"", ""Length:"": ""256 Pages"", ""Weight:"": ""1.46 lbs."", ""Dimensions:"": ""0.6\"" x 7.0\"" x 10.0\""""}",https://i.thriftbooks.com/api/imagehandler/m/348B3020FE8D8C534DFD6C73ACCBD3B519FAD9C3.jpeg
Death in a Small Package: A Short History of Anthrax,Susan D. Jones,"{""Format:"": ""Hardcover"", ""Language:"": ""English"", ""ISBN:"": ""0801896967"", ""ISBN13:"": ""9780801896965"", ""Release Date:"": ""October 2010"", ""Publisher:"": ""Johns Hopkins University Press"", ""Length:"": ""352 Pages"", ""Weight:"": ""1.22 lbs."", ""Dimensions:"": ""1.1\"" x 5.8\"" x 8.7\""""}",https://i.thriftbooks.com/api/imagehandler/m/87F712AA8F0F44B0ADB7107D83B18BD07AB2772A.jpeg
"Illustrated Dictionary and Resource Directory of Environmental and Occupational Health, Second Edition",Herman Koren,"{"""": """"}",https://i.thriftbooks.com/api/imagehandler/m/4C7B742B02D100BFF2521B14CF9033E60829CDA8.jpeg
Deceit and Denial: The Deadly Politics of Industrial Pollution,Gerald E. Markowitz,"{""Format:"": ""Paperback"", ""Language:"": ""English"", ""ISBN:"": ""0520240634"", ""ISBN13:"": ""9780520240636"", ""Release Date:"": ""October 2002"", ""Publisher:"": ""Perseus - Ucal Pod"", ""Length:"": ""428 Pages"", ""Weight:"": ""1.50 lbs."", ""Dimensions:"": ""1.1\"" x 6.2\"" x 9.0\""""}",https://i.thriftbooks.com/api/imagehandler/m/40B1F0DC698674D008CBFF24701C50947B4F5BAC.jpeg
"Business Mastery: A Guide for Creating a Fulfilling, Thriving Business and Keeping It Successful",Cherie M. Sohnen-Moe,"{""Format:"": ""Paperback"", ""Language:"": ""English"", ""ISBN:"": ""0962126543"", ""ISBN13:"": ""9780962126543"", ""Release Date:"": ""December 1997"", ""Publisher:"": ""Sohnen-Moe Associates"", ""Length:"": ""448 Pages"", ""Weight:"": ""1.10 lbs."", ""Dimensions:"": ""1.0\"" x 8.5\"" x 11.0\""""}",https://i.thriftbooks.com/api/imagehandler/m/E85011FE0314E6EC786EBD1912AD2C2AAEA27A9B.jpeg
Study Guide for Memmler's the Human Body in Health and Disease,Kerry L. Hull,"{""Format:"": ""Paperback"", ""Language:"": ""English"", ""ISBN:"": ""0781765811"", ""ISBN13:"": ""9780781765817"", ""Release Date:"": ""January 2008"", ""Publisher:"": ""Lippincott Williams & Wilkins"", ""Length:"": ""416 Pages"", ""Weight:"": ""2.22 lbs."", ""Dimensions:"": ""1.1\"" x 8.3\"" x 10.6\""""}",https://i.thriftbooks.com/api/imagehandler/m/F56F4D7856166088D19D7895CAF5B7EA6B6BECA4.jpeg
Essentials of Environmental Health,Robert H. Friis,"{""Format:"": ""Paperback"", ""Language:"": ""English"", ""ISBN:"": ""0763778907"", ""ISBN13:"": ""9780763778903"", ""Release Date:"": ""December 2010"", ""Publisher:"": ""Jones & Bartlett Publishers"", ""Length:"": ""446 Pages"", ""Weight:"": ""2.40 lbs."", ""Dimensions:"": ""1.0\"" x 8.4\"" x 10.8\""""}",https://i.thriftbooks.com/api/imagehandler/m/3AD7DDF24D79C8AB17B3A6DB79E50453173A97F1.jpeg
Principles of Biostatistics [With CDROM],Kimberlee Gauvreau,"{""Format:"": ""Hardcover"", ""Language:"": ""English"", ""ISBN:"": ""0534229026"", ""ISBN13:"": ""9780534229023"", ""Release Date:"": ""March 2000"", ""Publisher:"": ""Duxbury Resource Center"", ""Length:"": ""592 Pages"", ""Weight:"": ""2.42 lbs."", ""Dimensions:"": ""1.1\"" x 7.6\"" x 9.6\""""}",https://i.thriftbooks.com/api/imagehandler/m/C7E7B09B02F9D57792E33A2474C46B8381396FAF.jpeg
Fundamentals of Biostatistics,Bernard Rosner,"{""Format:"": ""Hardcover"", ""Language:"": ""English"", ""ISBN:"": ""0534209408"", ""ISBN13:"": ""9780534209407"", ""Release Date:"": ""August 1994"", ""Publisher:"": ""Duxbury Resource Center"", ""Length:"": ""682 Pages"", ""Weight:"": ""2.60 lbs."", ""Dimensions:"": ""1.3\"" x 7.6\"" x 9.6\""""}",https://i.thriftbooks.com/api/imagehandler/m/2A4C08188E3D0468847A5882F8856B562F87701C.jpeg
Essentials of Health Policy and Law,Joel B. Teitelbaum,"{""Format:"": ""Paperback"", ""Language:"": ""English"", ""ISBN:"": ""1449653308"", ""ISBN13:"": ""9781449653309"", ""Release Date:"": ""April 2012"", ""Publisher:"": ""Jones & Bartlett Publishers"", ""Length:"": ""294 Pages"", ""Weight:"": ""1.65 lbs."", ""Dimensions:"": ""0.7\"" x 8.5\"" x 10.8\""""}",https://i.thriftbooks.com/api/imagehandler/m/420740958422CC0AA97BFD5D63648F807A74A666.jpeg
To Err Is Human: Building a Safer Health System,Institute of Medicine,"{""Format:"": ""Hardcover"", ""Language:"": ""English"", ""ISBN:"": ""0309068371"", ""ISBN13:"": ""9780309068376"", ""Release Date:"": ""April 2000"", ""Publisher:"": ""National Academies Press"", ""Length:"": ""312 Pages"", ""Weight:"": ""1.55 lbs."", ""Dimensions:"": ""0.9\"" x 6.0\"" x 9.0\""""}",https://i.thriftbooks.com/api/imagehandler/m/B7C3B50B22BDDCDC43C9FE89CE22D7FA33FF2C33.jpeg
Medical Billing & Coding Demystified,Jim Keogh,"{"""": """"}",https://i.thriftbooks.com/api/imagehandler/m/6EA406A39CD9A62B169B82ACFD9AA93B594E7C8F.jpeg
ChartSmart: The A-To-Z Guide to Better Nursing Documentation,Lippincott Williams & Wilkins,"{""Format:"": ""Paperback"", ""Language:"": ""English"", ""ISBN:"": ""1582559872"", ""ISBN13:"": ""9781582559872"", ""Release Date:"": ""January 2006"", ""Publisher:"": ""Lippincott Williams & Wilkins"", ""Length:"": ""497 Pages"", ""Weight:"": ""1.62 lbs."", ""Dimensions:"": ""1.2\"" x 6.3\"" x 9.2\""""}",https://i.thriftbooks.com/api/imagehandler/m/16289E28B5D67162FD9B07A5A5D639904E103524.jpeg
Mama Might Be Better Off Dead: The Failure of Health Care in Urban America,Laurie Kaye Abraham,"{""Format:"": ""Paperback"", ""Language:"": ""English"", ""ISBN:"": ""0226001393"", ""ISBN13:"": ""9780226001395"", ""Release Date:"": ""November 1994"", ""Publisher:"": ""University of Chicago Press"", ""Length:"": ""297 Pages"", ""Weight:"": ""0.95 lbs."", ""Dimensions:"": ""0.8\"" x 6.0\"" x 8.9\""""}",https://i.thriftbooks.com/api/imagehandler/m/FADAB97C0DC6861B98B2AE3C9C4F9D1E7F7FF566.jpeg
Why Hospitals Should Fly: The Ultimate Flight Plan to Patient Safety and Quality Care,John J. Nance,"{""Format:"": ""Paperback"", ""Language:"": ""English"", ""ISBN:"": ""0974386065"", ""ISBN13:"": ""9780974386065"", ""Release Date:"": ""January 2008"", ""Publisher:"": ""Second River Healthcare Press"", ""Length:"": ""225 Pages"", ""Weight:"": ""0.55 lbs."", ""Dimensions:"": ""0.7\"" x 5.5\"" x 8.4\""""}",https://m.media-amazon.com/images/I/51hNOZKYdPL._SL350_.jpg
Essentials of the U.S. Health Care System,Leiyu Shi,"{""Format:"": ""Paperback"", ""Language:"": ""English"", ""ISBN:"": ""1284100553"", ""ISBN13:"": ""9781284100556"", ""Release Date:"": ""December 2015"", ""Publisher:"": ""Jones & Bartlett Publishers"", ""Length:"": ""402 Pages"", ""Weight:"": ""0.90 lbs."", ""Dimensions:"": ""1.0\"" x 6.0\"" x 8.9\""""}",https://i.thriftbooks.com/api/imagehandler/m/BD66F744ACFA14FABCE053DF0727918CEFA182F5.jpeg
The Innovator's Prescription: A Disruptive Solution for Health Care,Jerome H. Grossman,"{""Format:"": ""Hardcover"", ""Language:"": ""English"", ""ISBN:"": ""0071592083"", ""ISBN13:"": ""9780071592086"", ""Release Date:"": ""January 2009"", ""Publisher:"": ""McGraw-Hill Companies"", ""Length:"": ""496 Pages"", ""Weight:"": ""1.90 lbs."", ""Dimensions:"": ""1.5\"" x 6.5\"" x 9.3\""""}",https://i.thriftbooks.com/api/imagehandler/m/1294B0466334B0D4DC6D2C4524A26A7F7C9C0B84.jpeg
Selling Sickness: How the World's Biggest Pharmaceutical Companies Are Turning Us All Into Patients,Alan Cassels,"{""Format:"": ""Hardcover"", ""Language:"": ""English"", ""ISBN:"": ""1560256974"", ""ISBN13:"": ""9781560256977"", ""Release Date:"": ""June 2005"", ""Publisher:"": ""Nation Books"", ""Length:"": ""254 Pages"", ""Weight:"": ""0.95 lbs."", ""Dimensions:"": ""0.9\"" x 8.3\"" x 5.8\""""}",https://i.thriftbooks.com/api/imagehandler/m/416623E62F9FC139D3435755B775C407479E535B.jpeg
McMinn's Color Atlas of Human Anatomy,S.C. Marks,"{""Format:"": ""Paperback"", ""Language:"": ""English"", ""ISBN:"": ""0723427720"", ""ISBN13:"": ""9780723427728"", ""Release Date:"": ""January 1998"", ""Publisher:"": ""Mosby"", ""Length:"": ""368 Pages"", ""Weight:"": ""2.85 lbs."", ""Dimensions:"": ""1.1\"" x 8.5\"" x 11.0\""""}",https://i.thriftbooks.com/api/imagehandler/m/2D86739BEC2B7F56D738B180DBE9822D17DAB3E9.jpeg
Global Health 101,Richard Skolnik,"{""Format:"": ""Paperback"", ""Language:"": ""English"", ""ISBN:"": ""0763797510"", ""ISBN13:"": ""9780763797515"", ""Release Date:"": ""August 2011"", ""Publisher:"": ""Jones & Bartlett Publishers"", ""Length:"": ""434 Pages"", ""Weight:"": ""2.40 lbs."", ""Dimensions:"": ""1.0\"" x 8.5\"" x 10.8\""""}",https://i.thriftbooks.com/api/imagehandler/m/7216EF763C7492C82A5B717647F86F771C07E656.jpeg
Medical Assisting: Administrative and Clinical Procedures with Anatomy & Physiology,Kathryn A. Booth,"{""Format:"": ""Hardcover"", ""Language:"": ""English"", ""ISBN:"": ""0073374547"", ""ISBN13:"": ""9780073374543"", ""Release Date:"": ""January 2010"", ""Publisher:"": ""Career Education"", ""Length:"": ""1472 Pages"", ""Weight:"": ""7.20 lbs.""}",https://i.thriftbooks.com/api/imagehandler/m/43549951F7A010B21B5177311F685515F8F7AB1A.jpeg
Diagnostic Tests Made Incredibly Easy!,Lippincott Williams & Wilkins,"{"""": """"}",https://i.thriftbooks.com/api/imagehandler/m/D3670A4A07BEAA0C14991D748124F8C3A3EFF5E2.jpeg
"First, Do No Harm: The Dramatic Story of Real Doctors and Patients Making Impossible Choices at a Big-City Hospital",Lisa Belkin,"{""Format:"": ""Mass Market Paperback"", ""Language:"": ""English"", ""ISBN:"": ""044922290X"", ""Release Date:"": ""March 1994"", ""Publisher:"": ""Fawcett"", ""Length:"": ""368 Pages"", ""Weight:"": ""0.40 lbs."", ""Dimensions:"": ""6.7\"" x 0.9\"" x 4.2\""""}",https://m.media-amazon.com/images/I/41QMqYeMa4L._SL350_.jpg
Primary Care: A Collaborative Practice,Patricia Polgar Bailey,"{""Format:"": ""Hardcover"", ""Language:"": ""English"", ""ISBN:"": ""0323355013"", ""ISBN13:"": ""9780323355018"", ""Release Date:"": ""May 2016"", ""Publisher:"": ""Mosby"", ""Length:"": ""1456 Pages"", ""Weight:"": ""7.10 lbs."", ""Dimensions:"": ""2.0\"" x 8.8\"" x 11.1\""""}",https://m.media-amazon.com/images/I/41WDQ0XVTNL._SL350_.jpg
Leading and Managing in Nursing,Patricia S. Yoder-Wise,"{""Format:"": ""Paperback"", ""Language:"": ""English"", ""ISBN:"": ""0323241832"", ""ISBN13:"": ""9780323241830"", ""Release Date:"": ""October 2013"", ""Publisher:"": ""Mosby"", ""Length:"": ""672 Pages"", ""Weight:"": ""2.30 lbs."", ""Dimensions:"": ""1.0\"" x 7.8\"" x 9.4\""""}",https://i.thriftbooks.com/api/imagehandler/m/FB342F4A251D5875E31F88861F64045088B0C7DC.jpeg
Designing and Managing Programs: An Effectiveness-Based Approach,Peter M. Kettner,"{""Format:"": ""Paperback"", ""Language:"": ""English"", ""ISBN:"": ""141295195X"", ""ISBN13:"": ""9781412951951"", ""Release Date:"": ""November 2007"", ""Publisher:"": ""Sage Publications, Inc"", ""Length:"": ""320 Pages"", ""Weight:"": ""1.00 lbs."", ""Dimensions:"": ""0.7\"" x 6.0\"" x 9.0\""""}",https://i.thriftbooks.com/api/imagehandler/m/9CEF852D6629F475B92CD86DC21A5174C0F3D095.jpeg
Stedman's Medical Dictionary for the Health Professions and Nursing,Stedman's,"{""Format:"": ""Hardcover"", ""Language:"": ""English"", ""ISBN:"": ""1608316920"", ""ISBN13:"": ""9781608316922"", ""Release Date:"": ""April 2011"", ""Publisher:"": ""Stedman's"", ""Length:"": ""2439 Pages"", ""Weight:"": ""4.30 lbs."", ""Dimensions:"": ""2.7\"" x 6.1\"" x 9.1\""""}",https://i.thriftbooks.com/api/imagehandler/m/09A17388C1F4F7E3E6C201AD8495B63C96E37A6D.jpeg
Stedman's Medical Dictionary,Stedman's,"{""Format:"": ""Hardcover"", ""Language:"": ""English"", ""ISBN:"": ""0781733901"", ""Release Date:"": ""December 2005"", ""Publisher:"": ""Stedman's"", ""Length:"": ""2100 Pages"", ""Weight:"": ""6.13 lbs."", ""Dimensions:"": ""10.3\"" x 2.5\"" x 7.9\""""}",https://m.media-amazon.com/images/I/51+tkCUGiiL._SL350_.jpg
Infections and Inequalities: The Modern Plagues,Paul Farmer,"{""Format:"": ""Paperback"", ""Language:"": ""English"", ""ISBN:"": ""0520229134"", ""ISBN13:"": ""9780520229136"", ""Release Date:"": ""February 2001"", ""Publisher:"": ""University of California Press"", ""Length:"": ""424 Pages"", ""Weight:"": ""1.30 lbs."", ""Dimensions:"": ""1.0\"" x 6.0\"" x 8.9\""""}",https://i.thriftbooks.com/api/imagehandler/m/DC3E244973496AF2A8EB8357F8458C0492AF18A9.jpeg
Understanding Health Insurance: A Guide to Billing and Reimbursement (with Premium Website Printed Access Card and Cengage EncoderPro.com Demo Printed ... (Flexible Solutions - Your Key to Success),Michelle A. Green,"{""Format:"": ""Paperback"", ""Language:"": ""English"", ""ISBN:"": ""113328373X"", ""Release Date:"": ""February 2012"", ""Publisher:"": ""Cengage Learning"", ""Length:"": ""800 Pages"", ""Weight:"": ""0.44 lbs."", ""Dimensions:"": ""10.5\"" x 1.3\"" x 8.3\""""}",https://m.media-amazon.com/images/I/51rc-aXYYsL._SL350_.jpg
Delivering Health Care in America: A Systems Approach [With Access Code],Leiyu Shi,"{""Format:"": ""Paperback"", ""Language:"": ""English"", ""ISBN:"": ""1284074633"", ""ISBN13:"": ""9781284074635"", ""Release Date:"": ""August 2014"", ""Publisher:"": ""Jones & Bartlett Publishers"", ""Length:"": ""646 Pages"", ""Weight:"": ""2.65 lbs."", ""Dimensions:"": ""1.4\"" x 6.9\"" x 10.9\""""}",https://i.thriftbooks.com/api/imagehandler/m/28DBE85C25ECB2BD52DD8C7E35538F32142FCF19.jpeg
Building Your Ideal Private Practice: A Guide for Therapists and Other Healing Professionals,Lynn Grodzki,"{""Format:"": ""Hardcover"", ""Language:"": ""English"", ""ISBN:"": ""0393703312"", ""ISBN13:"": ""9780393703313"", ""Release Date:"": ""April 2000"", ""Publisher:"": ""W. W. Norton & Company"", ""Length:"": ""288 Pages"", ""Weight:"": ""1.30 lbs."", ""Dimensions:"": ""1.1\"" x 6.4\"" x 9.6\""""}",https://i.thriftbooks.com/api/imagehandler/m/4F0C945962ED3EBD87C608FBCF62970A614F44BD.jpeg
Medical Spanish Made Incredibly Easy!,Lippincott Williams & Wilkins,"{""Format:"": ""Paperback"", ""Language:"": ""English"", ""ISBN:"": ""1582552916"", ""ISBN13:"": ""9781582552910"", ""Release Date:"": ""January 2004"", ""Publisher:"": ""Lippincott Raven"", ""Length:"": ""352 Pages"", ""Weight:"": ""1.55 lbs."", ""Dimensions:"": ""0.9\"" x 7.5\"" x 9.2\""""}",https://m.media-amazon.com/images/I/41O7sGdIGJL._SL350_.jpg
Medical Terminology [With CD],Lippincott Williams & Wilkins,"{""Format:"": ""Paperback"", ""Language:"": ""English"", ""ISBN:"": ""1582553009"", ""ISBN13:"": ""9781582553009"", ""Release Date:"": ""January 2004"", ""Publisher:"": ""Lippincott Williams & Wilkins"", ""Length:"": ""377 Pages"", ""Weight:"": ""1.60 lbs."", ""Dimensions:"": ""0.9\"" x 7.4\"" x 9.2\""""}",https://i.thriftbooks.com/api/imagehandler/m/37C9F776EDB6476413B50A67565BC7017F0EF16A.jpeg
Nursing Informatics and the Foundation of Knowledge [With Access Code],Dee Mcgonigle,"{""Format:"": ""Paperback"", ""Language:"": ""English"", ""ISBN:"": ""1284121240"", ""ISBN13:"": ""9781284121247"", ""Release Date:"": ""March 2017"", ""Publisher:"": ""Jones & Bartlett Publishers"", ""Length:"": ""606 Pages"", ""Weight:"": ""1.86 lbs."", ""Dimensions:"": ""1.0\"" x 6.9\"" x 8.9\""""}",https://i.thriftbooks.com/api/imagehandler/m/F039E47483482ECA7157014DAB86F99FDCC490A5.jpeg
Introduction to Public Health,Mary Jane Schneider,"{""Format:"": ""Paperback"", ""Language:"": ""English"", ""ISBN:"": ""1449697364"", ""ISBN13:"": ""9781449697365"", ""Release Date:"": ""March 2013"", ""Publisher:"": ""Jones & Bartlett Publishers"", ""Length:"": ""624 Pages"", ""Weight:"": ""2.30 lbs."", ""Dimensions:"": ""1.5\"" x 6.9\"" x 8.9\""""}",https://i.thriftbooks.com/api/imagehandler/m/69567B610B798D7BDFDA3B715D83174BF5CDCCAE.jpeg
"Health Behavior and Health Education: Theory, Research, and Practice",Frances Marcus Lewis,"{""Format:"": ""Hardcover"", ""Language:"": ""English"", ""ISBN:"": ""0787996149"", ""ISBN13:"": ""9780787996147"", ""Release Date:"": ""September 2008"", ""Publisher:"": ""Jossey-Bass"", ""Length:"": ""552 Pages"", ""Weight:"": ""1.30 lbs."", ""Dimensions:"": ""1.4\"" x 7.0\"" x 9.3\""""}",https://i.thriftbooks.com/api/imagehandler/m/CF86643E4A2665B375D9E79D72D05305ED2DC1C2.jpeg
Overdosed America: The Broken Promise of American Medicine,John Abramson,"{""Format:"": ""Paperback"", ""Language:"": ""English"", ""ISBN:"": ""0060568534"", ""ISBN13:"": ""9780060568535"", ""Release Date:"": ""June 2005"", ""Publisher:"": ""Harper Perennial"", ""Length:"": ""368 Pages"", ""Weight:"": ""0.58 lbs."", ""Dimensions:"": ""0.8\"" x 5.3\"" x 8.0\""""}",https://i.thriftbooks.com/api/imagehandler/m/C42E87B2C04C5D677561B0DA0CA1CC9C1C7A3F5F.jpeg
Principles of Biomedical Ethics,James F Childress,"{""Format:"": ""Paperback"", ""Language:"": ""English"", ""ISBN:"": ""0195143329"", ""ISBN13:"": ""9780195143324"", ""Release Date:"": ""February 2001"", ""Publisher:"": ""Oxford University Press, USA"", ""Length:"": ""472 Pages"", ""Weight:"": ""1.45 lbs."", ""Dimensions:"": ""1.0\"" x 8.9\"" x 5.8\""""}",https://i.thriftbooks.com/api/imagehandler/m/33D9841F7D42847B8AC4DEC0893B376ED624EC8D.jpeg
Final Exam: A Surgeon's Reflections on Mortality,Pauline W. Chen,"{""Format:"": ""Hardcover"", ""Language:"": ""English"", ""ISBN:"": ""0307263533"", ""ISBN13:"": ""9780307263537"", ""Release Date:"": ""January 2007"", ""Publisher:"": ""Alfred A. Knopf"", ""Length:"": ""268 Pages"", ""Weight:"": ""0.90 lbs."", ""Dimensions:"": ""1.1\"" x 5.3\"" x 7.8\""""}",https://i.thriftbooks.com/api/imagehandler/m/8C6179F46035CD64799F62B9D4A379F16290D3C6.jpeg
Betrayal of Trust: The Collapse of Global Public Health,Laurie Garrett,"{""Format:"": ""Paperback"", ""Language:"": ""English"", ""ISBN:"": ""B001VAUL7K"", ""ISBN13:"": ""9780786884407"", ""Release Date:"": ""August 2001"", ""Publisher:"": ""Hachette Books"", ""Length:"": ""768 Pages"", ""Weight:"": ""2.20 lbs."", ""Dimensions:"": ""2.2\"" x 5.9\"" x 9.0\"""", ""Age Range:"": ""18 years and up"", ""Grade Range:"": ""Postsecondary and higher""}",https://i.thriftbooks.com/api/imagehandler/m/52B5D6DAB9B0C8DA8553C95E66E8FC55B945B363.jpeg
Epidemiology for Public Health Practice,Robert H. Friis,"{""Format:"": ""Paperback"", ""Language:"": ""English"", ""ISBN:"": ""1449665497"", ""ISBN13:"": ""9781449665494"", ""Release Date:"": ""March 2013"", ""Publisher:"": ""Jones & Bartlett Publishers"", ""Length:"": ""808 Pages"", ""Weight:"": ""2.95 lbs."", ""Dimensions:"": ""1.8\"" x 7.0\"" x 8.9\""""}",https://i.thriftbooks.com/api/imagehandler/m/17D7CFEAA91F13001CDEAFA52C743635673C577C.jpeg
"The Wisdom of Whores: Bureaucrats, Brothels, and the Business of AIDS",Elizabeth Pisani,"{""Format:"": ""Hardcover"", ""Language:"": ""English"", ""ISBN:"": ""0393066622"", ""ISBN13:"": ""9780393066623"", ""Release Date:"": ""June 2008"", ""Publisher:"": ""W. W. Norton & Company"", ""Length:"": ""400 Pages"", ""Weight:"": ""0.30 lbs."", ""Dimensions:"": ""1.3\"" x 6.5\"" x 9.5\""""}",https://i.thriftbooks.com/api/imagehandler/m/169BA8D03736A5DA0D412DFFF9FFB977BFA523BA.jpeg
Control of Communicable Diseases Manual,David L. Heymann,"{""Format:"": ""Paperback"", ""Language:"": ""English"", ""ISBN:"": ""0875530346"", ""ISBN13:"": ""9780875530345"", ""Release Date:"": ""December 2004"", ""Publisher:"": ""American Public Health Association"", ""Length:"": ""700 Pages"", ""Weight:"": ""0.93 lbs."", ""Dimensions:"": ""1.1\"" x 4.5\"" x 7.0\""""}",https://i.thriftbooks.com/api/imagehandler/m/BFD160D9CDA380F6FC6F95AA0178CEB5C39A7632.jpeg
Essentials of Human Diseases and Conditions,Jeanette Drzymkowski,"{""Format:"": ""Paperback"", ""Language:"": ""English"", ""ISBN:"": ""141604714X"", ""ISBN13:"": ""9781416047148"", ""Release Date:"": ""January 2008"", ""Publisher:"": ""Saunders"", ""Length:"": ""864 Pages"", ""Weight:"": ""2.80 lbs."", ""Dimensions:"": ""1.3\"" x 7.5\"" x 9.3\""""}",https://i.thriftbooks.com/api/imagehandler/m/4786A4274524EA9E44DD9AAAD58E438211F01635.jpeg
"Bioethics: Principles, Issues, and Cases",Lewis Vaughn,"{""Format:"": ""Paperback"", ""Language:"": ""English"", ""ISBN:"": ""0195182820"", ""ISBN13:"": ""9780195182828"", ""Release Date:"": ""March 2009"", ""Publisher:"": ""Oxford University Press, USA"", ""Length:"": ""696 Pages"", ""Weight:"": ""2.45 lbs."", ""Dimensions:"": ""1.1\"" x 9.2\"" x 7.5\""""}",https://i.thriftbooks.com/api/imagehandler/m/A2BC9087E3E6DD27240835C817D2A140BDB9D453.jpeg
"Diagnosis: Schizophrenia: A Comprehensive Resource for Consumers, Families, and Helping Professionals",Susan E. Mason,"{""Format:"": ""Paperback"", ""Language:"": ""English"", ""ISBN:"": ""0231126255"", ""ISBN13:"": ""9780231126250"", ""Release Date:"": ""October 2002"", ""Publisher:"": ""Columbia University Press"", ""Length:"": ""248 Pages"", ""Weight:"": ""0.58 lbs."", ""Dimensions:"": ""0.5\"" x 6.0\"" x 9.0\""""}",https://i.thriftbooks.com/api/imagehandler/m/095CDCFF9BD0E42876587BA6C64125B12711ABD3.jpeg
Forgive and Remember: Managing Medical Failure,Charles L. Bosk,"{""Format:"": ""Paperback"", ""Language:"": ""English"", ""ISBN:"": ""0226066800"", ""ISBN13:"": ""9780226066806"", ""Release Date:"": ""February 1981"", ""Publisher:"": ""University of Chicago Press"", ""Length:"": ""301 Pages"", ""Weight:"": ""0.50 lbs."", ""Dimensions:"": ""0.5\"" x 5.5\"" x 8.5\""""}",https://m.media-amazon.com/images/I/41VCT6FZ34L._SL350_.jpg
"Bright Futures: Guidelines for Health Supervision of Infants, Children, and Adolescents","Hagan, Joseph F.","{""Format:"": ""Paperback"", ""Language:"": ""English"", ""ISBN:"": ""1581102232"", ""ISBN13:"": ""9781581102239"", ""Release Date:"": ""October 2007"", ""Publisher:"": ""American Academy of Pediatrics"", ""Length:"": ""650 Pages"", ""Weight:"": ""3.35 lbs."", ""Dimensions:"": ""1.2\"" x 8.6\"" x 11.1\""""}",https://i.thriftbooks.com/api/imagehandler/m/0BF68F3B157C86E268662DB5FBD7DADB8D9928A1.jpeg
Concept Mapping: A Critical-Thinking Approach to Care Planning,Pamela McHugh Schuster,"{""Format:"": ""Paperback"", ""Language:"": ""English"", ""ISBN:"": ""0803609795"", ""ISBN13:"": ""9780803609792"", ""Release Date:"": ""April 2002"", ""Publisher:"": ""F. A. Davis Company"", ""Length:"": ""175 Pages"", ""Weight:"": ""0.90 lbs."", ""Dimensions:"": ""0.3\"" x 7.5\"" x 10.4\""""}",https://i.thriftbooks.com/api/imagehandler/m/E9E0A7247470E70F066995C68CAA9190DCF94BA2.jpeg
Essentials of Public Health,Bernard J. Turnock,"{""Format:"": ""Paperback"", ""Language:"": ""English"", ""ISBN:"": ""0763745251"", ""ISBN13:"": ""9780763745257"", ""Release Date:"": ""January 2007"", ""Publisher:"": ""Jones & Bartlett Publishers"", ""Length:"": ""272 Pages"", ""Weight:"": ""1.50 lbs."", ""Dimensions:"": ""0.6\"" x 8.5\"" x 10.8\""""}",https://i.thriftbooks.com/api/imagehandler/m/46313619C228B4066129A01AF4182A0B169A98B8.jpeg
Patient Practitioner Interaction: An Experiential Manual for Developing the Art of Health Care,Carol M. Davis,"{""Format:"": ""Hardcover"", ""Language:"": ""English"", ""ISBN:"": ""1556429940"", ""ISBN13:"": ""9781556429941"", ""Release Date:"": ""May 2011"", ""Publisher:"": ""Slack"", ""Length:"": ""274 Pages"", ""Weight:"": ""2.30 lbs."", ""Dimensions:"": ""0.9\"" x 8.7\"" x 11.2\""""}",https://i.thriftbooks.com/api/imagehandler/m/7E548B15C29265F8C617DF0546D208DC28DADC12.jpeg
The Case Manager's Survival Guide,Hussein A. Tahan,"{""Format:"": ""Hardcover"", ""Language:"": ""English"", ""ISBN:"": ""081511771X"", ""ISBN13:"": ""9780815117711"", ""Release Date:"": ""January 1998"", ""Publisher:"": ""Mosby"", ""Length:"": ""288 Pages"", ""Weight:"": ""1.50 lbs."", ""Dimensions:"": ""0.9\"" x 7.5\"" x 9.3\"""", ""Age Range:"": ""18 years and under"", ""Grade Range:"": ""Preschool to Postsecondary""}",https://i.thriftbooks.com/api/imagehandler/m/A76416843641B181636F3610081FF8FA2C7158B0.jpeg
The Economics of Health and Health Care,Allen C. Goodman,"{""Format:"": ""Hardcover"", ""Language:"": ""English"", ""ISBN:"": ""0132773694"", ""ISBN13:"": ""9780132773690"", ""Release Date:"": ""February 2012"", ""Publisher:"": ""Routledge"", ""Length:"": ""624 Pages"", ""Weight:"": ""2.65 lbs."", ""Dimensions:"": ""1.0\"" x 8.0\"" x 10.2\""""}",https://i.thriftbooks.com/api/imagehandler/m/9D6F21F629224C29F21034EE61315D029AFBAE11.jpeg
Our Daily Meds,Melody Petersen,"{""Format:"": ""Paperback"", ""Language:"": ""English"", ""ISBN:"": ""0312428251"", ""ISBN13:"": ""9780312428259"", ""Release Date:"": ""March 2009"", ""Publisher:"": ""St. Martins Press-3PL"", ""Length:"": ""448 Pages"", ""Weight:"": ""0.80 lbs."", ""Dimensions:"": ""1.3\"" x 5.5\"" x 8.4\""""}",https://i.thriftbooks.com/api/imagehandler/m/F0D67FCDEB68829C0AF78404D753B8A30166F244.jpeg
Hope in Hell: Inside the World of Doctors Without Borders,Dan Bortolotti,"{""Format:"": ""Paperback"", ""Language:"": ""English"", ""ISBN:"": ""1554071429"", ""ISBN13:"": ""9781554071425"", ""Release Date:"": ""September 2006"", ""Publisher:"": ""Firefly Books"", ""Length:"": ""304 Pages"", ""Weight:"": ""1.15 lbs."", ""Dimensions:"": ""1.0\"" x 6.3\"" x 9.2\""""}",https://i.thriftbooks.com/api/imagehandler/m/80B69F2111AC114D4094855B86179DCF73C85373.jpeg
Introduction to Global Health,Kathryn H. Jacobsen,"{""Format:"": ""Paperback"", ""Language:"": ""English"", ""ISBN:"": ""1449688349"", ""ISBN13:"": ""9781449688349"", ""Release Date:"": ""February 2013"", ""Publisher:"": ""Jones & Bartlett Publishers"", ""Length:"": ""404 Pages"", ""Weight:"": ""1.32 lbs."", ""Dimensions:"": ""0.9\"" x 6.0\"" x 8.9\""""}",https://i.thriftbooks.com/api/imagehandler/m/DB0A239516AC9E9D7D7E1F0FA95796A7F5E93DF4.jpeg
Complaints and Disorders: The Sexual Politics of Sickness (Contemporary Classics),Barbara Ehrenreich,"{""Format:"": ""Paperback"", ""Language:"": ""English"", ""ISBN:"": ""0912670207"", ""Release Date:"": ""January 1993"", ""Publisher:"": ""The Feminist Press at CUNY"", ""Length:"": ""96 Pages"", ""Weight:"": ""0.26 lbs."", ""Dimensions:"": ""8.3\"" x 0.2\"" x 5.3\""""}",https://m.media-amazon.com/images/I/51-RqotuDzL._SL350_.jpg
"Nursing Home Administration, Sixth Edition",James E. Allen,"{""Format:"": ""Paperback"", ""Language:"": ""English"", ""ISBN:"": ""0826107044"", ""ISBN13:"": ""9780826107046"", ""Release Date:"": ""February 2011"", ""Publisher:"": ""Springer Publishing Company"", ""Length:"": ""601 Pages"", ""Weight:"": ""2.40 lbs."", ""Dimensions:"": ""1.2\"" x 7.0\"" x 9.9\""""}",https://i.thriftbooks.com/api/imagehandler/m/8F4F9AB28A617ECE8810EF3803740C9393B744E1.jpeg
Cmsa Core Curriculum for Case Management,Suzanne K. Powell,"{""Format:"": ""Paperback"", ""Language:"": ""English"", ""ISBN:"": ""0781779170"", ""ISBN13:"": ""9780781779173"", ""Release Date:"": ""April 2007"", ""Publisher:"": ""LWW"", ""Length:"": ""656 Pages"", ""Weight:"": ""1.90 lbs."", ""Dimensions:"": ""1.2\"" x 6.3\"" x 9.1\""""}",https://i.thriftbooks.com/api/imagehandler/m/87ABC0D423A57B00EA3A4115A3406FBF603B47F5.jpeg
"Health Program Planning and Evaluation: A Practical, Systematic Approach for Community Health",L. Michele Issel,"{""Format:"": ""Paperback"", ""Language:"": ""English"", ""ISBN:"": ""0763753343"", ""ISBN13:"": ""9780763753344"", ""Release Date:"": ""December 2008"", ""Publisher:"": ""Jones & Bartlett Publishers"", ""Length:"": ""594 Pages"", ""Weight:"": ""1.88 lbs."", ""Dimensions:"": ""1.3\"" x 5.9\"" x 8.9\""""}",https://i.thriftbooks.com/api/imagehandler/m/38825DE7978098E9A3F21A394E99B6952AFB0E6B.jpeg
Caring for Patients from Different Cultures,Geri-Ann Galanti,"{""Format:"": ""Paperback"", ""Language:"": ""English"", ""ISBN:"": ""0812218574"", ""ISBN13:"": ""9780812218572"", ""Release Date:"": ""November 2003"", ""Publisher:"": ""University of Pennsylvania Press"", ""Length:"": ""296 Pages"", ""Weight:"": ""1.05 lbs."", ""Dimensions:"": ""0.8\"" x 6.0\"" x 9.0\""""}",https://i.thriftbooks.com/api/imagehandler/m/435AE3DCBC05B3431CF20BFA59A6D2528B800834.jpeg
"Introduction to Healthcare Quality Management, Second Edition",Patrice L. Spath,"{""Format:"": ""Paperback"", ""Language:"": ""English"", ""ISBN:"": ""1567935931"", ""ISBN13:"": ""9781567935936"", ""Release Date:"": ""July 2013"", ""Publisher:"": ""Gateway to Healthcare Management"", ""Length:"": ""286 Pages"", ""Weight:"": ""0.05 lbs."", ""Dimensions:"": ""0.7\"" x 7.9\"" x 9.9\""""}",https://i.thriftbooks.com/api/imagehandler/m/9F2F005EC09C7CDF22F33F616F77357A93D29042.jpeg
Human Resources in Healthcare: Managing for Success,Bruce J. Fried,"{""Format:"": ""Hardcover"", ""Language:"": ""English"", ""ISBN:"": ""1567932991"", ""ISBN13:"": ""9781567932997"", ""Release Date:"": ""July 2008"", ""Publisher:"": ""Health Administration Press"", ""Length:"": ""545 Pages"", ""Weight:"": ""2.55 lbs."", ""Dimensions:"": ""1.3\"" x 7.2\"" x 10.2\""""}",https://i.thriftbooks.com/api/imagehandler/m/FF6F5B7953C821427CC1FF98327985A7AE283F5F.jpeg
The Cancer Industry: Unraveling the Politics,Ralph W. Moss,"{""Format:"": ""Hardcover"", ""Language:"": ""English"", ""ISBN:"": ""1557780757"", ""ISBN13:"": ""9781557780751"", ""Release Date:"": ""January 1990"", ""Publisher:"": ""Paragon House Publishers"", ""Length:"": ""502 Pages"", ""Weight:"": ""2.05 lbs.""}",https://m.media-amazon.com/images/I/513m7Un5MeL._SL350_.jpg
Bioethics: A Primer for Christians,Gilbert Meilaender,"{""Format:"": ""Paperback"", ""Language:"": ""English"", ""ISBN:"": ""0802842348"", ""ISBN13:"": ""9780802842343"", ""Release Date:"": ""January 1996"", ""Publisher:"": ""William B. Eerdmans Publishing Company"", ""Length:"": ""120 Pages"", ""Weight:"": ""1.10 lbs."", ""Dimensions:"": ""0.4\"" x 6.1\"" x 9.0\""""}",https://i.thriftbooks.com/api/imagehandler/m/C3865B0B9D7A4B615E94B19AE58036D4575533DD.jpeg
"White Coat, Black Hat: Adventures on the Dark Side of Medicine",Carl Elliott,"{""Format:"": ""Hardcover"", ""Language:"": ""English"", ""ISBN:"": ""0807061425"", ""ISBN13:"": ""9780807061428"", ""Release Date:"": ""September 2010"", ""Publisher:"": ""Beacon Press (MA)"", ""Length:"": ""213 Pages"", ""Weight:"": ""1.10 lbs."", ""Dimensions:"": ""0.9\"" x 6.4\"" x 9.1\""""}",https://i.thriftbooks.com/api/imagehandler/m/A50CA524164C04B5DE3D9A9558FF457ECF299448.jpeg
"Healthcare Finance: An Introduction to Accounting and Financial Management, Fifth Edition",Louis C. Gapenski,"{""Format:"": ""Hardcover"", ""Language:"": ""English"", ""ISBN:"": ""1567934250"", ""Release Date:"": ""December 2011"", ""Publisher:"": ""Health Administration Press"", ""Length:"": ""724 Pages"", ""Weight:"": ""3.10 lbs."", ""Dimensions:"": ""10.5\"" x 1.8\"" x 7.5\""""}",https://m.media-amazon.com/images/I/41Y+vE+zj5L._SL350_.jpg
"Principles and Practice of Structural Equation Modeling, Second Edition (Methodology in the Social Sciences)",Rex B. Kline,"{""Format:"": ""Paperback"", ""Language:"": ""English"", ""ISBN:"": ""1572306904"", ""Release Date:"": ""September 2004"", ""Publisher:"": ""The Guilford Press"", ""Length:"": ""366 Pages"", ""Weight:"": ""1.15 lbs."", ""Dimensions:"": ""9.0\"" x 1.0\"" x 6.0\""""}",https://m.media-amazon.com/images/I/41jshK9JYqL._SL350_.jpg
"Health Disparities in the United States: Social Class, Race, Ethnicity, and Health",Donald A. Barr,"{""Format:"": ""Paperback"", ""Language:"": ""English"", ""ISBN:"": ""1421414759"", ""ISBN13:"": ""9781421414751"", ""Release Date:"": ""October 2014"", ""Publisher:"": ""Johns Hopkins University Press"", ""Length:"": ""308 Pages"", ""Weight:"": ""0.60 lbs."", ""Dimensions:"": ""0.9\"" x 6.0\"" x 8.9\""""}",https://i.thriftbooks.com/api/imagehandler/m/6077945EF1EAEF101309528EF2F66DBFF61163AD.jpeg
"Planning, Implementing, and Evaluating Health Promotion Programs: A Primer",James F. McKenzie,"{""Format:"": ""Paperback"", ""Language:"": ""English"", ""ISBN:"": ""0321542169"", ""ISBN13:"": ""9780321542168"", ""Release Date:"": ""December 2009"", ""Publisher:"": ""Benjamin-Cummings Publishing Company"", ""Length:"": ""464 Pages"", ""Weight:"": ""1.80 lbs."", ""Dimensions:"": ""1.0\"" x 7.4\"" x 9.0\""""}",https://m.media-amazon.com/images/I/518hHjZmboL._SL350_.jpg
The D.O.'s: Osteopathic Medicine in America,Norman Gevitz,"{""Format:"": ""Paperback"", ""Language:"": ""English"", ""ISBN:"": ""0801843219"", ""ISBN13:"": ""9780801843211"", ""Release Date:"": ""October 1991"", ""Publisher:"": ""Johns Hopkins University Press"", ""Length:"": ""196 Pages"", ""Weight:"": ""0.80 lbs."", ""Dimensions:"": ""0.6\"" x 5.9\"" x 9.0\""""}",https://i.thriftbooks.com/api/imagehandler/m/09676291F8D3E88E32223BA2F4AF50D3217E41CD.jpeg
Introduction to Health Care Management,Nancy H. Shanks,"{""Format:"": ""Paperback"", ""Language:"": ""English"", ""ISBN:"": ""076373473X"", ""ISBN13:"": ""9780763734732"", ""Release Date:"": ""February 2007"", ""Publisher:"": ""Jones & Bartlett Publishers"", ""Length:"": ""470 Pages"", ""Weight:"": ""1.55 lbs."", ""Dimensions:"": ""1.0\"" x 6.6\"" x 9.0\""""}",https://i.thriftbooks.com/api/imagehandler/m/0BF0EE7F713565153F678D8F564F0CA84CEA3DF3.jpeg
Crossing the Quality Chasm: A New Health System for the 21st Century,Committee on Quality of Health Care in America,"{"""": """"}",https://i.thriftbooks.com/api/imagehandler/m/68B326571F175E7775B8BAB0B36717684656AE07.jpeg
Complete Guide to Documentation,Lippincott Williams & Wilkins,"{""Format:"": ""Hardcover"", ""Language:"": ""English"", ""ISBN:"": ""158255238X"", ""ISBN13:"": ""9781582552385"", ""Release Date:"": ""January 2003"", ""Publisher:"": ""Spring House / Emd"", ""Length:"": ""448 Pages"", ""Weight:"": ""2.10 lbs."", ""Dimensions:"": ""1.2\"" x 7.1\"" x 9.8\""""}",https://i.thriftbooks.com/api/imagehandler/m/38EA3BAEBC5290DD795FD284F0E504FBE78789B8.jpeg
Essentials of Health Behavior: Social and Behavioral Theory in Public Health,Mark Edberg,"{""Format:"": ""Paperback"", ""Language:"": ""English"", ""ISBN:"": ""0763737968"", ""ISBN13:"": ""9780763737962"", ""Release Date:"": ""April 2007"", ""Publisher:"": ""Jones & Bartlett Publishers"", ""Length:"": ""200 Pages"", ""Weight:"": ""1.20 lbs."", ""Dimensions:"": ""0.5\"" x 8.3\"" x 11.2\""""}",https://i.thriftbooks.com/api/imagehandler/m/91DED8F619F841FDFE8C7054C37845474EF1661F.jpeg
Soul Searching: Why Psychotherapy Must Promote Moral Responsibility,William J. Doherty,"{""Format:"": ""Paperback"", ""Language:"": ""English"", ""ISBN:"": ""046500945X"", ""ISBN13:"": ""9780465009459"", ""Release Date:"": ""March 1996"", ""Publisher:"": ""Basic Books"", ""Length:"": ""224 Pages"", ""Weight:"": ""0.50 lbs."", ""Dimensions:"": ""0.5\"" x 5.1\"" x 8.0\""""}",https://i.thriftbooks.com/api/imagehandler/m/8A4661185420F7511AA656515A82923D4BD2753C.jpeg
"Hospital: Man, Woman, Birth, Death, Infinity, Plus Red Tape, Bad Behavior, Money, God and Diversity on Steroids",Julie Salamon,"{""Format:"": ""Hardcover"", ""Language:"": ""English"", ""ISBN:"": ""1594201714"", ""ISBN13:"": ""9781594201714"", ""Release Date:"": ""May 2008"", ""Publisher:"": ""Penguin Press"", ""Length:"": ""363 Pages"", ""Weight:"": ""1.40 lbs."", ""Dimensions:"": ""1.2\"" x 6.3\"" x 9.5\"""", ""Age Range:"": ""18 years and up"", ""Grade Range:"": ""Postsecondary and higher""}",https://i.thriftbooks.com/api/imagehandler/m/D407DB36D13AFB73094B1825426F20622905FEE5.jpeg
"Medical Law, Ethics and Bioethics for Health Professions",Marcia A. Lewis,"{""Format:"": ""Paperback"", ""Language:"": ""English"", ""ISBN:"": ""0803617305"", ""ISBN13:"": ""9780803617308"", ""Release Date:"": ""May 2007"", ""Publisher:"": ""F. A. Davis Company"", ""Length:"": ""416 Pages"", ""Weight:"": ""1.10 lbs."", ""Dimensions:"": ""0.5\"" x 7.0\"" x 10.0\""""}",https://i.thriftbooks.com/api/imagehandler/m/3E8415F82CC8F04D7550E7B08B5122BD89A4DD5D.jpeg
Designing Clinical Research,Stephen B. Hulley,"{""Format:"": ""Paperback"", ""Language:"": ""English"", ""ISBN:"": ""0781782104"", ""ISBN13:"": ""9780781782104"", ""Release Date:"": ""January 2006"", ""Publisher:"": ""Lippincott Williams & Wilkins"", ""Length:"": ""367 Pages"", ""Weight:"": ""1.55 lbs."", ""Dimensions:"": ""0.8\"" x 7.1\"" x 10.0\""""}",https://i.thriftbooks.com/api/imagehandler/m/212EDAD9B459BD5CB6525CC5B41D5A591FCEC5D8.jpeg
Legal and Ethical Issues for Health Professionals,George D. Pozgar,"{""Format:"": ""Paperback"", ""Language:"": ""English"", ""ISBN:"": ""0763726338"", ""ISBN13:"": ""9780763726331"", ""Release Date:"": ""February 2005"", ""Publisher:"": ""Jones & Bartlett Publishers"", ""Length:"": ""378 Pages"", ""Weight:"": ""1.55 lbs.""}",https://i.thriftbooks.com/api/imagehandler/m/EA48B72C4861D3DDE81C3FAE70B067CD85C41955.jpeg
An Introduction to Community & Public Health,Robert R. Pinger,"{""Format:"": ""Paperback"", ""Language:"": ""English"", ""ISBN:"": ""1284036596"", ""ISBN13:"": ""9781284036596"", ""Release Date:"": ""March 2014"", ""Publisher:"": ""Jones & Bartlett Publishers"", ""Length:"": ""638 Pages"", ""Weight:"": ""2.65 lbs."", ""Dimensions:"": ""1.0\"" x 8.4\"" x 10.8\""""}",https://i.thriftbooks.com/api/imagehandler/m/7476190E6EEDA94FDF83D7922B579D6126B2D107.jpeg
Medical Ethics: Accounts of Ground-Breaking Cases,Gregory E. Pence,"{""Format:"": ""Paperback"", ""Language:"": ""English"", ""ISBN:"": ""0073407496"", ""ISBN13:"": ""9780073407494"", ""Release Date:"": ""March 2010"", ""Publisher:"": ""McGraw-Hill Humanities/Social Sciences/Langua"", ""Length:"": ""353 Pages"", ""Weight:"": ""1.20 lbs."", ""Dimensions:"": ""0.7\"" x 6.3\"" x 9.0\""""}",https://i.thriftbooks.com/api/imagehandler/m/F1C70CB8CF61431EBA016CE06EFF88580DAA5E81.jpeg
Josie's Story: A Mother's Inspiring Crusade to Make Medical Care Safe,Sorrel King,"{""Format:"": ""Hardcover"", ""Language:"": ""English"", ""ISBN:"": ""0802119204"", ""ISBN13:"": ""9780802119209"", ""Release Date:"": ""September 2009"", ""Publisher:"": ""Atlantic Monthly Press"", ""Length:"": ""208 Pages"", ""Weight:"": ""0.95 lbs."", ""Dimensions:"": ""1.2\"" x 5.9\"" x 8.3\""""}",https://i.thriftbooks.com/api/imagehandler/m/5E0588410A32544721D36C8C51B58D8D31C93341.jpeg
"Policy & Politics in Nursing and Health Care, 6th Edition",Diana J. Mason,"{""Format:"": ""Paperback"", ""Language:"": ""English"", ""ISBN:"": ""1437714161"", ""Release Date:"": ""February 2011"", ""Publisher:"": ""Saunders"", ""Length:"": ""816 Pages"", ""Weight:"": ""2.45 lbs."", ""Dimensions:"": ""9.0\"" x 1.0\"" x 7.0\""""}",https://m.media-amazon.com/images/I/518tyY3aSFL._SL350_.jpg
Essentials of Epidemiology in Public Health,George R Seage,"{""Format:"": ""Paperback"", ""Language:"": ""English"", ""ISBN:"": ""1284028917"", ""ISBN13:"": ""9781284028911"", ""Release Date:"": ""June 2013"", ""Publisher:"": ""Jones & Bartlett Publishers"", ""Length:"": ""534 Pages"", ""Weight:"": ""1.70 lbs."", ""Dimensions:"": ""1.3\"" x 6.0\"" x 9.0\""""}",https://i.thriftbooks.com/api/imagehandler/m/B4962DE73A2EC9D2CA9130C0F6BE472778920112.jpeg
Medical Law and Ethics (4th Edition),Bonnie F. Fremgen,"{""Format:"": ""Paperback"", ""Language:"": ""English"", ""ISBN:"": ""0132559226"", ""Release Date:"": ""January 2011"", ""Publisher:"": ""Pearson"", ""Length:"": ""400 Pages"", ""Weight:"": ""1.45 lbs."", ""Dimensions:"": ""9.8\"" x 0.5\"" x 7.9\""""}",https://m.media-amazon.com/images/I/31PexFMAzkL._SL350_.jpg
A Life in Medicine: A Literary Anthology,Rachel Naomi Remen,"{""Format:"": ""Paperback"", ""Language:"": ""English"", ""ISBN:"": ""1565848497"", ""ISBN13:"": ""9781565848498"", ""Release Date:"": ""September 2003"", ""Publisher:"": ""New Press"", ""Length:"": ""352 Pages"", ""Weight:"": ""1.20 lbs."", ""Dimensions:"": ""0.9\"" x 6.3\"" x 9.2\""""}",https://i.thriftbooks.com/api/imagehandler/m/5BF612B203548BC4A3E647EBAF077271EAB8B6D9.jpeg
"The Wounded Storyteller: Body, Illness, and Ethics, Second Edition",Arthur W. Frank,"{""Format:"": ""Paperback"", ""Language:"": ""English"", ""ISBN:"": ""022600497X"", ""ISBN13:"": ""9780226004976"", ""Release Date:"": ""August 2013"", ""Publisher:"": ""University of Chicago Press"", ""Length:"": ""280 Pages"", ""Weight:"": ""0.85 lbs."", ""Dimensions:"": ""0.8\"" x 5.5\"" x 8.4\""""}",https://i.thriftbooks.com/api/imagehandler/m/515A732B7A62A0536D0B3D986B58C60851C0BE40.jpeg
The Case Against Perfection: Ethics in the Age of Genetic Engineering,Michael J. Sandel,"{""Format:"": ""Hardcover"", ""Language:"": ""English"", ""ISBN:"": ""067401927X"", ""ISBN13:"": ""9780674019270"", ""Release Date:"": ""May 2007"", ""Publisher:"": ""Belknap Press"", ""Length:"": ""162 Pages"", ""Weight:"": ""0.54 lbs."", ""Dimensions:"": ""0.8\"" x 4.8\"" x 7.3\""""}",https://i.thriftbooks.com/api/imagehandler/m/BDD7D339A7B5DAD01E2F064DD0371DFAD79DE912.jpeg
Clinical Supervision: A Competency-Based Approach,Carol A. Falender,"{""Format:"": ""Hardcover"", ""Language:"": ""English"", ""ISBN:"": ""1591471192"", ""ISBN13:"": ""9781591471196"", ""Release Date:"": ""May 2004"", ""Publisher:"": ""American Psychological Association (APA)"", ""Length:"": ""348 Pages"", ""Weight:"": ""2.10 lbs."", ""Dimensions:"": ""1.1\"" x 7.3\"" x 10.3\""""}",https://i.thriftbooks.com/api/imagehandler/m/319A66908C7B90FC8BFEBFCCFE6692B666FE214D.jpeg
Intuitive Biostatistics,Harvey Motulsky,"{""Format:"": ""Paperback"", ""Language:"": ""English"", ""ISBN:"": ""0195086074"", ""ISBN13:"": ""9780195086072"", ""Release Date:"": ""October 1995"", ""Publisher:"": ""Oxford University Press, USA"", ""Length:"": ""408 Pages"", ""Weight:"": ""1.30 lbs."", ""Dimensions:"": ""1.0\"" x 9.1\"" x 6.1\""""}",https://i.thriftbooks.com/api/imagehandler/m/81E4B9E88633461D28D063EEB53775704309F262.jpeg
A Short Course in Medical Terminology,C. Edward Collins,"{""Format:"": ""Paperback"", ""Language:"": ""English"", ""ISBN:"": ""1451176066"", ""ISBN13:"": ""9781451176063"", ""Release Date:"": ""January 2013"", ""Publisher:"": ""LWW"", ""Length:"": ""402 Pages"", ""Weight:"": ""1.77 lbs."", ""Dimensions:"": ""0.7\"" x 7.0\"" x 10.0\""""}",https://i.thriftbooks.com/api/imagehandler/m/362DA614930DF49B1E72BDF38C6E760214B1BF5F.jpeg
Legal Aspects of Health Care Administration,George D. Pozgar,"{""Format:"": ""Hardcover"", ""Language:"": ""English"", ""ISBN:"": ""0763780499"", ""ISBN13:"": ""9780763780494"", ""Release Date:"": ""January 2011"", ""Publisher:"": ""Jones & Bartlett Publishers"", ""Length:"": ""602 Pages"", ""Weight:"": ""3.70 lbs."", ""Dimensions:"": ""1.5\"" x 8.7\"" x 10.9\""""}",https://i.thriftbooks.com/api/imagehandler/m/1CC4D30579E53EA1E07ACF6F91E58FC85D41D1CE.jpeg
Leadership and Nursing Care Management,Diane L. Huber,"{""Format:"": ""Paperback"", ""Language:"": ""English"", ""ISBN:"": ""032338966X"", ""ISBN13:"": ""9780323389662"", ""Release Date:"": ""October 2017"", ""Publisher:"": ""Saunders"", ""Length:"": ""544 Pages"", ""Weight:"": ""1.80 lbs."", ""Dimensions:"": ""0.8\"" x 7.5\"" x 9.2\""""}",https://i.thriftbooks.com/api/imagehandler/m/D4F1E27632FE433D1F2547DA2ECABE8BE70CE2E3.jpeg
Bed Number Ten,Mary Zimmeth Schomaker,"{""Format:"": ""Paperback"", ""Language:"": ""English"", ""ISBN:"": ""0849342708"", ""ISBN13:"": ""9780849342707"", ""Release Date:"": ""March 1989"", ""Publisher:"": ""CRC Press"", ""Length:"": ""304 Pages"", ""Weight:"": ""0.83 lbs."", ""Dimensions:"": ""0.9\"" x 5.3\"" x 8.3\""""}",https://i.thriftbooks.com/api/imagehandler/m/38178491EDA12D2622BDEBBC63C3807AC2A8DC67.jpeg
Jonas and Kovner's Health Care Delivery in the United States,Steven Jonas,"{""Format:"": ""Paperback"", ""Language:"": ""English"", ""ISBN:"": ""0826125271"", ""ISBN13:"": ""9780826125279"", ""Release Date:"": ""April 2015"", ""Publisher:"": ""Springer Publishing Company"", ""Length:"": ""424 Pages"", ""Weight:"": ""1.65 lbs."", ""Dimensions:"": ""0.9\"" x 7.0\"" x 10.0\""""}",https://i.thriftbooks.com/api/imagehandler/m/3FD27AA65FC2AC8C054333023A0E7DC356BF1BC9.jpeg
Effective Leadership and Management in Nursing,Eleanor J. Sullivan,"{""Format:"": ""Paperback"", ""Language:"": ""English"", ""ISBN:"": ""0132814544"", ""ISBN13:"": ""9780132814546"", ""Release Date:"": ""July 2012"", ""Publisher:"": ""Pearson"", ""Length:"": ""368 Pages"", ""Weight:"": ""1.42 lbs."", ""Dimensions:"": ""0.7\"" x 7.9\"" x 9.8\""""}",https://i.thriftbooks.com/api/imagehandler/m/9C608D97F3360DB090C46494EE5FEED9AA40928D.jpeg
Born in the USA: How a Broken Maternity System Must Be Fixed to Put Women and Children First,Marsden Wagner,"{""Format:"": ""Paperback"", ""Language:"": ""English"", ""ISBN:"": ""0520256336"", ""ISBN13:"": ""9780520256330"", ""Release Date:"": ""May 2008"", ""Publisher:"": ""University of California Press"", ""Length:"": ""305 Pages"", ""Weight:"": ""0.95 lbs."", ""Dimensions:"": ""0.7\"" x 6.1\"" x 8.9\""""}",https://i.thriftbooks.com/api/imagehandler/m/0FA35D77FED319A194300FBA8175AF416412A1C8.jpeg
Clinical Guidelines in Family Practice,Constance R. Uphold,"{""Format:"": ""Paperback"", ""Language:"": ""English"", ""ISBN:"": ""0964615169"", ""ISBN13:"": ""9780964615168"", ""Release Date:"": ""June 2003"", ""Publisher:"": ""Barmarrae Books"", ""Length:"": ""974 Pages"", ""Weight:"": ""5.05 lbs."", ""Dimensions:"": ""2.1\"" x 8.5\"" x 11.0\""""}",https://m.media-amazon.com/images/I/51ettGWbExL._SL350_.jpg
"Ethical, Legal, and Professional Issues in the Practice of Marriage and Family Therapy",S. Allen Wilcoxon,"{""Format:"": ""Paperback"", ""Language:"": ""English"", ""ISBN:"": ""0131120344"", ""ISBN13:"": ""9780131120341"", ""Release Date:"": ""July 2006"", ""Publisher:"": ""Prentice Hall"", ""Length:"": ""428 Pages"", ""Weight:"": ""1.45 lbs."", ""Dimensions:"": ""0.6\"" x 7.4\"" x 9.2\""""}",https://i.thriftbooks.com/api/imagehandler/m/7C0B5A42EB1634AAF7879A8621980245EDE5F2CE.jpeg
Health Promotion Throughout the Life Span,Elizabeth C. Kudzma,"{""Format:"": ""Paperback"", ""Language:"": ""English"", ""ISBN:"": ""0323091415"", ""ISBN13:"": ""9780323091411"", ""Release Date:"": ""October 2013"", ""Publisher:"": ""Mosby"", ""Length:"": ""704 Pages"", ""Weight:"": ""3.05 lbs."", ""Dimensions:"": ""0.9\"" x 8.5\"" x 10.9\""""}",https://i.thriftbooks.com/api/imagehandler/m/22ABF1C9822DDE986C7307D2C670B939E1C01B82.jpeg
Health Care USA: Understanding Its Organization and Delivery,Kristina M. Young,"{""Format:"": ""Paperback"", ""Language:"": ""English"", ""ISBN:"": ""1284065480"", ""ISBN13:"": ""9781284065480"", ""Release Date:"": ""August 2014"", ""Publisher:"": ""Jones & Bartlett Publishers"", ""Length:"": ""586 Pages"", ""Weight:"": ""1.90 lbs."", ""Dimensions:"": ""1.1\"" x 5.9\"" x 8.9\""""}",https://m.media-amazon.com/images/I/51OOBF6OrvL._SL350_.jpg
The Law of Healthcare Administration,J. Stuart Showalter,"{""Format:"": ""Hardcover"", ""Language:"": ""English"", ""ISBN:"": ""1567939570"", ""ISBN13:"": ""9781567939576"", ""Release Date:"": ""September 2007"", ""Publisher:"": ""Health Administration Press"", ""Length:"": ""511 Pages"", ""Weight:"": ""2.40 lbs."", ""Dimensions:"": ""1.2\"" x 7.0\"" x 10.6\""""}",https://i.thriftbooks.com/api/imagehandler/m/345796E1AC10573F209FC93B7C055AB489F39778.jpeg
The Blood of Strangers: Stories from Emergency Medicine,Frank Huyler,"{""Format:"": ""Paperback"", ""Language:"": ""English"", ""ISBN:"": ""0805065970"", ""ISBN13:"": ""9780805065978"", ""Release Date:"": ""January 1999"", ""Publisher:"": ""Owl Books (NY)"", ""Length:"": ""160 Pages"", ""Weight:"": ""0.46 lbs."", ""Dimensions:"": ""0.5\"" x 5.6\"" x 8.3\""""}",https://i.thriftbooks.com/api/imagehandler/m/7E3067ADA998DFAA69B46C5B838F1E0F131440EE.jpeg
