Book Name,Authors,Info,Image URL
The American Patriot's Almanac,John Cribb,"{""Format:"": ""Hardcover"", ""Language:"": ""English"", ""ISBN:"": ""1595552677"", ""ISBN13:"": ""9781595552679"", ""Release Date:"": ""November 2008"", ""Publisher:"": ""Thomas Nelson Publishers"", ""Length:"": ""515 Pages"", ""Weight:"": ""2.34 lbs."", ""Dimensions:"": ""1.8\"" x 7.4\"" x 9.3\""""}",https://i.thriftbooks.com/api/imagehandler/m/BEB0C036E621E0AAF10F640CF6015D4E1078DC8C.jpeg
"Elizabeth Zimmermann's Knitter's Almanac (Dover Knitting, Crochet, Tatting, Lace)",Elizabeth Zimmermann,"{""Format:"": ""Paperback"", ""Language:"": ""English"", ""ISBN:"": ""0486241785"", ""Release Date:"": ""October 1981"", ""Publisher:"": ""Dover Publications"", ""Length:"": ""160 Pages"", ""Weight:"": ""0.43 lbs."", ""Dimensions:"": ""8.0\"" x 0.3\"" x 5.4\""""}",https://m.media-amazon.com/images/I/51pDRbfoK8L._SL350_.jpg
Almanac of World History,Patricia S. Daniels,"{""Format:"": ""Hardcover"", ""Language:"": ""English"", ""ISBN:"": ""0792250923"", ""ISBN13:"": ""9780792250920"", ""Release Date:"": ""November 2003"", ""Publisher:"": ""National Geographic Society"", ""Length:"": ""384 Pages"", ""Weight:"": ""2.72 lbs."", ""Dimensions:"": ""1.3\"" x 7.6\"" x 9.5\""""}",https://i.thriftbooks.com/api/imagehandler/m/14752AE422BAF6C086AC5911430F0F427A95D21F.jpeg
Nutrition Almanac,John D. Kirschmann,"{""Format:"": ""Paperback"", ""Language:"": ""English"", ""ISBN:"": ""0071373381"", ""ISBN13:"": ""9780071373388"", ""Release Date:"": ""January 2001"", ""Publisher:"": ""McGraw-Hill Companies"", ""Length:"": ""291 Pages"", ""Weight:"": ""0.75 lbs."", ""Dimensions:"": ""0.8\"" x 8.5\"" x 10.9\""""}",https://i.thriftbooks.com/api/imagehandler/m/C70110B4B34E5E93F78C11F0F6A130C6D238FFD1.jpeg
The People's Almanac Presents the Book of Lists,Irving Wallace,"{""Format:"": ""Hardcover"", ""Language:"": ""English"", ""ISBN:"": ""0688031838"", ""ISBN13:"": ""9780688031831"", ""Release Date:"": ""January 1977"", ""Publisher:"": ""William Morrow & Company"", ""Length:"": ""521 Pages"", ""Weight:"": ""1.85 lbs.""}",https://m.media-amazon.com/images/I/61ImWFfJrGL._SL350_.jpg
"Ken Jennings's Trivia Almanac: 8,888 Questions in 365 Days",Ken Jennings,"{""Format:"": ""Hardcover"", ""Language:"": ""English"", ""ISBN:"": ""0345499972"", ""ISBN13:"": ""9780345499974"", ""Release Date:"": ""January 2008"", ""Publisher:"": ""Villard Books"", ""Length:"": ""544 Pages"", ""Weight:"": ""2.33 lbs."", ""Dimensions:"": ""1.4\"" x 7.6\"" x 9.4\""""}",https://i.thriftbooks.com/api/imagehandler/m/1C65B81841381D187856055A8958AC861BB894C0.jpeg
"The American Ephemeris for the 21st Century, 2000-2050 at Midnight",Rique Pottenger,"{""Format:"": ""Paperback"", ""Language:"": ""English"", ""ISBN:"": ""193497613X"", ""ISBN13:"": ""9781934976135"", ""Release Date:"": ""January 2010"", ""Publisher:"": ""ACS Publications"", ""Length:"": ""320 Pages"", ""Weight:"": ""1.18 lbs."", ""Dimensions:"": ""0.7\"" x 6.7\"" x 9.6\""""}",https://i.thriftbooks.com/api/imagehandler/m/8F64CA4D67B81BF83C14ECD3777BFE37D05E3B53.jpeg
Leonard Maltin's Classic Movie Guide: From the Silent Era Through 1965,Leonard Maltin,"{""Format:"": ""Paperback"", ""Language:"": ""English"", ""ISBN:"": ""0452295777"", ""ISBN13:"": ""9780452295773"", ""Release Date:"": ""January 2010"", ""Publisher:"": ""Penguin Publishing Group"", ""Length:"": ""828 Pages"", ""Weight:"": ""1.38 lbs."", ""Dimensions:"": ""1.8\"" x 5.2\"" x 7.9\"""", ""Age Range:"": ""18 years and up"", ""Grade Range:"": ""Postsecondary and higher""}",https://i.thriftbooks.com/api/imagehandler/m/B39F290F4F9CB30466F98EE6A4E8CD7358C34ABF.jpeg
National Geographic Almanac of Geography,National Geographic,"{""Format:"": ""Hardcover"", ""Language:"": ""English"", ""ISBN:"": ""079223877X"", ""ISBN13:"": ""9780792238775"", ""Release Date:"": ""September 2005"", ""Publisher:"": ""National Geographic Society"", ""Length:"": ""512 Pages"", ""Weight:"": ""3.10 lbs."", ""Dimensions:"": ""1.3\"" x 7.4\"" x 9.3\""""}",https://i.thriftbooks.com/api/imagehandler/m/83FE0240010C74BEB049326A35E1B7D37AAF4C47.jpeg
National Geographic Almanac of American History,James Miller,"{""Format:"": ""Hardcover"", ""Language:"": ""English"", ""ISBN:"": ""0792283686"", ""ISBN13:"": ""9780792283683"", ""Release Date:"": ""December 2005"", ""Publisher:"": ""National Geographic Society"", ""Length:"": ""384 Pages"", ""Weight:"": ""1.80 lbs."", ""Dimensions:"": ""1.2\"" x 7.9\"" x 9.4\""""}",https://i.thriftbooks.com/api/imagehandler/m/2C8ED09C3E82A679870C06EA69DC90D8DB8051F5.jpeg
The Year's Best Fantasy & Horror: Twelfth Annual Collection,Christopher Harman,"{""Format:"": ""Hardcover"", ""Language:"": ""English"", ""ISBN:"": ""0312209622"", ""ISBN13:"": ""9780312209629"", ""Release Date:"": ""January 1999"", ""Publisher:"": ""St. Martin's Press"", ""Length:"": ""624 Pages"", ""Weight:"": ""1.55 lbs."", ""Dimensions:"": ""1.8\"" x 6.6\"" x 9.6\""""}",https://i.thriftbooks.com/api/imagehandler/m/DBC56A695BEF2BA9191DB2E4E4D6C201DF8B4833.jpeg
Statistical Abstract of the United States 2010,Census Bureau,"{""Format:"": ""Hardcover"", ""Language:"": ""English"", ""ISBN:"": ""0160838843"", ""ISBN13:"": ""9780160838842"", ""Release Date:"": ""December 2009"", ""Publisher:"": ""Census Bureau"", ""Length:"": ""985 Pages"", ""Weight:"": ""2.60 lbs."", ""Dimensions:"": ""1.7\"" x 6.2\"" x 9.0\""""}",https://i.thriftbooks.com/api/imagehandler/m/C4D7CF14EA0F3B0B21D976855CD3C0E0108D4608.jpeg
Energize Alchem. of Breath and,Elrond Blawyn,"{""Format:"": ""Paperback"", ""Language:"": ""English"", ""ISBN:"": ""0875420605"", ""ISBN13:"": ""9780875420608"", ""Release Date:"": ""January 1951"", ""Publisher:"": ""Llewellyn Publications"", ""Length:"": ""237 Pages"", ""Weight:"": ""0.90 lbs."", ""Dimensions:"": ""0.7\"" x 6.0\"" x 9.0\""""}",https://m.media-amazon.com/images/I/51YB16CLjkL._SL350_.jpg
The Witch's Circle: Rituals and Craft of the Cosmic Muse,Maria Kay Simms,"{"""": """"}",https://i.thriftbooks.com/api/imagehandler/m/D486F1DFF5DC1A7E3A2ED24F4C2E555E09856382.jpeg
The Year's Best Science Fiction,Jack Skillingstead,"{""Format:"": ""Hardcover"", ""Language:"": ""English"", ""ISBN:"": ""0312324782"", ""ISBN13:"": ""9780312324780"", ""Release Date:"": ""July 2004"", ""Publisher:"": ""St. Martin's Press"", ""Length:"": ""665 Pages"", ""Weight:"": ""1.98 lbs."", ""Dimensions:"": ""2.0\"" x 6.5\"" x 9.7\""""}",https://i.thriftbooks.com/api/imagehandler/m/7008A178F60F7024CB2ACEDFF5FB400A4C7D38E4.jpeg
"Exploring the Unexplained: The World's Greatest Marvels, Mysteries and Myths",Editors of Time Magazine,"{""Format:"": ""Hardcover"", ""Language:"": ""English"", ""ISBN:"": ""1933405163"", ""ISBN13:"": ""9781933405162"", ""Release Date:"": ""September 2006"", ""Publisher:"": ""Time Home Entertainment"", ""Length:"": ""137 Pages"", ""Weight:"": ""1.65 lbs."", ""Dimensions:"": ""0.6\"" x 9.4\"" x 10.1\""""}",https://i.thriftbooks.com/api/imagehandler/m/A48AE1D6FAE24F5CD4DC656750E1D35171FE803C.jpeg
Write the Perfect Book Proposal: 10 That Sold and Why,Jeff Herman,"{""Format:"": ""Paperback"", ""Language:"": ""English"", ""ISBN:"": ""0471353124"", ""ISBN13:"": ""9780471353126"", ""Release Date:"": ""May 2001"", ""Publisher:"": ""Wiley (TP)"", ""Length:"": ""213 Pages"", ""Weight:"": ""1.15 lbs."", ""Dimensions:"": ""0.5\"" x 7.5\"" x 9.3\""""}",https://i.thriftbooks.com/api/imagehandler/m/09309D627DE463A7B5A101387E81DE18FEB9A446.jpeg
"Drugs, Society and Behavior 99/00 (Annual Editions)",Hugh T. Wilson,"{"""": """"}",https://i.thriftbooks.com/api/imagehandler/m/C9A1B3177C52137630A044091B114ED48AA2899D.jpeg
Llewellyn's Magical Almanac,Cynthia Ahlquist,"{""Format:"": ""Paperback"", ""Language:"": ""English"", ""ISBN:"": ""1567189504"", ""ISBN13:"": ""9781567189506"", ""Release Date:"": ""August 1999"", ""Publisher:"": ""Llewellyn Publications"", ""Length:"": ""343 Pages"", ""Weight:"": ""0.70 lbs."", ""Dimensions:"": ""0.6\"" x 5.2\"" x 8.0\""""}",https://i.thriftbooks.com/api/imagehandler/m/AB1D5DEE5C9179F6621937EC4411379EB4BA44B8.jpeg
The Santeria Experience,M.G. Wippler,"{""Format:"": ""Paperback"", ""Language:"": ""English"", ""ISBN:"": ""0942272153"", ""ISBN13:"": ""9780942272154"", ""Release Date:"": ""January 2008"", ""Publisher:"": ""Original Publications"", ""Length:"": ""240 Pages"", ""Weight:"": ""0.60 lbs.""}",https://m.media-amazon.com/images/I/51btu1TGJmL._SL350_.jpg
Llewellyn's 2005 Herbal Almanac,Llewellyn Publications,"{""Format:"": ""Paperback"", ""Language:"": ""English"", ""ISBN:"": ""0738701394"", ""ISBN13:"": ""9780738701394"", ""Release Date:"": ""August 2004"", ""Publisher:"": ""Llewellyn Publications"", ""Length:"": ""336 Pages"", ""Weight:"": ""0.60 lbs."", ""Dimensions:"": ""0.8\"" x 5.3\"" x 8.0\""""}",https://i.thriftbooks.com/api/imagehandler/m/FF360D4A7EBB5C3B3359F48CA9BD4659E0B6BF1D.jpeg
Llewellyn's Herbal Almanac,Llewellyn Publications,"{"""": """"}",https://i.thriftbooks.com/api/imagehandler/m/69AB202F36DEADBC117EF41D5A38709A80C9F707.jpeg
Texas Almanac 2002-2003,Dallas Morning News,"{""Format:"": ""Hardcover"", ""Language:"": ""English"", ""ISBN:"": ""0914511319"", ""ISBN13:"": ""9780914511311"", ""Release Date:"": ""January 2001"", ""Publisher:"": ""Dallas Morning News"", ""Length:"": ""672 Pages"", ""Weight:"": ""2.16 lbs."", ""Dimensions:"": ""1.4\"" x 6.5\"" x 9.3\""""}",https://i.thriftbooks.com/api/imagehandler/m/DE2B6C1FD0375823A80FFB883A413BCE62CA4528.jpeg
Deviant Behavior,Lawrence M. Salinger,"{""Format:"": ""Paperback"", ""Language:"": ""English"", ""ISBN:"": ""0072365366"", ""ISBN13:"": ""9780072365368"", ""Release Date:"": ""March 2000"", ""Publisher:"": ""Dushkin/McGraw-Hill"", ""Length:"": ""229 Pages"", ""Weight:"": ""1.33 lbs."", ""Dimensions:"": ""0.5\"" x 8.4\"" x 10.8\""""}",https://i.thriftbooks.com/api/imagehandler/m/546D1C392ED00143F818D4FCC588794A90963D2C.jpeg
State of the World 2009: Confronting Climate Change,The Worldwatch Institute,"{""Format:"": ""Paperback"", ""Language:"": ""English"", ""ISBN:"": ""1844076946"", ""ISBN13:"": ""9781844076949"", ""Release Date:"": ""January 2009"", ""Publisher:"": ""Routledge"", ""Length:"": ""288 Pages"", ""Weight:"": ""0.90 lbs."", ""Dimensions:"": ""0.6\"" x 6.1\"" x 9.2\""""}",https://i.thriftbooks.com/api/imagehandler/m/979B3E742CF6B0DC1D37654352BD37ABBE950789.jpeg
The Awe-Manac: A Daily Dose of Wonder,Jill Badonsky,"{""Format:"": ""Hardcover"", ""Language:"": ""English"", ""ISBN:"": ""0762431253"", ""ISBN13:"": ""9780762431250"", ""Release Date:"": ""December 2008"", ""Publisher:"": ""Running Press Adult"", ""Length:"": ""439 Pages"", ""Weight:"": ""2.08 lbs."", ""Dimensions:"": ""1.3\"" x 6.2\"" x 9.1\""""}",https://i.thriftbooks.com/api/imagehandler/m/E9A1A6063C2F37C4A60769913AA993812D38F37C.jpeg
Celtic Myth & Legend: An A-Z of People and Places,Mike Dixon-Kennedy,"{""Format:"": ""Paperback"", ""Language:"": ""English"", ""ISBN:"": ""071372613X"", ""ISBN13:"": ""9780713726138"", ""Release Date:"": ""December 1998"", ""Publisher:"": ""Cassell Illustrated"", ""Length:"": ""309 Pages"", ""Weight:"": ""2.50 lbs."", ""Dimensions:"": ""0.9\"" x 6.2\"" x 9.2\"""", ""Age Range:"": ""3 years and up"", ""Grade Range:"": ""Preschool and higher""}",https://i.thriftbooks.com/api/imagehandler/m/1A03526D809971566E563AC4CFB7280C1F76088E.jpeg
"The Founders' Almanac: A Practical Guide to the Notable Events, Greatest Leaders & Most Eloquent Words of the American Founding",Matthew Spalding,"{""Format:"": ""Hardcover"", ""Language:"": ""English"", ""ISBN:"": ""0891951040"", ""ISBN13:"": ""9780891951049"", ""Release Date:"": ""February 2004"", ""Publisher:"": ""Heritage Books"", ""Length:"": ""347 Pages"", ""Weight:"": ""1.60 lbs."", ""Dimensions:"": ""1.1\"" x 6.4\"" x 9.3\""""}",https://i.thriftbooks.com/api/imagehandler/m/16A400A43B93D78E75FBF800C42501911201E781.jpeg
"Illustrated Dictionary and Resource Directory of Environmental and Occupational Health, Second Edition",Herman Koren,"{"""": """"}",https://i.thriftbooks.com/api/imagehandler/m/4C7B742B02D100BFF2521B14CF9033E60829CDA8.jpeg
"Country Wisdom Almanac: 373 Tips, Crafts, Home Improvements, Recipes, and Homemade Remedies",Editors of Storey Publishing's Country W,"{""Format:"": ""Paperback"", ""Language:"": ""English"", ""ISBN:"": ""1579127746"", ""ISBN13:"": ""9781579127749"", ""Release Date:"": ""February 2008"", ""Publisher:"": ""Black Dog & Leventhal Publishers"", ""Length:"": ""316 Pages"", ""Weight:"": ""0.80 lbs."", ""Dimensions:"": ""0.8\"" x 5.8\"" x 8.2\""""}",https://i.thriftbooks.com/api/imagehandler/m/15EE6C7C53298E6C15CCD593D8621711D408A0CB.jpeg
The American Ephemeris for the 20th Century: 1900 to 2000 at Noon,Neil F. Michelsen,"{""Format:"": ""Paperback"", ""Language:"": ""English"", ""ISBN:"": ""0917086201"", ""ISBN13:"": ""9780917086205"", ""Release Date:"": ""May 1980"", ""Publisher:"": ""ACS Publications"", ""Length:"": ""600 Pages"", ""Weight:"": ""0.05 lbs.""}",https://m.media-amazon.com/images/I/41lfXZvYboL._SL350_.jpg
The Wolf Almanac,Robert H. Busch,"{""Format:"": ""Paperback"", ""Language:"": ""English"", ""ISBN:"": ""1558215573"", ""ISBN13:"": ""9781558215573"", ""Release Date:"": ""January 1998"", ""Publisher:"": ""Lyons Press"", ""Length:"": ""226 Pages"", ""Weight:"": ""1.40 lbs."", ""Dimensions:"": ""0.6\"" x 7.9\"" x 9.9\""""}",https://i.thriftbooks.com/api/imagehandler/m/2BE715A26D99628722952D47887CF3DD4FD1E3B0.jpeg
Cherry Hill's Horsekeeping Almanac: The Essential Month-By-Month Guide for Everyone Who Keeps or Cares for Horses,Cherry Hill,"{""Format:"": ""Paperback"", ""Language:"": ""English"", ""ISBN:"": ""1580176844"", ""ISBN13:"": ""9781580176842"", ""Release Date:"": ""October 2007"", ""Publisher:"": ""Storey Publishing"", ""Length:"": ""576 Pages"", ""Weight:"": ""2.35 lbs."", ""Dimensions:"": ""1.4\"" x 7.6\"" x 9.1\""""}",https://i.thriftbooks.com/api/imagehandler/m/3FD56CC4A9357FB8817A9D52B061512FA72969BE.jpeg
Christmas Almanac,Lena Tabori,"{"""": """"}",https://i.thriftbooks.com/api/imagehandler/m/D0B3CCD2B8FBC73D75E4DA50A2742CE2E0F2BB1C.jpeg
Best of the Old Farmer's Almanac,Judson Hale,"{""Format:"": ""Hardcover"", ""Language:"": ""English"", ""ISBN:"": ""0679737847"", ""ISBN13:"": ""9780679737841"", ""Release Date:"": ""September 1991"", ""Publisher:"": ""Random House (NY)"", ""Length:"": ""244 Pages"", ""Weight:"": ""1.45 lbs."", ""Dimensions:"": ""1.0\"" x 7.6\"" x 9.6\""""}",https://m.media-amazon.com/images/I/41hYeUD2jlL._SL350_.jpg
The Alaska Almanac: Facts about Alaska,Alaska Northwest Books,"{""Format:"": ""Paperback"", ""Language:"": ""English"", ""ISBN:"": ""0882405314"", ""ISBN13:"": ""9780882405315"", ""Release Date:"": ""November 2000"", ""Publisher:"": ""Alaska Northwest Books"", ""Length:"": ""240 Pages"", ""Weight:"": ""0.60 lbs."", ""Dimensions:"": ""0.7\"" x 5.4\"" x 8.5\""""}",https://i.thriftbooks.com/api/imagehandler/m/59B79EC87E2192AECDBD5ABCC8A64743DFE399AC.jpeg
The World Almanac World Atlas,Hammond World Atlas Corporation,"{""Format:"": ""Hardcover"", ""Language:"": ""English"", ""ISBN:"": ""0843709707"", ""ISBN13:"": ""9780843709704"", ""Release Date:"": ""January 2007"", ""Publisher:"": ""Hammond Incorporated"", ""Length:"": ""292 Pages"", ""Weight:"": ""3.25 lbs."", ""Dimensions:"": ""0.9\"" x 9.5\"" x 12.5\""""}",https://i.thriftbooks.com/api/imagehandler/m/8B0BCF1FACA000FA3126C4E7CD546E6C9BA15152.jpeg
The Detroit Almanac,Peter Gavrilovich,"{""Format:"": ""Paperback"", ""Language:"": ""English"", ""ISBN:"": ""0937247480"", ""ISBN13:"": ""9780937247488"", ""Release Date:"": ""April 2006"", ""Publisher:"": ""Detroit Free Press"", ""Length:"": ""664 Pages"", ""Weight:"": ""2.40 lbs.""}",https://m.media-amazon.com/images/I/41-LjkAR-pL._SL350_.jpg
Pilgrims Almanac,Edward Hays,"{""Format:"": ""Paperback"", ""Language:"": ""English"", ""ISBN:"": ""0939516128"", ""ISBN13:"": ""9780939516124"", ""Release Date:"": ""November 1989"", ""Publisher:"": ""Ave Maria Press"", ""Length:"": ""224 Pages"", ""Weight:"": ""0.70 lbs."", ""Dimensions:"": ""0.6\"" x 6.0\"" x 8.8\""""}",https://i.thriftbooks.com/api/imagehandler/m/8E21FCBAE33DE0031F70926103C371CB04E81B8D.jpeg
The Old Hermit's Almanac,Edward Hays,"{"""": """"}",https://i.thriftbooks.com/api/imagehandler/m/D816B52C7E1AAC5BE4F8E068DE8D48B7477322B1.jpeg
Ladies Almanack,Djuna Barnes,"{""Format:"": ""Paperback"", ""Language:"": ""English"", ""ISBN:"": ""B0CRKKNP3K"", ""ISBN13:"": ""9798888975923"", ""Release Date:"": ""September 2024"", ""Publisher:"": ""Mint Editions"", ""Length:"": ""76 Pages""}",https://i.thriftbooks.com/api/imagehandler/m/86F9B1AC28AC8088BA68FABA048A5AEFEF31AE75.jpeg
Schott's Quintessential Miscellany,Ben Schott,"{"""": """"}",https://i.thriftbooks.com/api/imagehandler/m/E3AAD8AC10D92E5B2B72B05B97DB6DB349DF736C.jpeg
"Ben Franklin's Almanac of Wit, Wisdom, and Practical Advice: Useful Tips and Fascinating Facts for Every Day of the Year",Old Farmer's Almanac,"{""Format:"": ""Paperback"", ""Language:"": ""English"", ""ISBN:"": ""0899093892"", ""ISBN13:"": ""9780899093895"", ""Release Date:"": ""October 2003"", ""Publisher:"": ""Yankee Books"", ""Length:"": ""400 Pages"", ""Weight:"": ""1.35 lbs."", ""Dimensions:"": ""0.9\"" x 7.5\"" x 9.3\""""}",https://i.thriftbooks.com/api/imagehandler/m/FD9B44DF3F1DA735F141064C6B39B5A55F3AD6E3.jpeg
Llewellyn's Magical Almanac: Practical Magic for Everyday Living,Llewellyn Publications,"{""Format:"": ""Paperback"", ""Language:"": ""English"", ""ISBN:"": ""0738705535"", ""ISBN13:"": ""9780738705538"", ""Release Date:"": ""August 2007"", ""Publisher:"": ""Llewellyn Publications"", ""Length:"": ""384 Pages"", ""Weight:"": ""0.65 lbs."", ""Dimensions:"": ""0.8\"" x 5.3\"" x 8.0\""""}",https://i.thriftbooks.com/api/imagehandler/m/455790E3D8026401B0491400B6290DA875675962.jpeg
Guinness World Records,Guinness World Records,"{""Format:"": ""Hardcover"", ""Language:"": ""English"", ""ISBN:"": ""189205101X"", ""ISBN13:"": ""9781892051011"", ""Release Date:"": ""January 2000"", ""Publisher:"": ""Guinness Records"", ""Length:"": ""288 Pages"", ""Weight:"": ""2.90 lbs."", ""Dimensions:"": ""0.9\"" x 9.0\"" x 11.7\""""}",https://i.thriftbooks.com/api/imagehandler/m/90B79C9C68D26E5D5F19DDB66E2ED08D705AD89A.jpeg
"The Old Farmer's Almanac for Kids, Volume 3",Old Farmer's Almanac,"{""Format:"": ""Paperback"", ""Language:"": ""English"", ""ISBN:"": ""157198495X"", ""ISBN13:"": ""9781571984951"", ""Release Date:"": ""January 2009"", ""Publisher:"": ""Old Farmer's Almanac"", ""Length:"": ""192 Pages"", ""Weight:"": ""0.75 lbs."", ""Dimensions:"": ""0.5\"" x 5.6\"" x 8.1\"""", ""Age Range:"": ""8 to 11 years"", ""Grade Range:"": ""Grades 3 to 6""}",https://i.thriftbooks.com/api/imagehandler/m/62149CD7543D3B98AC76FA3304BF94860BE6649C.jpeg
"Real Witches' Year: Spells, Rituals, and Meditations for Every Day of the Year",Kate West,"{""Format:"": ""Hardcover"", ""Language:"": ""English"", ""ISBN:"": ""0007189516"", ""ISBN13:"": ""9780007189519"", ""Release Date:"": ""January 2004"", ""Publisher:"": ""Thorsons"", ""Length:"": ""384 Pages"", ""Weight:"": ""1.80 lbs."", ""Dimensions:"": ""1.3\"" x 5.6\"" x 6.9\""""}",https://i.thriftbooks.com/api/imagehandler/m/B100A831E899E6121D86C5C29B46302BCAB1970D.jpeg
"The Witches Almanac: Issue 28, Spring 2009 to Spring 2010: Plants & Healing Herbs",Andrew Theitic,"{""Format:"": ""Paperback"", ""Language:"": ""English"", ""ISBN:"": ""0977370348"", ""ISBN13:"": ""9780977370344"", ""Release Date:"": ""October 2008"", ""Publisher:"": ""Witches Almanac"", ""Length:"": ""152 Pages"", ""Weight:"": ""0.65 lbs."", ""Dimensions:"": ""0.4\"" x 5.9\"" x 8.8\""""}",https://i.thriftbooks.com/api/imagehandler/m/559D94EDCEEBBFC011C319AB346C5E9A08C92F3E.jpeg
The Christian Almanac: A Book of Days Celebrating History's Most Significant People & Events,Gregory Wilbur,"{""Format:"": ""Paperback"", ""Language:"": ""English"", ""ISBN:"": ""1581824068"", ""ISBN13:"": ""9781581824063"", ""Release Date:"": ""September 2004"", ""Publisher:"": ""Cumberland House Publishing"", ""Length:"": ""820 Pages"", ""Weight:"": ""3.20 lbs."", ""Dimensions:"": ""2.5\"" x 7.0\"" x 9.1\""""}",https://i.thriftbooks.com/api/imagehandler/m/FB028BEFE0E51B1C5E5C312A7362853C9487CF31.jpeg
Food & Wine: Annual Cookbook 2012,Food & Wine Magazine,"{""Format:"": ""Hardcover"", ""Language:"": ""English"", ""ISBN:"": ""1932624414"", ""ISBN13:"": ""9781932624410"", ""Release Date:"": ""May 2012"", ""Publisher:"": ""Food & Wine Books"", ""Length:"": ""256 Pages"", ""Weight:"": ""2.70 lbs."", ""Dimensions:"": ""1.1\"" x 8.3\"" x 10.1\""""}",https://i.thriftbooks.com/api/imagehandler/m/9907131E00C75A376AC9C0A496171389F83C5094.jpeg
The Zondervan Pastor's Annual: An Idea & Resource Book [With CDROM],T.T. Crabtree,"{""Format:"": ""Paperback"", ""Language:"": ""English"", ""ISBN:"": ""0310275873"", ""ISBN13:"": ""9780310275879"", ""Release Date:"": ""August 2007"", ""Publisher:"": ""Zondervan Publishing Company"", ""Length:"": ""412 Pages"", ""Weight:"": ""1.23 lbs."", ""Dimensions:"": ""1.1\"" x 6.3\"" x 8.9\"""", ""Age Range:"": ""18 years and up"", ""Grade Range:"": ""Postsecondary and higher""}",https://i.thriftbooks.com/api/imagehandler/m/3105243021D372A2DBFB8753C09D642C46737A2C.jpeg
1998 Magical Almanac,Silver RavenWolf,"{"""": """"}",https://i.thriftbooks.com/api/imagehandler/m/79CAE20C1BDA5F9FA40248D7F5D5BB946AADE286.jpeg
The Herbal Yearbook,Gillian Haslam,"{""Format:"": ""Hardcover"", ""Language:"": ""English"", ""ISBN:"": ""1858330106"", ""ISBN13:"": ""9781858330105"", ""Release Date:"": ""January 1997"", ""Publisher:"": ""Quadrillion Publishing"", ""Length:"": ""160 Pages"", ""Weight:"": ""3.80 lbs."", ""Dimensions:"": ""0.7\"" x 8.2\"" x 9.3\""""}",https://i.thriftbooks.com/api/imagehandler/m/F22C21DFB5EB657A017B58D1CB88FCB06CB56F46.jpeg
Star Trek: Deep Space Nine Companion,Terry J. Erdmann,"{"""": """"}",https://i.thriftbooks.com/api/imagehandler/m/5F1485D0B2DEF0077B859AFD58C3A218DEE26EDB.jpeg
Gun Digest,Ken Ramage,"{""Format:"": ""Paperback"", ""Language:"": ""English"", ""ISBN:"": ""0873419243"", ""ISBN13:"": ""9780873419246"", ""Release Date:"": ""January 2000"", ""Publisher:"": ""Krause Publications"", ""Length:"": ""540 Pages"", ""Weight:"": ""3.55 lbs."", ""Dimensions:"": ""1.1\"" x 8.5\"" x 10.9\""""}",https://i.thriftbooks.com/api/imagehandler/m/208D6A47B613E296F5F2EBD8506351AD3F2CC1D8.jpeg
Dinosaur Data Book,David Lambert,"{""Format:"": ""Hardcover"", ""Language:"": ""English"", ""ISBN:"": ""0517188430"", ""ISBN13:"": ""9780517188439"", ""Release Date:"": ""June 1998"", ""Publisher:"": ""Gramercy Books"", ""Length:"": ""320 Pages"", ""Weight:"": ""1.05 lbs."", ""Dimensions:"": ""1.1\"" x 6.6\"" x 9.6\""""}",https://i.thriftbooks.com/api/imagehandler/m/8BD7753640546F807347101AB604960A44FB2ADC.jpeg
Best Music Writing,Ann Powers,"{""Format:"": ""Paperback"", ""Language:"": ""English"", ""ISBN:"": ""0306819252"", ""ISBN13:"": ""9780306819254"", ""Release Date:"": ""August 1998"", ""Publisher:"": ""Da Capo Press"", ""Length:"": ""332 Pages"", ""Weight:"": ""1.10 lbs."", ""Dimensions:"": ""0.9\"" x 5.6\"" x 8.2\""""}",https://i.thriftbooks.com/api/imagehandler/m/64EF8D4D6E5232BF2B72262670A01C52B121DBC2.jpeg
Southern Living 2000 Garden Annual by Southern Living. (2000-05-03),Southern Living Inc.,"{""Format:"": ""Hardcover"", ""Language:"": ""English"", ""ISBN:"": ""0848719379"", ""ISBN13:"": ""9780848719371"", ""Release Date:"": ""January 2000"", ""Publisher:"": ""Oxmoor House, Inc."", ""Length:"": ""256 Pages"", ""Weight:"": ""2.20 lbs.""}",https://m.media-amazon.com/images/I/51kS53rSfZL._SL350_.jpg
Old Farmers Almanac 1999,Robert Bailey Thomas,"{""Format:"": ""Hardcover"", ""Language:"": ""English"", ""ISBN:"": ""1571980903"", ""ISBN13:"": ""9781571980908"", ""Release Date:"": ""January 1998"", ""Publisher:"": ""Old Farmer's Almanac"", ""Length:"": ""288 Pages"", ""Weight:"": ""1.00 lbs."", ""Dimensions:"": ""1.1\"" x 6.0\"" x 8.6\""""}",https://i.thriftbooks.com/api/imagehandler/m/97DE7B8F6080ED70F66241C68C846D7C35175A94.jpeg
The Best American Poetry 1997,James Tate,"{""Format:"": ""Paperback"", ""Language:"": ""English"", ""ISBN:"": ""0684814528"", ""ISBN13:"": ""9780684814520"", ""Release Date:"": ""September 1997"", ""Publisher:"": ""Scribner Book Company"", ""Length:"": ""272 Pages"", ""Weight:"": ""0.50 lbs."", ""Dimensions:"": ""0.9\"" x 5.5\"" x 8.5\""""}",https://i.thriftbooks.com/api/imagehandler/m/45E5A9CB40C25389B36F39E5B87FB28662624135.jpeg
Spectrum 15: The Best in Contemporary Fantastic Art,Cathy Fenner,"{""Format:"": ""Paperback"", ""Language:"": ""English"", ""ISBN:"": ""1599290278"", ""ISBN13:"": ""9781599290270"", ""Release Date:"": ""November 2008"", ""Publisher:"": ""Underwood Books"", ""Length:"": ""248 Pages"", ""Weight:"": ""3.20 lbs."", ""Dimensions:"": ""0.9\"" x 9.0\"" x 12.0\""""}",https://i.thriftbooks.com/api/imagehandler/m/2BA9C02E089759ED57CA50614B2E20124458D466.jpeg
Witches' Spell-A-Day Almanac,Llewellyn Publications,"{""Format:"": ""Paperback"", ""Language:"": ""English"", ""ISBN:"": ""0738707279"", ""ISBN13:"": ""9780738707273"", ""Release Date:"": ""August 2008"", ""Publisher:"": ""Llewellyn Publications"", ""Length:"": ""261 Pages"", ""Weight:"": ""0.45 lbs."", ""Dimensions:"": ""0.6\"" x 5.8\"" x 8.0\""""}",https://i.thriftbooks.com/api/imagehandler/m/9C68DF4BBBE0FBF2483883A64EF5E0D8C29AE76C.jpeg
The Ocean Almanac,Robert Hendrickson,"{""Format:"": ""Paperback"", ""Language:"": ""English"", ""ISBN:"": ""0385140770"", ""ISBN13:"": ""9780385140775"", ""Release Date:"": ""February 1984"", ""Publisher:"": ""Main Street Books"", ""Length:"": ""446 Pages"", ""Weight:"": ""1.25 lbs."", ""Dimensions:"": ""1.3\"" x 6.1\"" x 9.3\""""}",https://i.thriftbooks.com/api/imagehandler/m/E39F9F30B7CBEBE42F4E5109AB47308E305F163C.jpeg
Millennium Year by Year,Derrik Mercer,"{""Format:"": ""Hardcover"", ""Language:"": ""English"", ""ISBN:"": ""0789446413"", ""ISBN13:"": ""9780789446411"", ""Release Date:"": ""January 1999"", ""Publisher:"": ""DK Publishing (Dorling Kindersley)"", ""Length:"": ""894 Pages"", ""Weight:"": ""5.45 lbs."", ""Dimensions:"": ""1.5\"" x 9.4\"" x 11.7\""""}",https://m.media-amazon.com/images/I/61ZANGKBZPL._SL350_.jpg
"Witches' Spell-A-Day Almanac: Holidays & Lore, Spells & Recipes, Rituals & Meditations",Dashka Slater,"{""Format:"": ""Paperback"", ""Language:"": ""English"", ""ISBN:"": ""0738702277"", ""ISBN13:"": ""9780738702278"", ""Release Date:"": ""August 2002"", ""Publisher:"": ""Llewellyn Publications"", ""Length:"": ""264 Pages"", ""Weight:"": ""0.45 lbs."", ""Dimensions:"": ""0.6\"" x 5.3\"" x 8.0\""""}",https://i.thriftbooks.com/api/imagehandler/m/84C2DAEC81FD949A37A52A318139CE4154DCC764.jpeg
People Yearbook 1997,People Magazine,"{""Format:"": ""Hardcover"", ""Language:"": ""English"", ""ISBN:"": ""1883013100"", ""ISBN13:"": ""9781883013103"", ""Release Date:"": ""January 1998"", ""Publisher:"": ""Time Life Medical"", ""Length:"": ""144 Pages"", ""Weight:"": ""1.60 lbs."", ""Dimensions:"": ""0.6\"" x 8.5\"" x 11.2\"""", ""Age Range:"": ""12 years and up"", ""Grade Range:"": ""Grade 7 and higher""}",https://i.thriftbooks.com/api/imagehandler/m/10C7E35F2795883E924987E869FDDEC11EAC267C.jpeg
Old Farmer's Almanac,Judson D. Hale Sr.,"{""Format:"": ""Hardcover"", ""Language:"": ""English"", ""ISBN:"": ""1571981519"", ""ISBN13:"": ""9781571981516"", ""Release Date:"": ""January 1999"", ""Publisher:"": ""Villard Books"", ""Length:"": ""320 Pages"", ""Weight:"": ""1.20 lbs."", ""Dimensions:"": ""1.1\"" x 6.0\"" x 8.6\""""}",https://i.thriftbooks.com/api/imagehandler/m/F0C27267E655224EAEB29F2782A2FFE66636FF6B.jpeg
"Freedarko Presents: The Macrophenomenal Pro Basketball Almanac: Styles, Stats, and Stars in Today's Game",Silverbird 5000,"{"""": """"}",https://i.thriftbooks.com/api/imagehandler/m/5E7646A73D9F496B034629037ED0C1DBD2277B66.jpeg
Uniform Building Code 1997 Vol. 1,Anonymous,"{""Format:"": ""Paperback"", ""Language:"": ""English"", ""ISBN:"": ""188459087X"", ""ISBN13:"": ""9781884590870"", ""Release Date:"": ""February 1997"", ""Publisher:"": ""International Code Council"", ""Length:"": ""574 Pages"", ""Weight:"": ""2.50 lbs."", ""Dimensions:"": ""1.0\"" x 8.6\"" x 11.2\""""}",https://m.media-amazon.com/images/I/51F8NWTYY2L._SL350_.jpg
The Jewish People's Almanac,David C. Gross,"{""Format:"": ""Hardcover"", ""Language:"": ""English"", ""ISBN:"": ""0385156529"", ""ISBN13:"": ""9780385156523"", ""Release Date:"": ""October 1981"", ""Publisher:"": ""Doubleday Books"", ""Length:"": ""597 Pages"", ""Weight:"": ""2.00 lbs.""}",https://m.media-amazon.com/images/I/41pX1y9WzxL._SL350_.jpg
Llewellyn's 2005 Magical Almanac,Llewellyn,"{""Format:"": ""Paperback"", ""Language:"": ""English"", ""ISBN:"": ""0738701386"", ""ISBN13:"": ""9780738701387"", ""Release Date:"": ""August 2004"", ""Publisher:"": ""Llewellyn Publications"", ""Length:"": ""384 Pages"", ""Weight:"": ""0.77 lbs."", ""Dimensions:"": ""0.8\"" x 5.3\"" x 8.0\""""}",https://i.thriftbooks.com/api/imagehandler/m/B008F133952D60CA2C764FC2F273D50001C2B293.jpeg
Magical Almanac,"Griffith, Magenta","{""Format:"": ""Paperback"", ""Language:"": ""English"", ""ISBN:"": ""0738703273"", ""ISBN13:"": ""9780738703275"", ""Release Date:"": ""August 2006"", ""Publisher:"": ""Llewellyn Publications"", ""Length:"": ""384 Pages"", ""Weight:"": ""0.65 lbs."", ""Dimensions:"": ""0.8\"" x 5.2\"" x 8.0\""""}",https://i.thriftbooks.com/api/imagehandler/m/3A866ADA6BD86B82A56E1570555C8BE1521B613B.jpeg
The Oxford Essential Desk Reference,Oxford University Press,"{""Format:"": ""Hardcover"", ""Language:"": ""English"", ""ISBN:"": ""0195128737"", ""ISBN13:"": ""9780195128734"", ""Release Date:"": ""May 2002"", ""Publisher:"": ""Oxford University Press, USA"", ""Length:"": ""832 Pages"", ""Weight:"": ""3.15 lbs."", ""Dimensions:"": ""2.4\"" x 6.9\"" x 9.6\""""}",https://i.thriftbooks.com/api/imagehandler/m/B4F4C28F9370BDA01B020BF9DE40AD8D76139CD3.jpeg
Uniform Building Code Volume 2,International Conference of Building Officials,"{""Format:"": ""Paperback"", ""Language:"": ""English"", ""ISBN:"": ""1884590896"", ""ISBN13:"": ""9781884590894"", ""Release Date:"": ""February 1997"", ""Publisher:"": ""Prentice Hall"", ""Length:"": ""574 Pages"", ""Weight:"": ""2.65 lbs."", ""Dimensions:"": ""1.3\"" x 10.7\"" x 11.4\""""}",https://i.thriftbooks.com/api/imagehandler/m/AEC8BFECBC6B34CBCD8E78FDB30C6FF6859D4143.jpeg
The 2004 Commemorative Stamp Yearbook,U.S. Postal Service,"{"""": """"}",https://i.thriftbooks.com/api/imagehandler/m/45B812294F28ABD20E39B1C4E76E40238F5A3667.jpeg
The Willamette River Field Guide,Travis Williams,"{""Format:"": ""Paperback"", ""Language:"": ""English"", ""ISBN:"": ""0881928666"", ""ISBN13:"": ""9780881928662"", ""Release Date:"": ""March 2009"", ""Publisher:"": ""Timber Press (OR)"", ""Length:"": ""218 Pages"", ""Weight:"": ""1.25 lbs."", ""Dimensions:"": ""0.9\"" x 6.5\"" x 8.9\""""}",https://i.thriftbooks.com/api/imagehandler/m/2195CE5070AC1E9AB1592146064D5DA70EE91493.jpeg
The Old Farmer's Almanac Book of Everyday Advice,Yankee Publishing,"{"""": """"}",https://m.media-amazon.com/images/I/41YCnib51iL._SL350_.jpg
The World Factbook: Statistics and Analysis for Every Country on the Planet,Central Intelligence Agency,"{""Format:"": ""Hardcover"", ""Language:"": ""English"", ""ISBN:"": ""0760783020"", ""ISBN13:"": ""9780760783023"", ""Release Date:"": ""January 2006"", ""Publisher:"": ""Barnes and Nobel Publishing, Inc."", ""Length:"": ""799 Pages"", ""Weight:"": ""3.85 lbs.""}",https://m.media-amazon.com/images/I/21aZkyqiSFL._SL350_.jpg
World Almanac & Book of Facts 2001,World Almanac,"{""Format:"": ""Paperback"", ""Language:"": ""English"", ""ISBN:"": ""0886878624"", ""ISBN13:"": ""9780886878627"", ""Release Date:"": ""December 2000"", ""Publisher:"": ""World Almanac Books"", ""Length:"": ""1008 Pages"", ""Weight:"": ""1.60 lbs."", ""Dimensions:"": ""1.6\"" x 5.4\"" x 8.0\""""}",https://i.thriftbooks.com/api/imagehandler/m/DBC3E51F203881583B68A9B211BCDFDFDD8AFBF7.jpeg
International Building Code 2003,International Code Council (ICC),"{""Format:"": ""Paperback"", ""Language:"": ""English"", ""ISBN:"": ""1892395568"", ""ISBN13:"": ""9781892395566"", ""Release Date:"": ""February 2003"", ""Publisher:"": ""International Code Council"", ""Length:"": ""656 Pages"", ""Weight:"": ""3.50 lbs."", ""Dimensions:"": ""1.4\"" x 8.4\"" x 11.2\""""}",https://i.thriftbooks.com/api/imagehandler/m/4859C29B512D32C656AB337613C7007D93626722.jpeg
The World Almanac and Book of Facts,World Almanac,"{""Format:"": ""Paperback"", ""Language:"": ""English"", ""ISBN:"": ""0886879957"", ""ISBN13:"": ""9780886879952"", ""Release Date:"": ""November 2006"", ""Publisher:"": ""World Almanac Books"", ""Length:"": ""1008 Pages"", ""Weight:"": ""1.60 lbs."", ""Dimensions:"": ""1.5\"" x 5.4\"" x 8.0\""""}",https://i.thriftbooks.com/api/imagehandler/m/BDB272972373F4B1CB1E9ADB311D8B708464505A.jpeg
The Mammoth Book of Best New Horror 10,Lawrence Watt-Evans,"{"""": """"}",https://i.thriftbooks.com/api/imagehandler/m/C2D49EA5515482CF31ED9F532BAD79DDB88BBDD7.jpeg
Book of Majors,The College Board,"{"""": """"}",https://i.thriftbooks.com/api/imagehandler/m/D884E96FC56E9A1C4CE8B23F89D14128E039A443.jpeg
The Almanac of American Politics,Richard E. Cohen,"{""Format:"": ""Paperback"", ""Language:"": ""English"", ""ISBN:"": ""0892341173"", ""ISBN13:"": ""9780892341177"", ""Release Date:"": ""September 2007"", ""Publisher:"": ""National Journal Group"", ""Length:"": ""1850 Pages"", ""Weight:"": ""3.00 lbs."", ""Dimensions:"": ""2.1\"" x 6.0\"" x 9.0\""""}",https://i.thriftbooks.com/api/imagehandler/m/10F11A59EF98BEFE4D9CB84DD2A4C6C2D0DBA7AC.jpeg
The Cougar Almanac: A Complete Natural History of the Mountain Lion,Robert H. Busch,"{""Format:"": ""Paperback"", ""Language:"": ""English"", ""ISBN:"": ""1592282954"", ""ISBN13:"": ""9781592282951"", ""Release Date:"": ""January 2004"", ""Publisher:"": ""Lyons Press"", ""Length:"": ""144 Pages"", ""Weight:"": ""0.70 lbs."", ""Dimensions:"": ""0.5\"" x 6.9\"" x 9.3\""""}",https://i.thriftbooks.com/api/imagehandler/m/452304EE0D97C1E23778378C477942662714C160.jpeg
The Almanac of American Politics 2010,Richard E. Cohen,"{""Format:"": ""Paperback"", ""Language:"": ""English"", ""ISBN:"": ""0892341203"", ""ISBN13:"": ""9780892341207"", ""Release Date:"": ""September 2009"", ""Publisher:"": ""National Journal Group"", ""Length:"": ""1726 Pages"", ""Weight:"": ""2.70 lbs."", ""Dimensions:"": ""2.3\"" x 6.0\"" x 9.0\""""}",https://i.thriftbooks.com/api/imagehandler/m/AA04837051EAA37ED13F5B51F08C8B05752D5F7B.jpeg
"Multiyear Interactive Computer Almanac, 1800-2050",U.S. Government,"{""Format:"": ""Hardcover"", ""Language:"": ""English"", ""ISBN:"": ""0943396840"", ""ISBN13:"": ""9780943396842"", ""Release Date:"": ""January 2005"", ""Publisher:"": ""Willmann-Bell"", ""Length:"": ""122 Pages"", ""Weight:"": ""2.07 lbs.""}",https://m.media-amazon.com/images/I/51q+POku8LL._SL350_.jpg
The Native American Almanac: A Portrait of Native America Today,Arlene B. Hirschfelder,"{""Format:"": ""Hardcover"", ""Language:"": ""English"", ""ISBN:"": ""0671850121"", ""ISBN13:"": ""9780671850128"", ""Release Date:"": ""January 1993"", ""Publisher:"": ""MacMillan Publishing Company"", ""Length:"": ""341 Pages"", ""Weight:"": ""1.70 lbs."", ""Dimensions:"": ""1.0\"" x 7.7\"" x 9.5\""""}",https://m.media-amazon.com/images/I/41m8GrYFELL._SL350_.jpg
"CRC Press Handbook of Chemistry & Physics, Special Student Edition",David R. Lide,"{"""": """"}",https://i.thriftbooks.com/api/imagehandler/m/3C0026C57CD8E6AFE7C07086949B2FB900E75706.jpeg
The African American Almanac: Formerly the Negro Almanac,Andrew P. Jackson,"{"""": """"}",https://i.thriftbooks.com/api/imagehandler/m/44E266A30F5254F5EB3063E47E9473F4288F621C.jpeg
The Almanac of American Politics 2000,Michael Barone,"{""Format:"": ""Paperback"", ""Language:"": ""English"", ""ISBN:"": ""0812931947"", ""ISBN13:"": ""9780812931945"", ""Release Date:"": ""August 1999"", ""Publisher:"": ""Three Rivers Press (CA)"", ""Length:"": ""1632 Pages"", ""Weight:"": ""3.05 lbs."", ""Dimensions:"": ""2.1\"" x 6.0\"" x 8.9\""""}",https://i.thriftbooks.com/api/imagehandler/m/150C49301988FBAA419150AD7D1A219E2BCECE4D.jpeg
The Old Farmer's Almanac,Robert Bailey Thomas,"{""Format:"": ""Hardcover"", ""Language:"": ""English"", ""ISBN:"": ""1571984267"", ""ISBN13:"": ""9781571984265"", ""Release Date:"": ""January 2007"", ""Publisher:"": ""Old Farmer's Almanac"", ""Length:"": ""288 Pages"", ""Weight:"": ""1.10 lbs."", ""Dimensions:"": ""1.0\"" x 6.3\"" x 8.6\""""}",https://i.thriftbooks.com/api/imagehandler/m/53E9E70B70BD2F24317767011A3FF415EC42E41C.jpeg
Almanac African American Heritage: Chronicle,Johnnie H. Miles,"{""Format:"": ""Paperback"", ""Language:"": ""English"", ""ISBN:"": ""0735202265"", ""ISBN13:"": ""9780735202269"", ""Release Date:"": ""January 2000"", ""Publisher:"": ""Jossey-Bass"", ""Length:"": ""460 Pages"", ""Weight:"": ""2.10 lbs."", ""Dimensions:"": ""1.2\"" x 7.0\"" x 9.2\""""}",https://i.thriftbooks.com/api/imagehandler/m/76DA346DC2D81A49DCA8189D27D0B6875952C94A.jpeg
"The Almanac of American Politics, 2006",Richard E. Cohen,"{""Format:"": ""Paperback"", ""Language:"": ""English"", ""ISBN:"": ""0892341122"", ""ISBN13:"": ""9780892341122"", ""Release Date:"": ""August 2005"", ""Publisher:"": ""National Journal Group"", ""Length:"": ""1920 Pages"", ""Weight:"": ""3.10 lbs."", ""Dimensions:"": ""2.2\"" x 6.0\"" x 9.0\""""}",https://i.thriftbooks.com/api/imagehandler/m/0609ED3B7149347AEAD66396BFE9A7C73C47D230.jpeg
Discover Science Almanac: The Definitive Science Resource,Discover,"{"""": """"}",https://i.thriftbooks.com/api/imagehandler/m/C3AF51CAB8C4B75418FCB4A131E9D85E81E007AF.jpeg
Ripley's Believe It or Not! Strikingly True,Ripley Entertainment Inc.,"{"""": """"}",https://i.thriftbooks.com/api/imagehandler/m/7EC8AB7518E4B0D5DD4F53889F408C26BB6084EA.jpeg
Schott's Original Miscellany,Ben Schott,"{""Format:"": ""Hardcover"", ""Language:"": ""English"", ""ISBN:"": ""1582343497"", ""ISBN13:"": ""9781582343495"", ""Release Date:"": ""August 2003"", ""Publisher:"": ""Bloomsbury USA"", ""Length:"": ""158 Pages"", ""Weight:"": ""2.25 lbs."", ""Dimensions:"": ""0.8\"" x 4.8\"" x 7.6\""""}",https://i.thriftbooks.com/api/imagehandler/m/55777106ABA407E29D65EF565F3E8422744E3DA1.jpeg
Guinness World Records 2008,Guinness World Records,"{""Format:"": ""Hardcover"", ""Language:"": ""English"", ""ISBN:"": ""1904994199"", ""ISBN13:"": ""9781904994190"", ""Release Date:"": ""August 2007"", ""Publisher:"": ""Guinness Media"", ""Length:"": ""286 Pages"", ""Weight:"": ""3.00 lbs."", ""Dimensions:"": ""0.8\"" x 8.8\"" x 12.1\""""}",https://i.thriftbooks.com/api/imagehandler/m/1CCA943E77539664EEF8B150FAE003BFB0645159.jpeg
Ripley's Believe It or Not: Utterly Crazy,Ripley Entertainment Inc.,"{""Format:"": ""Hardcover"", ""Language:"": ""English"", ""ISBN:"": ""160991001X"", ""ISBN13:"": ""9781609910013"", ""Release Date:"": ""March 2011"", ""Publisher:"": ""Ripley Publishing"", ""Length:"": ""384 Pages"", ""Weight:"": ""2.50 lbs.""}",https://i.thriftbooks.com/api/imagehandler/m/AAD681D8523148C946D81DE6FE958323FE6B0952.jpeg
Ripley's Believe It or Not! Seeing Is Believing,Geoff Tibballs,"{""Format:"": ""Hardcover"", ""Language:"": ""English"", ""ISBN:"": ""1893951456"", ""ISBN13:"": ""9781893951457"", ""Release Date:"": ""August 2009"", ""Publisher:"": ""Ripley Publishing"", ""Length:"": ""254 Pages"", ""Weight:"": ""3.20 lbs."", ""Dimensions:"": ""0.9\"" x 9.2\"" x 11.8\"""", ""Age Range:"": ""10 years and up"", ""Grade Range:"": ""Grade 5 and higher""}",https://i.thriftbooks.com/api/imagehandler/m/0C702C45265CCDA19CD4C24D91B761889EEC22B4.jpeg
Guinness World Records 2004: Hundreds of New Records Inside,Guinness World Records,"{""Format:"": ""Hardcover"", ""Language:"": ""English"", ""ISBN:"": ""1892051206"", ""ISBN13:"": ""9781892051202"", ""Release Date:"": ""August 2003"", ""Publisher:"": ""Guinness Media"", ""Length:"": ""288 Pages"", ""Weight:"": ""3.05 lbs."", ""Dimensions:"": ""0.9\"" x 9.0\"" x 12.0\""""}",https://i.thriftbooks.com/api/imagehandler/m/514A8C52913A80C188CEA583D504DFFDF5B04510.jpeg
Gone Too Soon: Remembering 65 Celebrities Who Died Too Young,People Magazine,"{""Format:"": ""Hardcover"", ""Language:"": ""English"", ""ISBN:"": ""1933821175"", ""ISBN13:"": ""9781933821177"", ""Release Date:"": ""December 2007"", ""Publisher:"": ""People"", ""Length:"": ""142 Pages"", ""Weight:"": ""1.65 lbs."", ""Dimensions:"": ""0.6\"" x 8.0\"" x 11.1\""""}",https://i.thriftbooks.com/api/imagehandler/m/B20476F576D58098C6E9A7CB59BDF54BAA7F9E78.jpeg
Guinness World Records [With Trading Cards],Craig Glenday,"{""Format:"": ""Hardcover"", ""Language:"": ""English"", ""ISBN:"": ""1904994121"", ""ISBN13:"": ""9781904994121"", ""Release Date:"": ""August 2006"", ""Publisher:"": ""Guinness Media"", ""Length:"": ""288 Pages"", ""Weight:"": ""2.05 lbs."", ""Dimensions:"": ""0.9\"" x 8.8\"" x 12.1\""""}",https://i.thriftbooks.com/api/imagehandler/m/6EE94A54B72B612DC1D4C18BC73C3D20D5EE60FF.jpeg
Guinness World Records 2006,Guinness World Records,"{""Format:"": ""Hardcover"", ""Language:"": ""English"", ""ISBN:"": ""1904994024"", ""ISBN13:"": ""9781904994022"", ""Release Date:"": ""August 2005"", ""Publisher:"": ""Guinness Media"", ""Length:"": ""288 Pages"", ""Weight:"": ""0.85 lbs."", ""Dimensions:"": ""0.9\"" x 8.9\"" x 12.0\""""}",https://i.thriftbooks.com/api/imagehandler/m/681249E7868489429EE6A558C95C58369D053148.jpeg
The Year's Best Fantasy: First Annual Collection,Delia Sherman,"{""Format:"": ""Paperback"", ""Language:"": ""English"", ""ISBN:"": ""0312018525"", ""ISBN13:"": ""9780312018528"", ""Release Date:"": ""July 1988"", ""Publisher:"": ""Griffin"", ""Length:"": ""512 Pages"", ""Weight:"": ""1.75 lbs."", ""Dimensions:"": ""1.4\"" x 6.1\"" x 9.2\""""}",https://m.media-amazon.com/images/I/51Wn9LH76BL._SL350_.jpg
Food & Wine Annual Cookbook: An Entire Year of Recipes,Food & Wine Magazine,"{"""": """"}",https://i.thriftbooks.com/api/imagehandler/m/8B486E41032594913D92BBB01D7FED72A637935D.jpeg
Ripley's Believe It or Not! Expect...the Unexpected,Ripley Entertainment Inc.,"{""Format:"": ""Hardcover"", ""Language:"": ""English"", ""ISBN:"": ""189395112X"", ""ISBN13:"": ""9781893951129"", ""Release Date:"": ""August 2006"", ""Publisher:"": ""Ripley Publishing"", ""Length:"": ""256 Pages"", ""Weight:"": ""3.20 lbs."", ""Dimensions:"": ""1.0\"" x 9.2\"" x 11.6\"""", ""Age Range:"": ""10 years and up"", ""Grade Range:"": ""Grade 5 and higher""}",https://i.thriftbooks.com/api/imagehandler/m/6FFC213889180702D65E694C2B4C5D114F949F67.jpeg
Guinness Book of Records 1996,Norris McWhirter,"{""Format:"": ""Hardcover"", ""Language:"": ""English"", ""ISBN:"": ""0816028613"", ""ISBN13:"": ""9780816028610"", ""Release Date:"": ""October 1995"", ""Publisher:"": ""Facts on File"", ""Length:"": ""320 Pages"", ""Weight:"": ""3.26 lbs."", ""Dimensions:"": ""1.0\"" x 9.0\"" x 11.2\""""}",https://i.thriftbooks.com/api/imagehandler/m/23B7A57A3C0307B26312287E45674A4439B608CB.jpeg
Ripley's Believe It or Not! Planet Eccentric!,Ripley Entertainment Inc.,"{""Format:"": ""Hardcover"", ""Language:"": ""English"", ""ISBN:"": ""1893951103"", ""ISBN13:"": ""9781893951105"", ""Release Date:"": ""October 2005"", ""Publisher:"": ""Ripley Entertainment"", ""Length:"": ""256 Pages"", ""Weight:"": ""3.30 lbs."", ""Dimensions:"": ""1.0\"" x 9.2\"" x 12.0\"""", ""Age Range:"": ""11 to 17 years"", ""Grade Range:"": ""Grades 6 to 12""}",https://i.thriftbooks.com/api/imagehandler/m/F554663C0A6DD08FE99A90379ADBEFCB473AAD43.jpeg
