Book Name,Authors,Info,Image URL
Prescip for Nut Heali,James F. Balch,"{""Format:"": ""Paperback"", ""Language:"": ""English"", ""ISBN:"": ""089529429X"", ""ISBN13:"": ""9780895294296"", ""Release Date:"": ""January 1990"", ""Publisher:"": ""Avery Publishing Group"", ""Length:"": ""368 Pages"", ""Weight:"": ""2.39 lbs."", ""Dimensions:"": ""1.1\"" x 8.8\"" x 10.9\"""", ""Age Range:"": ""18 years and up"", ""Grade Range:"": ""Postsecondary and higher""}",https://i.thriftbooks.com/api/imagehandler/m/F336C8D37D431F0C5205079B080D59C606AE7BE2.jpeg
"Natural Cures ""They"" Don't Want You to Know about",Kevin Trudeau,"{""Format:"": ""Hardcover"", ""Language:"": ""English"", ""ISBN:"": ""0975599518"", ""Release Date:"": ""January 2004"", ""Publisher:"": ""Alliance Publishing"", ""Length:"": ""571 Pages"", ""Weight:"": ""2.09 lbs."", ""Dimensions:"": ""9.1\"" x 1.5\"" x 6.3\""""}",https://m.media-amazon.com/images/I/51-quV6EE1L._SL350_.jpg
The Healing Herbs,Michael Castleman,"{""Format:"": ""Hardcover"", ""Language:"": ""English"", ""ISBN:"": ""0878579346"", ""ISBN13:"": ""9780878579341"", ""Release Date:"": ""April 1991"", ""Publisher:"": ""Rodale Books"", ""Length:"": ""436 Pages"", ""Weight:"": ""2.05 lbs."", ""Dimensions:"": ""1.1\"" x 7.8\"" x 9.3\""""}",https://i.thriftbooks.com/api/imagehandler/m/1353611DBD3D6A590E89140635622ACB231CD245.jpeg
The Herb Book,John B. Lust,"{""Format:"": ""Mass Market Paperback"", ""Language:"": ""English"", ""ISBN:"": ""0553267701"", ""ISBN13:"": ""9780553267709"", ""Release Date:"": ""January 1974"", ""Publisher:"": ""Bantam Books"", ""Length:"": ""688 Pages"", ""Weight:"": ""0.61 lbs."", ""Dimensions:"": ""1.2\"" x 4.2\"" x 6.9\""""}",https://i.thriftbooks.com/api/imagehandler/m/A952AF41B812888A27019BA086538851C3F0AF5D.jpeg
The Back to Eden Cookbook,Jethro Kloss,"{""Format:"": ""Paperback"", ""Language:"": ""English"", ""ISBN:"": ""B001V86VU8"", ""ISBN13:"": ""9780940676039"", ""Release Date:"": ""January 2010"", ""Publisher:"": ""Lotus Press (WI)"", ""Length:"": ""160 Pages"", ""Weight:"": ""0.44 lbs."", ""Dimensions:"": ""0.4\"" x 5.3\"" x 8.4\""""}",https://i.thriftbooks.com/api/imagehandler/m/2F0F6FC132A61F578037FB07772ABF15FFC435E3.jpeg
Quantum Healing: Exploring the Frontiers of Mind/Body Medicine,Deepak Chopra,"{""Format:"": ""Paperback"", ""Language:"": ""English"", ""ISBN:"": ""0553348698"", ""Release Date:"": ""May 1990"", ""Publisher:"": ""Bantam"", ""Length:"": ""278 Pages"", ""Weight:"": ""0.71 lbs."", ""Dimensions:"": ""9.0\"" x 0.6\"" x 6.0\""""}",https://m.media-amazon.com/images/I/51xwx7MDYUL._SL350_.jpg
"The Complete Book of Essential Oils and Aromatherapy: Over 600 Natural, Non-Toxic and Fragrant Recipes to Create Health -- Beauty -- A Safe Home Envir",Valerie Ann Worwood,"{""Format:"": ""Paperback"", ""Language:"": ""English"", ""ISBN:"": ""0931432820"", ""ISBN13:"": ""9780931432828"", ""Release Date:"": ""January 1991"", ""Publisher:"": ""New World Library"", ""Length:"": ""448 Pages"", ""Weight:"": ""1.18 lbs."", ""Dimensions:"": ""1.2\"" x 6.1\"" x 9.3\""""}",https://i.thriftbooks.com/api/imagehandler/m/CF6086A7CA84BE8974B5927D3D4E3E6F59B8FA6F.jpeg
When Things Fall Apart: Heart Advice for Difficult Times,Pema Chödrön,"{""Format:"": ""Paperback"", ""Language:"": ""English"", ""ISBN:"": ""1570623449"", ""ISBN13:"": ""9781570623448"", ""Release Date:"": ""September 2000"", ""Publisher:"": ""Shambhala Publications"", ""Length:"": ""160 Pages"", ""Weight:"": ""0.53 lbs."", ""Dimensions:"": ""0.5\"" x 5.9\"" x 8.9\""""}",https://i.thriftbooks.com/api/imagehandler/m/A097F6F1CAE61FB08A176FBE7CFA6D475EEA5AF7.jpeg
Complete Book of Natural and Medicinal Cures: How to Choose the Most Potent Healing Agents for Over 300 Conditions and Diseases,Prevention Magazine,"{""Format:"": ""Hardcover"", ""Language:"": ""English"", ""ISBN:"": ""0875961908"", ""ISBN13:"": ""9780875961903"", ""Release Date:"": ""January 1994"", ""Publisher:"": ""Rodale Books"", ""Length:"": ""654 Pages"", ""Weight:"": ""2.31 lbs."", ""Dimensions:"": ""1.6\"" x 6.8\"" x 9.5\""""}",https://i.thriftbooks.com/api/imagehandler/m/A7A71A3E6C4029C56988C2B86D7633E60C1AB96D.jpeg
The Herbal Drugstore: The Best Natural Alternatives to Over-The-Counter and Prescription Medicines!,Linda B. White,"{""Format:"": ""Hardcover"", ""Language:"": ""English"", ""ISBN:"": ""1579541348"", ""ISBN13:"": ""9781579541347"", ""Release Date:"": ""July 2000"", ""Publisher:"": ""St. Martin's Press"", ""Length:"": ""610 Pages"", ""Weight:"": ""2.00 lbs."", ""Dimensions:"": ""1.5\"" x 6.7\"" x 9.3\""""}",https://i.thriftbooks.com/api/imagehandler/m/5BC6FA973EBF882649AC824DE3598802ED0B6A5A.jpeg
Ancient healing secrets: Practical cures that work today,Dian Dincin Buchman,"{""Format:"": ""Paperback"", ""Language:"": ""English"", ""ISBN:"": ""0824102886"", ""ISBN13:"": ""9780824102883"", ""Release Date:"": ""January 1998"", ""Publisher:"": ""Ottenheimer Publishers"", ""Length:"": ""283 Pages"", ""Weight:"": ""0.05 lbs.""}",https://m.media-amazon.com/images/I/51y6ayxq97L._SL350_.jpg
Science of Homeopathy,George Vithoulkas,"{""Format:"": ""Paperback"", ""Language:"": ""English"", ""ISBN:"": ""0802151205"", ""ISBN13:"": ""9780802151209"", ""Release Date:"": ""January 1980"", ""Publisher:"": ""Grove/Atlantic"", ""Length:"": ""331 Pages"", ""Weight:"": ""1.16 lbs."", ""Dimensions:"": ""1.0\"" x 6.2\"" x 9.2\""""}",https://i.thriftbooks.com/api/imagehandler/m/4C06BB1A269CFD3229D7B8526BC6DDE84D2D7A62.jpeg
Culpeper's Complete Herbal: Over 400 Herbs and Their Uses,Nicholas Culpeper,"{""Format:"": ""Paperback"", ""Language:"": ""English"", ""ISBN:"": ""1789506522"", ""ISBN13:"": ""9781789506525"", ""Release Date:"": ""September 2019"", ""Publisher:"": ""Arcturus Editions"", ""Length:"": ""304 Pages"", ""Weight:"": ""0.90 lbs."", ""Dimensions:"": ""0.9\"" x 6.0\"" x 9.1\""""}",https://i.thriftbooks.com/api/imagehandler/m/CD96EAAED60C09ADE592146B7B2A056B9563122B.jpeg
Scientific Validation of Herbal Medicine,Daniel Mowrey,"{""Format:"": ""Paperback"", ""Language:"": ""English"", ""ISBN:"": ""0879835346"", ""ISBN13:"": ""9780879835347"", ""Release Date:"": ""October 1986"", ""Publisher:"": ""McGraw-Hill Companies"", ""Length:"": ""336 Pages"", ""Weight:"": ""1.21 lbs."", ""Dimensions:"": ""0.9\"" x 6.0\"" x 9.0\""""}",https://i.thriftbooks.com/api/imagehandler/m/0DF71E481E3B96582DD6035BF4D3B8DBA0989BEA.jpeg
The People's Pharmacy Quick & Handy Home Remedies: Q&As for Your Common Ailments,Joe Graedon,"{""Format:"": ""Paperback"", ""Language:"": ""English"", ""ISBN:"": ""1426207115"", ""ISBN13:"": ""9781426207112"", ""Release Date:"": ""May 2011"", ""Publisher:"": ""National Geographic Society"", ""Length:"": ""256 Pages"", ""Weight:"": ""0.72 lbs."", ""Dimensions:"": ""0.7\"" x 6.0\"" x 9.0\""""}",https://i.thriftbooks.com/api/imagehandler/m/A3A116EC9A60BFB736FA5DCB37F5F17404A2C441.jpeg
The Practical Encyclopedia of Natural Healing,Mark Bricklin,"{""Format:"": ""Hardcover"", ""Language:"": ""English"", ""ISBN:"": ""1567310052"", ""ISBN13:"": ""9781567310054"", ""Release Date:"": ""January 1997"", ""Publisher:"": ""MJF Books"", ""Length:"": ""574 Pages"", ""Weight:"": ""1.15 lbs.""}",https://i.thriftbooks.com/api/imagehandler/m/028362B42BF3BFA6D1E4E73070987EB62BBE9EB4.jpeg
Prescription Alternatives,Virginia Hopkins,"{""Format:"": ""Paperback"", ""Language:"": ""English"", ""ISBN:"": ""087983790X"", ""ISBN13:"": ""9780879837907"", ""Release Date:"": ""January 1998"", ""Publisher:"": ""Keats Publishing"", ""Length:"": ""672 Pages"", ""Weight:"": ""2.40 lbs."", ""Dimensions:"": ""1.5\"" x 9.0\"" x 7.0\""""}",https://i.thriftbooks.com/api/imagehandler/m/5EF69A9AE17B9157082EF43EF9389A49DB9B6319.jpeg
Natural Strategies for Cancer Patients,Russell L. Blaylock,"{""Format:"": ""Paperback"", ""Language:"": ""English"", ""ISBN:"": ""0758202210"", ""ISBN13:"": ""9780758202215"", ""Release Date:"": ""October 2003"", ""Publisher:"": ""Kensington Publishing Corporation"", ""Length:"": ""304 Pages"", ""Weight:"": ""0.75 lbs."", ""Dimensions:"": ""1.0\"" x 5.4\"" x 8.4\""""}",https://i.thriftbooks.com/api/imagehandler/m/B10D46EC601337EFD33236C026832500D4EAFEDF.jpeg
Flood Your Body with Oxygen: Therapy for Our Poluted World,Ed McCabe,"{"""": """"}",https://i.thriftbooks.com/api/imagehandler/m/1E552C9335DC6850BF0611A355083B4112D211F9.jpeg
Healing Wise: Volume 4,Susun S. Weed,"{""Format:"": ""Paperback"", ""Language:"": ""English"", ""ISBN:"": ""0961462027"", ""ISBN13:"": ""9780961462024"", ""Release Date:"": ""April 2003"", ""Publisher:"": ""Ash Tree Publishing"", ""Length:"": ""295 Pages"", ""Weight:"": ""1.00 lbs."", ""Dimensions:"": ""0.7\"" x 5.5\"" x 8.4\""""}",https://i.thriftbooks.com/api/imagehandler/m/41CEDF2F88ED2DD917E3B62547D16E875BFAAB44.jpeg
The Language of Letting Go: Daily Meditations for Codependents (Hazelden Meditation Series),Melody Beattie,"{""Format:"": ""Paperback"", ""Language:"": ""English"", ""ISBN:"": ""0894866370"", ""Release Date:"": ""July 1990"", ""Publisher:"": ""Hazelden Publishing"", ""Length:"": ""393 Pages"", ""Weight:"": ""0.84 lbs."", ""Dimensions:"": ""7.4\"" x 0.7\"" x 5.0\""""}",https://m.media-amazon.com/images/I/51Z1VngcJ6L._SL350_.jpg
"Wherever You Go, There You Are: Mindfulness Meditation in Everyday Life",Jon Kabat-Zinn,"{""Format:"": ""Paperback"", ""Language:"": ""English"", ""ISBN:"": ""0786880708"", ""ISBN13:"": ""9780786880706"", ""Release Date:"": ""January 1994"", ""Publisher:"": ""Hachette Books"", ""Length:"": ""304 Pages"", ""Weight:"": ""0.82 lbs."", ""Dimensions:"": ""0.8\"" x 5.6\"" x 8.3\""""}",https://i.thriftbooks.com/api/imagehandler/m/D96ABB2319108036F1637CA40E83BEC49D4405C5.jpeg
Anatomy of the Spirit: The Seven Stages of Power and Healing,Caroline Myss,"{""Format:"": ""Paperback"", ""Language:"": ""English"", ""ISBN:"": ""0609800140"", ""ISBN13:"": ""9780609800140"", ""Release Date:"": ""August 1996"", ""Publisher:"": ""Harmony"", ""Length:"": ""336 Pages"", ""Weight:"": ""0.87 lbs."", ""Dimensions:"": ""0.8\"" x 6.1\"" x 9.1\""""}",https://i.thriftbooks.com/api/imagehandler/m/C22CFE93D33A5062913D741246BE0C1A0D624A22.jpeg
Green Pharmacy,James A. Duke,"{""Format:"": ""Hardcover"", ""Language:"": ""English"", ""ISBN:"": ""0875963161"", ""ISBN13:"": ""9780875963167"", ""Release Date:"": ""June 1997"", ""Publisher:"": ""Rodale Books"", ""Length:"": ""507 Pages"", ""Weight:"": ""1.91 lbs."", ""Dimensions:"": ""1.6\"" x 6.8\"" x 9.4\""""}",https://i.thriftbooks.com/api/imagehandler/m/F1CD6F81AC933BDEE63748C8914CED48BEACF0E6.jpeg
Heal Your Body,Louise L. Hay,"{""Format:"": ""Paperback"", ""Language:"": ""English"", ""ISBN:"": ""0937611352"", ""Release Date:"": ""January 1984"", ""Publisher:"": ""Hay House Inc."", ""Length:"": ""96 Pages"", ""Weight:"": ""0.35 lbs."", ""Dimensions:"": ""7.0\"" x 0.3\"" x 5.0\""""}",https://m.media-amazon.com/images/I/411+dMqfPXL._SL350_.jpg
Medical Medium: Secrets Behind Chronic and Mystery Illness and How to Finally Heal,Anthony William,"{""Format:"": ""Hardcover"", ""Language:"": ""English"", ""ISBN:"": ""1401948294"", ""ISBN13:"": ""9781401948290"", ""Release Date:"": ""November 2015"", ""Publisher:"": ""Hay House"", ""Length:"": ""488 Pages"", ""Weight:"": ""1.42 lbs."", ""Dimensions:"": ""1.4\"" x 6.3\"" x 9.1\""""}",https://i.thriftbooks.com/api/imagehandler/m/8FE4B4BE6720E0BA70E92447C2299C4432567260.jpeg
Creative Visualization: Use the Power of Your Imagination to Create What You Want in Your Life,Shakti Gawain,"{""Format:"": ""Paperback"", ""Language:"": ""English"", ""ISBN:"": ""1880032627"", ""ISBN13:"": ""9781880032626"", ""Release Date:"": ""January 1995"", ""Publisher:"": ""New World Library"", ""Length:"": ""191 Pages"", ""Weight:"": ""0.57 lbs."", ""Dimensions:"": ""0.6\"" x 5.5\"" x 8.5\""""}",https://i.thriftbooks.com/api/imagehandler/m/92797ECA0E4419CDD65BBD026AB6C6E87317B1E6.jpeg
Light on Yoga: The Bible of Modern Yoga...,B.K.S. Iyengar,"{""Format:"": ""Paperback"", ""Language:"": ""English"", ""ISBN:"": ""0805210318"", ""ISBN13:"": ""9780805210316"", ""Release Date:"": ""January 1979"", ""Publisher:"": ""Knopf Publishing Group"", ""Length:"": ""546 Pages"", ""Weight:"": ""1.08 lbs."", ""Dimensions:"": ""1.3\"" x 5.1\"" x 7.9\""""}",https://i.thriftbooks.com/api/imagehandler/m/908F60DC0D9F678ACB7C5AC57557148EDD176257.jpeg
Healing Back Pain: The Mind-Body Connection,John E. Sarno,"{""Format:"": ""Paperback"", ""Language:"": ""English"", ""ISBN:"": ""0446392308"", ""ISBN13:"": ""9780446392303"", ""Release Date:"": ""February 1991"", ""Publisher:"": ""Balance"", ""Length:"": ""208 Pages"", ""Weight:"": ""0.56 lbs."", ""Dimensions:"": ""0.6\"" x 5.3\"" x 8.1\""""}",https://i.thriftbooks.com/api/imagehandler/m/2F7926888A84B96DBCDBA8B3E9CEC06E37728ECC.jpeg
The Miracle of Mindfulness: A Manual on Meditation,Thich Nhat Hanh,"{""Format:"": ""Paperback"", ""Language:"": ""English"", ""ISBN:"": ""0807012017"", ""ISBN13:"": ""9780807012017"", ""Release Date:"": ""January 1987"", ""Publisher:"": ""Beacon Press (MA)"", ""Length:"": ""140 Pages"", ""Weight:"": ""0.47 lbs."", ""Dimensions:"": ""0.5\"" x 5.4\"" x 7.9\""""}",https://i.thriftbooks.com/api/imagehandler/m/C844963A10020A44612781374EF7EFBA55600888.jpeg
Cherokee Feast of Days: Daily Meditations,Joyce Sequichie Hifler,"{""Format:"": ""Paperback"", ""Language:"": ""English"", ""ISBN:"": ""0933031688"", ""ISBN13:"": ""9780933031685"", ""Release Date:"": ""January 1992"", ""Publisher:"": ""Council Oak Books"", ""Length:"": ""412 Pages"", ""Weight:"": ""0.52 lbs."", ""Dimensions:"": ""1.0\"" x 4.1\"" x 6.0\""""}",https://i.thriftbooks.com/api/imagehandler/m/A16D964140F728732B983C9CAAB526F5F7D3CB7F.jpeg
"Cunningham's Encyclopedia of Magical Herbs (Llewellyn's Sourcebook Series) (Scott Cunningham's Encyclopedia Series, 1)",Scott Cunningham,"{""Format:"": ""Paperback"", ""Language:"": ""English"", ""ISBN:"": ""0875421229"", ""Release Date:"": ""October 1985"", ""Publisher:"": ""Llewellyn Publications"", ""Length:"": ""318 Pages"", ""Weight:"": ""1.18 lbs."", ""Dimensions:"": ""8.9\"" x 0.7\"" x 5.9\""""}",https://m.media-amazon.com/images/I/51a2qz16jWL._SL350_.jpg
When I Am an Old Woman I Shall Wear Purple,Sandra Martz,"{""Format:"": ""Hardcover"", ""Language:"": ""English"", ""ISBN:"": ""0918949157"", ""ISBN13:"": ""9780918949158"", ""Release Date:"": ""January 1991"", ""Publisher:"": ""Papier-Mache Press"", ""Length:"": ""177 Pages"", ""Weight:"": ""1.55 lbs."", ""Dimensions:"": ""0.8\"" x 7.3\"" x 9.6\""""}",https://i.thriftbooks.com/api/imagehandler/m/A31028C0CC78023174F98CA9C8696A75BBF41710.jpeg
The Men Who Stare at Goats,Jon Ronson,"{""Format:"": ""Hardcover"", ""Language:"": ""English"", ""ISBN:"": ""0743241924"", ""ISBN13:"": ""9780743241922"", ""Release Date:"": ""January 2004"", ""Publisher:"": ""Simon & Schuster"", ""Length:"": ""257 Pages"", ""Weight:"": ""0.80 lbs."", ""Dimensions:"": ""1.1\"" x 5.8\"" x 8.6\""""}",https://i.thriftbooks.com/api/imagehandler/m/C3B7A088EF12EF9A6E96549A9C1C19AF8167DEF1.jpeg
"Plants of the Gods: Their Sacred, Healing, and Hallucinogenic Powers",Christian Rätsch,"{""Format:"": ""Paperback"", ""Language:"": ""English"", ""ISBN:"": ""0892819790"", ""ISBN13:"": ""9780892819799"", ""Release Date:"": ""November 2001"", ""Publisher:"": ""Healing Arts Press"", ""Length:"": ""208 Pages"", ""Weight:"": ""1.90 lbs."", ""Dimensions:"": ""0.6\"" x 7.6\"" x 10.3\""""}",https://i.thriftbooks.com/api/imagehandler/m/94B47B2C83FB59878F5E48F6BC9082A74BF6C0E3.jpeg
Practical Praying [With Meditation CD],John Edward,"{""Format:"": ""Hardcover"", ""Language:"": ""English"", ""ISBN:"": ""1932128123"", ""ISBN13:"": ""9781932128123"", ""Release Date:"": ""March 2005"", ""Publisher:"": ""Princess Books"", ""Length:"": ""101 Pages"", ""Weight:"": ""0.70 lbs."", ""Dimensions:"": ""0.6\"" x 6.1\"" x 7.0\""""}",https://i.thriftbooks.com/api/imagehandler/m/3BB5FFC182383469F8ADB7AC5B4AAAD385A0A1D8.jpeg
Mother Nature's Herbal,Judith Griffin,"{""Format:"": ""Paperback"", ""Language:"": ""English"", ""ISBN:"": ""1567183409"", ""ISBN13:"": ""9781567183405"", ""Release Date:"": ""April 1997"", ""Publisher:"": ""Llewellyn Publications"", ""Length:"": ""372 Pages"", ""Weight:"": ""1.30 lbs."", ""Dimensions:"": ""1.3\"" x 7.0\"" x 10.0\""""}",https://i.thriftbooks.com/api/imagehandler/m/4EAA18D220C4E28E65BC90CBA400F62E9D44F9BF.jpeg
Kitchen Table Wisdom,Rachel Naomi Remen,"{""Format:"": ""Hardcover"", ""Language:"": ""English"", ""ISBN:"": ""1573220426"", ""ISBN13:"": ""9781573220422"", ""Release Date:"": ""August 1996"", ""Publisher:"": ""Riverhead Books"", ""Length:"": ""336 Pages"", ""Weight:"": ""1.20 lbs."", ""Dimensions:"": ""1.2\"" x 5.8\"" x 8.6\"""", ""Age Range:"": ""18 years and up"", ""Grade Range:"": ""Postsecondary and higher""}",https://i.thriftbooks.com/api/imagehandler/m/3DD14A097F12CE86EBBBB19A7EB230091D292542.jpeg
The Promise of a New Day: A Book of Daily Meditations,Karen Casey,"{""Format:"": ""Paperback"", ""Language:"": ""English"", ""ISBN:"": ""0062552686"", ""ISBN13:"": ""9780062552686"", ""Release Date:"": ""May 1996"", ""Publisher:"": ""HarperOne"", ""Length:"": ""416 Pages"", ""Weight:"": ""0.45 lbs."", ""Dimensions:"": ""1.1\"" x 4.3\"" x 6.8\""""}",https://i.thriftbooks.com/api/imagehandler/m/DADE3DDE43C9AE5A94BBA26030D40F88B6F47B77.jpeg
Plant Spirit Medicine: A Journey Into the Healing Wisdom of Plants,Eliot Cowan,"{""Format:"": ""Paperback"", ""Language:"": ""English"", ""ISBN:"": ""1622030958"", ""ISBN13:"": ""9781622030958"", ""Release Date:"": ""April 2014"", ""Publisher:"": ""Sounds True"", ""Length:"": ""232 Pages"", ""Weight:"": ""0.74 lbs."", ""Dimensions:"": ""0.6\"" x 5.9\"" x 8.9\""""}",https://i.thriftbooks.com/api/imagehandler/m/85E6028D026F67BD9C87D7C946B6E3B695548761.jpeg
Ecotopia,Ernest Callenbach,"{""Format:"": ""Paperback"", ""Language:"": ""English"", ""ISBN:"": ""0553348477"", ""ISBN13:"": ""9780553348477"", ""Release Date:"": ""March 1990"", ""Publisher:"": ""Bantam"", ""Length:"": ""192 Pages"", ""Weight:"": ""0.43 lbs."", ""Dimensions:"": ""0.5\"" x 5.5\"" x 8.2\""""}",https://i.thriftbooks.com/api/imagehandler/m/B0BDBEA4619AA86B774420BE61AF3C1342BC305F.jpeg
"Meditation for Beginners: Techniques for Awareness, Mindfulness & Relaxation",Stephanie Clement,"{""Format:"": ""Paperback"", ""Language:"": ""English"", ""ISBN:"": ""073870203X"", ""ISBN13:"": ""9780738702032"", ""Release Date:"": ""October 2002"", ""Publisher:"": ""Llewellyn Publications"", ""Length:"": ""264 Pages"", ""Weight:"": ""0.60 lbs."", ""Dimensions:"": ""0.7\"" x 5.3\"" x 8.1\""""}",https://i.thriftbooks.com/api/imagehandler/m/B3BECC5AAF2A79BEAD5C34BEDAF434A41F7DA760.jpeg
The Return of the Ragpicker,Og Mandino,"{""Format:"": ""Hardcover"", ""Language:"": ""English"", ""ISBN:"": ""0553071297"", ""ISBN13:"": ""9780553071290"", ""Release Date:"": ""February 1992"", ""Publisher:"": ""Bantam Books"", ""Length:"": ""1 Pages"", ""Weight:"": ""2.50 lbs."", ""Dimensions:"": ""0.7\"" x 5.8\"" x 8.5\""""}",https://m.media-amazon.com/images/I/51+uNCqe3CL._SL350_.jpg
Happiness: A Guide to Developing Life's Most Important Skill,Matthieu Ricard,"{""Format:"": ""Paperback"", ""Language:"": ""English"", ""ISBN:"": ""0316167258"", ""ISBN13:"": ""9780316167253"", ""Release Date:"": ""January 2007"", ""Publisher:"": ""Little Brown and Company"", ""Length:"": ""304 Pages"", ""Weight:"": ""0.60 lbs."", ""Dimensions:"": ""0.8\"" x 5.5\"" x 8.3\""""}",https://i.thriftbooks.com/api/imagehandler/m/B594EA550FE02E8431743E451E5B6A9E2B1E63C7.jpeg
A 2nd Helping of Chicken Soup for the Soul,Jack Canfield,"{""Format:"": ""Hardcover"", ""Language:"": ""English"", ""ISBN:"": ""1558743324"", ""ISBN13:"": ""9781558743328"", ""Release Date:"": ""January 1994"", ""Publisher:"": ""Health Communications"", ""Length:"": ""329 Pages"", ""Weight:"": ""1.35 lbs."", ""Dimensions:"": ""1.1\"" x 5.8\"" x 8.8\""""}",https://i.thriftbooks.com/api/imagehandler/m/0B4182679887A5C94841F9F9811FED70B2410389.jpeg
Pharmacology for Health Professionals [With Access Code],Sally S. Roach,"{""Format:"": ""Paperback"", ""Language:"": ""English"", ""ISBN:"": ""0781766338"", ""ISBN13:"": ""9780781766333"", ""Release Date:"": ""January 2005"", ""Publisher:"": ""Lippincott Williams & Wilkins"", ""Length:"": ""596 Pages"", ""Weight:"": ""2.75 lbs."", ""Dimensions:"": ""0.9\"" x 8.3\"" x 10.7\""""}",https://i.thriftbooks.com/api/imagehandler/m/D15B3ED612519B8FEB246783ABBC8434A2B77042.jpeg
Faith in the Valley: Lessons for Women on the Journey to Peace,Iyanla Vanzant,"{""Format:"": ""Hardcover"", ""Language:"": ""English"", ""ISBN:"": ""0684850486"", ""ISBN13:"": ""9780684850481"", ""Release Date:"": ""May 1998"", ""Publisher:"": ""Simon & Schuster"", ""Length:"": ""368 Pages"", ""Weight:"": ""1.05 lbs."", ""Dimensions:"": ""1.2\"" x 5.6\"" x 7.5\""""}",https://i.thriftbooks.com/api/imagehandler/m/EA4B6AB17794E0F73318979A3C99BCE5E33B88B8.jpeg
"Ecotherapy: Healing Ourselves, Healing the Earth",Howard John Clinebell,"{""Format:"": ""Paperback"", ""Language:"": ""English"", ""ISBN:"": ""0789060094"", ""ISBN13:"": ""9780789060099"", ""Release Date:"": ""May 1996"", ""Publisher:"": ""Routledge"", ""Length:"": ""316 Pages"", ""Weight:"": ""1.15 lbs."", ""Dimensions:"": ""0.8\"" x 6.0\"" x 9.0\""""}",https://i.thriftbooks.com/api/imagehandler/m/D3AAC1BDE8797DE2B70A3A9B8692C350DED9D1A5.jpeg
"Business Mastery: A Guide for Creating a Fulfilling, Thriving Business and Keeping It Successful",Cherie M. Sohnen-Moe,"{""Format:"": ""Paperback"", ""Language:"": ""English"", ""ISBN:"": ""0962126543"", ""ISBN13:"": ""9780962126543"", ""Release Date:"": ""December 1997"", ""Publisher:"": ""Sohnen-Moe Associates"", ""Length:"": ""448 Pages"", ""Weight:"": ""1.10 lbs."", ""Dimensions:"": ""1.0\"" x 8.5\"" x 11.0\""""}",https://i.thriftbooks.com/api/imagehandler/m/E85011FE0314E6EC786EBD1912AD2C2AAEA27A9B.jpeg
Study Guide for Memmler's the Human Body in Health and Disease,Kerry L. Hull,"{""Format:"": ""Paperback"", ""Language:"": ""English"", ""ISBN:"": ""0781765811"", ""ISBN13:"": ""9780781765817"", ""Release Date:"": ""January 2008"", ""Publisher:"": ""Lippincott Williams & Wilkins"", ""Length:"": ""416 Pages"", ""Weight:"": ""2.22 lbs."", ""Dimensions:"": ""1.1\"" x 8.3\"" x 10.6\""""}",https://i.thriftbooks.com/api/imagehandler/m/F56F4D7856166088D19D7895CAF5B7EA6B6BECA4.jpeg
Christ the Healer,F.F. Bosworth,"{""Format:"": ""Paperback"", ""Language:"": ""English"", ""ISBN:"": ""0800757394"", ""ISBN13:"": ""9780800757397"", ""Release Date:"": ""February 2001"", ""Publisher:"": ""Fleming H. Revell Company"", ""Length:"": ""256 Pages"", ""Weight:"": ""0.85 lbs."", ""Dimensions:"": ""0.7\"" x 5.6\"" x 8.7\""""}",https://i.thriftbooks.com/api/imagehandler/m/81BAEC54F1C198EB13BCB861C5594C7F2BD5F9D8.jpeg
Essential Reiki: A Complete Guide to an Ancient Healing Art,Diane Stein,"{""Format:"": ""Paperback"", ""Language:"": ""English"", ""ISBN:"": ""0895947366"", ""Release Date:"": ""April 1995"", ""Publisher:"": ""Crossing Press"", ""Length:"": ""156 Pages"", ""Weight:"": ""0.80 lbs."", ""Dimensions:"": ""10.0\"" x 0.4\"" x 8.5\""""}",https://m.media-amazon.com/images/I/41uTEB9LV1L._SL350_.jpg
"Sacred Woman: A Guide to Healing the Feminine Body, Mind, and Spirit",Queen Afua,"{""Format:"": ""Paperback"", ""Language:"": ""English"", ""ISBN:"": ""0345434862"", ""ISBN13:"": ""9780345434869"", ""Release Date:"": ""October 2001"", ""Publisher:"": ""One World"", ""Length:"": ""496 Pages"", ""Weight:"": ""1.12 lbs."", ""Dimensions:"": ""1.1\"" x 7.1\"" x 9.1\""""}",https://i.thriftbooks.com/api/imagehandler/m/F439E3383C9706090DB9B749287BF0A05DBE06FD.jpeg
Cure for All Diseases: With Many Case Histories [Large Print],Hulda Regehr Clark,"{"""": """"}",https://i.thriftbooks.com/api/imagehandler/m/0C99AFB0DC0B66E9116A671659BD062AE2458406.jpeg
Between Heaven and Earth: A Guide to Chinese Medicine,Efrem Korn,"{""Format:"": ""Paperback"", ""Language:"": ""English"", ""ISBN:"": ""0345379748"", ""ISBN13:"": ""9780345379740"", ""Release Date:"": ""June 1992"", ""Publisher:"": ""Ballantine Books"", ""Length:"": ""448 Pages"", ""Weight:"": ""1.05 lbs."", ""Dimensions:"": ""0.9\"" x 6.2\"" x 9.3\""""}",https://i.thriftbooks.com/api/imagehandler/m/42E939ED79FA2DD833592E0C547ECBB52A47F701.jpeg
The Magnesium Miracle (Revised and Updated),Carolyn Dean,"{""Format:"": ""Paperback"", ""Language:"": ""English"", ""ISBN:"": ""034549458X"", ""ISBN13:"": ""9780345494580"", ""Release Date:"": ""December 2006"", ""Publisher:"": ""Ballantine Books"", ""Length:"": ""309 Pages"", ""Weight:"": ""0.68 lbs."", ""Dimensions:"": ""1.0\"" x 5.2\"" x 7.9\""""}",https://i.thriftbooks.com/api/imagehandler/m/9E41FCF4BE078C25547ACEBCDBDFA9A21F70E0CE.jpeg
Spontaneous Healing: How to Discover and Enhance: Your Body's Natural Ability to Maintain and Heal Itself,Andrew Weil,"{""Format:"": ""Hardcover"", ""Language:"": ""English"", ""ISBN:"": ""0679436073"", ""ISBN13:"": ""9780679436072"", ""Release Date:"": ""May 1995"", ""Publisher:"": ""Alfred A. Knopf"", ""Length:"": ""309 Pages"", ""Weight:"": ""1.51 lbs."", ""Dimensions:"": ""1.2\"" x 6.6\"" x 9.6\""""}",https://i.thriftbooks.com/api/imagehandler/m/6B6F8FD5ED39DE7A4AE2A9A3B64EC135FEEEC08F.jpeg
"The Coconut Oil Miracle: Use Nature's Elixir to Lose Weight, Beautify Skin and Hair, Prevent Heart Disease, Cancer, and Diabetes, Strengthen th",Bruce Fife,"{""Format:"": ""Paperback"", ""Language:"": ""English"", ""ISBN:"": ""1583335447"", ""ISBN13:"": ""9781583335444"", ""Release Date:"": ""December 2013"", ""Publisher:"": ""Avery Publishing Group"", ""Length:"": ""304 Pages"", ""Weight:"": ""0.94 lbs."", ""Dimensions:"": ""0.9\"" x 5.9\"" x 8.9\"""", ""Age Range:"": ""18 years and up"", ""Grade Range:"": ""Postsecondary and higher""}",https://i.thriftbooks.com/api/imagehandler/m/3761DDF5FF41546F25711D48606DFA70C8E3B4A0.jpeg
"The Emotion Code: How to Release Your Trapped Emotions for Abundant Health, Love, and Happiness (Updated and Expanded Edition)",Bradley Nelson,"{""Format:"": ""Hardcover"", ""Language:"": ""English"", ""ISBN:"": ""1250214505"", ""ISBN13:"": ""9781250214508"", ""Release Date:"": ""May 2019"", ""Publisher:"": ""St. Martin's Essentials"", ""Length:"": ""352 Pages"", ""Weight:"": ""1.21 lbs."", ""Dimensions:"": ""1.2\"" x 6.4\"" x 9.2\""""}",https://i.thriftbooks.com/api/imagehandler/m/7FF36F7EF78B5401DB9BCF08C95985A2A7506FD9.jpeg
Radical Remission,Kelly A. Turner,"{""Format:"": ""Paperback"", ""Language:"": ""English"", ""ISBN:"": ""0062268740"", ""ISBN13:"": ""9780062268747"", ""Release Date:"": ""September 2015"", ""Publisher:"": ""HarperOne"", ""Length:"": ""336 Pages"", ""Weight:"": ""0.58 lbs."", ""Dimensions:"": ""0.9\"" x 5.3\"" x 8.0\""""}",https://m.media-amazon.com/images/I/415Q4vVMk0L._SL350_.jpg
"The Miracle of Fasting: Proven Throughout History for Physical, Mental, & Spiritual Rejuvenation",Patricia Bragg,"{""Format:"": ""Paperback"", ""Language:"": ""English"", ""ISBN:"": ""0877900396"", ""Release Date:"": ""September 2004"", ""Publisher:"": ""Bragg"", ""Length:"": ""280 Pages"", ""Weight:"": ""1.01 lbs."", ""Dimensions:"": ""9.1\"" x 0.7\"" x 6.1\""""}",https://m.media-amazon.com/images/I/51Z9MQtAd7L._SL350_.jpg
Coming to Our Senses: Healing Ourselves and the World Through Mindfulness,Jon Kabat-Zinn,"{""Format:"": ""Paperback"", ""Language:"": ""English"", ""ISBN:"": ""0786886544"", ""Release Date:"": ""January 2006"", ""Publisher:"": ""Hachette Books"", ""Length:"": ""656 Pages"", ""Weight:"": ""1.90 lbs."", ""Dimensions:"": ""9.2\"" x 1.9\"" x 6.2\""""}",https://m.media-amazon.com/images/I/51RISZwInIL._SL350_.jpg
Vibrational Medicine: New Choices for Healing Ourselves,Richard Gerber,"{""Format:"": ""Paperback"", ""Language:"": ""English"", ""ISBN:"": ""0939680467"", ""ISBN13:"": ""9780939680467"", ""Release Date:"": ""January 1988"", ""Publisher:"": ""Bear & Company"", ""Length:"": ""559 Pages"", ""Weight:"": ""1.45 lbs."", ""Dimensions:"": ""1.3\"" x 5.5\"" x 8.5\""""}",https://m.media-amazon.com/images/I/51kza2yL19L._SL350_.jpg
"Ageless Body, Timeless Mind: The Quantum Alternative to Growing Old",Deepak Chopra,"{""Format:"": ""Paperback"", ""Language:"": ""English"", ""ISBN:"": ""0517882124"", ""Release Date:"": ""December 1994"", ""Publisher:"": ""Harmony"", ""Length:"": ""368 Pages"", ""Weight:"": ""0.88 lbs."", ""Dimensions:"": ""8.0\"" x 0.8\"" x 5.2\""""}",https://m.media-amazon.com/images/I/41LipGPQMDL._SL350_.jpg
The Brain's Way of Healing: Remarkable Discoveries and Recoveries from the Frontiers of Neuroplasticity,Norman Doidge,"{""Format:"": ""Paperback"", ""Language:"": ""English"", ""ISBN:"": ""014312837X"", ""ISBN13:"": ""9780143128373"", ""Release Date:"": ""January 2016"", ""Publisher:"": ""Penguin Life"", ""Length:"": ""448 Pages"", ""Weight:"": ""0.80 lbs."", ""Dimensions:"": ""1.0\"" x 5.3\"" x 8.3\""""}",https://i.thriftbooks.com/api/imagehandler/m/B8D1C6F03880646B833ED7193DF72D2494336D09.jpeg
"Love, Medicine and Miracles: Lessons Learned about Self-Healing from a Surgeon's Experience with Exceptional Patients",Bernie S. Siegel,"{""Format:"": ""Paperback"", ""Language:"": ""English"", ""ISBN:"": ""0060919833"", ""Release Date:"": ""July 1998"", ""Publisher:"": ""HarperPerennial"", ""Length:"": ""242 Pages"", ""Weight:"": ""0.44 lbs."", ""Dimensions:"": ""8.0\"" x 0.6\"" x 5.3\""""}",https://m.media-amazon.com/images/I/41xYirrA0BL._SL350_.jpg
Vitamin Shoppe Custom Edition Prescription for Natural Cures,James F. Balch,"{""Format:"": ""Paperback"", ""Language:"": ""English"", ""ISBN:"": ""0471775649"", ""ISBN13:"": ""9780471775645"", ""Release Date:"": ""August 2005"", ""Publisher:"": ""Wiley"", ""Length:"": ""736 Pages"", ""Weight:"": ""3.43 lbs.""}",https://i.thriftbooks.com/api/imagehandler/m/029EC17E6CB82EF167A76ED7701318A143475504.jpeg
Patient Heal Thyself,Jordan S. Rubin,"{""Format:"": ""Paperback"", ""Language:"": ""English"", ""ISBN:"": ""1893910245"", ""Release Date:"": ""January 2003"", ""Publisher:"": ""Freedom Press"", ""Length:"": ""304 Pages"", ""Weight:"": ""1.10 lbs."", ""Dimensions:"": ""9.2\"" x 0.6\"" x 7.2\""""}",https://m.media-amazon.com/images/I/61r4TJ7avZL._SL350_.jpg
Crystals for Beginners: The Guide to Get Started with the Healing Power of Crystals,Karen Frazier,"{""Format:"": ""Paperback"", ""Language:"": ""English"", ""ISBN:"": ""1623159911"", ""ISBN13:"": ""9781623159917"", ""Release Date:"": ""October 2017"", ""Publisher:"": ""Althea Press"", ""Length:"": ""208 Pages"", ""Weight:"": ""0.81 lbs."", ""Dimensions:"": ""0.7\"" x 5.8\"" x 8.2\""""}",https://i.thriftbooks.com/api/imagehandler/m/94EDEF93E768517BEC5731AEC0446D8CC500678F.jpeg
The Healing Power of Herbs: The Enlightened Person's Guide to the Wonders of Medicinal Plants,Michael T. Murray,"{""Format:"": ""Paperback"", ""Language:"": ""English"", ""ISBN:"": ""1559587008"", ""ISBN13:"": ""9781559587006"", ""Release Date:"": ""June 1995"", ""Publisher:"": ""Three Rivers Press (CA)"", ""Length:"": ""410 Pages"", ""Weight:"": ""1.71 lbs."", ""Dimensions:"": ""1.0\"" x 7.4\"" x 9.3\""""}",https://i.thriftbooks.com/api/imagehandler/m/8EB9D108B8732718A8FA09CB5515FE2A5B39AEDB.jpeg
"The Doctors Book of Home Remedies: Simple, Doctor-Approved Self-Care Solutions for 146 Common Health Conditions",Prevention Magazine,"{""Format:"": ""Hardcover"", ""Language:"": ""English"", ""ISBN:"": ""1579546110"", ""ISBN13:"": ""9781579546113"", ""Release Date:"": ""September 2002"", ""Publisher:"": ""Rodale Books"", ""Length:"": ""672 Pages"", ""Weight:"": ""2.31 lbs."", ""Dimensions:"": ""1.7\"" x 6.7\"" x 9.4\""""}",https://i.thriftbooks.com/api/imagehandler/m/1096E09928E2CC25319C774A789F004B23E2E382.jpeg
"The Ultramind Solution: Fix Your Broken Brain by Healing Your Body First: The Simple Way to Defeat Depression, Overcome Anxiety, and Sharpen Y",Mark Hyman,"{""Format:"": ""Hardcover"", ""Language:"": ""English"", ""ISBN:"": ""1416549714"", ""ISBN13:"": ""9781416549710"", ""Release Date:"": ""December 2008"", ""Publisher:"": ""Scribner Book Company"", ""Length:"": ""447 Pages"", ""Weight:"": ""1.48 lbs."", ""Dimensions:"": ""1.4\"" x 6.4\"" x 9.2\""""}",https://i.thriftbooks.com/api/imagehandler/m/A1979BE5E70E23CE084F3B69A30D415BFD2752CC.jpeg
How to Raise a Healthy Child in Spite of Your Doctor: One of America's Leading Pediatricians Puts Parents Back in Control of Their Children's Health,Robert S. Mendelsohn,"{""Format:"": ""Mass Market Paperback"", ""Language:"": ""English"", ""ISBN:"": ""0345342763"", ""ISBN13:"": ""9780345342768"", ""Release Date:"": ""May 1987"", ""Publisher:"": ""Ballantine Books"", ""Length:"": ""304 Pages"", ""Weight:"": ""0.36 lbs."", ""Dimensions:"": ""0.8\"" x 4.2\"" x 6.9\""""}",https://i.thriftbooks.com/api/imagehandler/m/1077C3E486C8E30C1A565DE1E87E76A5E8B2323A.jpeg
Acupressure's Potent Points: A Guide to Self-Care for Common Ailments,Michael Reed Gach,"{""Format:"": ""Paperback"", ""Language:"": ""English"", ""ISBN:"": ""0553349708"", ""Release Date:"": ""November 1990"", ""Publisher:"": ""Bantam"", ""Length:"": ""272 Pages"", ""Weight:"": ""1.18 lbs."", ""Dimensions:"": ""9.2\"" x 0.7\"" x 7.3\""""}",https://m.media-amazon.com/images/I/51ab-dJXTEL._SL350_.jpg
Why People Don't Heal and How They Can,Caroline Myss,"{""Format:"": ""Paperback"", ""Language:"": ""English"", ""ISBN:"": ""0609802240"", ""Release Date:"": ""September 1998"", ""Publisher:"": ""Harmony"", ""Length:"": ""288 Pages"", ""Weight:"": ""0.90 lbs."", ""Dimensions:"": ""9.0\"" x 0.8\"" x 6.0\""""}",https://m.media-amazon.com/images/I/41dGVh8it7L._SL350_.jpg
The Way of Herbs: Revised Edition,Michael Tierra,"{""Format:"": ""Mass Market Paperback"", ""Language:"": ""English"", ""ISBN:"": ""0671724037"", ""ISBN13:"": ""9780671724030"", ""Release Date:"": ""October 1990"", ""Publisher:"": ""Pocket Books"", ""Length:"": ""416 Pages"", ""Weight:"": ""0.45 lbs."", ""Dimensions:"": ""1.1\"" x 4.2\"" x 6.8\""""}",https://i.thriftbooks.com/api/imagehandler/m/D73B7D02E13E725CE774AF13E5D5052F10A12424.jpeg
"Super Immunity: The Essential Nutrition Guide for Boosting Your Body's Defenses to Live Longer, Stronger, and Disease Free",Joel Fuhrman,"{""Format:"": ""Paperback"", ""Language:"": ""English"", ""ISBN:"": ""0062080644"", ""ISBN13:"": ""9780062080646"", ""Release Date:"": ""December 2013"", ""Publisher:"": ""HarperOne"", ""Length:"": ""304 Pages"", ""Weight:"": ""0.51 lbs."", ""Dimensions:"": ""0.7\"" x 5.3\"" x 8.1\""""}",https://i.thriftbooks.com/api/imagehandler/m/C3CA8C6202F1AFBE981E696A5CF5EC0764F26630.jpeg
Dr. Dean Ornish's Program for Reversing Heart Disease,Dean Ornish,"{""Format:"": ""Hardcover"", ""Language:"": ""English"", ""ISBN:"": ""0394575652"", ""ISBN13:"": ""9780394575650"", ""Release Date:"": ""September 1990"", ""Publisher:"": ""Random House (NY)"", ""Length:"": ""631 Pages"", ""Weight:"": ""2.35 lbs."", ""Dimensions:"": ""1.9\"" x 6.5\"" x 9.5\""""}",https://i.thriftbooks.com/api/imagehandler/m/2942FF221714C1E5B97D578C9B5114F841C4CCF3.jpeg
Apple Cider Vinegar: Miracle Health System,Patricia Bragg,"{""Format:"": ""Paperback"", ""Language:"": ""English"", ""ISBN:"": ""0877901007"", ""ISBN13:"": ""9780877901006"", ""Release Date:"": ""April 2008"", ""Publisher:"": ""Bragg Health Science"", ""Length:"": ""115 Pages"", ""Weight:"": ""0.61 lbs."", ""Dimensions:"": ""0.5\"" x 6.0\"" x 8.9\""""}",https://i.thriftbooks.com/api/imagehandler/m/18AB3D12AE84C9CA5C6D755FC5263E44DAD8642C.jpeg
Peterson Field Guide to Medicinal Plants & Herbs of Eastern & Central N. America: Third Edition,Steven Foster,"{""Format:"": ""Paperback"", ""Language:"": ""English"", ""ISBN:"": ""0547943989"", ""ISBN13:"": ""9780547943985"", ""Release Date:"": ""April 2014"", ""Publisher:"": ""Mariner Books"", ""Length:"": ""480 Pages"", ""Weight:"": ""1.29 lbs."", ""Dimensions:"": ""1.3\"" x 4.5\"" x 7.6\""""}",https://i.thriftbooks.com/api/imagehandler/m/7F4DB256968F38EE1742D187C0506161B5F04116.jpeg
Herbal Healing for Women,Rosemary Gladstar,"{""Format:"": ""Paperback"", ""Language:"": ""English"", ""ISBN:"": ""0671767674"", ""ISBN13:"": ""9780671767679"", ""Release Date:"": ""November 1993"", ""Publisher:"": ""Atria Books"", ""Length:"": ""304 Pages"", ""Weight:"": ""1.20 lbs."", ""Dimensions:"": ""0.7\"" x 7.3\"" x 9.1\""""}",https://i.thriftbooks.com/api/imagehandler/m/D80263CA54573E54159EE75ED837C19FF8C74C10.jpeg
Ency of Herbal Medicine 3/E: 550 Herbs and Remedies for Common Ailments,Andrew Chevallier,"{"""": """"}",https://i.thriftbooks.com/api/imagehandler/m/1CA3989CEB27A7BF85C2DB40651767CC346DCD8E.jpeg
Anatomy of Movement,Blandine Calais-Germain,"{""Format:"": ""Paperback"", ""Language:"": ""English"", ""ISBN:"": ""0939616173"", ""ISBN13:"": ""9780939616176"", ""Release Date:"": ""October 1993"", ""Publisher:"": ""W.B. Saunders Company"", ""Length:"": ""289 Pages"", ""Weight:"": ""0.75 lbs."", ""Dimensions:"": ""0.7\"" x 6.9\"" x 9.9\""""}",https://i.thriftbooks.com/api/imagehandler/m/F50E164D6334019FC5AA146F2B4BE4324E8A3239.jpeg
"The New Encyclopedia of Modern Bodybuilding: The Bible of Bodybuilding, Fully Updated and Revised",Arnold Schwarzenegger,"{""Format:"": ""Paperback"", ""Language:"": ""English"", ""ISBN:"": ""B01E0EV2AS"", ""ISBN13:"": ""9780684857213"", ""Release Date:"": ""November 1999"", ""Publisher:"": ""Simon & Schuster"", ""Length:"": ""832 Pages"", ""Weight:"": ""2.27 lbs."", ""Dimensions:"": ""1.7\"" x 8.3\"" x 10.7\""""}",https://i.thriftbooks.com/api/imagehandler/m/7A595211DF1DFC9477E062702C2149A406D6B0ED.jpeg
"Women's Bodies, Women's Wisdom",Christiane Northrup,"{""Format:"": ""Paperback"", ""Language:"": ""English"", ""ISBN:"": ""0553374664"", ""ISBN13:"": ""9780553374667"", ""Release Date:"": ""July 1995"", ""Publisher:"": ""Bantam Books"", ""Length:"": ""753 Pages"", ""Weight:"": ""1.90 lbs."", ""Dimensions:"": ""1.7\"" x 6.0\"" x 9.0\""""}",https://i.thriftbooks.com/api/imagehandler/m/6AA08E327D59628C27F9C92C988C5D212E2D3CB5.jpeg
"Gut and Psychology Syndrome: Natural Treatment for Autism, Dyspraxia, A.D.D., Dyslexia, A.D.H.D., Depression, Schizophrenia, 2nd Edition",Natasha Campbell-McBride,"{""Format:"": ""Paperback"", ""Language:"": ""English"", ""ISBN:"": ""0954852028"", ""ISBN13:"": ""9780954852023"", ""Release Date:"": ""November 2010"", ""Publisher:"": ""Medinform Publishing"", ""Length:"": ""392 Pages"", ""Weight:"": ""1.14 lbs."", ""Dimensions:"": ""1.1\"" x 5.7\"" x 8.1\""""}",https://i.thriftbooks.com/api/imagehandler/m/5C7B0ABC027D87571774A1835B01AAC80A51381B.jpeg
Menopausal Years,Susun S. Weed,"{""Format:"": ""Paperback"", ""Language:"": ""English"", ""ISBN:"": ""0961462043"", ""ISBN13:"": ""9780961462048"", ""Release Date:"": ""September 1992"", ""Publisher:"": ""Ash Tree Publishing"", ""Length:"": ""199 Pages"", ""Weight:"": ""0.70 lbs."", ""Dimensions:"": ""0.6\"" x 5.6\"" x 8.5\""""}",https://i.thriftbooks.com/api/imagehandler/m/A400E256097162E7811DE851D4483F00363408E2.jpeg
Rodale's Encyclopedia of Natural Home Remedies,Mark Bricklin,"{""Format:"": ""Hardcover"", ""Language:"": ""English"", ""ISBN:"": ""0878573968"", ""ISBN13:"": ""9780878573967"", ""Release Date:"": ""August 1982"", ""Publisher:"": ""Yankee Books"", ""Length:"": ""512 Pages"", ""Weight:"": ""1.71 lbs."", ""Dimensions:"": ""2.0\"" x 6.0\"" x 9.0\""""}",https://m.media-amazon.com/images/I/51pU0Up8GxL._SL350_.jpg
The Web That Has No Weaver : Understanding Chinese Medicine,Ted Kaptchuk,"{""Format:"": ""Paperback"", ""Language:"": ""English"", ""ISBN:"": ""0809228408"", ""Release Date:"": ""May 2000"", ""Publisher:"": ""McGraw Hill"", ""Length:"": ""528 Pages"", ""Weight:"": ""1.25 lbs."", ""Dimensions:"": ""8.2\"" x 1.0\"" x 5.4\""""}",https://m.media-amazon.com/images/I/51BSAayauFL._SL350_.jpg
A Course in Weight Loss: 21 Spiritual Lessons for Surrendering Your Weight Forever,Marianne Williamson,"{""Format:"": ""Hardcover"", ""Language:"": ""English"", ""ISBN:"": ""1401921523"", ""ISBN13:"": ""9781401921521"", ""Release Date:"": ""January 2010"", ""Publisher:"": ""Hay House"", ""Length:"": ""408 Pages"", ""Weight:"": ""1.12 lbs."", ""Dimensions:"": ""1.1\"" x 6.2\"" x 9.1\""""}",https://i.thriftbooks.com/api/imagehandler/m/CA9F783D0E7EA2364F204C46C72EB72AA3B42CA3.jpeg
Healing After Loss:: Daily Meditations for Working Through Grief,Martha Whitmore Hickman,"{""Format:"": ""Paperback"", ""Language:"": ""English"", ""ISBN:"": ""0380773384"", ""ISBN13:"": ""9780380773381"", ""Release Date:"": ""December 1994"", ""Publisher:"": ""William Morrow & Company"", ""Length:"": ""384 Pages"", ""Weight:"": ""0.58 lbs."", ""Dimensions:"": ""0.8\"" x 4.0\"" x 5.9\""""}",https://i.thriftbooks.com/api/imagehandler/m/61E372DF6E4F1FCE273546EACAD16DDF8101873E.jpeg
When the Body Says No: Exploring the Stress-Disease Connection,Gabor Maté,"{""Format:"": ""Paperback"", ""Language:"": ""English"", ""ISBN:"": ""0470923350"", ""ISBN13:"": ""9780470923351"", ""Release Date:"": ""January 2011"", ""Publisher:"": ""Trade Paper Press"", ""Length:"": ""320 Pages"", ""Weight:"": ""0.80 lbs."", ""Dimensions:"": ""1.2\"" x 5.5\"" x 8.4\""""}",https://i.thriftbooks.com/api/imagehandler/m/7758E74F88BF89F352F7EA7097393A2086F9CBD9.jpeg
"Rosemary Gladstar's Medicinal Herbs: A Beginner's Guide: 33 Healing Herbs to Know, Grow, and Use",Rosemary Gladstar,"{""Format:"": ""Paperback"", ""Language:"": ""English"", ""ISBN:"": ""1612120059"", ""ISBN13:"": ""9781612120058"", ""Release Date:"": ""April 2012"", ""Publisher:"": ""Storey Publishing"", ""Length:"": ""224 Pages"", ""Weight:"": ""1.20 lbs."", ""Dimensions:"": ""0.6\"" x 7.0\"" x 8.9\""""}",https://i.thriftbooks.com/api/imagehandler/m/7668087F8923A0FEFE752C90583F11E3AC57E9B7.jpeg
Magic and Medicine of Plants,Reader's Digest Association,"{""Format:"": ""Hardcover"", ""Language:"": ""English"", ""ISBN:"": ""0895772213"", ""Release Date:"": ""September 1986"", ""Publisher:"": ""Readers Digest"", ""Length:"": ""464 Pages"", ""Weight:"": ""2.46 lbs."", ""Dimensions:"": ""11.3\"" x 1.0\"" x 7.0\""""}",https://m.media-amazon.com/images/I/51KCi4w2lQL._SL350_.jpg
"Full Catastrophe Living: Using the Wisdom of Your Body and Mind to Face Stress, Pain, and Illness",Jon Kabat-Zinn,"{""Format:"": ""Paperback"", ""Language:"": ""English"", ""ISBN:"": ""0385303122"", ""ISBN13:"": ""9780385303125"", ""Release Date:"": ""June 1990"", ""Publisher:"": ""Delta"", ""Length:"": ""496 Pages"", ""Weight:"": ""1.21 lbs."", ""Dimensions:"": ""1.2\"" x 6.1\"" x 9.1\""""}",https://i.thriftbooks.com/api/imagehandler/m/945E16B0EBD9F5AF4B13FE9A6F23A42EB6A72C40.jpeg
The Crystal Bible: A Definitive Guide to Crystals,Judy Hall,"{"""": """"}",https://i.thriftbooks.com/api/imagehandler/m/D9956EE2046FDCFF0FA257EDB808E7E062A07A1D.jpeg
Journey to the Heart: Daily Meditations on the Path to Freeing Your Soul,Melody Beattie,"{""Format:"": ""Paperback"", ""Language:"": ""English"", ""ISBN:"": ""0062511211"", ""Release Date:"": ""January 1996"", ""Publisher:"": ""HarperSanFrancisco"", ""Length:"": ""384 Pages"", ""Weight:"": ""0.72 lbs."", ""Dimensions:"": ""7.4\"" x 1.0\"" x 5.5\""""}",https://m.media-amazon.com/images/I/51RIKVCH8uL._SL350_.jpg
Healing with Whole Foods: Oriental Traditions and Modern Nutrition,Paul Pitchford,"{""Format:"": ""Hardcover"", ""Language:"": ""English"", ""ISBN:"": ""1556432208"", ""ISBN13:"": ""9781556432200"", ""Release Date:"": ""July 1993"", ""Publisher:"": ""North Atlantic Books"", ""Length:"": ""658 Pages"", ""Weight:"": ""3.68 lbs."", ""Dimensions:"": ""1.8\"" x 7.7\"" x 10.0\""""}",https://i.thriftbooks.com/api/imagehandler/m/52F45271CFC8E1E61E415C677FC28BC2C41B0A23.jpeg
The Gerson Therapy: The Proven Nutritional Program for Cancer and Other Illnesses,Charlotte Gerson,"{""Format:"": ""Paperback"", ""Language:"": ""English"", ""ISBN:"": ""1575666286"", ""Release Date:"": ""October 2001"", ""Publisher:"": ""Kensington"", ""Length:"": ""464 Pages"", ""Weight:"": ""1.20 lbs."", ""Dimensions:"": ""9.0\"" x 1.2\"" x 6.0\""""}",https://m.media-amazon.com/images/I/51RmGORvoBL._SL350_.jpg
The Places That Scare You: A Guide to Fearlessness in Difficult Times,Pema Chödrön,"{""Format:"": ""Paperback"", ""Language:"": ""English"", ""ISBN:"": ""1570629218"", ""ISBN13:"": ""9781570629211"", ""Release Date:"": ""August 2002"", ""Publisher:"": ""Shambhala"", ""Length:"": ""160 Pages"", ""Weight:"": ""0.54 lbs."", ""Dimensions:"": ""0.5\"" x 6.0\"" x 9.0\""""}",https://i.thriftbooks.com/api/imagehandler/m/43D4926843777AE8D7FEB44B3D5F78534B732B49.jpeg
Earthing: The Most Important Health Discovery Ever!,Clinton Ober,"{""Format:"": ""Paperback"", ""Language:"": ""English"", ""ISBN:"": ""1591202833"", ""ISBN13:"": ""9781591202837"", ""Release Date:"": ""April 2010"", ""Publisher:"": ""Basic Health Publications"", ""Length:"": ""260 Pages"", ""Weight:"": ""0.85 lbs."", ""Dimensions:"": ""1.0\"" x 6.0\"" x 9.0\""""}",https://i.thriftbooks.com/api/imagehandler/m/015C21B5FE6429C108ABDF359028B0F4F7B62C08.jpeg
The Mindful Way Through Depression: Freeing Yourself from Chronic Unhappiness [With CD],Zindel V. Segal,"{""Format:"": ""Paperback"", ""Language:"": ""English"", ""ISBN:"": ""1593851286"", ""ISBN13:"": ""9781593851286"", ""Release Date:"": ""June 2007"", ""Publisher:"": ""Guilford Publications"", ""Length:"": ""273 Pages"", ""Weight:"": ""0.89 lbs."", ""Dimensions:"": ""0.9\"" x 6.0\"" x 8.9\""""}",https://i.thriftbooks.com/api/imagehandler/m/445CF295D3A8D44F646A2E23C437E9E8D2AD09CC.jpeg
New Seeds of Contemplation,Thomas Merton,"{""Format:"": ""Paperback"", ""Language:"": ""English"", ""ISBN:"": ""081120099X"", ""Release Date:"": ""January 1972"", ""Publisher:"": ""New Directions"", ""Length:"": ""297 Pages"", ""Weight:"": ""0.54 lbs."", ""Dimensions:"": ""8.0\"" x 0.8\"" x 5.5\""""}",https://m.media-amazon.com/images/I/41PHKJ7quxL._SL350_.jpg
The Complete Medicinal Herbal: A Practical Guide to the Healing Properties of Herbs,Penelope Ody,"{""Format:"": ""Paperback"", ""Language:"": ""English"", ""ISBN:"": ""1634508432"", ""ISBN13:"": ""9781634508438"", ""Release Date:"": ""May 2017"", ""Publisher:"": ""Skyhorse Publishing"", ""Length:"": ""280 Pages"", ""Weight:"": ""1.60 lbs."", ""Dimensions:"": ""0.6\"" x 7.0\"" x 9.0\""""}",https://i.thriftbooks.com/api/imagehandler/m/D34F3E83CB1EF1AAEA8BA7BB96165AF9B5191336.jpeg
The Complete Book of Herbs: A Practical Guide to Growing and Using Herbs,Lesley Bremness,"{""Format:"": ""Hardcover"", ""Language:"": ""English"", ""ISBN:"": ""0670818941"", ""ISBN13:"": ""9780670818945"", ""Release Date:"": ""October 1988"", ""Publisher:"": ""Penguin Putnam"", ""Length:"": ""288 Pages"", ""Weight:"": ""2.84 lbs."", ""Dimensions:"": ""1.1\"" x 8.0\"" x 12.0\""""}",https://m.media-amazon.com/images/I/51Kcm0Ca+eL._SL350_.jpg
"The Mindbody Prescription: Healing the Body, Healing the Pain",John E. Sarno,"{""Format:"": ""Paperback"", ""Language:"": ""English"", ""ISBN:"": ""0446675156"", ""Release Date:"": ""October 1999"", ""Publisher:"": ""Warner Books, Inc."", ""Length:"": ""210 Pages"", ""Weight:"": ""0.56 lbs."", ""Dimensions:"": ""8.1\"" x 0.8\"" x 5.3\""""}",https://m.media-amazon.com/images/I/41qATGExvOL._SL350_.jpg
Healing ADD from the Inside Out: The Breakthrough Program That Allows You to See and Heal the Seven Types of Attention Deficit Disorder,Daniel G. Amen,"{""Format:"": ""Paperback"", ""Language:"": ""English"", ""ISBN:"": ""0425269973"", ""ISBN13:"": ""9780425269978"", ""Release Date:"": ""December 2013"", ""Publisher:"": ""Berkley Books"", ""Length:"": ""464 Pages"", ""Weight:"": ""1.02 lbs."", ""Dimensions:"": ""1.1\"" x 5.9\"" x 8.9\"""", ""Age Range:"": ""18 years and up"", ""Grade Range:"": ""Postsecondary and higher""}",https://i.thriftbooks.com/api/imagehandler/m/35772CAC08481627F22B9626043F80577A169560.jpeg
"Encyclopedia of Natural Medicine, Revised Second Edition",Joseph E. Pizzorno,"{""Format:"": ""Paperback"", ""Language:"": ""English"", ""ISBN:"": ""0761511571"", ""ISBN13:"": ""9780761511571"", ""Release Date:"": ""December 1997"", ""Publisher:"": ""Harmony"", ""Length:"": ""960 Pages"", ""Weight:"": ""3.49 lbs."", ""Dimensions:"": ""9.3\"" x 2.3\"" x 7.8\""""}",https://i.thriftbooks.com/api/imagehandler/m/FD931F074F1CE849C3BDD223A58307A31FB40921.jpeg
The Juicing Bible,Pat Crocker,"{""Format:"": ""Paperback"", ""Language:"": ""English"", ""ISBN:"": ""0778801810"", ""ISBN13:"": ""9780778801818"", ""Release Date:"": ""March 2008"", ""Publisher:"": ""Robert Rose"", ""Length:"": ""384 Pages"", ""Weight:"": ""1.73 lbs."", ""Dimensions:"": ""0.9\"" x 6.9\"" x 9.9\""""}",https://i.thriftbooks.com/api/imagehandler/m/8EF7080FF437AB6CE1149CB2370B742C1E65002F.jpeg
"Buddha's Brain: The Practical Neuroscience of Happiness, Love, and Wisdom",Rick Hanson,"{""Format:"": ""Paperback"", ""Language:"": ""English"", ""ISBN:"": ""1572246952"", ""ISBN13:"": ""9781572246959"", ""Release Date:"": ""November 2009"", ""Publisher:"": ""New Harbinger Publications"", ""Length:"": ""272 Pages"", ""Weight:"": ""0.91 lbs."", ""Dimensions:"": ""0.7\"" x 6.0\"" x 8.9\""""}",https://i.thriftbooks.com/api/imagehandler/m/A701C55F24F3FEE0A65199B8C0E5ADDFB1739783.jpeg
Energy Medicine,Donna Eden,"{""Format:"": ""Paperback"", ""Language:"": ""English"", ""ISBN:"": ""1585420212"", ""ISBN13:"": ""9781585420216"", ""Release Date:"": ""December 1999"", ""Publisher:"": ""Putnam Publishing Group"", ""Length:"": ""378 Pages"", ""Weight:"": ""1.55 lbs."", ""Dimensions:"": ""1.0\"" x 7.4\"" x 9.2\"""", ""Age Range:"": ""18 years and up"", ""Grade Range:"": ""Postsecondary and higher""}",https://i.thriftbooks.com/api/imagehandler/m/59E57C3C1919B5BE6B77EB7061F44B5C001A9092.jpeg
Start Where You Are: A Guide to Compassionate Living,Pema Chödrön,"{""Format:"": ""Paperback"", ""Language:"": ""English"", ""ISBN:"": ""1570628394"", ""ISBN13:"": ""9781570628399"", ""Release Date:"": ""August 2001"", ""Publisher:"": ""Shambhala"", ""Length:"": ""176 Pages"", ""Weight:"": ""0.55 lbs."", ""Dimensions:"": ""0.5\"" x 6.0\"" x 9.2\""""}",https://i.thriftbooks.com/api/imagehandler/m/979BCF5EA1FFEFB041122B358F4446F424791E30.jpeg
"The Illustrated Encyclopedia of Healing Remedies: Over 1,000 Natural Remedies for the Prevention, Treatment, and Cure of Common Ailments and Conditions",C. Norman Shealy,"{""Format:"": ""Hardcover"", ""Language:"": ""English"", ""ISBN:"": ""076071486X"", ""ISBN13:"": ""9780760714867"", ""Release Date:"": ""January 1999"", ""Publisher:"": ""Barnes and Noble Books"", ""Length:"": ""496 Pages"", ""Weight:"": ""5.50 lbs.""}",https://m.media-amazon.com/images/I/51IWgi69p3L._SL350_.jpg
Herbal Medicine,Dian Dincin Buchman,"{""Format:"": ""Hardcover"", ""Language:"": ""English"", ""ISBN:"": ""1855013649"", ""ISBN13:"": ""9781855013643"", ""Release Date:"": ""January 1993"", ""Publisher:"": ""Tiger Books"", ""Length:"": ""296 Pages"", ""Weight:"": ""0.90 lbs.""}",https://i.thriftbooks.com/api/imagehandler/m/EE2BB3853E7763409FF30570CEE4FCF451FBE965.jpeg
Simple Abundance: A Daybook of Comfort of Joy,Sarah Ban Breathnach,"{""Format:"": ""Hardcover"", ""Language:"": ""English"", ""ISBN:"": ""0446519138"", ""Release Date:"": ""November 1995"", ""Publisher:"": ""Warner Books"", ""Length:"": ""528 Pages"", ""Weight:"": ""1.37 lbs."", ""Dimensions:"": ""9.8\"" x 1.8\"" x 6.0\""""}",https://m.media-amazon.com/images/I/515atX5+39L._SL350_.jpg
The Power Is Within You,Louise L. Hay,"{""Format:"": ""Paperback"", ""Language:"": ""English"", ""ISBN:"": ""1561700231"", ""Release Date:"": ""December 1991"", ""Publisher:"": ""Hay House Inc."", ""Length:"": ""256 Pages"", ""Weight:"": ""0.60 lbs."", ""Dimensions:"": ""8.4\"" x 0.6\"" x 5.4\""""}",https://m.media-amazon.com/images/I/41kgakRtzrL._SL350_.jpg
Molecules of Emotion: The Science Behind Mind-Body Medicine,Candace B. Pert,"{""Format:"": ""Hardcover"", ""Language:"": ""English"", ""ISBN:"": ""0684831872"", ""ISBN13:"": ""9780684831879"", ""Release Date:"": ""September 1997"", ""Publisher:"": ""Scribner Book Company"", ""Length:"": ""368 Pages"", ""Weight:"": ""1.55 lbs."", ""Dimensions:"": ""1.1\"" x 7.0\"" x 9.0\""""}",https://i.thriftbooks.com/api/imagehandler/m/E3C43C70A8733435ADF2A2E84160077F1C8CBA22.jpeg
Birthing from Within: An Extra-Ordinary Guide to Childbirth Preparation,Pam England,"{""Format:"": ""Paperback"", ""Language:"": ""English"", ""ISBN:"": ""0965987302"", ""Release Date:"": ""July 1998"", ""Publisher:"": ""Partera Press"", ""Length:"": ""331 Pages"", ""Weight:"": ""1.70 lbs."", ""Dimensions:"": ""10.0\"" x 0.6\"" x 7.0\""""}",https://m.media-amazon.com/images/I/51kSuVNEjcL._SL350_.jpg
Natural Childbirth the Bradley Way: Revised Edition,Susan McCutcheon,"{""Format:"": ""Paperback"", ""Language:"": ""English"", ""ISBN:"": ""0452276594"", ""ISBN13:"": ""9780452276598"", ""Release Date:"": ""July 1996"", ""Publisher:"": ""Plume Books"", ""Length:"": ""336 Pages"", ""Weight:"": ""0.95 lbs."", ""Dimensions:"": ""1.0\"" x 8.9\"" x 6.7\"""", ""Age Range:"": ""18 years and up"", ""Grade Range:"": ""Postsecondary and higher""}",https://i.thriftbooks.com/api/imagehandler/m/EA44698DEF0163F15429DB7B14F401428DE5FE78.jpeg
Stretching,Bob Anderson,"{""Format:"": ""Paperback"", ""Language:"": ""English"", ""ISBN:"": ""0394738748"", ""ISBN13:"": ""9780394738741"", ""Release Date:"": ""January 1980"", ""Publisher:"": ""Shelter Publications"", ""Length:"": ""192 Pages"", ""Weight:"": ""1.17 lbs."", ""Dimensions:"": ""0.5\"" x 8.4\"" x 10.8\""""}",https://i.thriftbooks.com/api/imagehandler/m/7427CA8F54CCA521863991370395834E2736DADF.jpeg
Each Day a New Beginning,Hazelden Foundation,"{""Format:"": ""Paperback"", ""Language:"": ""English"", ""ISBN:"": ""0866835016"", ""ISBN13:"": ""9780866835015"", ""Release Date:"": ""January 1985"", ""Publisher:"": ""HarperOne"", ""Length:"": ""400 Pages"", ""Weight:"": ""0.48 lbs."", ""Dimensions:"": ""0.8\"" x 4.0\"" x 6.0\""""}",https://m.media-amazon.com/images/I/41LYxPhAHdL._SL350_.jpg
Your Body's Many Cries for Water,Fereydoon Batmanghelidj,"{""Format:"": ""Paperback"", ""Language:"": ""English"", ""ISBN:"": ""0970245882"", ""Release Date:"": ""November 2008"", ""Publisher:"": ""Global Health Solutions, Inc."", ""Length:"": ""196 Pages"", ""Weight:"": ""0.20 lbs."", ""Dimensions:"": ""8.0\"" x 0.8\"" x 5.5\""""}",https://m.media-amazon.com/images/I/41S-jCIdVSL._SL350_.jpg
The Trigger Point Therapy Workbook: Your Self-Treatment Guide for Pain Relief,Amber Davies,"{""Format:"": ""Paperback"", ""Language:"": ""English"", ""ISBN:"": ""1572243759"", ""ISBN13:"": ""9781572243750"", ""Release Date:"": ""August 2004"", ""Publisher:"": ""New Harbinger Publications"", ""Length:"": ""323 Pages"", ""Weight:"": ""1.44 lbs."", ""Dimensions:"": ""0.7\"" x 8.5\"" x 10.9\""""}",https://i.thriftbooks.com/api/imagehandler/m/7A97CAA523197A98531D86179F9FD0117A8154E8.jpeg
Wheels of Life: A User's Guide to the Chakra System,Anodea Judith,"{""Format:"": ""Paperback"", ""Language:"": ""English"", ""ISBN:"": ""0875423205"", ""ISBN13:"": ""9780875423203"", ""Release Date:"": ""January 1987"", ""Publisher:"": ""Llewellyn Publications"", ""Length:"": ""528 Pages"", ""Weight:"": ""1.78 lbs."", ""Dimensions:"": ""1.2\"" x 6.0\"" x 8.9\""""}",https://i.thriftbooks.com/api/imagehandler/m/77ED2A60BFC1F4C39E4D7E24D5EE638B08AD6B0E.jpeg
The Vaccine Book: Making the Right Decision for Your Child,Robert W. Sears,"{""Format:"": ""Paperback"", ""Language:"": ""English"", ""ISBN:"": ""0316017507"", ""ISBN13:"": ""9780316017503"", ""Release Date:"": ""October 2007"", ""Publisher:"": ""Little Brown and Company"", ""Length:"": ""278 Pages"", ""Weight:"": ""0.65 lbs."", ""Dimensions:"": ""0.8\"" x 6.2\"" x 8.3\""""}",https://i.thriftbooks.com/api/imagehandler/m/6856B076D2C9F542F687798398E020EA5C31D485.jpeg
"Rosemary Gladstar's Herbal Recipes for Vibrant Health: 175 Teas, Tonics, Oils, Salves, Tinctures, and Other Natural Remedies for the Entire Family",Rosemary Gladstar,"{""Format:"": ""Paperback"", ""Language:"": ""English"", ""ISBN:"": ""1603420789"", ""ISBN13:"": ""9781603420785"", ""Release Date:"": ""September 2008"", ""Publisher:"": ""Storey Publishing"", ""Length:"": ""400 Pages"", ""Weight:"": ""1.80 lbs."", ""Dimensions:"": ""1.1\"" x 7.2\"" x 7.2\""""}",https://i.thriftbooks.com/api/imagehandler/m/4ABD0117C08794BC50E62C28601DC66FF96BDF0A.jpeg
Hands of Light: A Guide to Healing Through the Human Energy Field,Barbara Ann Brennan,"{""Format:"": ""Paperback"", ""Language:"": ""English"", ""ISBN:"": ""0553345397"", ""Release Date:"": ""May 1988"", ""Publisher:"": ""Bantam"", ""Length:"": ""320 Pages"", ""Weight:"": ""1.57 lbs."", ""Dimensions:"": ""10.9\"" x 0.7\"" x 8.5\""""}",https://m.media-amazon.com/images/I/41NtMXJiAyL._SL350_.jpg
Ayurveda: The Science of Self Healing: A Practical Guide,Vasant Dattatray Lad,"{""Format:"": ""Paperback"", ""Language:"": ""English"", ""ISBN:"": ""0914955004"", ""Release Date:"": ""January 1985"", ""Publisher:"": ""Lotus Press"", ""Length:"": ""176 Pages"", ""Weight:"": ""0.66 lbs."", ""Dimensions:"": ""8.7\"" x 0.5\"" x 5.6\""""}",https://m.media-amazon.com/images/I/41dFTCvc-5L._SL350_.jpg
Perfect Health--Revised and Updated: The Complete Mind Body Guide,Deepak Chopra,"{""Format:"": ""Paperback"", ""Language:"": ""English"", ""ISBN:"": ""0609806947"", ""ISBN13:"": ""9780609806944"", ""Release Date:"": ""February 2001"", ""Publisher:"": ""Harmony"", ""Length:"": ""400 Pages"", ""Weight:"": ""1.08 lbs."", ""Dimensions:"": ""1.1\"" x 5.9\"" x 8.9\""""}",https://i.thriftbooks.com/api/imagehandler/m/BC20DF75DB7123AF4C50D4B86119D68DAAA311A6.jpeg
"Change Your Brain, Change Your Body: Use Your Brain to Get and Keep the Body You Have Always Wanted",Daniel G. Amen,"{""Format:"": ""Hardcover"", ""Language:"": ""English"", ""ISBN:"": ""0307463575"", ""ISBN13:"": ""9780307463579"", ""Release Date:"": ""February 2010"", ""Publisher:"": ""Harmony Books"", ""Length:"": ""372 Pages"", ""Weight:"": ""1.38 lbs."", ""Dimensions:"": ""1.2\"" x 6.4\"" x 9.1\""""}",https://i.thriftbooks.com/api/imagehandler/m/0439ECD4D0DA29D2577B97A7B7080054702F9629.jpeg
Mindfulness in Plain English,Henepola Gunaratana,"{""Format:"": ""Paperback"", ""Language:"": ""English"", ""ISBN:"": ""0861713214"", ""ISBN13:"": ""9780861713219"", ""Release Date:"": ""November 1996"", ""Publisher:"": ""Wisdom Publications (MA)"", ""Length:"": ""208 Pages"", ""Weight:"": ""0.76 lbs."", ""Dimensions:"": ""0.6\"" x 6.0\"" x 9.0\""""}",https://i.thriftbooks.com/api/imagehandler/m/5D313E6EBACA2D9B753B1ADD27059AB812C55870.jpeg
Comfortable with Uncertainty: 108 Teachings on Cultivating Fearlessness and Compassion,Pema Chödrön,"{""Format:"": ""Paperback"", ""Language:"": ""English"", ""ISBN:"": ""1590300785"", ""ISBN13:"": ""9781590300787"", ""Release Date:"": ""December 2003"", ""Publisher:"": ""Shambhala"", ""Length:"": ""240 Pages"", ""Weight:"": ""0.50 lbs."", ""Dimensions:"": ""0.6\"" x 5.2\"" x 7.2\""""}",https://i.thriftbooks.com/api/imagehandler/m/EFC7C5B2D8F7EE55599143EBC284D3E09131A4CA.jpeg
There's a Spiritual Solution to Every Problem,Wayne W. Dyer,"{""Format:"": ""Hardcover"", ""Language:"": ""English"", ""ISBN:"": ""0060192305"", ""ISBN13:"": ""9780060192303"", ""Release Date:"": ""August 2001"", ""Publisher:"": ""Harper"", ""Length:"": ""288 Pages"", ""Weight:"": ""1.05 lbs."", ""Dimensions:"": ""1.0\"" x 6.1\"" x 9.3\""""}",https://i.thriftbooks.com/api/imagehandler/m/ED277F195C05DF1D3BFE8649F20E5373542D849C.jpeg
No Man Is an Island,Thomas Merton,"{""Format:"": ""Hardcover"", ""Language:"": ""English"", ""ISBN:"": ""0760738351"", ""ISBN13:"": ""9780760738351"", ""Release Date:"": ""January 2003"", ""Publisher:"": ""Barnes & Noble Books"", ""Length:"": ""264 Pages"", ""Weight:"": ""0.64 lbs.""}",https://m.media-amazon.com/images/I/41eECWKVXvL._SL350_.jpg
Opening to Channel: How to Connect with Your Guide,Sanaya Roman,"{""Format:"": ""Paperback"", ""Language:"": ""English"", ""ISBN:"": ""0915811057"", ""ISBN13:"": ""9780915811052"", ""Release Date:"": ""January 1993"", ""Publisher:"": ""Hj Kramer"", ""Length:"": ""252 Pages"", ""Weight:"": ""1.68 lbs."", ""Dimensions:"": ""0.7\"" x 5.5\"" x 8.5\""""}",https://i.thriftbooks.com/api/imagehandler/m/1F8C65453D21D8B8BBDC1F79CA844F5508906CA7.jpeg
The Intention Experiment: Using Your Thoughts to Change Your Life and the World,Lynne McTaggart,"{""Format:"": ""Paperback"", ""Language:"": ""English"", ""ISBN:"": ""0743276965"", ""ISBN13:"": ""9780743276962"", ""Release Date:"": ""February 2008"", ""Publisher:"": ""Atria Books"", ""Length:"": ""336 Pages"", ""Weight:"": ""0.88 lbs."", ""Dimensions:"": ""0.8\"" x 5.6\"" x 8.4\""""}",https://i.thriftbooks.com/api/imagehandler/m/2B11FD40C81A0218A8F77F26FFBF0DDDB52F0778.jpeg
"Eastern Body, Western Mind: Psychology and the Chakra System as a Path to the Self",Anodea Judith,"{""Format:"": ""Paperback"", ""Language:"": ""English"", ""ISBN:"": ""1587612259"", ""ISBN13:"": ""9781587612251"", ""Release Date:"": ""August 2004"", ""Publisher:"": ""Celestial Arts"", ""Length:"": ""504 Pages"", ""Weight:"": ""1.45 lbs."", ""Dimensions:"": ""1.4\"" x 5.9\"" x 8.8\""""}",https://i.thriftbooks.com/api/imagehandler/m/B6B8ABB8512C84C644F832B9137F92AFD5C0FF4E.jpeg
Lovingkindness: The Revolutionary Art of Happiness,Sharon Salzberg,"{""Format:"": ""Paperback"", ""Language:"": ""English"", ""ISBN:"": ""157062903X"", ""Release Date:"": ""September 2002"", ""Publisher:"": ""Shambhala"", ""Length:"": ""208 Pages"", ""Weight:"": ""0.75 lbs."", ""Dimensions:"": ""9.0\"" x 0.5\"" x 5.9\""""}",https://m.media-amazon.com/images/I/41G6pxZHgtL._SL350_.jpg
The Dancing Wu Li Masters: An Overview of the New Physics,Gary Zukav,"{""Format:"": ""Hardcover"", ""Language:"": ""English"", ""ISBN:"": ""0688034020"", ""ISBN13:"": ""9780688034023"", ""Release Date:"": ""January 1979"", ""Publisher:"": ""William Morrow & Company"", ""Length:"": ""350 Pages"", ""Weight:"": ""1.62 lbs.""}",https://m.media-amazon.com/images/I/517ylMFwZ5L._SL350_.jpg
Through Time Into Healing,Brian L. Weiss,"{""Format:"": ""Hardcover"", ""Language:"": ""English"", ""ISBN:"": ""067174528X"", ""ISBN13:"": ""9780671745288"", ""Release Date:"": ""August 1992"", ""Publisher:"": ""Simon & Schuster"", ""Length:"": ""202 Pages"", ""Weight:"": ""0.45 lbs."", ""Dimensions:"": ""0.8\"" x 6.3\"" x 9.6\""""}",https://i.thriftbooks.com/api/imagehandler/m/5FC24D5596117CB33A910C317F8D222B22B1346C.jpeg
The Yamas & Niyamas: Exploring Yoga's Ethical Practice,Deborah Adele,"{""Format:"": ""Paperback"", ""Language:"": ""English"", ""ISBN:"": ""0974470643"", ""ISBN13:"": ""9780974470641"", ""Release Date:"": ""September 2009"", ""Publisher:"": ""On-Word Bound Books"", ""Length:"": ""192 Pages"", ""Weight:"": ""0.64 lbs."", ""Dimensions:"": ""0.5\"" x 5.2\"" x 7.4\""""}",https://i.thriftbooks.com/api/imagehandler/m/17122F560DD44752B1836C1EFF8FCAD889498CB0.jpeg
Journey of Awakening: A Meditator's Guidebook,Ram Dass,"{""Format:"": ""Mass Market Paperback"", ""Language:"": ""English"", ""ISBN:"": ""0553285726"", ""ISBN13:"": ""9780553285727"", ""Release Date:"": ""July 1990"", ""Publisher:"": ""Bantam"", ""Length:"": ""448 Pages"", ""Weight:"": ""0.50 lbs."", ""Dimensions:"": ""1.0\"" x 4.3\"" x 7.1\""""}",https://i.thriftbooks.com/api/imagehandler/m/214A14D50666C0B7C36D5CEB2C4A4FD248408C6E.jpeg
More Language of Letting Go: 366 New Meditations by Melody Beattie,Melody Beattie,"{""Format:"": ""Paperback"", ""Language:"": ""English"", ""ISBN:"": ""1568385587"", ""ISBN13:"": ""9781568385587"", ""Release Date:"": ""September 2000"", ""Publisher:"": ""Hazelden Publishing & Educational Services"", ""Length:"": ""432 Pages"", ""Weight:"": ""0.88 lbs."", ""Dimensions:"": ""1.0\"" x 4.9\"" x 7.2\""""}",https://i.thriftbooks.com/api/imagehandler/m/F378631EE49A838ADB02A3F2A5C722371011CC57.jpeg
You Are the Placebo: Making Your Mind Matter,Joe Dispenza,"{""Format:"": ""Paperback"", ""Language:"": ""English"", ""ISBN:"": ""1401944590"", ""ISBN13:"": ""9781401944599"", ""Release Date:"": ""September 2015"", ""Publisher:"": ""Hay House"", ""Length:"": ""416 Pages"", ""Weight:"": ""1.30 lbs."", ""Dimensions:"": ""1.0\"" x 6.0\"" x 9.0\""""}",https://i.thriftbooks.com/api/imagehandler/m/59C35B5121ABF25C320B18D8CA5BA2CF48CA5142.jpeg
Everyday Blessings: The Inner Work of Mindful Parenting,Myla Kabat-Zinn,"{""Format:"": ""Paperback"", ""Language:"": ""English"", ""ISBN:"": ""0786883146"", ""Release Date:"": ""May 1998"", ""Publisher:"": ""Hachette Books"", ""Length:"": ""394 Pages"", ""Weight:"": ""1.18 lbs."", ""Dimensions:"": ""8.3\"" x 1.0\"" x 5.4\""""}",https://m.media-amazon.com/images/I/418cHC5ZkfL._SL350_.jpg
Mindfulness for Beginners: Reclaiming the Present Moment--And Your Life,Jon Kabat-Zinn,"{""Format:"": ""Hardcover"", ""Language:"": ""English"", ""ISBN:"": ""1604076585"", ""ISBN13:"": ""9781604076585"", ""Release Date:"": ""December 2011"", ""Publisher:"": ""Sounds True"", ""Length:"": ""184 Pages"", ""Weight:"": ""1.01 lbs."", ""Dimensions:"": ""0.8\"" x 6.2\"" x 8.1\""""}",https://i.thriftbooks.com/api/imagehandler/m/D95D4831589D8BC23054E1C8A1163803C9FCAC4C.jpeg
"Manifest Your Destiny: Nine Spiritual Principles for Getting Everything You Want, the",Wayne W. Dyer,"{""Format:"": ""Paperback"", ""Language:"": ""English"", ""ISBN:"": ""0060928921"", ""ISBN13:"": ""9780060928926"", ""Release Date:"": ""February 1998"", ""Publisher:"": ""William Morrow & Company"", ""Length:"": ""192 Pages"", ""Weight:"": ""0.30 lbs."", ""Dimensions:"": ""0.5\"" x 5.2\"" x 8.0\""""}",https://i.thriftbooks.com/api/imagehandler/m/FB79F8FFC614343827957C8F2044A2ABC2502354.jpeg
A Year to Live: How to Live This Year as If It Were Your Last,Stephen Levine,"{""Format:"": ""Paperback"", ""Language:"": ""English"", ""ISBN:"": ""0609801945"", ""ISBN13:"": ""9780609801949"", ""Release Date:"": ""April 1998"", ""Publisher:"": ""Harmony"", ""Length:"": ""192 Pages"", ""Weight:"": ""0.35 lbs."", ""Dimensions:"": ""0.5\"" x 5.2\"" x 8.0\""""}",https://i.thriftbooks.com/api/imagehandler/m/ADFBCAAA3EC35381F20EC6924922D46AFF0C93F8.jpeg
"Meditation for Beginners: Six Guided Meditations for Insight, Inner Clarity, and Cultivating a Compassionate Heart [With CD]",Jack Kornfield,"{""Format:"": ""Hardcover"", ""Language:"": ""English"", ""ISBN:"": ""1591791480"", ""ISBN13:"": ""9781591791485"", ""Release Date:"": ""January 2004"", ""Publisher:"": ""Sounds True"", ""Length:"": ""88 Pages"", ""Weight:"": ""0.90 lbs."", ""Dimensions:"": ""0.6\"" x 6.5\"" x 8.0\""""}",https://i.thriftbooks.com/api/imagehandler/m/03DB01D6E0B15AC33167C2246EBCDA75246D2607.jpeg
Real Happiness: The Power of Meditation: A 28-Day Program,Sharon Salzberg,"{""Format:"": ""Paperback"", ""Language:"": ""English"", ""ISBN:"": ""0761159258"", ""Release Date:"": ""December 2010"", ""Publisher:"": ""Workman Publishing Company"", ""Length:"": ""224 Pages"", ""Weight:"": ""0.77 lbs."", ""Dimensions:"": ""8.0\"" x 0.7\"" x 6.0\""""}",https://m.media-amazon.com/images/I/41qPrWKxYHL._SL350_.jpg
