Book Name,Authors,Info,Image URL
Collecting Antique Bird Decoys and Duck Calls: An Identification and Value Guide,Carl F. Luckey,"{""Format:"": ""Paperback"", ""Language:"": ""English"", ""ISBN:"": ""0896890783"", ""ISBN13:"": ""9780896890787"", ""Release Date:"": ""January 1992"", ""Publisher:"": ""Krause Publications"", ""Length:"": ""232 Pages"", ""Weight:"": ""1.10 lbs."", ""Dimensions:"": ""0.7\"" x 8.5\"" x 11.0\""""}",https://i.thriftbooks.com/api/imagehandler/m/16B58CC7D26958B26E7DC5119DBD494590FFF058.jpeg
Antiques Roadshow A to Z of Antiques Hunting,Huon Mallalieu,"{""Format:"": ""Hardcover"", ""Language:"": ""English"", ""ISBN:"": ""0752211331"", ""ISBN13:"": ""9780752211336"", ""Release Date:"": ""January 2003"", ""Publisher:"": ""Boxtree, Limited"", ""Length:"": ""328 Pages"", ""Weight:"": ""2.75 lbs.""}",https://i.thriftbooks.com/api/imagehandler/m/9B400276FBB001BE9BC1644CDC1913413BD6F35B.jpeg
"International Antiques Price Guide, 1997",Judith H. Miller,"{"""": """"}",https://i.thriftbooks.com/api/imagehandler/m/E613C564BD099AEEF946B940F73131278ADE2966.jpeg
Warman's Glass,Ellen Tischbein Schroy,"{""Format:"": ""Paperback"", ""Language:"": ""English"", ""ISBN:"": ""0870697382"", ""ISBN13:"": ""9780870697388"", ""Release Date:"": ""January 1995"", ""Publisher:"": ""Wallace-Homestead Book Company"", ""Length:"": ""352 Pages"", ""Weight:"": ""1.30 lbs."", ""Dimensions:"": ""0.8\"" x 6.0\"" x 9.0\""""}",https://i.thriftbooks.com/api/imagehandler/m/5B90694E1FA84BF720D4F5A62069134274E7914A.jpeg
Comics Values Annual: The Comic Book Price Guide,Alex Malloy,"{""Format:"": ""Paperback"", ""Language:"": ""English"", ""ISBN:"": ""0896892921"", ""ISBN13:"": ""9780896892927"", ""Release Date:"": ""January 2006"", ""Publisher:"": ""Krause Publications"", ""Length:"": ""864 Pages"", ""Weight:"": ""2.50 lbs."", ""Dimensions:"": ""1.6\"" x 6.4\"" x 8.9\""""}",https://i.thriftbooks.com/api/imagehandler/m/28129A3FD005CC06D6C5512B7EEDD2982D6F2BA0.jpeg
Kovels' Guide to Selling Your Antiques and Collectibles -Updated,Terry H. Kovel,"{""Format:"": ""Paperback"", ""Language:"": ""English"", ""ISBN:"": ""051758008X"", ""ISBN13:"": ""9780517580080"", ""Release Date:"": ""September 1990"", ""Publisher:"": ""Three Rivers Press (CA)"", ""Length:"": ""100 Pages"", ""Weight:"": ""0.70 lbs."", ""Dimensions:"": ""0.7\"" x 5.3\"" x 8.1\""""}",https://i.thriftbooks.com/api/imagehandler/m/12C3C48608629E654C6799572FDEBB47E2711D8A.jpeg
Antique Marks,Anna Selby,"{""Format:"": ""Paperback"", ""Language:"": ""English"", ""ISBN:"": ""0007190476"", ""ISBN13:"": ""9780007190478"", ""Release Date:"": ""January 2004"", ""Publisher:"": ""Collins Gem"", ""Length:"": ""255 Pages"", ""Weight:"": ""0.35 lbs."", ""Dimensions:"": ""0.7\"" x 3.4\"" x 4.8\""""}",https://i.thriftbooks.com/api/imagehandler/m/65FA6B1B1E09A0D1D3F37F6FC6ADDD3248A079AC.jpeg
"Sotheby's Caring for Antiques: A Guide to Handling, Cleaning, Display, and Restoration",Mette Tang Simpson,"{""Format:"": ""Paperback"", ""Language:"": ""English"", ""ISBN:"": ""185029867X"", ""ISBN13:"": ""9781850298670"", ""Release Date:"": ""January 1996"", ""Publisher:"": ""Conran Octopus"", ""Length:"": ""192 Pages"", ""Weight:"": ""1.80 lbs."", ""Dimensions:"": ""0.6\"" x 8.0\"" x 10.9\""""}",https://i.thriftbooks.com/api/imagehandler/m/9E28B0F88D058F4A51D2CA35E83E1C052E20F5B4.jpeg
Depression Glass,Gene Florence,"{""Format:"": ""Hardcover"", ""Language:"": ""English"", ""ISBN:"": ""1574320114"", ""ISBN13:"": ""9781574320114"", ""Release Date:"": ""January 1997"", ""Publisher:"": ""Collector Books"", ""Length:"": ""238 Pages"", ""Weight:"": ""2.50 lbs."", ""Dimensions:"": ""0.8\"" x 8.7\"" x 11.2\""""}",https://i.thriftbooks.com/api/imagehandler/m/1D0F7AAF6E457B4043920829203B6441E5DBA39C.jpeg
"Collectible Glassware from the 40's, 50's, 60's--: An Illustrated Value Guide",Cathy Florence,"{""Format:"": ""Hardcover"", ""Language:"": ""English"", ""ISBN:"": ""0891455531"", ""ISBN13:"": ""9780891455530"", ""Release Date:"": ""January 1993"", ""Publisher:"": ""Collector Books"", ""Length:"": ""191 Pages"", ""Weight:"": ""2.34 lbs."", ""Dimensions:"": ""0.7\"" x 8.7\"" x 11.2\""""}",https://m.media-amazon.com/images/I/51B3S-RlMKL._SL350_.jpg
"Kovels' New Dictionary of Marks: Pottery and Porcelain, 1850 to the Present",Ralph Kovel,"{""Format:"": ""Hardcover"", ""Language:"": ""English"", ""ISBN:"": ""0517559145"", ""Release Date:"": ""December 1986"", ""Publisher:"": ""Crown Publishers"", ""Length:"": ""304 Pages"", ""Weight:"": ""1.30 lbs."", ""Dimensions:"": ""9.3\"" x 1.1\"" x 6.3\""""}",https://m.media-amazon.com/images/I/51DuNpP0uEL._SL350_.jpg
Standard Encyclopedia of Carnival Glass,Bill Edwards,"{""Format:"": ""Hardcover"", ""Language:"": ""English"", ""ISBN:"": ""0891455752"", ""ISBN13:"": ""9780891455752"", ""Release Date:"": ""January 1996"", ""Publisher:"": ""Collector Books"", ""Length:"": ""288 Pages"", ""Weight:"": ""3.05 lbs."", ""Dimensions:"": ""0.8\"" x 8.7\"" x 11.4\""""}",https://m.media-amazon.com/images/I/511uMtEyrIL._SL350_.jpg
Kitchen Glassware of the Depression Years,Gene Florence,"{""Format:"": ""Hardcover"", ""Language:"": ""English"", ""ISBN:"": ""0891454039"", ""ISBN13:"": ""9780891454038"", ""Release Date:"": ""January 1990"", ""Publisher:"": ""Collector Books"", ""Length:"": ""224 Pages"", ""Weight:"": ""2.40 lbs."", ""Dimensions:"": ""0.7\"" x 8.9\"" x 11.4\""""}",https://m.media-amazon.com/images/I/41PcETypDHL._SL350_.jpg
"Jewelry & Gems: The Buying Guide: How to Buy Diamonds, Colored Gemstones, Pearls, Gold & Jewelry with Confidence and Knowledge",Antonio C. Bonanno,"{""Format:"": ""Paperback"", ""Language:"": ""English"", ""ISBN:"": ""0943763118"", ""ISBN13:"": ""9780943763118"", ""Release Date:"": ""January 1997"", ""Publisher:"": ""Gemstone Press"", ""Length:"": ""262 Pages"", ""Weight:"": ""1.05 lbs."", ""Dimensions:"": ""0.9\"" x 6.0\"" x 9.0\""""}",https://i.thriftbooks.com/api/imagehandler/m/A16C9E8BF94550A0381B7B438224E4230CE162C4.jpeg
Elegant Glassware of the Depression Era: Identification and Value Guide,Gene Florence,"{""Format:"": ""Hardcover"", ""Language:"": ""English"", ""ISBN:"": ""1574320831"", ""ISBN13:"": ""9781574320831"", ""Release Date:"": ""January 1998"", ""Publisher:"": ""Collector Books"", ""Length:"": ""238 Pages"", ""Weight:"": ""2.53 lbs."", ""Dimensions:"": ""0.8\"" x 8.8\"" x 11.2\""""}",https://i.thriftbooks.com/api/imagehandler/m/B3080407535AD25BE01387BC02E154AA15265465.jpeg
"Kovels' Depression Glass & Dinnerware Price List, 6th Edition",Ralph Kovel,"{""Format:"": ""Paperback"", ""Language:"": ""English"", ""ISBN:"": ""0609803107"", ""ISBN13:"": ""9780609803103"", ""Release Date:"": ""April 1998"", ""Publisher:"": ""Three Rivers Press (CA)"", ""Length:"": ""210 Pages"", ""Weight:"": ""0.78 lbs."", ""Dimensions:"": ""0.7\"" x 5.3\"" x 8.0\""""}",https://i.thriftbooks.com/api/imagehandler/m/E3809296BA4C3E212BB24BA533103A82AD373844.jpeg
Anchor Hocking's Fire-King & More: Identification & Value Guide,Gene Florence,"{"""": """"}",https://i.thriftbooks.com/api/imagehandler/m/177D056E4776B6F73C387E9884DF8CFF019D03E7.jpeg
Good Things from Tag Sales & Flea Markets,Martha Stewart,"{""Format:"": ""Hardcover"", ""Language:"": ""English"", ""ISBN:"": ""0848725131"", ""Release Date:"": ""January 2002"", ""Publisher:"": ""Oxmoor House, Inc.,2002"", ""Length:"": ""143 Pages"", ""Weight:"": ""1.85 lbs.""}",https://image-plz.thriftbooks.com/m/604A74059E264CF284F0E93CDB8FC1D6.png
The Duck Stamp Story,Eric Jay Dolin,"{""Format:"": ""Paperback"", ""Language:"": ""English"", ""ISBN:"": ""087341814X"", ""ISBN13:"": ""9780873418140"", ""Release Date:"": ""January 2000"", ""Publisher:"": ""Krause Publications"", ""Length:"": ""206 Pages"", ""Weight:"": ""1.65 lbs."", ""Dimensions:"": ""0.4\"" x 8.3\"" x 10.9\""""}",https://i.thriftbooks.com/api/imagehandler/m/D0C0AA3104220E0D11275E5067569EBF8378C7CD.jpeg
"Fenton Art Glass, 1907-1939, Identification and Value Guide",Kenn Whitmyer,"{""Format:"": ""Hardcover"", ""Language:"": ""English"", ""ISBN:"": ""0891456961"", ""ISBN13:"": ""9780891456964"", ""Release Date:"": ""January 1996"", ""Publisher:"": ""Collector Books"", ""Length:"": ""320 Pages"", ""Weight:"": ""3.05 lbs."", ""Dimensions:"": ""1.0\"" x 8.8\"" x 11.4\""""}",https://i.thriftbooks.com/api/imagehandler/m/0C3D30DF1D0D5EAE2093841D1BDF1008E0251E50.jpeg
Everett Grist's Machine-Made and Contemporary Marbles,Everett Grist,"{""Format:"": ""Paperback"", ""Language:"": ""English"", ""ISBN:"": ""0891454829"", ""ISBN13:"": ""9780891454823"", ""Release Date:"": ""January 1992"", ""Publisher:"": ""Collector Books"", ""Length:"": ""92 Pages"", ""Weight:"": ""0.55 lbs."", ""Dimensions:"": ""0.3\"" x 5.4\"" x 8.5\""""}",https://m.media-amazon.com/images/I/518EdgmWvEL._SL350_.jpg
Warman's Hot Wheels Field Guide: Values & Identification,Michael Zarnock,"{""Format:"": ""Paperback"", ""Language:"": ""English"", ""ISBN:"": ""0896895858"", ""ISBN13:"": ""9780896895850"", ""Release Date:"": ""January 2007"", ""Publisher:"": ""Krause Publications"", ""Length:"": ""509 Pages"", ""Weight:"": ""0.95 lbs."", ""Dimensions:"": ""1.3\"" x 4.2\"" x 5.4\""""}",https://i.thriftbooks.com/api/imagehandler/m/027BF8B2106F8A2472211330A20B08F31367B661.jpeg
Decoys: North America's One Hundred Greatest,Loy S. Harrell Jr.,"{"""": """"}",https://i.thriftbooks.com/api/imagehandler/m/CC96619B0A8F26907AF480E448FFFD2C63427FA1.jpeg
Matchbox Toys 1947-1998 Identification and Value Guide,Dana Johnson,"{"""": """"}",https://i.thriftbooks.com/api/imagehandler/m/577F699732AEB8C8ED27D65925C9B479BEDDE4C6.jpeg
Tomarts Price Guide to Hot Wheels,Michael Thomas Strauss,"{""Format:"": ""Paperback"", ""Language:"": ""English"", ""ISBN:"": ""0914293400"", ""ISBN13:"": ""9780914293408"", ""Release Date:"": ""January 1998"", ""Publisher:"": ""Tomart Publications"", ""Length:"": ""218 Pages"", ""Weight:"": ""1.25 lbs."", ""Dimensions:"": ""0.4\"" x 8.6\"" x 11.1\""""}",https://i.thriftbooks.com/api/imagehandler/m/C867A633F1AE372D270F4CF46F3763838D115C6A.jpeg
Collecting Toy Cars and Trucks: A Collector's Identification and Value Guide,Richard O'Brien,"{""Format:"": ""Paperback"", ""Language:"": ""English"", ""ISBN:"": ""0896891038"", ""ISBN13:"": ""9780896891036"", ""Release Date:"": ""January 1994"", ""Publisher:"": ""Books Americana"", ""Length:"": ""496 Pages"", ""Weight:"": ""2.65 lbs."", ""Dimensions:"": ""1.1\"" x 8.5\"" x 11.0\""""}",https://i.thriftbooks.com/api/imagehandler/m/5612424A4B5E482A6A75FAD5DA23A8482C144F98.jpeg
Confederate States Paper Money,Arlie R. Slabaugh,"{""Format:"": ""Paperback"", ""Language:"": ""English"", ""ISBN:"": ""0873412427"", ""ISBN13:"": ""9780873412421"", ""Release Date:"": ""January 1993"", ""Publisher:"": ""Krause Publications"", ""Length:"": ""128 Pages"", ""Weight:"": ""0.50 lbs."", ""Dimensions:"": ""0.3\"" x 6.0\"" x 9.0\""""}",https://m.media-amazon.com/images/I/51-sxycvygL._SL350_.jpg
Patsy Doll Family Encyclopedia,Patricia N. Schoonmaker,"{""Format:"": ""Hardcover"", ""Language:"": ""English"", ""ISBN:"": ""0875883753"", ""ISBN13:"": ""9780875883755"", ""Release Date:"": ""June 1992"", ""Publisher:"": ""Hobby House Press"", ""Length:"": ""1 Pages"", ""Weight:"": ""2.30 lbs."", ""Dimensions:"": ""1.0\"" x 8.6\"" x 11.2\""""}",https://i.thriftbooks.com/api/imagehandler/m/892E095F511E1ED09183111FBFD4149B540E26D8.jpeg
"Restaurant China, Airline, Ship & Railroad Dinnerware",Barbara J. Conroy,"{""Format:"": ""Hardcover"", ""Language:"": ""English"", ""ISBN:"": ""1574320599"", ""ISBN13:"": ""9781574320596"", ""Release Date:"": ""April 1998"", ""Publisher:"": ""Collector Books"", ""Length:"": ""368 Pages"", ""Weight:"": ""0.05 lbs."", ""Dimensions:"": ""1.0\"" x 8.9\"" x 11.4\""""}",https://i.thriftbooks.com/api/imagehandler/m/D743D26C003EB3FB1AE3A33BEC724D3215B0A7E9.jpeg
Flea Market Makeovers: 25 Projects for Fabulous Home Furnishings,B.J. Berti,"{"""": """"}",https://i.thriftbooks.com/api/imagehandler/m/5D22CF620DD2FEE97B7C7C46E1A066AA9EDF4044.jpeg
The Best of the Doll Reader,"Illustrated by: Heyerdahl, Virginia Ann","{""Format:"": ""Paperback"", ""Language:"": ""English"", ""ISBN:"": ""0875881874"", ""ISBN13:"": ""9780875881874"", ""Release Date:"": ""January 1984"", ""Publisher:"": ""Hobby House Press"", ""Length:"": ""251 Pages"", ""Weight:"": ""2.05 lbs."", ""Dimensions:"": ""0.5\"" x 8.2\"" x 10.7\""""}",https://m.media-amazon.com/images/I/514lXta4jbL._SL350_.jpg
"Toy Car Collector's Guide: Identification and Values for Diecast, White Metal, Other Automotive Toys, & Models",Dana Johnson,"{"""": """"}",https://i.thriftbooks.com/api/imagehandler/m/DBEFC823EF03F4CC004619201149598E010290AB.jpeg
Converted Spaces,Nonie Niesewand,"{""Format:"": ""Hardcover"", ""Language:"": ""English"", ""ISBN:"": ""185029951X"", ""ISBN13:"": ""9781850299516"", ""Release Date:"": ""January 1998"", ""Publisher:"": ""Conrad Octopus"", ""Length:"": ""220 Pages"", ""Weight:"": ""3.38 lbs."", ""Dimensions:"": ""1.0\"" x 10.0\"" x 11.8\""""}",https://i.thriftbooks.com/api/imagehandler/m/0BDE467557A0FAD9FADC48DEDE13B2DC3BD3B8EB.jpeg
A Passion for Collecting: Decorating with Your Favorite Objects,Caroline Clifton-Mogg,"{""Format:"": ""Hardcover"", ""Language:"": ""English"", ""ISBN:"": ""0821227785"", ""ISBN13:"": ""9780821227787"", ""Release Date:"": ""November 2002"", ""Publisher:"": ""Bulfinch Press"", ""Length:"": ""192 Pages"", ""Weight:"": ""2.70 lbs."", ""Dimensions:"": ""0.9\"" x 9.5\"" x 11.5\""""}",https://i.thriftbooks.com/api/imagehandler/m/6D8E5882D5990545AB84F6D3C04A31F0DA6DFB6A.jpeg
Hot Wheels Variations: The Ultimate Guide,Michael Zarnock,"{""Format:"": ""Paperback"", ""Language:"": ""English"", ""ISBN:"": ""1440204268"", ""ISBN13:"": ""9781440204265"", ""Release Date:"": ""May 2010"", ""Publisher:"": ""Krause Publications"", ""Length:"": ""504 Pages"", ""Weight:"": ""3.50 lbs."", ""Dimensions:"": ""1.1\"" x 8.2\"" x 10.8\""""}",https://i.thriftbooks.com/api/imagehandler/m/6A083A8E7ED547527DB21BC5D119C10F317DC3E9.jpeg
ABC for Book Collectors,John Carter,"{""Format:"": ""Hardcover"", ""Language:"": ""English"", ""ISBN:"": ""155821318X"", ""ISBN13:"": ""9781558213180"", ""Release Date:"": ""January 1994"", ""Publisher:"": ""Lyons Press"", ""Length:"": ""224 Pages"", ""Weight:"": ""0.98 lbs."", ""Dimensions:"": ""1.0\"" x 5.3\"" x 8.3\""""}",https://m.media-amazon.com/images/I/51e1IYEAkAL._SL350_.jpg
The Beatles: A Reference & Value Guide,Michael Stern,"{""Format:"": ""Paperback"", ""Language:"": ""English"", ""ISBN:"": ""157432036X"", ""ISBN13:"": ""9781574320367"", ""Release Date:"": ""January 1998"", ""Publisher:"": ""Collector Books"", ""Length:"": ""141 Pages"", ""Weight:"": ""1.50 lbs."", ""Dimensions:"": ""0.5\"" x 8.5\"" x 11.0\""""}",https://i.thriftbooks.com/api/imagehandler/m/2B41EDA488CE542F74979E216FFA383DC970CE07.jpeg
Cameos Old & New (4th Edition),Anna M. Miller,"{""Format:"": ""Paperback"", ""Language:"": ""English"", ""ISBN:"": ""0943763606"", ""ISBN13:"": ""9780943763606"", ""Release Date:"": ""December 2008"", ""Publisher:"": ""Gemstone Press"", ""Length:"": ""422 Pages"", ""Weight:"": ""1.54 lbs."", ""Dimensions:"": ""1.0\"" x 6.0\"" x 8.9\""""}",https://i.thriftbooks.com/api/imagehandler/m/76578E643D2D88E0F097BE873D03CCA4BEB02CDA.jpeg
"The No. 1 Price Guide to M. I. Hummel Figurines, Plates, More...",Robert L. Miller,"{""Format:"": ""Paperback"", ""Language:"": ""English"", ""ISBN:"": ""0942620356"", ""ISBN13:"": ""9780942620351"", ""Release Date:"": ""January 2000"", ""Publisher:"": ""Portfolio Press (NY)"", ""Length:"": ""520 Pages"", ""Weight:"": ""1.28 lbs."", ""Dimensions:"": ""1.1\"" x 5.3\"" x 8.0\""""}",https://i.thriftbooks.com/api/imagehandler/m/E1052E7CD59D35ACC5F812E7D0FC451659DDF057.jpeg
Costume Jewelry,Judith H. Miller,"{""Format:"": ""Hardcover"", ""Language:"": ""English"", ""ISBN:"": ""0789496429"", ""ISBN13:"": ""9780789496423"", ""Release Date:"": ""October 2003"", ""Publisher:"": ""DK Publishing (Dorling Kindersley)"", ""Length:"": ""256 Pages"", ""Weight:"": ""2.90 lbs."", ""Dimensions:"": ""0.9\"" x 9.0\"" x 11.2\""""}",https://i.thriftbooks.com/api/imagehandler/m/71679F22333E88526038DC06A02BF88D830F732F.jpeg
Silverplated Flatware,Tere Hagan,"{""Format:"": ""Paperback"", ""Language:"": ""English"", ""ISBN:"": ""0891454284"", ""ISBN13:"": ""9780891454281"", ""Release Date:"": ""May 1990"", ""Publisher:"": ""Collector Books"", ""Length:"": ""372 Pages"", ""Weight:"": ""2.00 lbs."", ""Dimensions:"": ""0.9\"" x 8.3\"" x 11.0\""""}",https://i.thriftbooks.com/api/imagehandler/m/5962DAC93D050E6168B97EBF60F35E016C031C0C.jpeg
The Official Redbook of Morgan Silver Dollars,Q. David Bowers,"{""Format:"": ""Paperback"", ""Language:"": ""English"", ""ISBN:"": ""0794817742"", ""ISBN13:"": ""9780794817749"", ""Release Date:"": ""January 2004"", ""Publisher:"": ""Whitman Publishing"", ""Length:"": ""288 Pages"", ""Weight:"": ""1.05 lbs."", ""Dimensions:"": ""0.7\"" x 6.2\"" x 9.0\""""}",https://i.thriftbooks.com/api/imagehandler/m/CBEAF037053EB3920543AFBE427D6F696E0C5C0C.jpeg
Warman's Depression Glass: A Value & Identification Guide,Ellen T. Schroy,"{"""": """"}",https://i.thriftbooks.com/api/imagehandler/m/440218778EE30D74D4A23EF57B2C586EA066151D.jpeg
Hatpins and Hatpin Holders: An Illustrated Value Guide,Lillian Baker,"{"""": """"}",https://i.thriftbooks.com/api/imagehandler/m/6D1414C744F56595539A527A3E96E5A95BF2940F.jpeg
North American Indian Artifacts: A Collector's Identification and Value Guide,Lar Hothem,"{""Format:"": ""Paperback"", ""Language:"": ""English"", ""ISBN:"": ""0896890465"", ""ISBN13:"": ""9780896890466"", ""Release Date:"": ""May 1984"", ""Publisher:"": ""Books Americana"", ""Length:"": ""426 Pages"", ""Weight:"": ""1.05 lbs.""}",https://m.media-amazon.com/images/I/41e5xmjH8ZL._SL350_.jpg
Beanie Babies Collector's Guide,Holly Stowe,"{""Format:"": ""Mass Market Paperback"", ""Language:"": ""English"", ""ISBN:"": ""0451197836"", ""ISBN13:"": ""9780451197832"", ""Release Date:"": ""January 1998"", ""Publisher:"": ""Signet Book"", ""Length:"": ""160 Pages"", ""Weight:"": ""0.38 lbs."", ""Dimensions:"": ""0.4\"" x 4.2\"" x 6.8\""""}",https://i.thriftbooks.com/api/imagehandler/m/5FF49642F957100D183008A8F21852796A83354A.jpeg
"The Pearl Book: The Definitive Buying Guide; How to Select, Buy, Care for & Enjoy Pearls",Antoinette L. Matlins,"{""Format:"": ""Paperback"", ""Language:"": ""English"", ""ISBN:"": ""0943763355"", ""ISBN13:"": ""9780943763354"", ""Release Date:"": ""July 2002"", ""Publisher:"": ""Gemstone Press"", ""Length:"": ""216 Pages"", ""Weight:"": ""0.80 lbs."", ""Dimensions:"": ""0.7\"" x 6.0\"" x 9.0\""""}",https://i.thriftbooks.com/api/imagehandler/m/EF59987F2FEB71657ED8B7E6B5CF2B1BA344A5B3.jpeg
"Stemware Identification, Featuring--Cordials with Values, 1920s-1960s",Gene Florence,"{"""": """"}",https://i.thriftbooks.com/api/imagehandler/m/0D28C5C552D1EE0C73208455F4FF639C289D9F44.jpeg
Overstreet Comic Book Price Guide Volume 51,Robert M. Overstreet,"{""Format:"": ""Paperback"", ""Language:"": ""English"", ""ISBN:"": ""1603602771"", ""ISBN13:"": ""9781603602778"", ""Release Date:"": ""August 2021"", ""Publisher:"": ""Gemstone Publishing"", ""Length:"": ""1200 Pages"", ""Weight:"": ""3.25 lbs."", ""Dimensions:"": ""1.4\"" x 6.5\"" x 9.2\""""}",https://i.thriftbooks.com/api/imagehandler/m/DAF9C93D6939A4D229670C94736C758D027C27F3.jpeg
Collectors Encyclopedia of Fiesta,Bob Huxford,"{""Format:"": ""Hardcover"", ""Language:"": ""English"", ""ISBN:"": ""1574322125"", ""ISBN13:"": ""9781574322125"", ""Release Date:"": ""January 2000"", ""Publisher:"": ""Collector Books"", ""Length:"": ""221 Pages"", ""Weight:"": ""2.25 lbs."", ""Dimensions:"": ""0.8\"" x 8.8\"" x 11.4\""""}",https://i.thriftbooks.com/api/imagehandler/m/00B6F19C17077623B83DDF7A359B6F5E6830F11B.jpeg
Marbles Identification and Price Guide,Robert Block,"{"""": """"}",https://i.thriftbooks.com/api/imagehandler/m/396D894CD268FBB35813089D57D7310DD91DC91E.jpeg
The Collector's Encyclopedia of Salt & Pepper Shakers: Figural and Novelty,Melva Davern,"{"""": """"}",https://i.thriftbooks.com/api/imagehandler/m/294E6A772D8099372F00F7286BD3FF868713B47A.jpeg
American Premium Guide to Pocket Knives and Razors: Identification and Values,Jim Sargent,"{""Format:"": ""Paperback"", ""Language:"": ""English"", ""ISBN:"": ""0896890678"", ""ISBN13:"": ""9780896890671"", ""Release Date:"": ""April 1989"", ""Publisher:"": ""Krause Publications"", ""Length:"": ""484 Pages"", ""Weight:"": ""2.73 lbs.""}",https://m.media-amazon.com/images/I/41w6h2701OL._SL350_.jpg
Warman's Pattern Glass,Ellen Tischbein Schroy (Editor),"{"""": """"}",https://m.media-amazon.com/images/I/511ZKRFJ4TL._SL350_.jpg
The Complete Idiot's Guide to Beanie Babies,Holly Stowe,"{""Format:"": ""Paperback"", ""Language:"": ""English"", ""ISBN:"": ""0028632729"", ""ISBN13:"": ""9780028632728"", ""Release Date:"": ""January 1998"", ""Publisher:"": ""MacMillan"", ""Length:"": ""378 Pages"", ""Weight:"": ""1.65 lbs.""}",https://m.media-amazon.com/images/I/51WJWRTTPQL._SL350_.jpg
Antiquing for Dummies,Deborah Shouse,"{""Format:"": ""Paperback"", ""Language:"": ""English"", ""ISBN:"": ""0764551086"", ""ISBN13:"": ""9780764551086"", ""Release Date:"": ""May 1999"", ""Publisher:"": ""For Dummies"", ""Length:"": ""384 Pages"", ""Weight:"": ""1.50 lbs."", ""Dimensions:"": ""0.8\"" x 7.4\"" x 9.3\""""}",https://i.thriftbooks.com/api/imagehandler/m/2C901E315AC8F55CECF9B00C53D36CCB722C2015.jpeg
McCoy Pottery: Volume III Collector's Reference & Value Guide,Craig Nissen,"{"""": """"}",https://i.thriftbooks.com/api/imagehandler/m/13A128B5E6872CC1A6301BC051DBCD6E7F8AEF66.jpeg
"Madame Alexander Dolls, 1965 to 1990",Patricia R. Smith,"{"""": """"}",https://m.media-amazon.com/images/I/516fzqTvpwL._SL350_.jpg
Schroeders Antiques Price Guide 22nd Edition,Collector Books,"{""Format:"": ""Paperback"", ""Language:"": ""English"", ""ISBN:"": ""1574323652"", ""ISBN13:"": ""9781574323658"", ""Release Date:"": ""January 2003"", ""Publisher:"": ""Collector Books"", ""Length:"": ""603 Pages"", ""Weight:"": ""3.05 lbs."", ""Dimensions:"": ""1.2\"" x 8.5\"" x 10.9\""""}",https://i.thriftbooks.com/api/imagehandler/m/2BF026ED26EF349E618C7C2D508BB2480F30FEAD.jpeg
The Collectors Encyclopedia of Roseville Pottery: Second Series: 2 (2nd Series),Sharon Huxford,"{""Format:"": ""Hardcover"", ""Language:"": ""English"", ""ISBN:"": ""0891451390"", ""Release Date:"": ""January 1980"", ""Publisher:"": ""Collector Books"", ""Length:"": ""191 Pages"", ""Weight:"": ""2.35 lbs."", ""Dimensions:"": ""11.3\"" x 8.8\"" x 0.8\""""}",https://m.media-amazon.com/images/I/51bDD6BtTWL._SL350_.jpg
Standard Encyclopedia of Pressed Glass: 1860 - 1930 Identification & Values,Bill Edwards,"{"""": """"}",https://i.thriftbooks.com/api/imagehandler/m/0D795C0E8E5EF5874F2834566C2CDFD08F1FD869.jpeg
Collecting Rhinestone Jewelry: An Identification and Value Guide,Maryanne Dolan,"{"""": """"}",https://m.media-amazon.com/images/I/51RoIGaZT7L._SL350_.jpg
Bud Hastin's Avon Encyclopedia,Bud Hastin,"{""Format:"": ""Paperback"", ""Language:"": ""English"", ""ISBN:"": ""0891455787"", ""ISBN13:"": ""9780891455783"", ""Release Date:"": ""January 1993"", ""Publisher:"": ""B. Hastin"", ""Length:"": ""617 Pages"", ""Weight:"": ""2.40 lbs."", ""Dimensions:"": ""1.3\"" x 7.5\"" x 9.2\""""}",https://m.media-amazon.com/images/I/613Z-BSdo7L._SL350_.jpg
Warman's Depression Glass Field Guide: Values and Identification,Ellen T. Schroy,"{""Format:"": ""Paperback"", ""Language:"": ""English"", ""ISBN:"": ""1440212325"", ""ISBN13:"": ""9781440212321"", ""Release Date:"": ""January 2010"", ""Publisher:"": ""Krause Publications"", ""Length:"": ""511 Pages"", ""Weight:"": ""0.95 lbs."", ""Dimensions:"": ""1.2\"" x 4.3\"" x 5.3\""""}",https://i.thriftbooks.com/api/imagehandler/m/5453410BF86793742E769C306FC27811A4F66B7B.jpeg
The Official Blue Book: Handbook of United States Coins 2020 77th Edition,R.S. Yeoman,"{""Format:"": ""Paperback"", ""Language:"": ""English"", ""ISBN:"": ""0794847072"", ""ISBN13:"": ""9780794847074"", ""Release Date:"": ""May 2019"", ""Publisher:"": ""Whitman Coin Products"", ""Length:"": ""288 Pages"", ""Weight:"": ""0.68 lbs."", ""Dimensions:"": ""0.9\"" x 5.2\"" x 7.6\""""}",https://m.media-amazon.com/images/I/514yMumkypL._SL350_.jpg
The Collector's Encyclopedia of Limoges Porcelain,Mary Frank Gaston,"{""Format:"": ""Hardcover"", ""Language:"": ""English"", ""ISBN:"": ""0891454616"", ""ISBN13:"": ""9780891454618"", ""Release Date:"": ""January 1991"", ""Publisher:"": ""Collector Books"", ""Length:"": ""223 Pages"", ""Weight:"": ""0.80 lbs."", ""Dimensions:"": ""0.8\"" x 8.8\"" x 11.4\""""}",https://i.thriftbooks.com/api/imagehandler/m/D878421F8A73FADD8714B143A189362F8FFAC72E.jpeg
"The Overstreet Indian Arrowheads Identification And Price Guide, 6th Edition (OFFICIAL OVERSTREET INDIAN ARROWHEAD IDENTIFICATION AND PRICE GUIDE)",Robert M. Overstreet,"{""Format:"": ""Paperback"", ""Language:"": ""English"", ""ISBN:"": ""0380807815"", ""ISBN13:"": ""9780380807819"", ""Release Date:"": ""July 1999"", ""Publisher:"": ""Avon"", ""Length:"": ""972 Pages"", ""Weight:"": ""2.00 lbs."", ""Dimensions:"": ""8.5\"" x 1.3\"" x 5.8\""""}",https://i.thriftbooks.com/api/imagehandler/m/4B567E5E47C35578E81C32503A8BC00F579A7660.jpeg
Antique Trader Bottles Identification and Price Guide,Michael Polak,"{"""": """"}",https://i.thriftbooks.com/api/imagehandler/m/818C462307A9D0F8C35C286220402342EEB92130.jpeg
Coin Collector's Price Guide,Robert Obojski,"{""Format:"": ""Paperback"", ""Language:"": ""English"", ""ISBN:"": ""0806931922"", ""ISBN13:"": ""9780806931920"", ""Release Date:"": ""December 1899"", ""Publisher:"": ""Sterling Publishing (NY)"", ""Length:"": ""128 Pages"", ""Weight:"": ""0.42 lbs."", ""Dimensions:"": ""0.4\"" x 5.5\"" x 8.3\""""}",https://i.thriftbooks.com/api/imagehandler/m/C41BAEA838EC72635755A2D6C1C32FEA9BD90714.jpeg
The Standard Encyclopedia of Opalescent Glass: Identification and Values,Bill Edwards,"{""Format:"": ""Hardcover"", ""Language:"": ""English"", ""ISBN:"": ""0891456457"", ""ISBN13:"": ""9780891456452"", ""Release Date:"": ""January 1995"", ""Publisher:"": ""Collector Books"", ""Length:"": ""158 Pages"", ""Weight:"": ""2.05 lbs."", ""Dimensions:"": ""0.6\"" x 8.7\"" x 11.3\""""}",https://m.media-amazon.com/images/I/51k2f9Zxq+L._SL350_.jpg
Pocket Guide to Depression Glass & More 1920s-1960s: Identification and Values,Gene Florence,"{""Format:"": ""Paperback"", ""Language:"": ""English"", ""ISBN:"": ""1574322028"", ""ISBN13:"": ""9781574322026"", ""Release Date:"": ""January 2000"", ""Publisher:"": ""Collector Books"", ""Length:"": ""192 Pages"", ""Weight:"": ""1.45 lbs."", ""Dimensions:"": ""0.4\"" x 5.5\"" x 8.8\""""}",https://i.thriftbooks.com/api/imagehandler/m/0AEC8607DD648BE7F561C2369C4C4767A9C9CF65.jpeg
Antique and Collectible Marbles,Everett Grist,"{""Format:"": ""Paperback"", ""Language:"": ""English"", ""ISBN:"": ""0891453571"", ""ISBN13:"": ""9780891453574"", ""Release Date:"": ""January 1990"", ""Publisher:"": ""Collector Books"", ""Length:"": ""96 Pages"", ""Weight:"": ""0.55 lbs."", ""Dimensions:"": ""0.2\"" x 5.5\"" x 8.3\""""}",https://m.media-amazon.com/images/I/11DJpmSNHcL._SL350_.jpg
Florences Glassware Pattern Identification Guide,Gene Florence,"{""Format:"": ""Paperback"", ""Language:"": ""English"", ""ISBN:"": ""1574320459"", ""ISBN13:"": ""9781574320459"", ""Release Date:"": ""April 1998"", ""Publisher:"": ""Collector Books"", ""Length:"": ""3 Pages"", ""Weight:"": ""0.35 lbs."", ""Dimensions:"": ""0.4\"" x 8.6\"" x 11.0\""""}",https://i.thriftbooks.com/api/imagehandler/m/8D133B740A666D063AFD675A1BA1571F14C4453E.jpeg
Knife Collector's Guide,Roy Ritchie,"{""Format:"": ""Paperback"", ""Language:"": ""English"", ""ISBN:"": ""0891455175"", ""ISBN13:"": ""9780891455172"", ""Release Date:"": ""January 1992"", ""Publisher:"": ""Collector Books"", ""Length:"": ""688 Pages"", ""Weight:"": ""1.80 lbs."", ""Dimensions:"": ""1.5\"" x 5.5\"" x 8.4\""""}",https://m.media-amazon.com/images/I/51Ou6+sFoLL._SL350_.jpg
The Complete Price Guide to Watches,Richard E. Gilbert,"{""Format:"": ""Paperback"", ""Language:"": ""English"", ""ISBN:"": ""1574323377"", ""ISBN13:"": ""9781574323375"", ""Release Date:"": ""January 2003"", ""Publisher:"": ""Collector Books"", ""Length:"": ""1192 Pages"", ""Weight:"": ""2.35 lbs."", ""Dimensions:"": ""1.8\"" x 5.4\"" x 8.5\""""}",https://i.thriftbooks.com/api/imagehandler/m/98B4E399AA5061933E9B0AA4F255217811DA21CF.jpeg
Official Blackbook Price Guide to United States Postage Stamps,House of Collectibles,"{""Format:"": ""Mass Market Paperback"", ""Language:"": ""English"", ""ISBN:"": ""140004846X"", ""ISBN13:"": ""9781400048465"", ""Release Date:"": ""June 2005"", ""Publisher:"": ""House of Collectibles"", ""Length:"": ""606 Pages"", ""Weight:"": ""0.28 lbs."", ""Dimensions:"": ""1.3\"" x 4.2\"" x 7.0\""""}",https://i.thriftbooks.com/api/imagehandler/m/76E9F5F036309902B1980518A766EA9186CD99B1.jpeg
Oil Lamps: The Kerosene Era in North America,Catherine Thuro,"{""Format:"": ""Hardcover"", ""Language:"": ""English"", ""ISBN:"": ""087069653X"", ""ISBN13:"": ""9780870696534"", ""Release Date:"": ""January 1992"", ""Publisher:"": ""Wallace-Homestead Book Company"", ""Length:"": ""376 Pages"", ""Weight:"": ""3.35 lbs."", ""Dimensions:"": ""1.1\"" x 8.9\"" x 11.4\""""}",https://m.media-amazon.com/images/I/51fho5NwINL._SL350_.jpg
"The Official Blackbook Price Guide to United States Coins 2013, 51st Edition",Marc Hudgeons,"{""Format:"": ""Mass Market Paperback"", ""Language:"": ""English"", ""ISBN:"": ""0375723463"", ""Release Date:"": ""June 2012"", ""Publisher:"": ""House of Collectibles"", ""Length:"": ""640 Pages"", ""Weight:"": ""0.65 lbs."", ""Dimensions:"": ""6.9\"" x 1.4\"" x 4.2\""""}",https://m.media-amazon.com/images/I/415F-S30Q1L._SL350_.jpg
"Official Price Guide to Records, 12th Edition",Jerry Osborne,"{""Format:"": ""Paperback"", ""Language:"": ""English"", ""ISBN:"": ""0676600514"", ""ISBN13:"": ""9780676600513"", ""Release Date:"": ""April 1997"", ""Publisher:"": ""House of Collectibles"", ""Length:"": ""619 Pages"", ""Weight:"": ""2.40 lbs."", ""Dimensions:"": ""1.2\"" x 8.4\"" x 10.9\""""}",https://i.thriftbooks.com/api/imagehandler/m/3DEA8BFE10AEF7A5AF5115ED4B8FD352AA6A8150.jpeg
"Vintage Quilts Collecting, Dating, Preserving and Appraising",Gerald E. Roy,"{""Format:"": ""Hardcover"", ""Language:"": ""English"", ""ISBN:"": ""1574322850"", ""ISBN13:"": ""9781574322859"", ""Release Date:"": ""January 2002"", ""Publisher:"": ""American Quilter's Society"", ""Length:"": ""222 Pages"", ""Weight:"": ""2.25 lbs."", ""Dimensions:"": ""0.8\"" x 8.7\"" x 11.4\""""}",https://i.thriftbooks.com/api/imagehandler/m/7897453305376141BB416E2C1417C8B6CD672CDF.jpeg
"Flayderman's Guide to Antique American Firearms, and Their Values",Norman Flayderman,"{""Format:"": ""Paperback"", ""Language:"": ""English"", ""ISBN:"": ""0873491122"", ""ISBN13:"": ""9780873491129"", ""Release Date:"": ""September 1990"", ""Publisher:"": ""DBI Books"", ""Length:"": ""624 Pages"", ""Weight:"": ""2.70 lbs."", ""Dimensions:"": ""1.5\"" x 8.3\"" x 10.7\""""}",https://m.media-amazon.com/images/I/51PwVfLhhlL._SL350_.jpg
Glass Toothpick Holders: Identification & Values,Bob Sanford,"{""Format:"": ""Hardcover"", ""Language:"": ""English"", ""ISBN:"": ""1574321277"", ""ISBN13:"": ""9781574321272"", ""Release Date:"": ""January 1999"", ""Publisher:"": ""Collector Books"", ""Length:"": ""247 Pages"", ""Weight:"": ""2.40 lbs."", ""Dimensions:"": ""0.8\"" x 8.8\"" x 11.4\""""}",https://i.thriftbooks.com/api/imagehandler/m/64E7B62592C3CA1FC98E7C7BF55A93049AD02387.jpeg
Jadite: An Identification and Price Guide,Joe Keller,"{""Format:"": ""Hardcover"", ""Language:"": ""English"", ""ISBN:"": ""0764310917"", ""ISBN13:"": ""9780764310911"", ""Release Date:"": ""January 2000"", ""Publisher:"": ""Schiffer Publishing"", ""Length:"": ""144 Pages"", ""Weight:"": ""2.45 lbs."", ""Dimensions:"": ""8.5\"" x 11.0\""""}",https://m.media-amazon.com/images/I/51cNUjpfoRL._SL350_.jpg
Compo Dolls 1928-1955: Identification & Price Guide,Polly Judd,"{""Format:"": ""Hardcover"", ""Language:"": ""English"", ""ISBN:"": ""0875883893"", ""ISBN13:"": ""9780875883892"", ""Release Date:"": ""November 1991"", ""Publisher:"": ""Hobby House Press"", ""Length:"": ""208 Pages"", ""Weight:"": ""2.20 lbs."", ""Dimensions:"": ""0.7\"" x 8.6\"" x 11.2\""""}",https://m.media-amazon.com/images/I/51TNPN2C05L._SL350_.jpg
The World of Barbie Dolls,Paris Manos,"{""Format:"": ""Paperback"", ""Language:"": ""English"", ""ISBN:"": ""089145229X"", ""ISBN13:"": ""9780891452294"", ""Release Date:"": ""January 1986"", ""Publisher:"": ""Collector Books"", ""Length:"": ""144 Pages"", ""Weight:"": ""1.40 lbs."", ""Dimensions:"": ""0.3\"" x 5.5\"" x 8.5\""""}",https://i.thriftbooks.com/api/imagehandler/m/603E8745090AF30BAD2DA12B632593DD021BE5B0.jpeg
Collectors Guide to Art Deco,Mary Frank Gaston,"{""Format:"": ""Paperback"", ""Language:"": ""English"", ""ISBN:"": ""0891457690"", ""ISBN13:"": ""9780891457695"", ""Release Date:"": ""January 1997"", ""Publisher:"": ""Collector Books"", ""Length:"": ""223 Pages"", ""Weight:"": ""1.65 lbs."", ""Dimensions:"": ""0.4\"" x 8.5\"" x 10.9\""""}",https://i.thriftbooks.com/api/imagehandler/m/DF746972A3C4F842AE4F06B548DD0E9939998A7D.jpeg
Collector's Encyclopedia of Lefton China,Loretta Delozier,"{"""": """"}",https://i.thriftbooks.com/api/imagehandler/m/6F368C4A35DBFA71BB7D9805AF7DFF804D7720A4.jpeg
Warman's Fenton Glass: Identification and Price Guide,Mark F. Moran,"{""Format:"": ""Paperback"", ""Language:"": ""English"", ""ISBN:"": ""0896895718"", ""ISBN13:"": ""9780896895713"", ""Release Date:"": ""January 2007"", ""Publisher:"": ""Krause Publications"", ""Length:"": ""254 Pages"", ""Weight:"": ""2.20 lbs."", ""Dimensions:"": ""0.7\"" x 8.4\"" x 10.8\""""}",https://i.thriftbooks.com/api/imagehandler/m/EEDDD52A72449671428F72BC4302C0DB91F9A7E3.jpeg
The Official Price Guide to Antiques and Collectibles: 18th Edition,Rinker Enterprises,"{""Format:"": ""Paperback"", ""Language:"": ""English"", ""ISBN:"": ""0676601855"", ""ISBN13:"": ""9780676601855"", ""Release Date:"": ""February 2000"", ""Publisher:"": ""House of Collectibles"", ""Length:"": ""775 Pages"", ""Weight:"": ""1.36 lbs."", ""Dimensions:"": ""1.4\"" x 5.5\"" x 8.3\""""}",https://i.thriftbooks.com/api/imagehandler/m/72E1F84AA9C6DB82690AB01232BEE8CBD9FAB6BC.jpeg
"Antique Purses: A History, Identification, and Value Guide",Richard Holiner,"{""Format:"": ""Hardcover"", ""Language:"": ""English"", ""ISBN:"": ""0891453342"", ""ISBN13:"": ""9780891453345"", ""Release Date:"": ""January 1990"", ""Publisher:"": ""Collector Books"", ""Length:"": ""207 Pages"", ""Weight:"": ""2.00 lbs.""}",https://i.thriftbooks.com/api/imagehandler/m/A603582AA9D6EDA514BB6A9A6EA2158CC9636F8A.jpeg
Luckey's Hummel Figurines & Plates,Carl F. Luckey,"{""Format:"": ""Paperback"", ""Language:"": ""English"", ""ISBN:"": ""0873494725"", ""ISBN13:"": ""9780873494724"", ""Release Date:"": ""March 2003"", ""Publisher:"": ""Krause Publications"", ""Length:"": ""520 Pages"", ""Weight:"": ""1.71 lbs."", ""Dimensions:"": ""1.1\"" x 8.5\"" x 11.0\""""}",https://i.thriftbooks.com/api/imagehandler/m/667C6AD532275516035B7A8D4326CEB84D96B8B2.jpeg
"An Official Red Book: A Guide Book of United States Paper Money: Complete Source for History, Grading, and Prices",Arthur L. Friedburg,"{""Format:"": ""Paperback"", ""Language:"": ""English"", ""ISBN:"": ""0794817866"", ""ISBN13:"": ""9780794817862"", ""Release Date:"": ""March 2005"", ""Publisher:"": ""Whitman Publishing"", ""Length:"": ""432 Pages"", ""Weight:"": ""1.45 lbs."", ""Dimensions:"": ""0.9\"" x 6.3\"" x 8.9\""""}",https://i.thriftbooks.com/api/imagehandler/m/BC198CC831F8BC0563D611664EE0BEDF58F5CB56.jpeg
Standard Catalog of United States Paper Money,Chester L. Krause,"{""Format:"": ""Hardcover"", ""Language:"": ""English"", ""ISBN:"": ""0873419308"", ""ISBN13:"": ""9780873419307"", ""Release Date:"": ""January 2000"", ""Publisher:"": ""Krause Publications"", ""Length:"": ""216 Pages"", ""Weight:"": ""1.98 lbs."", ""Dimensions:"": ""0.8\"" x 8.8\"" x 11.3\""""}",https://i.thriftbooks.com/api/imagehandler/m/39BF98E8EB58B69A4FCEFFD8F2BEFDAE867A2C7E.jpeg
"Collector's Guide to American Pressed Glass, 1825-1915",Kyle Husfloen,"{""Format:"": ""Paperback"", ""Language:"": ""English"", ""ISBN:"": ""0870696122"", ""ISBN13:"": ""9780870696121"", ""Release Date:"": ""January 1992"", ""Publisher:"": ""Wallace-Homestead Book Company"", ""Length:"": ""198 Pages"", ""Weight:"": ""1.05 lbs."", ""Dimensions:"": ""0.5\"" x 7.4\"" x 9.1\""""}",https://i.thriftbooks.com/api/imagehandler/m/156E219531E63AA49AC9ED045861B134EABA4E88.jpeg
Indian Baskets,Sarah Peabody Turnbaugh,"{""Format:"": ""Paperback"", ""Language:"": ""English"", ""ISBN:"": ""0887400922"", ""ISBN13:"": ""9780887400926"", ""Release Date:"": ""January 1986"", ""Publisher:"": ""Schiffer Publishing"", ""Length:"": ""256 Pages"", ""Weight:"": ""2.25 lbs.""}",https://m.media-amazon.com/images/I/41-W9rpyBML._SL350_.jpg
The Standard Carnival Glass Price Guide,Mike Carwile,"{""Format:"": ""Paperback"", ""Language:"": ""English"", ""ISBN:"": ""0891456902"", ""ISBN13:"": ""9780891456902"", ""Release Date:"": ""January 1996"", ""Publisher:"": ""Collector Books"", ""Length:"": ""63 Pages"", ""Weight:"": ""0.20 lbs."", ""Dimensions:"": ""0.5\"" x 8.5\"" x 11.0\""""}",https://m.media-amazon.com/images/I/51twcGwxO6L._SL350_.jpg
Antique and Collectible Thimbles and Accessories,Averil Mathis,"{"""": """"}",https://i.thriftbooks.com/api/imagehandler/m/2016DE90191C29A4D2DF4C1EFE99D472530D34EF.jpeg
The Ultimate Doll Book,Caroline Goodfellow,"{""Format:"": ""Hardcover"", ""Language:"": ""English"", ""ISBN:"": ""1586632345"", ""ISBN13:"": ""9781586632342"", ""Release Date:"": ""September 2001"", ""Publisher:"": ""MetroBooks (NY)"", ""Length:"": ""160 Pages"", ""Weight:"": ""2.25 lbs."", ""Dimensions:"": ""0.7\"" x 10.9\"" x 11.3\""""}",https://i.thriftbooks.com/api/imagehandler/m/747C11FA7BD759DE6ECED3049188CC3552A2EB0F.jpeg
Paperweights of the World,Peter Pommerencke,"{"""": """"}",https://i.thriftbooks.com/api/imagehandler/m/C1738E4107447850606B9748A8FA0E3DE7E4CBBC.jpeg
Collecting Lladro: Price & Identification Guide,Peggy Whiteneck,"{"""": """"}",https://i.thriftbooks.com/api/imagehandler/m/FEA6C2E8F782D2F6C5DCE2FCB34EC8CFC15B5E6E.jpeg
Garage Sale and Flea Market Annual,Bob Huxford,"{""Format:"": ""Hardcover"", ""Language:"": ""English"", ""ISBN:"": ""0891457534"", ""ISBN13:"": ""9780891457534"", ""Release Date:"": ""January 1"", ""Publisher:"": ""Collector Books"", ""Length:"": ""512 Pages"", ""Weight:"": ""0.05 lbs."", ""Dimensions:"": ""1.3\"" x 8.8\"" x 11.4\""""}",https://m.media-amazon.com/images/I/51sQEpmPF-L._SL350_.jpg
"Gemstone Buying Guide: How to Evaluate, Identify, Select and Care for Colored Gems",Renée Newman,"{""Format:"": ""Paperback"", ""Language:"": ""English"", ""ISBN:"": ""0929975340"", ""ISBN13:"": ""9780929975344"", ""Release Date:"": ""October 2003"", ""Publisher:"": ""International Jewelry Publications"", ""Length:"": ""156 Pages"", ""Weight:"": ""1.00 lbs."", ""Dimensions:"": ""0.4\"" x 6.9\"" x 8.9\""""}",https://i.thriftbooks.com/api/imagehandler/m/336ED24B9A477D28B0D64F50F52C0AB003D9A610.jpeg
Dictionary of Marks,Margaret MacDonald Taylor,"{""Format:"": ""Hardcover"", ""Language:"": ""English"", ""ISBN:"": ""0517684764"", ""ISBN13:"": ""9780517684764"", ""Release Date:"": ""August 1989"", ""Publisher:"": ""Crescent"", ""Weight:"": ""1.25 lbs.""}",https://m.media-amazon.com/images/I/51Q9J+p-3+L._SL350_.jpg
Field Guide to Pattern Glass,Mollie Helen McCain,"{""Format:"": ""Paperback"", ""Language:"": ""English"", ""ISBN:"": ""1574321765"", ""ISBN13:"": ""9781574321760"", ""Release Date:"": ""January 2000"", ""Publisher:"": ""Collector Books"", ""Length:"": ""496 Pages"", ""Weight:"": ""1.30 lbs."", ""Dimensions:"": ""1.0\"" x 5.5\"" x 8.4\""""}",https://i.thriftbooks.com/api/imagehandler/m/3AA394FFE246E80B95869A808CDA2AD05C4A3B85.jpeg
Collectors Encyclopedia of Cookie Jars,Joyce Herndon Roerig,"{""Format:"": ""Hardcover"", ""Language:"": ""English"", ""ISBN:"": ""0891455639"", ""ISBN13:"": ""9780891455639"", ""Release Date:"": ""January 1994"", ""Publisher:"": ""Collector Books"", ""Length:"": ""400 Pages"", ""Weight:"": ""0.90 lbs."", ""Dimensions:"": ""1.1\"" x 8.8\"" x 11.3\""""}",https://i.thriftbooks.com/api/imagehandler/m/D1D6550E2A2453F6E29A6C8088D6947245B2C572.jpeg
Heisey Glass 1896-1957 Identification and Value Guide,Neila Bredehoft,"{"""": """"}",https://i.thriftbooks.com/api/imagehandler/m/BDBD72BD02091078267BA4797184E899C02132D9.jpeg
The Official Blackbook Price Guide to United States Paper Money,Marc E. Hudgeons,"{""Format:"": ""Mass Market Paperback"", ""Language:"": ""English"", ""ISBN:"": ""0375723544"", ""ISBN13:"": ""9780375723544"", ""Release Date:"": ""June 2013"", ""Publisher:"": ""House of Collectibles"", ""Length:"": ""381 Pages"", ""Weight:"": ""0.45 lbs."", ""Dimensions:"": ""0.9\"" x 4.2\"" x 6.9\""""}",https://i.thriftbooks.com/api/imagehandler/m/12BCF86C49EC2235EA3B99E32CBD37BD2E883CEC.jpeg
Christmas Past: A Collectors' Guide To Its History and Decorations,Robert Brenner,"{"""": """"}",https://m.media-amazon.com/images/I/31c5p5-ZkLL._SL350_.jpg
Collector's Companion to Carnival Glass: Identification & Values,Bill Edwards,"{""Format:"": ""Paperback"", ""Language:"": ""English"", ""ISBN:"": ""1574323180"", ""ISBN13:"": ""9781574323184"", ""Release Date:"": ""March 2003"", ""Publisher:"": ""Collector Books"", ""Length:"": ""254 Pages"", ""Weight:"": ""0.95 lbs."", ""Dimensions:"": ""0.5\"" x 5.7\"" x 8.7\""""}",https://i.thriftbooks.com/api/imagehandler/m/B50F907235448EB9B6E7E9D1F0BB53F872E9A030.jpeg
Warman's Vintage Quilts: Identification and Price Guide,Maggi McCormick Gordon,"{"""": """"}",https://i.thriftbooks.com/api/imagehandler/m/48CC00BC9B32731E31477382E133AE2237EE7275.jpeg
American Pottery & Porcelain,William C. Ketchum Jr.,"{""Format:"": ""Paperback"", ""Language:"": ""English"", ""ISBN:"": ""1579121098"", ""ISBN13:"": ""9781579121099"", ""Release Date:"": ""May 2000"", ""Publisher:"": ""Black Dog & Leventhal Publishers"", ""Length:"": ""478 Pages"", ""Weight:"": ""1.50 lbs."", ""Dimensions:"": ""1.4\"" x 4.8\"" x 8.7\""""}",https://i.thriftbooks.com/api/imagehandler/m/2D37F6E217F1701E42D5A420A7028192263ECFC5.jpeg
Standard Catalog of World Paper Money: Modern Issues 1961-Date,George S. Cuhaj,"{""Format:"": ""Paperback"", ""Language:"": ""English"", ""ISBN:"": ""0873498003"", ""ISBN13:"": ""9780873498005"", ""Release Date:"": ""January 1800"", ""Publisher:"": ""Krause Publications"", ""Length:"": ""958 Pages"", ""Weight:"": ""4.85 lbs."", ""Dimensions:"": ""1.9\"" x 8.5\"" x 11.1\""""}",https://i.thriftbooks.com/api/imagehandler/m/E873E4774D3555F82DDC4E5B4794C57E914B0E2B.jpeg
"Collectible Glass Shoes: Including Metal, Pottery, Figural & Porcelain Shoes",Earlene Wheatley,"{"""": """"}",https://i.thriftbooks.com/api/imagehandler/m/6D60A3EC4A0B387673026176E0EECC3A6FD220CE.jpeg
Collecting Antique Dolls,Lydia Richter,"{"""": """"}",https://i.thriftbooks.com/api/imagehandler/m/FC9F932B02718F8C663A9796F53DB4C527898393.jpeg
Fostoria Stemware; The Crystal for America: Identification and Value Guide: The Crystal for America: Identification and Value Guide,Emily Seate,"{"""": """"}",https://i.thriftbooks.com/api/imagehandler/m/515CAAF2FB91E26B849C865AE873CBEE22B31227.jpeg
Timeless Toys: Classic Toys and the Playmakers Who Created Them,Tim Walsh,"{""Format:"": ""Hardcover"", ""Language:"": ""English"", ""ISBN:"": ""0740755714"", ""ISBN13:"": ""9780740755712"", ""Release Date:"": ""October 2005"", ""Publisher:"": ""Andrews McMeel Publishing"", ""Length:"": ""298 Pages"", ""Weight:"": ""5.00 lbs."", ""Dimensions:"": ""1.3\"" x 11.5\"" x 10.4\""""}",https://i.thriftbooks.com/api/imagehandler/m/94FFC567B36D26243A83E9AE3762241EDB4056F7.jpeg
Depression Era Glassware,Debbie Coe,"{""Format:"": ""Paperback"", ""Language:"": ""English"", ""ISBN:"": ""087349301X"", ""ISBN13:"": ""9780873493017"", ""Release Date:"": ""January 2002"", ""Publisher:"": ""Krause Publications"", ""Length:"": ""224 Pages"", ""Weight:"": ""1.25 lbs."", ""Dimensions:"": ""0.5\"" x 8.5\"" x 10.9\""""}",https://i.thriftbooks.com/api/imagehandler/m/0F1776862CFB56F7DCB211C77419291F73860A46.jpeg
"The Wonder of Barbie: Dolls and Accessories, 1976-1986",Susan Manos,"{""Format:"": ""Paperback"", ""Language:"": ""English"", ""ISBN:"": ""0891453369"", ""ISBN13:"": ""9780891453369"", ""Release Date:"": ""January 1987"", ""Publisher:"": ""Collector Books"", ""Length:"": ""133 Pages"", ""Weight:"": ""0.50 lbs."", ""Dimensions:"": ""0.5\"" x 5.6\"" x 8.6\""""}",https://i.thriftbooks.com/api/imagehandler/m/439EB6C2907CE250E4A3CA1D3E2D7FAB9047EEE8.jpeg
"Huxford's Old Book Value Guide, Sixth Edition",Collector Books,"{""Format:"": ""Hardcover"", ""Language:"": ""English"", ""ISBN:"": ""0891455892"", ""Release Date:"": ""March 1994"", ""Publisher:"": ""Collector Books"", ""Length:"": ""391 Pages"", ""Weight:"": ""2.84 lbs."", ""Dimensions:"": ""11.3\"" x 8.8\"" x 1.2\""""}",https://m.media-amazon.com/images/I/41mOGQ-em5L._SL350_.jpg
Collecting Carnival Glass,Marion Quintin-Baxendale,"{"""": """"}",https://i.thriftbooks.com/api/imagehandler/m/7D779577534EB64E1AA71C9D773C14AC7B46527A.jpeg
The Official Price Guide to Glassware: 3rd Edition,Mark Pickvet,"{""Format:"": ""Paperback"", ""Language:"": ""English"", ""ISBN:"": ""067660188X"", ""ISBN13:"": ""9780676601886"", ""Release Date:"": ""April 2000"", ""Publisher:"": ""House of Collectibles"", ""Length:"": ""840 Pages"", ""Weight:"": ""1.48 lbs."", ""Dimensions:"": ""1.5\"" x 5.6\"" x 8.2\""""}",https://i.thriftbooks.com/api/imagehandler/m/8F6ACEDA478A25EDFEDF8CA048FDE560249DF284.jpeg
Miller's: Blue & White Pottery: A Collector's Guide,Gillian Neale,"{""Format:"": ""Paperback"", ""Language:"": ""English"", ""ISBN:"": ""1840002875"", ""ISBN13:"": ""9781840002874"", ""Release Date:"": ""January 2000"", ""Publisher:"": ""Mitchell Beazley"", ""Length:"": ""64 Pages"", ""Weight:"": ""0.42 lbs."", ""Dimensions:"": ""0.3\"" x 5.9\"" x 8.2\""""}",https://m.media-amazon.com/images/I/513GX4CGRPL._SL350_.jpg
Collecting the 1960's,Madeleine Marsh,"{""Format:"": ""Hardcover"", ""Language:"": ""English"", ""ISBN:"": ""1840000813"", ""ISBN13:"": ""9781840000818"", ""Release Date:"": ""January 1999"", ""Publisher:"": ""Miller's Publications"", ""Length:"": ""144 Pages"", ""Weight:"": ""1.40 lbs."", ""Dimensions:"": ""0.8\"" x 6.7\"" x 9.4\""""}",https://m.media-amazon.com/images/I/519Ww1iEwlS._SL350_.jpg
An Unauthorized Guide to Fire-King(r) Glasswares,Patricia Rosser Clements,"{"""": """"}",https://i.thriftbooks.com/api/imagehandler/m/5966267B98D9E1E61FD79AF19326724D57238CE4.jpeg
Miller's Antiques Price Guide,Judith H. Miller,"{""Format:"": ""Hardcover"", ""Language:"": ""English"", ""ISBN:"": ""1845334558"", ""ISBN13:"": ""9781845334550"", ""Release Date:"": ""September 2008"", ""Publisher:"": ""Miller's Publications"", ""Length:"": ""704 Pages"", ""Weight:"": ""5.15 lbs."", ""Dimensions:"": ""1.8\"" x 7.9\"" x 10.5\""""}",https://i.thriftbooks.com/api/imagehandler/m/5BC6D867524B866A226ABDDE2E87A75B97CEECD2.jpeg
Collecting Toy Trains: An Identification and Value Guide,Richard O'Brien,"{""Format:"": ""Paperback"", ""Language:"": ""English"", ""ISBN:"": ""0896890848"", ""ISBN13:"": ""9780896890848"", ""Release Date:"": ""January 1991"", ""Publisher:"": ""Books Americana"", ""Length:"": ""345 Pages"", ""Weight:"": ""1.90 lbs."", ""Dimensions:"": ""0.7\"" x 8.4\"" x 10.9\""""}",https://m.media-amazon.com/images/I/51W0Zv5I8oL._SL350_.jpg
Standard Guide to Small Size U.S. Paper Money,Dean Oakes,"{""Format:"": ""Paperback"", ""Language:"": ""English"", ""ISBN:"": ""0873414942"", ""ISBN13:"": ""9780873414944"", ""Release Date:"": ""January 1997"", ""Publisher:"": ""Krause Publications"", ""Length:"": ""339 Pages"", ""Weight:"": ""1.05 lbs."", ""Dimensions:"": ""0.8\"" x 6.0\"" x 9.0\""""}",https://i.thriftbooks.com/api/imagehandler/m/74C001A9D22680E969FBDA86D840CE222C006CB5.jpeg
Turn-Of-The-Century Farm Tools and Implements,Peter Henderson & Co,"{"""": """"}",https://i.thriftbooks.com/api/imagehandler/m/C17D00F53F88A8260A54CD949EC05D255B31E347.jpeg
Holiday Collectibles: Vintage Flea Market Treasures Price Guide,Richard Smith,"{"""": """"}",https://i.thriftbooks.com/api/imagehandler/m/D2027084A263CD51E88F5FBAAF461D2C50E4CFE2.jpeg
The Complete Idiot's Guide to Buying and Selling Antiques,Emyl Jenkins,"{""Format:"": ""Paperback"", ""Language:"": ""English"", ""ISBN:"": ""0028639308"", ""ISBN13:"": ""9780028639307"", ""Release Date:"": ""January 2000"", ""Publisher:"": ""Alpha Books"", ""Length:"": ""309 Pages"", ""Weight:"": ""1.50 lbs."", ""Dimensions:"": ""0.9\"" x 7.3\"" x 9.1\""""}",https://i.thriftbooks.com/api/imagehandler/m/6813B4311C632EEF01EA140BE19444406C6C80FF.jpeg
Fostoria Tableware: 1924-1943: The Crystal for America: Identification & Value Guide,Emily Seate,"{"""": """"}",https://i.thriftbooks.com/api/imagehandler/m/8B865B882B8060F9C7D161A8C948EBFB79394F80.jpeg
Collectors Encyclopedia of Red Wing Art Pottery,B.L. Dollen,"{""Format:"": ""Hardcover"", ""Language:"": ""English"", ""ISBN:"": ""1574321927"", ""ISBN13:"": ""9781574321920"", ""Release Date:"": ""January 2000"", ""Publisher:"": ""Collector Books"", ""Length:"": ""192 Pages"", ""Weight:"": ""1.75 lbs."", ""Dimensions:"": ""0.6\"" x 8.7\"" x 11.4\""""}",https://i.thriftbooks.com/api/imagehandler/m/755080C7ADFA3C035469FE7246DF929D3193ABF9.jpeg
Collectors Guide to Yellow Ware,John L. Michel,"{""Format:"": ""Paperback"", ""Language:"": ""English"", ""ISBN:"": ""0891457410"", ""ISBN13:"": ""9780891457411"", ""Release Date:"": ""September 1996"", ""Publisher:"": ""Collector Books"", ""Length:"": ""3 Pages"", ""Weight:"": ""0.95 lbs."", ""Dimensions:"": ""0.3\"" x 8.4\"" x 10.8\""""}",https://i.thriftbooks.com/api/imagehandler/m/44ACDF578D66DBB436A6454619472A7B645B2334.jpeg
Collectors Encyclopedia of Nippon Porcelain,Joan Van Patten,"{""Format:"": ""Hardcover"", ""Language:"": ""English"", ""ISBN:"": ""1574321919"", ""ISBN13:"": ""9781574321913"", ""Release Date:"": ""January 2000"", ""Publisher:"": ""Collector Books"", ""Length:"": ""255 Pages"", ""Weight:"": ""3.45 lbs."", ""Dimensions:"": ""0.8\"" x 8.8\"" x 11.4\""""}",https://i.thriftbooks.com/api/imagehandler/m/CF4550141D1673439D0551C7CC4F646E494CB140.jpeg
Kovels' Antiques & Collectibles Price Guide,Terry Kovel,"{""Format:"": ""Paperback"", ""Language:"": ""English"", ""ISBN:"": ""1579128165"", ""ISBN13:"": ""9781579128166"", ""Release Date:"": ""September 2009"", ""Publisher:"": ""Black Dog & Leventhal Publishers"", ""Length:"": ""800 Pages"", ""Weight:"": ""3.35 lbs."", ""Dimensions:"": ""1.6\"" x 7.1\"" x 9.9\""""}",https://i.thriftbooks.com/api/imagehandler/m/6F98923732ECB3B9D5C6ADB440D1A920E4FA8C99.jpeg
Royal Copley: Identification and Price Guide,Mike Schneider,"{""Format:"": ""Hardcover"", ""Language:"": ""English"", ""ISBN:"": ""0887407390"", ""ISBN13:"": ""9780887407390"", ""Release Date:"": ""January 1995"", ""Publisher:"": ""Schiffer Publishing"", ""Length:"": ""144 Pages"", ""Weight:"": ""0.05 lbs.""}",https://i.thriftbooks.com/api/imagehandler/m/3FF80FFBC53E0816343180D257DE2BD6B7424180.jpeg
