Book Name,Authors,Info,Image URL
Inside Apple: How America's Most Admired--And Secretive--Company Really Works,Adam Lashinsky,"{""Format:"": ""Hardcover"", ""Language:"": ""English"", ""ISBN:"": ""145551215X"", ""ISBN13:"": ""9781455512157"", ""Release Date:"": ""January 2012"", ""Publisher:"": ""Business Plus"", ""Length:"": ""240 Pages"", ""Weight:"": ""1.05 lbs."", ""Dimensions:"": ""1.0\"" x 6.5\"" x 9.5\""""}",https://i.thriftbooks.com/api/imagehandler/m/1E4E25269FF11FC4DB2F8337E364EBCF618C4D69.jpeg
Iphone: The Missing Manual,David Pogue,"{""Format:"": ""Paperback"", ""Language:"": ""English"", ""ISBN:"": ""1491917911"", ""ISBN13:"": ""9781491917916"", ""Release Date:"": ""January 2016"", ""Publisher:"": ""O'Reilly Media"", ""Length:"": ""651 Pages"", ""Weight:"": ""2.30 lbs."", ""Dimensions:"": ""1.0\"" x 6.0\"" x 9.0\""""}",https://i.thriftbooks.com/api/imagehandler/m/4785E2C2557A45A720E66937F1B373E653F11373.jpeg
Creating a Website: The Missing Manual,Matthew MacDonald,"{""Format:"": ""Paperback"", ""Language:"": ""English"", ""ISBN:"": ""1491918071"", ""ISBN13:"": ""9781491918074"", ""Release Date:"": ""July 2015"", ""Publisher:"": ""O'Reilly Media"", ""Length:"": ""620 Pages"", ""Weight:"": ""2.55 lbs."", ""Dimensions:"": ""1.3\"" x 6.9\"" x 9.2\""""}",https://i.thriftbooks.com/api/imagehandler/m/D79F8BE6D83BECA51F52B1CE08BFDE81930AEE31.jpeg
Photoshop Restoration and Retouching,Katrin Eismann,"{""Format:"": ""Paperback"", ""Language:"": ""English"", ""ISBN:"": ""0789723182"", ""ISBN13:"": ""9780789723185"", ""Release Date:"": ""April 2001"", ""Publisher:"": ""New Riders Publishing"", ""Length:"": ""276 Pages"", ""Weight:"": ""1.75 lbs."", ""Dimensions:"": ""0.7\"" x 8.1\"" x 10.0\""""}",https://i.thriftbooks.com/api/imagehandler/m/4C303D77DB975E32E2406508A75E4FA1C2867811.jpeg
Programming in Objective-C,Stephen G. Kochan,"{""Format:"": ""Paperback"", ""Language:"": ""English"", ""ISBN:"": ""0321967607"", ""ISBN13:"": ""9780321967602"", ""Release Date:"": ""December 2013"", ""Publisher:"": ""Addison-Wesley Professional"", ""Length:"": ""552 Pages"", ""Weight:"": ""0.70 lbs."", ""Dimensions:"": ""1.1\"" x 7.2\"" x 9.0\""""}",https://i.thriftbooks.com/api/imagehandler/m/63EB9601D281B45F5209D503660964DD95853036.jpeg
Mobile Design and Development: Practical Concepts and Techniques for Creating Mobile Sites and Web Apps,Brian Fling,"{""Format:"": ""Paperback"", ""Language:"": ""English"", ""ISBN:"": ""0596155441"", ""ISBN13:"": ""9780596155445"", ""Release Date:"": ""September 2009"", ""Publisher:"": ""O'Reilly Media"", ""Length:"": ""329 Pages"", ""Weight:"": ""1.01 lbs."", ""Dimensions:"": ""0.8\"" x 6.9\"" x 9.1\""""}",https://i.thriftbooks.com/api/imagehandler/m/F5968A59D73FBDF720D261DFA52AD63B0F4A1F5A.jpeg
Head First iPhone Development,Dan Pilone,"{""Format:"": ""Paperback"", ""Language:"": ""English"", ""ISBN:"": ""0596803540"", ""ISBN13:"": ""9780596803544"", ""Release Date:"": ""November 2009"", ""Publisher:"": ""O'Reilly Media"", ""Length:"": ""517 Pages"", ""Weight:"": ""1.24 lbs."", ""Dimensions:"": ""1.1\"" x 8.1\"" x 9.3\""""}",https://i.thriftbooks.com/api/imagehandler/m/A34EF921A1F5C8D9A15078A71D27089BB1B4F61C.jpeg
iPad,J.D. Biersdorfer,"{""Format:"": ""Paperback"", ""Language:"": ""English"", ""ISBN:"": ""1449316182"", ""ISBN13:"": ""9781449316181"", ""Release Date:"": ""April 2012"", ""Publisher:"": ""O'Reilly Media"", ""Length:"": ""351 Pages"", ""Weight:"": ""1.33 lbs."", ""Dimensions:"": ""0.8\"" x 6.1\"" x 9.0\""""}",https://i.thriftbooks.com/api/imagehandler/m/85D43CFD4D62A8C18CA400DF8CF9AC903C14DCC9.jpeg
Adobe Photoshop Cs3 for Photographers: A Professional Image Editor's Guide to the Creative Use of Photoshop for the Macintosh and PC,Martin Evening,"{"""": """"}",https://i.thriftbooks.com/api/imagehandler/m/2FFCC7FBAF407C39C73CDDF898A3440A764C0DE3.jpeg
AppleScript 1-2-3,Sal Soghoian,"{""Format:"": ""Paperback"", ""Language:"": ""English"", ""ISBN:"": ""0321149319"", ""ISBN13:"": ""9780321149312"", ""Release Date:"": ""January 2009"", ""Publisher:"": ""Peachpit Press"", ""Length:"": ""879 Pages"", ""Weight:"": ""1.85 lbs."", ""Dimensions:"": ""1.5\"" x 7.3\"" x 9.0\""""}",https://i.thriftbooks.com/api/imagehandler/m/97AFE4E60C8242FC64EDF9075A4B786B4BE5423F.jpeg
Programming in Objective-C 2.0,Stephen G. Kochan,"{"""": """"}",https://i.thriftbooks.com/api/imagehandler/m/4467DEB7FD2776C3EF9B93AC74DF55519801A373.jpeg
DVD Studio Pro 4 [With DVD ROM and Access Code],Martin Sitter,"{""Format:"": ""Paperback"", ""Language:"": ""English"", ""ISBN:"": ""0321534093"", ""ISBN13:"": ""9780321534095"", ""Release Date:"": ""January 2009"", ""Publisher:"": ""Peachpit Press"", ""Length:"": ""434 Pages"", ""Weight:"": ""2.05 lbs."", ""Dimensions:"": ""0.9\"" x 7.3\"" x 9.0\""""}",https://i.thriftbooks.com/api/imagehandler/m/5988604369C940E36B53B6D86077BFCAC4C16EB0.jpeg
Sams Teach Yourself iPhone Application Development in 24 Hours,John Ray,"{""Format:"": ""Paperback"", ""Language:"": ""English"", ""ISBN:"": ""0672330849"", ""ISBN13:"": ""9780672330841"", ""Release Date:"": ""January 2009"", ""Publisher:"": ""Sams"", ""Length:"": ""681 Pages"", ""Weight:"": ""2.85 lbs."", ""Dimensions:"": ""1.6\"" x 7.0\"" x 9.1\""""}",https://i.thriftbooks.com/api/imagehandler/m/D25FC44EB05504ED89A8E1D097C3C0CA18660F4A.jpeg
Photoshop 5 Bible Gold Edition [With (2)],Deke McClelland,"{""Format:"": ""Hardcover"", ""Language:"": ""English"", ""ISBN:"": ""076453372X"", ""ISBN13:"": ""9780764533723"", ""Release Date:"": ""May 1999"", ""Publisher:"": ""John Wiley & Sons"", ""Length:"": ""944 Pages"", ""Weight:"": ""5.10 lbs."", ""Dimensions:"": ""2.4\"" x 7.5\"" x 9.5\""""}",https://i.thriftbooks.com/api/imagehandler/m/756386222DC6946455A8F0F743146B765C1F7737.jpeg
iPhone & iPad Apps Marketing: Secrets to Selling Your iPhone and iPad Apps,Jeffrey Hughes,"{"""": """"}",https://i.thriftbooks.com/api/imagehandler/m/665F0B898B95DC710F9C83314B3F9F8828A34AA5.jpeg
Learn C on the Mac,James Bucanek,"{""Format:"": ""Paperback"", ""Language:"": ""English"", ""ISBN:"": ""1430218096"", ""ISBN13:"": ""9781430218098"", ""Release Date:"": ""December 2008"", ""Publisher:"": ""Apress"", ""Length:"": ""376 Pages"", ""Weight:"": ""1.55 lbs."", ""Dimensions:"": ""0.9\"" x 7.7\"" x 8.6\""""}",https://i.thriftbooks.com/api/imagehandler/m/91875C4A6B4E9FD45485ABEAD166ACACD840177C.jpeg
Keynote for Mac OS X: Visual QuickStart Guide,Rebecca Ross,"{"""": """"}",https://i.thriftbooks.com/api/imagehandler/m/76273360BA2853BB56E13CA4AA018CB290F6CA78.jpeg
The Little iTunes Book,"Bob ""Dr. Mac"" LeVitus","{"""": """"}",https://i.thriftbooks.com/api/imagehandler/m/B20E534031B0BEC5EF5DEDB63D7ED4B6CB06BDC7.jpeg
AppleScript? for Dummies?,Tom Trinko,"{""Format:"": ""Paperback"", ""Language:"": ""English"", ""ISBN:"": ""1568849753"", ""ISBN13:"": ""9781568849751"", ""Release Date:"": ""January 1996"", ""Publisher:"": ""For Dummies"", ""Length:"": ""396 Pages"", ""Weight:"": ""1.75 lbs."", ""Dimensions:"": ""0.9\"" x 7.4\"" x 9.2\""""}",https://i.thriftbooks.com/api/imagehandler/m/7743E443F8F331CB76034E9F939D5F0229440AC5.jpeg
Tapworthy: Designing Great iPhone Apps,Josh Clark,"{""Format:"": ""Paperback"", ""Language:"": ""English"", ""ISBN:"": ""1449381650"", ""ISBN13:"": ""9781449381653"", ""Release Date:"": ""June 2010"", ""Publisher:"": ""O'Reilly Media"", ""Length:"": ""320 Pages"", ""Weight:"": ""1.40 lbs."", ""Dimensions:"": ""0.6\"" x 7.0\"" x 9.3\""""}",https://i.thriftbooks.com/api/imagehandler/m/2E556A7B4BC368CDD07CA5A9E8C57B38AFBEF551.jpeg
iPhone Application Development for Dummies,Neal Goldstein,"{""Format:"": ""Paperback"", ""Language:"": ""English"", ""ISBN:"": ""0470487372"", ""ISBN13:"": ""9780470487372"", ""Release Date:"": ""May 2009"", ""Publisher:"": ""For Dummies"", ""Length:"": ""386 Pages"", ""Weight:"": ""0.75 lbs."", ""Dimensions:"": ""0.9\"" x 7.4\"" x 9.1\""""}",https://i.thriftbooks.com/api/imagehandler/m/C12020903F4C21218CE80D5CD6D23C0301EE3392.jpeg
IOS Programming: The Big Nerd Ranch Guide,Aaron Hillegass,"{""Format:"": ""Paperback"", ""Language:"": ""English"", ""ISBN:"": ""0321821521"", ""ISBN13:"": ""9780321821522"", ""Release Date:"": ""January 2012"", ""Publisher:"": ""Big Nerd Ranch Guides"", ""Length:"": ""589 Pages"", ""Weight:"": ""2.82 lbs."", ""Dimensions:"": ""1.6\"" x 6.9\"" x 9.9\""""}",https://i.thriftbooks.com/api/imagehandler/m/DE578481CE27372D6CD7E9E5ABC2079DB00976EA.jpeg
Adobe Encore DVD in the Studio,Douglas Dixon,"{"""": """"}",https://i.thriftbooks.com/api/imagehandler/m/D330F8AB9A48999B3D4C95DB358597218EDCBFD4.jpeg
Adobe Photoshop Cs2 One-On-One [With Dvdrom],Deke McClelland,"{"""": """"}",https://i.thriftbooks.com/api/imagehandler/m/7BAEB64203E7F367C32AA8288765DD8B6B990DED.jpeg
"Photoshop Cs2 Raw: Using Adobe Camera Raw, Bridge, and Photoshop to Get the Most Out of Your Digital Camera",Mikkel Aaland,"{"""": """"}",https://i.thriftbooks.com/api/imagehandler/m/42475054AA026914CBB532D1A8B79316AEAB47DB.jpeg
Macromedia Flash MX Advanced for Windows and Macintosh Visual Quickpro Guide [With CDROM],Russell Chun,"{"""": """"}",https://i.thriftbooks.com/api/imagehandler/m/38A042D3E44AF086986F5E71369FDA4FFC6986B6.jpeg
iPad in the Enterprise: Developing and Deploying Business Applications,Nathan Clevenger,"{"""": """"}",https://i.thriftbooks.com/api/imagehandler/m/E46055895AADBB38E1794C982146384CF9AC678D.jpeg
Inside Macintosh,Apple Inc.,"{""Format:"": ""Paperback"", ""Language:"": ""English"", ""ISBN:"": ""0201632985"", ""ISBN13:"": ""9780201632989"", ""Release Date:"": ""January 1993"", ""Publisher:"": ""Addison Wesley Publishing Company"", ""Length:"": ""1 Pages"", ""Weight:"": ""5.10 lbs."", ""Dimensions:"": ""1.9\"" x 8.6\"" x 11.0\""""}",https://i.thriftbooks.com/api/imagehandler/m/C5FB10C5E452DA8579F15B710EBED1337D68BAA6.jpeg
iMovie 3 & iDVD: The Missing Manual,David Pogue,"{"""": """"}",https://i.thriftbooks.com/api/imagehandler/m/F65CD702E699BCDC72594F92FB21A0817F90B068.jpeg
ActionScript for Flash MX: The Definitive Guide: The Definitive Guide,Colin Moock,"{""Format:"": ""Paperback"", ""Language:"": ""English"", ""ISBN:"": ""059600396X"", ""ISBN13:"": ""9780596003968"", ""Release Date:"": ""December 2002"", ""Publisher:"": ""O'Reilly Media"", ""Length:"": ""1088 Pages"", ""Weight:"": ""2.94 lbs."", ""Dimensions:"": ""1.7\"" x 7.1\"" x 9.3\""""}",https://i.thriftbooks.com/api/imagehandler/m/063C35391773581AA75B3FDB68021AAB301FA2D5.jpeg
Quickbase: The Missing Manual,Nancy Conner,"{""Format:"": ""Paperback"", ""Language:"": ""English"", ""ISBN:"": ""0596529600"", ""ISBN13:"": ""9780596529604"", ""Release Date:"": ""April 2007"", ""Publisher:"": ""O'Reilly Media"", ""Length:"": ""552 Pages"", ""Weight:"": ""1.55 lbs."", ""Dimensions:"": ""1.0\"" x 7.0\"" x 9.3\""""}",https://i.thriftbooks.com/api/imagehandler/m/6386B2D73095AD875C8D3DC6000E39C136493632.jpeg
Objective-C Programming: The Big Nerd Ranch Guide,Aaron Hillegass,"{""Format:"": ""Paperback"", ""Language:"": ""English"", ""ISBN:"": ""0321706285"", ""ISBN13:"": ""9780321706287"", ""Release Date:"": ""January 2011"", ""Publisher:"": ""Addison-Wesley Professional"", ""Length:"": ""272 Pages"", ""Weight:"": ""1.30 lbs."", ""Dimensions:"": ""0.7\"" x 7.1\"" x 10.0\""""}",https://i.thriftbooks.com/api/imagehandler/m/A9EA293FF6E5B34CA0787FD8A834EBDBCF2F970D.jpeg
Excel 5.0 F/Dummies,Greg Harvey,"{"""": """"}",https://i.thriftbooks.com/api/imagehandler/m/231A4EBB673A58AEE1063C9B6FD3FAA45D79B477.jpeg
"iWork '09: Keynote, Pages, and Numbers [With DVD ROM]",Richard Harrington,"{""Format:"": ""Paperback"", ""Language:"": ""English"", ""ISBN:"": ""0321618513"", ""ISBN13:"": ""9780321618511"", ""Release Date:"": ""January 2009"", ""Publisher:"": ""Peachpit Press"", ""Length:"": ""463 Pages"", ""Weight:"": ""2.15 lbs."", ""Dimensions:"": ""1.0\"" x 7.2\"" x 9.0\""""}",https://i.thriftbooks.com/api/imagehandler/m/04EE20181AEFBEBC9DBBD67E47A67B71CBDC78C1.jpeg
Apple Automator with AppleScript Bible,Thomas Myer,"{"""": """"}",https://i.thriftbooks.com/api/imagehandler/m/EAE04058C5242D899082CED7BCB0FA2623A13F80.jpeg
Spreadsheets: Creating Worksheets,Robert Dinwiddie,"{"""": """"}",https://i.thriftbooks.com/api/imagehandler/m/AF9C036DB33303620C27AC55A701D7793888C2F2.jpeg
AppleScript in a Nutshell: A Desktop Quick Reference,Bruce W. Perry,"{""Format:"": ""Paperback"", ""Language:"": ""English"", ""ISBN:"": ""1565928415"", ""ISBN13:"": ""9781565928411"", ""Release Date:"": ""July 2001"", ""Publisher:"": ""O'Reilly Media"", ""Length:"": ""526 Pages"", ""Weight:"": ""0.30 lbs."", ""Dimensions:"": ""1.0\"" x 6.0\"" x 9.0\""""}",https://i.thriftbooks.com/api/imagehandler/m/61129899A34B94C88DE0BD79E26F846D85B7D315.jpeg
iPad Application Development for Dummies,Tony Bove,"{"""": """"}",https://i.thriftbooks.com/api/imagehandler/m/EB11240E9090E246E04461EF1A82915378B3A377.jpeg
iWork '09 for Dummies,Jesse Feiler,"{"""": """"}",https://i.thriftbooks.com/api/imagehandler/m/0ACF7E56D060C8745FDECD38D571C458AD7A8746.jpeg
Beginning AppleScript,Stephen G. Kochan,"{"""": """"}",https://i.thriftbooks.com/api/imagehandler/m/CEE88B66D8C88268669EF4C0A69E92A1CF91BAA7.jpeg
Illustrator CS3 for Windows and Macintosh: Visual QuickStart Guide,Elaine Weinmann,"{""Format:"": ""Paperback"", ""Language:"": ""English"", ""ISBN:"": ""0321510453"", ""ISBN13:"": ""9780321510457"", ""Release Date:"": ""January 2007"", ""Publisher:"": ""Peachpit Press"", ""Length:"": ""437 Pages"", ""Weight:"": ""1.67 lbs."", ""Dimensions:"": ""0.9\"" x 7.0\"" x 9.0\""""}",https://i.thriftbooks.com/api/imagehandler/m/851914D3F822DE738ECF1B6C210FE0D39E835D4B.jpeg
iPhone and iPad Apps for Absolute Beginners,Rory Lewis,"{""Format:"": ""Paperback"", ""Language:"": ""English"", ""ISBN:"": ""1430227001"", ""ISBN13:"": ""9781430227007"", ""Release Date:"": ""June 2010"", ""Publisher:"": ""Apress"", ""Length:"": ""336 Pages"", ""Weight:"": ""1.35 lbs."", ""Dimensions:"": ""0.8\"" x 9.2\"" x 7.4\""""}",https://i.thriftbooks.com/api/imagehandler/m/ABEC8F2D8A7CCE696F33A399D442DDF10F01D67B.jpeg
The Photoshop 3 Wow! Book,Linnea Dayton,"{""Format:"": ""Paperback"", ""Language:"": ""English"", ""ISBN:"": ""1566091780"", ""ISBN13:"": ""9781566091787"", ""Release Date:"": ""January 1995"", ""Publisher:"": ""Peachpit Press"", ""Length:"": ""282 Pages"", ""Weight:"": ""1.85 lbs."", ""Dimensions:"": ""0.9\"" x 7.5\"" x 9.2\""""}",https://i.thriftbooks.com/api/imagehandler/m/C10B82EF4BF98AEDD97497B5AA8C825726ADA2BE.jpeg
Keynote 2 for Mac OS X,Tom Negrino,"{"""": """"}",https://i.thriftbooks.com/api/imagehandler/m/E3AA1AA9D41CEB8BA785C646FEA9FD959DBB8D6B.jpeg
Apple Pro Training Series: Color [With DVD ROM],Alexis Van Hurkman,"{"""": """"}",https://i.thriftbooks.com/api/imagehandler/m/A0B8864456355C39D3D1EE6558BE0B05AA17A560.jpeg
Quicken 2000 for the Mac: The Official Guide,Maria Langer,"{"""": """"}",https://i.thriftbooks.com/api/imagehandler/m/AC89733AF066BEE194CE56FC53E1E83ACC13ABF4.jpeg
Illustrator 9 for the Mac Fast and Easy,C. Michael Woodward,"{"""": """"}",https://i.thriftbooks.com/api/imagehandler/m/41EEAFD19D580B241D354721772803FF13E5F565.jpeg
Learning iPhone Programming,Alasdair Allan,"{""Format:"": ""Paperback"", ""Language:"": ""English"", ""ISBN:"": ""0596806434"", ""ISBN13:"": ""9780596806439"", ""Release Date:"": ""March 2010"", ""Publisher:"": ""O'Reilly Media"", ""Length:"": ""356 Pages"", ""Weight:"": ""1.05 lbs."", ""Dimensions:"": ""0.9\"" x 7.0\"" x 9.2\""""}",https://i.thriftbooks.com/api/imagehandler/m/986D1B3961059749E6B04D1306F26A1E857520CC.jpeg
Objective-C Phrasebook,David Chisnall,"{""Format:"": ""Paperback"", ""Language:"": ""English"", ""ISBN:"": ""0321743628"", ""ISBN13:"": ""9780321743626"", ""Release Date:"": ""January 2011"", ""Publisher:"": ""Addison-Wesley Professional"", ""Length:"": ""332 Pages"", ""Weight:"": ""0.65 lbs."", ""Dimensions:"": ""0.8\"" x 4.6\"" x 7.0\""""}",https://i.thriftbooks.com/api/imagehandler/m/6A1A5BABA707988C52B25CE5DC22D8DD6DE5E91D.jpeg
"Objective-C for Absolute Beginners: iPhone, iPad and Mac Programming Made Easy",Brad Lees,"{""Format:"": ""Paperback"", ""Language:"": ""English"", ""ISBN:"": ""1430236531"", ""ISBN13:"": ""9781430236535"", ""Release Date:"": ""January 2011"", ""Publisher:"": ""Apress"", ""Length:"": ""340 Pages"", ""Weight:"": ""1.35 lbs."", ""Dimensions:"": ""0.7\"" x 7.5\"" x 9.3\""""}",https://i.thriftbooks.com/api/imagehandler/m/BEC88E5921E8092F89D5A544626E04A40F431254.jpeg
AppleScript: The Comprehensive Guide to Scripting and Automation on Mac OS X,Hanaan Rosenthal,"{""Format:"": ""Paperback"", ""Language:"": ""English"", ""ISBN:"": ""1590596536"", ""ISBN13:"": ""9781590596531"", ""Release Date:"": ""September 2006"", ""Publisher:"": ""Apress"", ""Length:"": ""808 Pages"", ""Weight:"": ""2.80 lbs."", ""Dimensions:"": ""1.6\"" x 6.9\"" x 9.5\""""}",https://i.thriftbooks.com/api/imagehandler/m/ACEA614E528377DB725461A2707F783DFD96938C.jpeg
Learn Xcode Tools for Mac OS X and iPhone Development,Ian Piper,"{""Format:"": ""Paperback"", ""Language:"": ""English"", ""ISBN:"": ""143027221X"", ""ISBN13:"": ""9781430272212"", ""Release Date:"": ""December 2009"", ""Publisher:"": ""Apress"", ""Length:"": ""450 Pages"", ""Weight:"": ""1.36 lbs."", ""Dimensions:"": ""0.8\"" x 7.4\"" x 9.3\""""}",https://i.thriftbooks.com/api/imagehandler/m/5B080E94E280B39356287921D462DE7F93169916.jpeg
Graphical Applications with TCL and TK [With Latest TCL Source Code Releases/ Book Examples],Eric Foster-Johnson,"{"""": """"}",https://i.thriftbooks.com/api/imagehandler/m/C3E3B656C93E52F6518D4EB0B1AE2C11BCA8CCE1.jpeg
Flash CS3 Professional Advanced for Windows and Macintosh,Russell Chun,"{"""": """"}",https://i.thriftbooks.com/api/imagehandler/m/2D400CE585D5A5018B3FD0FFB16EFBBA88F880C1.jpeg
AppleScript: A Comprehensive Guide to Scripting and Automation on Mac OS X,Hanaan Rosenthal,"{"""": """"}",https://i.thriftbooks.com/api/imagehandler/m/A9872FA7E4A14B5893C98E474659071F6E331E09.jpeg
Illustrator 10 for Windows and Macintosh: Visual QuickStart Guide,Peter Lourekas,"{"""": """"}",https://i.thriftbooks.com/api/imagehandler/m/9FA66A39D2F0644665BC163D7873F46049DC1D91.jpeg
Office 2004 for Macintosh,Paul Berkowitz,"{""Format:"": ""Paperback"", ""Language:"": ""English"", ""ISBN:"": ""0596008201"", ""ISBN13:"": ""9780596008208"", ""Release Date:"": ""February 2005"", ""Publisher:"": ""O'Reilly Media"", ""Length:"": ""736 Pages"", ""Weight:"": ""2.54 lbs."", ""Dimensions:"": ""1.5\"" x 7.1\"" x 9.2\""""}",https://i.thriftbooks.com/api/imagehandler/m/2A089EA18296F1C8D2ECBBB1AC2095AE0D76542D.jpeg
Objective-C,Bob Kressin,"{"""": """"}",https://i.thriftbooks.com/api/imagehandler/m/E4EF20EF0CF52D9AE655B793CDE3E632047CB900.jpeg
iPad Application Sketch Book,Dean Kaplan,"{"""": """"}",https://i.thriftbooks.com/api/imagehandler/m/DB7D291BDF4296DD499C6E9C52DBA64627208337.jpeg
"iPhone Fully Loaded: If You've Got It, You Can iPhone It",Andy Ihnatko,"{"""": """"}",https://i.thriftbooks.com/api/imagehandler/m/E6145492AA16AEA534F813C46474191E733C265D.jpeg
The Business of iPhone App Development: Making and Marketing Apps That Succeed,Dave Wooldridge,"{""Format:"": ""Paperback"", ""Language:"": ""English"", ""ISBN:"": ""1430227338"", ""ISBN13:"": ""9781430227335"", ""Release Date:"": ""March 2010"", ""Publisher:"": ""Apress"", ""Length:"": ""408 Pages"", ""Weight:"": ""1.35 lbs."", ""Dimensions:"": ""0.9\"" x 7.5\"" x 9.2\""""}",https://i.thriftbooks.com/api/imagehandler/m/9934047E4A31C27BDBFB848C67BDE509B3948FAC.jpeg
Sams Teach Yourself AppleScript in 24 Hours,Jesse Feiler,"{"""": """"}",https://i.thriftbooks.com/api/imagehandler/m/714418D22EEC37F367CE219EDD5D4CD61496CF5B.jpeg
Photoshop Cs2 for Windows and Macintosh: Visual QuickStart Guide,Peter Lourekas,"{"""": """"}",https://i.thriftbooks.com/api/imagehandler/m/237687886F9645F275D829E2ED283A3BFB161CA2.jpeg
iPhone Application Sketch Book,Dean Kaplan,"{"""": """"}",https://i.thriftbooks.com/api/imagehandler/m/D883D6094DCC22201A312984ED09EC78E8B8D584.jpeg
Learn Objective-C for Java Developers,James Bucanek,"{""Format:"": ""Paperback"", ""Language:"": ""English"", ""ISBN:"": ""1430223693"", ""ISBN13:"": ""9781430223696"", ""Release Date:"": ""September 2009"", ""Publisher:"": ""Apress"", ""Length:"": ""520 Pages"", ""Weight:"": ""1.70 lbs."", ""Dimensions:"": ""1.1\"" x 7.5\"" x 9.3\""""}",https://i.thriftbooks.com/api/imagehandler/m/274CF81ED2371E5C1A5B0F64043665EE416CE11A.jpeg
Mac with Iweb: Visual QuickStart Guide,David Reynolds,"{"""": """"}",https://i.thriftbooks.com/api/imagehandler/m/88B547DB9F886688D10D923A432C8220F3B68790.jpeg
Illustrator CS for Windows and Macintosh: Visual QuickStart Guide,Peter Lourekas,"{"""": """"}",https://i.thriftbooks.com/api/imagehandler/m/94334D7BBA6C94F0C6F26441F912461363E451B2.jpeg
iPhone for Work: Increasing Productivity for Busy Professionals,Ryan J. Faas,"{"""": """"}",https://i.thriftbooks.com/api/imagehandler/m/6F707D452EC563212D943D99D32FB781255344CF.jpeg
Iphone 3D Game Programming All in One [With CDROM],Jeremy Alessi,"{"""": """"}",https://i.thriftbooks.com/api/imagehandler/m/F667FFC97E51549EF2BD5ACCEE511627E1D99E36.jpeg
iPhone Design Award-Winning Projects,Chris Dannen,"{"""": """"}",https://i.thriftbooks.com/api/imagehandler/m/7A0444308787B3C77CF9B5010076939F21A10F36.jpeg
iPhone 3D Programming: Developing Graphical Applications with OpenGL Es,Philip Rideout,"{""Format:"": ""Paperback"", ""Language:"": ""English"", ""ISBN:"": ""0596804822"", ""ISBN13:"": ""9780596804824"", ""Release Date:"": ""June 2010"", ""Publisher:"": ""O'Reilly Media"", ""Length:"": ""438 Pages"", ""Weight:"": ""1.65 lbs."", ""Dimensions:"": ""1.0\"" x 9.1\"" x 7.0\""""}",https://i.thriftbooks.com/api/imagehandler/m/B02F1EF844F9CED13228132F84DE3900598012D4.jpeg
The Complete Idiot's Guide to iPad and iPhone App Development,Troy Brant,"{"""": """"}",https://i.thriftbooks.com/api/imagehandler/m/F74E1A0C144FD06EDF895C9C2888451B8ABDD6FC.jpeg
Microsoft Excel Macros Version 4 Step by Step: For Windows and the Macintosh: The Official Microsoft Courseware,Steve Wexler,"{"""": """"}",https://m.media-amazon.com/images/I/21rFgh65XML._SL350_.jpg
iPhone Advanced Projects,Steve Finkelstein,"{"""": """"}",https://i.thriftbooks.com/api/imagehandler/m/63900BDA410684C9EE1E9423B5BDD43739B18942.jpeg
Textmate: Power Editing for the Mac,James Edward Gray II,"{"""": """"}",https://i.thriftbooks.com/api/imagehandler/m/FC72568F0051C80E664E9D739232814C5ECC5CB9.jpeg
Beginning iPhone Development: Exploring the iPhone SDK,Jeff LaMarche,"{""Format:"": ""Paperback"", ""Language:"": ""English"", ""ISBN:"": ""1430216263"", ""Release Date:"": ""November 2008"", ""Publisher:"": ""Apress"", ""Length:"": ""536 Pages"", ""Weight:"": ""1.58 lbs."", ""Dimensions:"": ""9.3\"" x 1.2\"" x 7.0\""""}",https://m.media-amazon.com/images/I/41q6a-jqWNL._SL350_.jpg
The Rough Guide to the iPad,Peter Buckley,"{"""": """"}",https://i.thriftbooks.com/api/imagehandler/m/6962C9869A1065DE9E52C8BE5A9045A181FD3F45.jpeg
Taking Your iPad to the Max,Michael Grothaus,"{""Format:"": ""Paperback"", ""Language:"": ""English"", ""ISBN:"": ""1430231084"", ""ISBN13:"": ""9781430231080"", ""Release Date:"": ""July 2010"", ""Publisher:"": ""Apress"", ""Length:"": ""440 Pages"", ""Weight:"": ""1.45 lbs."", ""Dimensions:"": ""1.0\"" x 7.5\"" x 9.3\""""}",https://i.thriftbooks.com/api/imagehandler/m/BA11155A8AAD6AB3BA9E298FD2129D7915A85011.jpeg
Office 2008 for Macintosh: The Missing Manual,Jim Elferdink,"{""Format:"": ""Paperback"", ""Language:"": ""English"", ""ISBN:"": ""059651431X"", ""ISBN13:"": ""9780596514310"", ""Release Date:"": ""March 2008"", ""Publisher:"": ""O'Reilly Media"", ""Length:"": ""911 Pages"", ""Weight:"": ""2.75 lbs."", ""Dimensions:"": ""1.8\"" x 7.1\"" x 9.2\""""}",https://i.thriftbooks.com/api/imagehandler/m/28AD45779C725B505C2A855774732496065724C5.jpeg
iPhone App Development: The Missing Manual,Craig Hockenberry,"{""Format:"": ""Paperback"", ""Language:"": ""English"", ""ISBN:"": ""0596809778"", ""ISBN13:"": ""9780596809775"", ""Release Date:"": ""June 2010"", ""Publisher:"": ""O'Reilly Media"", ""Length:"": ""338 Pages"", ""Weight:"": ""1.05 lbs."", ""Dimensions:"": ""0.7\"" x 7.0\"" x 9.3\""""}",https://i.thriftbooks.com/api/imagehandler/m/F0D066B79E932CB73A68E59D007E91C664A941A1.jpeg
Compressor Quick-Reference Guide,Brian Gary,"{"""": """"}",https://i.thriftbooks.com/api/imagehandler/m/06DD835A0D34D6AC61FB45A5FC1C507D9128ED22.jpeg
More iPhone 3 Development: Tackling iPhone SDK 3,Jeff LaMarche,"{""Format:"": ""Paperback"", ""Language:"": ""English"", ""ISBN:"": ""143022505X"", ""ISBN13:"": ""9781430225058"", ""Release Date:"": ""December 2009"", ""Publisher:"": ""Apress"", ""Length:"": ""552 Pages"", ""Weight:"": ""1.62 lbs."", ""Dimensions:"": ""1.1\"" x 7.6\"" x 9.3\""""}",https://i.thriftbooks.com/api/imagehandler/m/5E9BF4F63A2D8B0A3A7E7F4F0E1935776CB55C58.jpeg
Applescript: A Beginner's Guide,Guy Hart-Davis,"{""Format:"": ""Paperback"", ""Language:"": ""English"", ""ISBN:"": ""0071639543"", ""ISBN13:"": ""9780071639545"", ""Release Date:"": ""December 2009"", ""Publisher:"": ""McGraw-Hill Companies"", ""Length:"": ""448 Pages"", ""Weight:"": ""1.75 lbs."", ""Dimensions:"": ""1.1\"" x 7.3\"" x 9.0\""""}",https://i.thriftbooks.com/api/imagehandler/m/7632C32E0DF829FA3C424B6AED8FC4EFFABA4992.jpeg
iPhone SDK Application Development: Building Applications for the Appstore,Jonathan Zdziarski,"{"""": """"}",https://i.thriftbooks.com/api/imagehandler/m/CCE4E3FFA4489BC55A9468DE8355420E4D0B11CD.jpeg
Excel X for Mac OS X: Visual QuickStart Guide,Maria Langer,"{""Format:"": ""Paperback"", ""Language:"": ""English"", ""ISBN:"": ""0201758423"", ""ISBN13:"": ""9780201758429"", ""Release Date:"": ""January 2002"", ""Publisher:"": ""Peachpit Press"", ""Length:"": ""328 Pages"", ""Weight:"": ""1.25 lbs."", ""Dimensions:"": ""0.7\"" x 6.8\"" x 9.4\""""}",https://i.thriftbooks.com/api/imagehandler/m/A4320788B8D0A4B0B45E63637FD5A8E651EC4A55.jpeg
iPhone User Interface Design Projects,Dave Mark,"{"""": """"}",https://i.thriftbooks.com/api/imagehandler/m/AA9A78E9AA68692C7EDF37FB05F7EDBC52BB28F5.jpeg
Beginning iPhone 4 Development: Exploring the IOS SDK,Jeff LaMarche,"{""Format:"": ""Paperback"", ""Language:"": ""English"", ""ISBN:"": ""143023024X"", ""ISBN13:"": ""9781430230243"", ""Release Date:"": ""January 2011"", ""Publisher:"": ""Apress"", ""Length:"": ""676 Pages"", ""Weight:"": ""2.55 lbs."", ""Dimensions:"": ""1.4\"" x 7.4\"" x 9.2\""""}",https://i.thriftbooks.com/api/imagehandler/m/F66BDBB7A8D82C0E9F90176513F6E6D30D25EF6F.jpeg
Learn Objective-C on the Mac,Scott Knaster,"{""Format:"": ""Paperback"", ""Language:"": ""English"", ""ISBN:"": ""1430218150"", ""ISBN13:"": ""9781430218159"", ""Release Date:"": ""December 2008"", ""Publisher:"": ""Apress"", ""Length:"": ""360 Pages"", ""Weight:"": ""1.25 lbs."", ""Dimensions:"": ""0.7\"" x 7.5\"" x 9.2\""""}",https://i.thriftbooks.com/api/imagehandler/m/597D4C6D8A371A789432D75BB2F9D53AA953F193.jpeg
AppleScript: The Missing Manual,Adam Goldstein,"{""Format:"": ""Paperback"", ""Language:"": ""English"", ""ISBN:"": ""0596008503"", ""ISBN13:"": ""9780596008505"", ""Release Date:"": ""March 2005"", ""Publisher:"": ""O'Reilly Media"", ""Length:"": ""325 Pages"", ""Weight:"": ""1.25 lbs."", ""Dimensions:"": ""0.9\"" x 7.0\"" x 9.2\""""}",https://i.thriftbooks.com/api/imagehandler/m/B2EA4EDAC7561E33A4FB12723392BFBCD8C328FD.jpeg
Kais Power Tools Studio Secrets: The Official Book with CD-ROM,Ted Alspach,"{""Format:"": ""Paperback"", ""Language:"": ""English"", ""ISBN:"": ""0764540025"", ""ISBN13:"": ""9780764540028"", ""Release Date:"": ""January 1996"", ""Publisher:"": ""Wiley Publishing"", ""Length:"": ""224 Pages"", ""Weight:"": ""1.90 lbs."", ""Dimensions:"": ""0.7\"" x 8.1\"" x 10.0\""""}",https://i.thriftbooks.com/api/imagehandler/m/C415FA92C9F1506837AE046174BE4F28217CE1FE.jpeg
Quicktime the Official Guide for Macintosh Users,Robert A. Lettieri,"{"""": """"}",https://m.media-amazon.com/images/I/71R7ETDX6VL._SL350_.jpg
The Photoshop CS2 Book For Digital Photographers,Scott Kelby,"{""Format:"": ""Paperback"", ""Language:"": ""English"", ""ISBN:"": ""0321330625"", ""Release Date:"": ""January 2005"", ""Publisher:"": ""Peachpit Pr"", ""Length:"": ""459 Pages"", ""Weight:"": ""2.95 lbs."", ""Dimensions:"": ""9.8\"" x 1.0\"" x 8.0\""""}",https://m.media-amazon.com/images/I/51LoX1+rAAL._SL350_.jpg
"Painter 5 Studio Secrets [With Contains Metacreation's Painter 5 Demo, Artwork...]",Adele Droblas Greenberg,"{""Format:"": ""Paperback"", ""Language:"": ""English"", ""ISBN:"": ""0764540386"", ""ISBN13:"": ""9780764540387"", ""Release Date:"": ""January 1998"", ""Publisher:"": ""Wiley Publishing"", ""Length:"": ""235 Pages"", ""Weight:"": ""1.94 lbs."", ""Dimensions:"": ""0.7\"" x 8.1\"" x 10.0\""""}",https://i.thriftbooks.com/api/imagehandler/m/CC0D4D6C349D012C873C94489AF3EDB3A42DE435.jpeg
Foundation Mac OS X Web Development,Phil Sherry,"{"""": """"}",https://i.thriftbooks.com/api/imagehandler/m/2B91FBF8DF8DC653ABF8193864377FB716241912.jpeg
Adobe Premiere for Macintosh,Adobe Creative Team,"{"""": """"}",https://i.thriftbooks.com/api/imagehandler/m/59C4915248116861B18430F35155A9C392EE9B69.jpeg
Illustrator 6 for Macs for Dummies,Adele Droblas Greenberg,"{"""": """"}",https://i.thriftbooks.com/api/imagehandler/m/E0A9AF9A5FDB3DA9081C04EC13B9061CA55C4046.jpeg
iPhone Cool Projects,Wolfgang Ante,"{"""": """"}",https://i.thriftbooks.com/api/imagehandler/m/E3FDC53B8A536C20F8FBBFACDF2EDCD55A4D36DF.jpeg
Mac Multimedia and CD-ROMs for Dummies,Deke McClelland,"{"""": """"}",https://i.thriftbooks.com/api/imagehandler/m/D9C61F1BA131053D9BD301EEEEFD5626820DE46B.jpeg
Photoshop Elements 3 for Windows and Macintosh: Visual QuickStart Guide,Craig Hoeschen,"{"""": """"}",https://i.thriftbooks.com/api/imagehandler/m/68756F7553603AC0C53D4C927987378D9C29B4AC.jpeg
"Learning Cocos2d: A Hands-On Guide to Building iOS Games with Cocos2d, Box2d, and Chipmunk",Ray Wenderlich,"{"""": """"}",https://i.thriftbooks.com/api/imagehandler/m/D37A993F70D2666F02F9B6C319875483E7583C7F.jpeg
Photoshop CS for Windows and Macintosh: Visual QuickStart Guide,Peter Lourekas,"{"""": """"}",https://i.thriftbooks.com/api/imagehandler/m/D081071FDC2D3B9FD9813B1A70715050DBBB3166.jpeg
AppleScript for Applications: Visual QuickStart Guide,Ethan Wilde,"{"""": """"}",https://i.thriftbooks.com/api/imagehandler/m/1639640A31C2B2785CEAD2DEDA11F789D40B5E34.jpeg
iPhone Games Projects,P.J. Cabrera,"{"""": """"}",https://i.thriftbooks.com/api/imagehandler/m/39EC07AEC2E02CCD6E8D9642C79F3E46CB5CE50D.jpeg
