Book Name,Authors,Info,Image URL
Art & History of Sicily,Bonechi,"{"""": """"}",https://m.media-amazon.com/images/I/61DMyRoJhuL._SL350_.jpg
"The History of American Sculpture. With Twelve Full-page Photogravures, and one Hundred and Four Illustrations in the Text",Lorado Taft,"{""Format:"": ""Hardcover"", ""Language:"": ""English"", ""ISBN:"": ""1017692599"", ""ISBN13:"": ""9781017692594"", ""Release Date:"": ""October 2022"", ""Publisher:"": ""Legare Street Press"", ""Length:"": ""606 Pages"", ""Weight:"": ""2.25 lbs."", ""Dimensions:"": ""1.3\"" x 6.1\"" x 9.2\""""}",https://i.thriftbooks.com/api/imagehandler/m/1C79AECEA3118B98DE78935364EE464192B21A13.jpeg
A History of Photography in 50 Cameras,Michael Pritchard,"{""Format:"": ""Hardcover"", ""Language:"": ""English"", ""ISBN:"": ""1770855904"", ""ISBN13:"": ""9781770855908"", ""Release Date:"": ""August 2015"", ""Publisher:"": ""Firefly Books"", ""Length:"": ""224 Pages"", ""Weight:"": ""1.60 lbs."", ""Dimensions:"": ""0.6\"" x 6.9\"" x 9.2\""""}",https://i.thriftbooks.com/api/imagehandler/m/21B4090490A9B0C8C1FFB8249F2DDF06657F21D3.jpeg
"Art and Architecture in Italy, 1600-1750 (Hist of Art)",Rudolf Wittkower,"{""Format:"": ""Paperback"", ""Language:"": ""English"", ""ISBN:"": ""0140561161"", ""ISBN13:"": ""9780140561166"", ""Release Date:"": ""November 1973"", ""Publisher:"": ""Puffin"", ""Length:"": ""672 Pages"", ""Weight:"": ""2.10 lbs."", ""Dimensions:"": ""5.0\"" x 1.0\"" x 7.0\""""}",https://m.media-amazon.com/images/I/51corc7i9CL._SL350_.jpg
The Art of the Precursors: A Study in the History of Early Italian Maiolica With Illustrations,Henry Wallis,"{""Format:"": ""Paperback"", ""Language:"": ""English"", ""ISBN:"": ""1376389819"", ""ISBN13:"": ""9781376389814"", ""Release Date:"": ""February 2018"", ""Publisher:"": ""Sagwan Press"", ""Length:"": ""128 Pages"", ""Weight:"": ""0.42 lbs."", ""Dimensions:"": ""0.3\"" x 6.1\"" x 9.2\""""}",https://i.thriftbooks.com/api/imagehandler/m/D0CD3AF996467F31ABED435420B13BCBC7007BDF.jpeg
Studies in the History and Art of the Eastern Provinces of the Roman Empire: Written for the Quartercentenary of the University of Aberdeen by Seven o,William Mitchell Ramsay,"{""Format:"": ""Paperback"", ""Language:"": ""English"", ""ISBN:"": ""1376414031"", ""ISBN13:"": ""9781376414035"", ""Release Date:"": ""February 2018"", ""Publisher:"": ""Sagwan Press"", ""Length:"": ""470 Pages"", ""Weight:"": ""1.44 lbs."", ""Dimensions:"": ""0.9\"" x 6.1\"" x 9.2\""""}",https://i.thriftbooks.com/api/imagehandler/m/5D3FF2BD67099A8987E277DC7FCFC8B4F8FADD72.jpeg
Between Tradition and Modernity: Aby Warburg and the Public Purposes of Art in Hamburg,Mark A. Russell,"{"""": """"}",https://i.thriftbooks.com/api/imagehandler/m/4C149BE0E8257FD5720664E79CFA04871644102A.jpeg
The Ceramic Art Of Great Britain From Pre-Historic Times Down To The Present Day: Being A History Of The Ancient And Modern Pottery And Porcelain Work,Llewellynn Frederick William Jewitt,"{""Format:"": ""Paperback"", ""Language:"": ""English"", ""ISBN:"": ""9354361072"", ""ISBN13:"": ""9789354361074"", ""Release Date:"": ""January 2021"", ""Publisher:"": ""Alpha Edition"", ""Length:"": ""584 Pages"", ""Weight:"": ""2.94 lbs."", ""Dimensions:"": ""1.2\"" x 8.5\"" x 11.0\""""}",https://i.thriftbooks.com/api/imagehandler/m/E54B358C22EC1415AE4413EA0CD5D353F726F442.jpeg
"Proud Raven, Panting Wolf: Carving Alaska's New Deal Totem Parks",Emily L Moore,"{""Format:"": ""Hardcover"", ""Language:"": ""English"", ""ISBN:"": ""029574393X"", ""ISBN13:"": ""9780295743936"", ""Release Date:"": ""November 2018"", ""Publisher:"": ""University of Washington Press"", ""Length:"": ""288 Pages"", ""Weight:"": ""1.65 lbs."", ""Dimensions:"": ""1.1\"" x 7.3\"" x 10.1\""""}",https://i.thriftbooks.com/api/imagehandler/m/42ACB0624A593027B6871BB5310404FBA2288723.jpeg
Maus I: A Survivor's Tale: My Father Bleeds History,Art Spiegelman,"{""Format:"": ""Paperback"", ""Language:"": ""English"", ""ISBN:"": ""0394747232"", ""ISBN13:"": ""9780394747231"", ""Release Date:"": ""August 1986"", ""Publisher:"": ""Pantheon Books"", ""Length:"": ""160 Pages"", ""Weight:"": ""0.87 lbs."", ""Dimensions:"": ""0.6\"" x 6.5\"" x 9.0\""""}",https://i.thriftbooks.com/api/imagehandler/m/0038564ACEBE7752AC400C74E07B8507721C677C.jpeg
Persepolis: The Story of a Childhood,Marjane Satrapi,"{""Format:"": ""Paperback"", ""Language:"": ""English"", ""ISBN:"": ""037571457X"", ""ISBN13:"": ""9780375714573"", ""Release Date:"": ""June 2004"", ""Publisher:"": ""Pantheon Books"", ""Length:"": ""153 Pages"", ""Weight:"": ""0.85 lbs."", ""Dimensions:"": ""0.5\"" x 6.0\"" x 9.0\""""}",https://i.thriftbooks.com/api/imagehandler/m/C13BC6124FC0C7EE880AE68F916DA54A2E1734B3.jpeg
Maus II: A Survivor's Tale: And Here My Troubles Began,Art Spiegelman,"{""Format:"": ""Paperback"", ""Language:"": ""English"", ""ISBN:"": ""0679729771"", ""ISBN13:"": ""9780679729778"", ""Release Date:"": ""September 1992"", ""Publisher:"": ""Pantheon Books"", ""Length:"": ""144 Pages"", ""Weight:"": ""0.77 lbs."", ""Dimensions:"": ""0.4\"" x 6.4\"" x 9.1\""""}",https://i.thriftbooks.com/api/imagehandler/m/BDE6929E22E35B75E720B76FCD18D1EFDF429926.jpeg
Cathedral: A Caldecott Honor Award Winner,David Macaulay,"{""Format:"": ""Hardcover"", ""Language:"": ""English"", ""ISBN:"": ""0395175135"", ""ISBN13:"": ""9780395175132"", ""Release Date:"": ""September 1973"", ""Publisher:"": ""Clarion Books"", ""Length:"": ""80 Pages"", ""Weight:"": ""1.70 lbs."", ""Dimensions:"": ""0.6\"" x 9.3\"" x 12.0\"""", ""Age Range:"": ""10 years and up"", ""Grade Range:"": ""Grade 5 and higher""}",https://i.thriftbooks.com/api/imagehandler/m/519D1701ADDD7671D7B6F459353A908C79C1B7B6.jpeg
Pyramid,David Macaulay,"{""Format:"": ""Paperback"", ""Language:"": ""English"", ""ISBN:"": ""0590995189"", ""ISBN13:"": ""9780590995184"", ""Release Date:"": ""January 1975"", ""Publisher:"": ""Scholastic Inc"", ""Length:"": ""74 Pages"", ""Weight:"": ""0.10 lbs."", ""Age Range:"": ""7 to 9 years"", ""Grade Range:"": ""Grades 2 to 4""}",https://m.media-amazon.com/images/I/51kUGy3T5wL._SL350_.jpg
"The Monuments Men: Allied Heroes, Nazi Thieves, and the Greatest Treasure Hunt in History",Robert M. Edsel,"{""Format:"": ""Hardcover"", ""Language:"": ""English"", ""ISBN:"": ""1599951495"", ""ISBN13:"": ""9781599951492"", ""Release Date:"": ""September 2009"", ""Publisher:"": ""Center Street"", ""Length:"": ""496 Pages"", ""Weight:"": ""1.00 lbs."", ""Dimensions:"": ""1.7\"" x 6.4\"" x 9.1\""""}",https://i.thriftbooks.com/api/imagehandler/m/E04C3978305235C2835D59D550D8381A49889714.jpeg
The Endurance: Shackleton's Legendary Antarctic Expedition,Caroline Alexander,"{""Format:"": ""Hardcover"", ""Language:"": ""English"", ""ISBN:"": ""0375404031"", ""ISBN13:"": ""9780375404030"", ""Release Date:"": ""November 1998"", ""Publisher:"": ""Knopf Publishing Group"", ""Length:"": ""224 Pages"", ""Weight:"": ""2.05 lbs."", ""Dimensions:"": ""0.8\"" x 8.5\"" x 9.3\""""}",https://i.thriftbooks.com/api/imagehandler/m/9364B5EBEB4681AA0678BB64E89FD104FCFA0A87.jpeg
Bad Girls Throughout History: 100 Remarkable Women Who Changed the World,Ann Shen,"{""Format:"": ""Hardcover"", ""Language:"": ""English"", ""ISBN:"": ""1452153930"", ""ISBN13:"": ""9781452153933"", ""Release Date:"": ""September 2016"", ""Publisher:"": ""Chronicle Books"", ""Length:"": ""216 Pages"", ""Weight:"": ""1.71 lbs."", ""Dimensions:"": ""0.9\"" x 7.7\"" x 9.1\""""}",https://i.thriftbooks.com/api/imagehandler/m/AD744AD9BBF3B95EBA6BB808B6C41DE9DF42FFB9.jpeg
Linnea in Monet's Garden,Lena Anderson,"{""Format:"": ""Hardcover"", ""Language:"": ""English"", ""ISBN:"": ""9129583144"", ""ISBN13:"": ""9789129583144"", ""Release Date:"": ""October 1987"", ""Publisher:"": ""R & S Books"", ""Length:"": ""52 Pages"", ""Weight:"": ""0.72 lbs."", ""Dimensions:"": ""0.4\"" x 6.8\"" x 9.6\"""", ""Age Range:"": ""9 to 12 years"", ""Grade Range:"": ""Grades 4 to 7""}",https://i.thriftbooks.com/api/imagehandler/m/A78BCB136C9CA753BCB0881DD75256A46BC7345A.jpeg
Over the Edge: Death in Grand Canyon: Gripping Accounts of All Known Fatal Mishaps in the Most Famous of the World's Seven Natural Wo,Thomas M. Myers,"{""Format:"": ""Paperback"", ""Language:"": ""English"", ""ISBN:"": ""097009731X"", ""ISBN13:"": ""9780970097316"", ""Release Date:"": ""May 2001"", ""Publisher:"": ""Puma Press"", ""Length:"": ""408 Pages"", ""Weight:"": ""1.56 lbs.""}",https://m.media-amazon.com/images/I/41aWOxIzuYL._SL350_.jpg
Carrie Chapman Catt,Jacqueline Van Voris,"{""Format:"": ""Paperback"", ""Language:"": ""English"", ""ISBN:"": ""1558611398"", ""ISBN13:"": ""9781558611399"", ""Release Date:"": ""April 1996"", ""Publisher:"": ""Feminist Press"", ""Length:"": ""320 Pages"", ""Weight:"": ""0.95 lbs."", ""Dimensions:"": ""0.7\"" x 6.0\"" x 9.0\""""}",https://i.thriftbooks.com/api/imagehandler/m/5FE4116A5A5CF9264F9B7462C059A7B9F69F8C42.jpeg
Japanese Art of War,Thomas Cleary,"{""Format:"": ""Paperback"", ""Language:"": ""English"", ""ISBN:"": ""0877736537"", ""ISBN13:"": ""9780877736530"", ""Release Date:"": ""January 1992"", ""Publisher:"": ""Shambhala"", ""Length:"": ""131 Pages"", ""Weight:"": ""0.54 lbs."", ""Dimensions:"": ""0.5\"" x 6.0\"" x 9.0\""""}",https://i.thriftbooks.com/api/imagehandler/m/EABF2BB7258FD9E3ECE6365C0398762BF915D24E.jpeg
Natural History: A Selection,Pliny the Elder,"{""Format:"": ""Paperback"", ""Language:"": ""English"", ""ISBN:"": ""0140444130"", ""ISBN13:"": ""9780140444131"", ""Release Date:"": ""December 1991"", ""Publisher:"": ""Penguin Group"", ""Length:"": ""448 Pages"", ""Weight:"": ""0.70 lbs."", ""Dimensions:"": ""1.1\"" x 5.2\"" x 7.7\"""", ""Age Range:"": ""18 years and up"", ""Grade Range:"": ""Postsecondary and higher""}",https://i.thriftbooks.com/api/imagehandler/m/2F2689874D01FF4CB3643AB2251801F73F759BC4.jpeg
We Are Coming: The Persuasive Discourse of Nineteenth-Century Black Woman,Shirley Wilson Logan,"{""Format:"": ""Paperback"", ""Language:"": ""English"", ""ISBN:"": ""0809321939"", ""ISBN13:"": ""9780809321933"", ""Release Date:"": ""August 1999"", ""Publisher:"": ""Southern Illinois University Press"", ""Length:"": ""288 Pages"", ""Weight:"": ""1.05 lbs."", ""Dimensions:"": ""0.8\"" x 6.0\"" x 8.9\""""}",https://i.thriftbooks.com/api/imagehandler/m/E019296119A4ED5B2318A928FB5259F7A4C9747A.jpeg
Where War Lives: A Journey Into the Heart of War,Paul Watson,"{""Format:"": ""Hardcover"", ""Language:"": ""English"", ""ISBN:"": ""159486957X"", ""ISBN13:"": ""9781594869570"", ""Release Date:"": ""September 2008"", ""Publisher:"": ""Rodale Books"", ""Length:"": ""368 Pages"", ""Weight:"": ""1.30 lbs."", ""Dimensions:"": ""1.3\"" x 6.6\"" x 9.3\""""}",https://i.thriftbooks.com/api/imagehandler/m/0BAE42EB4160327C6373A6AF53837B1F31F84E91.jpeg
Cambodian Odyssey,Haing Ngor,"{""Format:"": ""Paperback"", ""Language:"": ""English"", ""ISBN:"": ""0446389900"", ""ISBN13:"": ""9780446389907"", ""Release Date:"": ""April 1989"", ""Publisher:"": ""Grand Central Publishing"", ""Length:"": ""478 Pages"", ""Weight:"": ""1.30 lbs."", ""Dimensions:"": ""1.4\"" x 5.3\"" x 7.9\""""}",https://m.media-amazon.com/images/I/31Po1AOqNxL._SL350_.jpg
"(ALIVE)) BY Read, Piers Paul(Author)Mass market paperback{Alive: The Story of the Andes Survivors} on 01 May-1975",Piers Paul Read,"{""Format:"": ""Mass Market Paperback"", ""Language:"": ""English"", ""ISBN:"": ""B004KG0532"", ""Release Date:"": ""January 1975"", ""Publisher:"": ""Avon Books"", ""Weight:"": ""0.40 lbs.""}",https://m.media-amazon.com/images/I/51-2TEQ-sTL._SL350_.jpg
Devil's Guard,George Robert Elford,"{""Format:"": ""Mass Market Paperback"", ""Language:"": ""English"", ""ISBN:"": ""0440120144"", ""Release Date:"": ""August 1988"", ""Publisher:"": ""Dell"", ""Length:"": ""336 Pages"", ""Weight:"": ""0.40 lbs."", ""Dimensions:"": ""6.8\"" x 0.7\"" x 4.2\""""}",https://m.media-amazon.com/images/I/51ijFj9ggmL._SL350_.jpg
Confessions of a Jewish Wagnerite: Being Gay and Jewish in America,Lawrence D. Mass,"{""Format:"": ""Paperback"", ""Language:"": ""English"", ""ISBN:"": ""0304331147"", ""ISBN13:"": ""9780304331147"", ""Release Date:"": ""January 1994"", ""Publisher:"": ""Cassell"", ""Length:"": ""268 Pages"", ""Weight:"": ""0.85 lbs."", ""Dimensions:"": ""0.9\"" x 5.4\"" x 8.5\""""}",https://i.thriftbooks.com/api/imagehandler/m/4BB2AE1D762CAA95CBBA1660FBD4242DE53B9ED3.jpeg
Tony Kushner in Conversation,Robert Vorlicky,"{""Format:"": ""Paperback"", ""Language:"": ""English"", ""ISBN:"": ""0472066617"", ""ISBN13:"": ""9780472066612"", ""Release Date:"": ""December 1997"", ""Publisher:"": ""University of Michigan Press"", ""Length:"": ""296 Pages"", ""Weight:"": ""1.10 lbs."", ""Dimensions:"": ""0.9\"" x 6.1\"" x 9.0\""""}",https://i.thriftbooks.com/api/imagehandler/m/8812D2089F0CBA596CB4DE4E036F184869C26123.jpeg
The Story of the Trapp Family Singers,Maria Augusta von Trapp,"{""Format:"": ""Paperback"", ""Language:"": ""English"", ""ISBN:"": ""0385028962"", ""ISBN13:"": ""9780385028967"", ""Release Date:"": ""February 1957"", ""Publisher:"": ""Image"", ""Length:"": ""312 Pages"", ""Weight:"": ""0.61 lbs."", ""Dimensions:"": ""0.9\"" x 5.4\"" x 8.3\""""}",https://i.thriftbooks.com/api/imagehandler/m/6C97B3AE002A6C11602F4836F0608736D3F491A7.jpeg
Quest for the Tree Kangaroo: An Expedition to the Cloud Forest of New Guinea (Scientists in the Field Series),Sy Montgomery,"{""Format:"": ""Hardcover"", ""Language:"": ""English"", ""ISBN:"": ""0618496416"", ""Release Date:"": ""October 2006"", ""Publisher:"": ""Clarion Books"", ""Length:"": ""80 Pages"", ""Weight:"": ""1.60 lbs."", ""Dimensions:"": ""9.0\"" x 0.5\"" x 11.0\""""}",https://m.media-amazon.com/images/I/517UWHqUnNL._SL350_.jpg
The Garden and Farm Books of Thomas Jefferson,Thomas Jefferson,"{""Format:"": ""Hardcover"", ""Language:"": ""English"", ""ISBN:"": ""1555910130"", ""ISBN13:"": ""9781555910136"", ""Release Date:"": ""September 1987"", ""Publisher:"": ""Fulcrum Group"", ""Length:"": ""528 Pages"", ""Weight:"": ""2.30 lbs."", ""Dimensions:"": ""1.6\"" x 6.9\"" x 8.8\""""}",https://i.thriftbooks.com/api/imagehandler/m/5632832AAF64E9E62934C0EB8A44F128D838D849.jpeg
Diana: A Tribute in Photographs,Michael O'Mara,"{""Format:"": ""Hardcover"", ""Language:"": ""English"", ""ISBN:"": ""0312184239"", ""ISBN13:"": ""9780312184230"", ""Release Date:"": ""September 1997"", ""Publisher:"": ""St. Martin's Press"", ""Length:"": ""160 Pages"", ""Weight:"": ""2.00 lbs."", ""Dimensions:"": ""0.8\"" x 8.6\"" x 12.0\""""}",https://i.thriftbooks.com/api/imagehandler/m/EC9A11D9E1E4DCE47DDF09D0F3F4C754DC43BE8A.jpeg
Shakespeare and the Jews,James Shapiro,"{""Format:"": ""Paperback"", ""Language:"": ""English"", ""ISBN:"": ""B01NABXC71"", ""ISBN13:"": ""9780231178679"", ""Release Date:"": ""March 2016"", ""Publisher:"": ""Columbia University Press"", ""Length:"": ""320 Pages"", ""Weight:"": ""1.13 lbs."", ""Dimensions:"": ""0.8\"" x 6.0\"" x 8.9\""""}",https://i.thriftbooks.com/api/imagehandler/m/5C3DB5893DA6C664D01B4BFA889CD534CB18D110.jpeg
"Triple Exposure: Black, Jewish, and Red in the 1950s",Dexter Jeffries,"{""Format:"": ""Paperback"", ""Language:"": ""English"", ""ISBN:"": ""0758201141"", ""ISBN13:"": ""9780758201140"", ""Release Date:"": ""January 2004"", ""Publisher:"": ""Dafina Books"", ""Length:"": ""451 Pages"", ""Weight:"": ""1.30 lbs."", ""Dimensions:"": ""1.3\"" x 5.6\"" x 8.7\""""}",https://i.thriftbooks.com/api/imagehandler/m/4A66BB55427C44586B6886D5930FC4322A6C6644.jpeg
Rabbit-Proof Fence: The True Story of One of the Greatest Escapes of All Time,Doris Pilkington,"{""Format:"": ""Paperback"", ""Language:"": ""English"", ""ISBN:"": ""0786887842"", ""ISBN13:"": ""9780786887842"", ""Release Date:"": ""November 2002"", ""Publisher:"": ""Hyperion Books"", ""Length:"": ""160 Pages"", ""Weight:"": ""0.34 lbs."", ""Dimensions:"": ""0.4\"" x 5.3\"" x 8.0\""""}",https://i.thriftbooks.com/api/imagehandler/m/BDE76DE786275E2F6EC2F7736D38E61213D9509F.jpeg
The Girls: Sappho Goes to Hollywood,Diana McLellan,"{""Format:"": ""Hardcover"", ""Language:"": ""English"", ""ISBN:"": ""0312246471"", ""ISBN13:"": ""9780312246471"", ""Release Date:"": ""January 2000"", ""Publisher:"": ""St. Martin's Press"", ""Length:"": ""440 Pages"", ""Weight:"": ""1.85 lbs."", ""Dimensions:"": ""1.4\"" x 6.3\"" x 9.4\""""}",https://i.thriftbooks.com/api/imagehandler/m/BFC050D3F64E522F090513E4A4479D460B158D67.jpeg
Suits Me: The Double Life of Billy Tipton,Diane Wood Middlebrook,"{""Format:"": ""Hardcover"", ""Language:"": ""English"", ""ISBN:"": ""0395654890"", ""ISBN13:"": ""9780395654897"", ""Release Date:"": ""January 1998"", ""Publisher:"": ""Houghton Mifflin"", ""Length:"": ""326 Pages"", ""Weight:"": ""1.38 lbs."", ""Dimensions:"": ""1.1\"" x 6.3\"" x 9.3\""""}",https://i.thriftbooks.com/api/imagehandler/m/614DFF6D425C45DDC4C75862EE2A3E5D958DC2AD.jpeg
Da Vinci,Mike Venezia,"{""Format:"": ""Paperback"", ""Language:"": ""English"", ""ISBN:"": ""0516422758"", ""ISBN13:"": ""9780516422756"", ""Release Date:"": ""January 1989"", ""Publisher:"": ""Children's Press(CT)"", ""Length:"": ""32 Pages"", ""Weight:"": ""1.10 lbs."", ""Dimensions:"": ""0.1\"" x 7.8\"" x 9.5\"""", ""Age Range:"": ""6 to 9 years"", ""Grade Range:"": ""Grades 1 to 4""}",https://i.thriftbooks.com/api/imagehandler/m/3225319DAE42A39E5AAA51D483BD5D42F6FA0913.jpeg
Color: A Natural History of the Palette,Victoria Finlay,"{""Format:"": ""Paperback"", ""Language:"": ""English"", ""ISBN:"": ""0812971426"", ""Release Date:"": ""January 2004"", ""Publisher:"": ""Random House Trade Paperbacks"", ""Length:"": ""448 Pages"", ""Weight:"": ""0.90 lbs."", ""Dimensions:"": ""8.2\"" x 1.0\"" x 5.5\""""}",https://m.media-amazon.com/images/I/51p3rQrL93L._SL350_.jpg
Picasso,Mike Venezia,"{""Format:"": ""Paperback"", ""Language:"": ""English"", ""ISBN:"": ""0516422715"", ""ISBN13:"": ""9780516422718"", ""Release Date:"": ""January 1988"", ""Publisher:"": ""Children's Press(CT)"", ""Length:"": ""32 Pages"", ""Weight:"": ""0.30 lbs."", ""Dimensions:"": ""0.1\"" x 7.8\"" x 9.5\"""", ""Age Range:"": ""6 to 9 years"", ""Grade Range:"": ""Grades 1 to 4""}",https://i.thriftbooks.com/api/imagehandler/m/6FD0C273866C7E77217A5E7088947356630A7B6B.jpeg
Michelangelo (Getting to Know the World's Greatest Artists),Mike Venezia,"{""Format:"": ""Paperback"", ""Language:"": ""English"", ""ISBN:"": ""0516422936"", ""Release Date:"": ""January 1991"", ""Publisher:"": ""Childrens Pr"", ""Length:"": ""32 Pages"", ""Weight:"": ""0.30 lbs."", ""Dimensions:"": ""9.5\"" x 0.5\"" x 8.0\""""}",https://m.media-amazon.com/images/I/51aW1ja8WDL._SL350_.jpg
"Women, Art, and Society",Whitney Chadwick,"{""Format:"": ""Paperback"", ""Language:"": ""English"", ""ISBN:"": ""0500202931"", ""ISBN13:"": ""9780500202937"", ""Release Date:"": ""February 1997"", ""Publisher:"": ""Thames & Hudson"", ""Length:"": ""448 Pages"", ""Weight:"": ""0.80 lbs."", ""Dimensions:"": ""1.0\"" x 5.8\"" x 8.2\""""}",https://i.thriftbooks.com/api/imagehandler/m/34328FD857B04CA8C2DDFEB68635A429E31E2EA9.jpeg
A History of the World in 100 Objects,Neil MacGregor,"{""Format:"": ""Hardcover"", ""Language:"": ""English"", ""ISBN:"": ""0670022705"", ""ISBN13:"": ""9780670022700"", ""Release Date:"": ""October 2011"", ""Publisher:"": ""Viking Books"", ""Length:"": ""707 Pages"", ""Weight:"": ""2.80 lbs."", ""Dimensions:"": ""2.0\"" x 6.6\"" x 9.3\"""", ""Age Range:"": ""18 years and up"", ""Grade Range:"": ""Postsecondary and higher""}",https://i.thriftbooks.com/api/imagehandler/m/DFF6BBCB52DB9BACFF47D5462FAB5FA913700EC6.jpeg
"The Lady in Gold: The Extraordinary Tale of Gustav Klimt's Masterpiece, Portrait of Adele Bloch-Bauer",Anne-Marie O'Connor,"{""Format:"": ""Paperback"", ""Language:"": ""English"", ""ISBN:"": ""1101873124"", ""ISBN13:"": ""9781101873120"", ""Release Date:"": ""March 2015"", ""Publisher:"": ""Vintage"", ""Length:"": ""368 Pages"", ""Weight:"": ""0.80 lbs."", ""Dimensions:"": ""0.9\"" x 5.0\"" x 8.0\""""}",https://i.thriftbooks.com/api/imagehandler/m/EECC190193DBBFF8E58F3A1C348B3C7EC87DD910.jpeg
"Chasing Me to My Grave: An Artist's Memoir of the Jim Crow South, with a Foreword by Bryan Stevenson",Winfred Rembert as told to Erin I. Kelly,"{""Format:"": ""Paperback"", ""Language:"": ""English"", ""ISBN:"": ""1639731466"", ""ISBN13:"": ""9781639731466"", ""Release Date:"": ""September 2023"", ""Publisher:"": ""Bloomsbury Publishing"", ""Length:"": ""320 Pages"", ""Weight:"": ""1.80 lbs."", ""Dimensions:"": ""1.0\"" x 6.5\"" x 9.2\""""}",https://i.thriftbooks.com/api/imagehandler/m/5CCA0A8576455C3F6BFF9B60B19FBD9F65562DED.jpeg
The Photography Book,Phaidon Press,"{""Format:"": ""Paperback"", ""Language:"": ""English"", ""ISBN:"": ""071483937X"", ""Release Date:"": ""April 2000"", ""Publisher:"": ""Phaidon Press"", ""Length:"": ""520 Pages"", ""Weight:"": ""1.17 lbs."", ""Dimensions:"": ""6.5\"" x 1.3\"" x 5.0\""""}",https://m.media-amazon.com/images/I/41zdg4H78-L._SL350_.jpg
A Portrait of Walt Disney World: 50 Years of the Most Magical Place on Earth,Fabiola Garza,"{"""": """"}",https://i.thriftbooks.com/api/imagehandler/m/20A457CAED1BF79D1973D9BEF25506A1D28461B3.jpeg
Art Treasury,Rosie Dickins,"{""Format:"": ""Hardcover"", ""Language:"": ""English"", ""ISBN:"": ""0794514529"", ""ISBN13:"": ""9780794514525"", ""Release Date:"": ""January 2007"", ""Publisher:"": ""Usborne Books"", ""Length:"": ""94 Pages"", ""Weight:"": ""1.63 lbs."", ""Dimensions:"": ""0.6\"" x 8.8\"" x 11.0\"""", ""Age Range:"": ""9 to 12 years"", ""Grade Range:"": ""Grades 4 to 7""}",https://i.thriftbooks.com/api/imagehandler/m/B79ED113F2A7D9E9AA38CDB1497E32BE2AF3C918.jpeg
The Rape of Europa: The Fate of Europe's Treasures in the Third Reich and the Second World War,Lynn H. Nicholas,"{""Format:"": ""Paperback"", ""Language:"": ""English"", ""ISBN:"": ""0679756868"", ""ISBN13:"": ""9780679756866"", ""Release Date:"": ""April 1995"", ""Publisher:"": ""Vintage"", ""Length:"": ""512 Pages"", ""Weight:"": ""1.08 lbs."", ""Dimensions:"": ""1.0\"" x 5.2\"" x 8.1\""""}",https://i.thriftbooks.com/api/imagehandler/m/15C1AD8F56EB4FD8937721D8E8F53D6100F34840.jpeg
Life with Picasso,Carlton Lake,"{""Format:"": ""Paperback"", ""Language:"": ""English"", ""ISBN:"": ""0385261861"", ""ISBN13:"": ""9780385261869"", ""Release Date:"": ""June 1989"", ""Publisher:"": ""Anchor"", ""Length:"": ""352 Pages"", ""Weight:"": ""0.70 lbs."", ""Dimensions:"": ""8.0\"" x 0.8\"" x 5.3\""""}",https://i.thriftbooks.com/api/imagehandler/m/7967F390CB36E354432789604B3F6D665B1A94FA.jpeg
"Art Fraud Detective: Spot the Difference, Solve the Crime! [With Magnifying Glass]",Anna Nilsen,"{""Format:"": ""Hardcover"", ""Language:"": ""English"", ""ISBN:"": ""0753453088"", ""ISBN13:"": ""9780753453087"", ""Release Date:"": ""September 2000"", ""Publisher:"": ""Kingfisher"", ""Length:"": ""48 Pages"", ""Weight:"": ""1.10 lbs."", ""Dimensions:"": ""0.5\"" x 9.9\"" x 11.7\"""", ""Age Range:"": ""7 to 10 years"", ""Grade Range:"": ""Grades 2 to 5""}",https://i.thriftbooks.com/api/imagehandler/m/C6E65651BF985BFBCF4850548F6886AD02DB5896.jpeg
Georgia O'Keeffe,Mike Venezia,"{""Format:"": ""Paperback"", ""Language:"": ""English"", ""ISBN:"": ""0516422979"", ""ISBN13:"": ""9780516422978"", ""Release Date:"": ""January 1994"", ""Publisher:"": ""Children's Press(CT)"", ""Length:"": ""31 Pages"", ""Weight:"": ""0.25 lbs."", ""Dimensions:"": ""0.1\"" x 7.9\"" x 9.5\"""", ""Age Range:"": ""6 to 9 years"", ""Grade Range:"": ""Grades 1 to 4""}",https://i.thriftbooks.com/api/imagehandler/m/FEF9DCA5CBF1B9AFA144BB30D192F3A47542FD31.jpeg
Theories of Modern Art: A Source Book by Artists and Critics (California Studies in the History of Art) (Volume 11),Herschel B. Chipp,"{""Format:"": ""Paperback"", ""Language:"": ""English"", ""ISBN:"": ""0520052560"", ""Release Date:"": ""June 1968"", ""Publisher:"": ""University of California Press"", ""Length:"": ""688 Pages"", ""Weight:"": ""2.05 lbs."", ""Dimensions:"": ""9.0\"" x 1.2\"" x 6.0\""""}",https://m.media-amazon.com/images/I/51zt9mEdWZL._SL350_.jpg
The Story of the Statue of Liberty,Giulio Maestro,"{""Format:"": ""Paperback"", ""Language:"": ""English"", ""ISBN:"": ""0688087469"", ""ISBN13:"": ""9780688087463"", ""Release Date:"": ""May 1989"", ""Publisher:"": ""HarperTrophy"", ""Length:"": ""45 Pages"", ""Weight:"": ""0.55 lbs."", ""Dimensions:"": ""0.2\"" x 8.9\"" x 11.1\"""", ""Age Range:"": ""6 to 10 years"", ""Grade Range:"": ""Grades 1 to 5""}",https://i.thriftbooks.com/api/imagehandler/m/550384EACF2222F8A8B3ED8CCC4F8A59E117A1BD.jpeg
The Art Book for Children,Gilda Williams Ruggi,"{""Format:"": ""Hardcover"", ""Language:"": ""English"", ""ISBN:"": ""0714845302"", ""ISBN13:"": ""9780714845302"", ""Release Date:"": ""October 2005"", ""Publisher:"": ""Phaidon Press"", ""Length:"": ""80 Pages"", ""Weight:"": ""1.90 lbs."", ""Dimensions:"": ""0.6\"" x 10.0\"" x 11.6\"""", ""Age Range:"": ""7 to 12 years"", ""Grade Range:"": ""Grades 2 to 7""}",https://i.thriftbooks.com/api/imagehandler/m/37AF11A2C48CB4B9734AACEC14363AF7EC960379.jpeg
The Grammar of Ornament: All 100 Color Plates from the Folio Edition of the Great Victorian Sourcebook of Historic Design,Owen Jones,"{""Format:"": ""Paperback"", ""Language:"": ""English"", ""ISBN:"": ""0486254631"", ""ISBN13:"": ""9780486254630"", ""Release Date:"": ""October 1987"", ""Publisher:"": ""Dover Publications"", ""Length:"": ""112 Pages"", ""Weight:"": ""1.20 lbs."", ""Dimensions:"": ""0.3\"" x 9.3\"" x 12.2\""""}",https://i.thriftbooks.com/api/imagehandler/m/D6DDA3C6EEB667A18A8FF3B601C75C40E50912A4.jpeg
The Judgment of Paris: The Revolutionary Decade That Gave the World Impressionism,Ross King,"{""Format:"": ""Hardcover"", ""Language:"": ""English"", ""ISBN:"": ""0802714668"", ""ISBN13:"": ""9780802714664"", ""Release Date:"": ""January 2006"", ""Publisher:"": ""Walker & Company"", ""Length:"": ""448 Pages"", ""Weight:"": ""1.97 lbs."", ""Dimensions:"": ""1.7\"" x 6.6\"" x 9.4\""""}",https://i.thriftbooks.com/api/imagehandler/m/EB75641CA0BC3DC266354FB303762DD0F0E88671.jpeg
The Way I Heard It,Mike Rowe,"{""Format:"": ""Hardcover"", ""Language:"": ""English"", ""ISBN:"": ""1982130857"", ""ISBN13:"": ""9781982130855"", ""Release Date:"": ""October 2019"", ""Publisher:"": ""Gallery Books"", ""Length:"": ""272 Pages"", ""Weight:"": ""0.95 lbs."", ""Dimensions:"": ""1.2\"" x 6.0\"" x 9.1\""""}",https://i.thriftbooks.com/api/imagehandler/m/418CDADCFA3CA186DF0E3A02F54B874E2030CDA2.jpeg
Persepolis 2: The Story of a Return,Marjane Satrapi,"{""Format:"": ""Paperback"", ""Language:"": ""English"", ""ISBN:"": ""0375714669"", ""Release Date:"": ""August 2005"", ""Publisher:"": ""Pantheon"", ""Length:"": ""192 Pages"", ""Weight:"": ""0.11 lbs."", ""Dimensions:"": ""8.8\"" x 0.5\"" x 6.0\""""}",https://m.media-amazon.com/images/I/41HQVLwBQYL._SL350_.jpg
The Swerve: How the World Became Modern,Stephen Greenblatt,"{""Format:"": ""Hardcover"", ""Language:"": ""English"", ""ISBN:"": ""0393064476"", ""ISBN13:"": ""9780393064476"", ""Release Date:"": ""September 2011"", ""Publisher:"": ""W. W. Norton & Company"", ""Length:"": ""368 Pages"", ""Weight:"": ""1.65 lbs."", ""Dimensions:"": ""1.2\"" x 6.4\"" x 9.4\""""}",https://i.thriftbooks.com/api/imagehandler/m/D8EBC16E71DE68D677059E4DDE19BFED9020A37A.jpeg
The Children's Book of Art: Internet Linked,Rosie Dickins,"{""Format:"": ""Hardcover"", ""Language:"": ""English"", ""ISBN:"": ""0439889812"", ""ISBN13:"": ""9780439889810"", ""Release Date:"": ""January 2006"", ""Publisher:"": ""Scholastic"", ""Length:"": ""64 Pages"", ""Weight:"": ""0.85 lbs."", ""Age Range:"": ""8 to 12 years"", ""Grade Range:"": ""Grades 3 to 7""}",https://m.media-amazon.com/images/I/61EvD1ttjBL._SL350_.jpg
Castle Diary: The Journal of Tobias Burgess,Richard Platt,"{""Format:"": ""Paperback"", ""Language:"": ""English"", ""ISBN:"": ""0763621641"", ""ISBN13:"": ""9780763621643"", ""Release Date:"": ""July 2003"", ""Publisher:"": ""Candlewick Press (MA)"", ""Length:"": ""123 Pages"", ""Weight:"": ""0.35 lbs."", ""Dimensions:"": ""0.4\"" x 5.3\"" x 6.9\"""", ""Age Range:"": ""9 to 12 years"", ""Grade Range:"": ""Grades 4 to 7""}",https://i.thriftbooks.com/api/imagehandler/m/EF3B2292C78DF23B0F24801A72835065CC9548A5.jpeg
Without Sanctuary: Lynching Photography in America,James Allen,"{"""": """"}",https://i.thriftbooks.com/api/imagehandler/m/84F0B8A917F4685C6AF0407415E7819292188160.jpeg
Michelangelo and the Pope's Ceiling,Ross King,"{""Format:"": ""Hardcover"", ""Language:"": ""English"", ""ISBN:"": ""0802713955"", ""ISBN13:"": ""9780802713957"", ""Release Date:"": ""January 2003"", ""Publisher:"": ""Walker Books"", ""Length:"": ""304 Pages"", ""Weight:"": ""1.23 lbs."", ""Dimensions:"": ""1.3\"" x 6.3\"" x 9.7\""""}",https://i.thriftbooks.com/api/imagehandler/m/80B61FBACB2DB0C738E8C68D10780644320E639B.jpeg
The Annotated Mona Lisa,Carol Strickland,"{""Format:"": ""Paperback"", ""Language:"": ""English"", ""ISBN:"": ""0836280059"", ""ISBN13:"": ""9780836280050"", ""Release Date:"": ""June 1992"", ""Publisher:"": ""Andrews McMeel Publishing"", ""Length:"": ""198 Pages"", ""Weight:"": ""1.45 lbs."", ""Dimensions:"": ""0.6\"" x 8.2\"" x 10.4\""""}",https://i.thriftbooks.com/api/imagehandler/m/32AFB4BE0E265CC82259B66225D05AA13714D685.jpeg
Paul Harvey's the Rest of the Story,Paul Aurandt Jr.,"{""Format:"": ""Mass Market Paperback"", ""Language:"": ""English"", ""ISBN:"": ""0553259628"", ""ISBN13:"": ""9780553259629"", ""Release Date:"": ""August 1984"", ""Publisher:"": ""Bantam Books"", ""Length:"": ""192 Pages"", ""Weight:"": ""0.20 lbs."", ""Dimensions:"": ""0.5\"" x 4.3\"" x 7.0\""""}",https://i.thriftbooks.com/api/imagehandler/m/26684A7E0C53A285D075C5C6514C660D8ABAE4A6.jpeg
Sexual Personae: Art and Decadence from Nefertiti to Emily Dickinson,Camille Paglia,"{""Format:"": ""Paperback"", ""Language:"": ""English"", ""ISBN:"": ""0679735798"", ""Release Date:"": ""August 1991"", ""Publisher:"": ""Vintage"", ""Length:"": ""718 Pages"", ""Weight:"": ""1.50 lbs."", ""Dimensions:"": ""8.0\"" x 1.5\"" x 5.1\""""}",https://m.media-amazon.com/images/I/511k4T+KZ0L._SL350_.jpg
Paul Revere's Ride,David Hackett Fischer,"{""Format:"": ""Hardcover"", ""Language:"": ""English"", ""ISBN:"": ""0195088476"", ""ISBN13:"": ""9780195088472"", ""Release Date:"": ""April 1994"", ""Publisher:"": ""Oxford University Press, USA"", ""Length:"": ""464 Pages"", ""Weight:"": ""1.76 lbs."", ""Dimensions:"": ""1.3\"" x 6.4\"" x 9.6\""""}",https://i.thriftbooks.com/api/imagehandler/m/8D5A6796BC076752FAA7390F547FECD06C6A83BA.jpeg
Introduction to Art Internet Linked,Rosie Dickins,"{""Format:"": ""Hardcover"", ""Language:"": ""English"", ""ISBN:"": ""0794506615"", ""ISBN13:"": ""9780794506612"", ""Release Date:"": ""January 2004"", ""Publisher:"": ""Usborne Books"", ""Length:"": ""144 Pages"", ""Weight:"": ""2.10 lbs."", ""Dimensions:"": ""0.7\"" x 8.5\"" x 11.3\"""", ""Age Range:"": ""8 to 12 years"", ""Grade Range:"": ""Grades 3 to 7""}",https://i.thriftbooks.com/api/imagehandler/m/3BEC1D1540FDD7CC551249FCE2BFE88168FCA08A.jpeg
Castle: ALA Recommended Book for Reluctant Young Readers,Christopher Gravett,"{""Format:"": ""Hardcover"", ""Language:"": ""English"", ""ISBN:"": ""0679860002"", ""ISBN13:"": ""9780679860006"", ""Release Date:"": ""May 1994"", ""Publisher:"": ""Alfred A. Knopf Books for Young Readers"", ""Length:"": ""64 Pages"", ""Weight:"": ""1.20 lbs."", ""Dimensions:"": ""0.6\"" x 8.7\"" x 11.3\"""", ""Age Range:"": ""9 to 12 years"", ""Grade Range:"": ""Grades 4 to 7""}",https://i.thriftbooks.com/api/imagehandler/m/10722C3B7874BEE618B68B7361F3BA57C6501015.jpeg
Language of Flowers,Kate Greenaway,"{""Format:"": ""Paperback"", ""Language:"": ""English"", ""ISBN:"": ""0486273725"", ""ISBN13:"": ""9780486273723"", ""Release Date:"": ""January 1993"", ""Publisher:"": ""Dover Publications"", ""Length:"": ""80 Pages"", ""Weight:"": ""0.20 lbs."", ""Dimensions:"": ""0.2\"" x 4.7\"" x 5.8\""""}",https://i.thriftbooks.com/api/imagehandler/m/5E9E3DBCFC9579CAAEFA0ED38983AA0C5C9504C8.jpeg
Constructive Anatomy: With Almost 500 Illustrations,George B. Bridgman,"{""Format:"": ""Paperback"", ""Language:"": ""English"", ""ISBN:"": ""0486211045"", ""ISBN13:"": ""9780486211046"", ""Release Date:"": ""June 1973"", ""Publisher:"": ""Dover Publications"", ""Length:"": ""192 Pages"", ""Weight:"": ""0.80 lbs."", ""Dimensions:"": ""0.5\"" x 6.5\"" x 9.2\""""}",https://i.thriftbooks.com/api/imagehandler/m/7702B9522BE59B458B2290905E0006F5F9E7CFC8.jpeg
Brunelleschi's Dome: How a Renaissance Genius Reinvented Architecture,Ross King,"{""Format:"": ""Paperback"", ""Language:"": ""English"", ""ISBN:"": ""1620401932"", ""ISBN13:"": ""9781620401934"", ""Release Date:"": ""August 2013"", ""Publisher:"": ""Bloomsbury USA"", ""Length:"": ""208 Pages"", ""Weight:"": ""0.60 lbs."", ""Dimensions:"": ""0.6\"" x 5.1\"" x 8.7\""""}",https://i.thriftbooks.com/api/imagehandler/m/1DEEFA13C309B541857A36E2EDF203D298F713F4.jpeg
Stephen Biesty's Cross-Sections Castle,Richard Platt,"{""Format:"": ""Hardcover"", ""Language:"": ""English"", ""ISBN:"": ""1564584674"", ""ISBN13:"": ""9781564584670"", ""Release Date:"": ""January 1994"", ""Publisher:"": ""DK Publishing (Dorling Kindersley)"", ""Length:"": ""32 Pages"", ""Weight:"": ""1.60 lbs."", ""Dimensions:"": ""0.5\"" x 10.9\"" x 14.1\"""", ""Age Range:"": ""9 to 12 years"", ""Grade Range:"": ""Grades 4 to 7""}",https://i.thriftbooks.com/api/imagehandler/m/FD4D65D0C4C2B64166B716FF6AEE319915BD07B6.jpeg
"Songs of America: Patriotism, Protest, and the Music That Made a Nation",Tim McGraw,"{""Format:"": ""Hardcover"", ""Language:"": ""English"", ""ISBN:"": ""0593132955"", ""ISBN13:"": ""9780593132951"", ""Release Date:"": ""June 2019"", ""Publisher:"": ""Random House"", ""Length:"": ""320 Pages"", ""Weight:"": ""2.40 lbs."", ""Dimensions:"": ""1.2\"" x 7.4\"" x 9.3\""""}",https://i.thriftbooks.com/api/imagehandler/m/45DC3F49C7579B17819CBC76F2F16D5DEF80C7E0.jpeg
102 Favorite Audubon Birds of America,John James Audubon,"{""Format:"": ""Hardcover"", ""Language:"": ""English"", ""ISBN:"": ""0517535459"", ""ISBN13:"": ""9780517535455"", ""Release Date:"": ""January 1979"", ""Publisher:"": ""Crown"", ""Length:"": ""154 Pages"", ""Weight:"": ""2.08 lbs.""}",https://m.media-amazon.com/images/I/41zLFuYotGL._SL350_.jpg
Van Gogh,Mike Venezia,"{""Format:"": ""Paperback"", ""Language:"": ""English"", ""ISBN:"": ""051642274X"", ""ISBN13:"": ""9780516422749"", ""Release Date:"": ""January 1989"", ""Publisher:"": ""Children's Press(CT)"", ""Length:"": ""32 Pages"", ""Weight:"": ""0.05 lbs."", ""Dimensions:"": ""0.1\"" x 7.9\"" x 9.5\"""", ""Age Range:"": ""6 to 9 years"", ""Grade Range:"": ""Grades 1 to 4""}",https://i.thriftbooks.com/api/imagehandler/m/AB76EE580B7710428717CE152CDA3E98D649B607.jpeg
Death in the Afternoon,Ernest Hemingway,"{""Format:"": ""Paperback"", ""Language:"": ""English"", ""ISBN:"": ""0684801450"", ""Release Date:"": ""April 1996"", ""Publisher:"": ""Scribner"", ""Length:"": ""496 Pages"", ""Weight:"": ""1.10 lbs."", ""Dimensions:"": ""8.0\"" x 1.2\"" x 5.3\""""}",https://m.media-amazon.com/images/I/41R11Lr8QQL._SL350_.jpg
Camera Lucida: Reflections on Photography,Roland Barthes,"{""Format:"": ""Paperback"", ""Language:"": ""English"", ""ISBN:"": ""0374532338"", ""ISBN13:"": ""9780374532338"", ""Release Date:"": ""October 2010"", ""Publisher:"": ""Hill & Wang"", ""Length:"": ""144 Pages"", ""Weight:"": ""0.50 lbs."", ""Dimensions:"": ""0.5\"" x 5.5\"" x 8.3\""""}",https://i.thriftbooks.com/api/imagehandler/m/EFB76DB81B3DAE1B493A2456B4806CEC598376CE.jpeg
Life: 100 Photographs That Changed the World,Life Magazine,"{""Format:"": ""Hardcover"", ""Language:"": ""English"", ""ISBN:"": ""1931933847"", ""ISBN13:"": ""9781931933841"", ""Release Date:"": ""August 2003"", ""Publisher:"": ""Life"", ""Length:"": ""176 Pages"", ""Weight:"": ""2.47 lbs."", ""Dimensions:"": ""0.8\"" x 9.3\"" x 11.1\""""}",https://i.thriftbooks.com/api/imagehandler/m/11FBE200257713B133DE6CA07F5352A903FC4732.jpeg
The Illustrated Book of Signs and Symbols,Miranda Bruce-Mitford,"{""Format:"": ""Hardcover"", ""ISBN:"": ""0760762325"", ""Release Date:"": ""January 1"", ""Publisher:"": ""Barnes & Noble Books""}",https://images-na.ssl-images-amazon.com/images/I/514ccg-wjrL._SL160_.jpg
The Rest Is Noise: Listening to the Twentieth Century,Alex Ross,"{""Format:"": ""Hardcover"", ""Language:"": ""English"", ""ISBN:"": ""0374249393"", ""ISBN13:"": ""9780374249397"", ""Release Date:"": ""October 2007"", ""Publisher:"": ""Farrar Straus Giroux"", ""Length:"": ""624 Pages"", ""Weight:"": ""2.03 lbs."", ""Dimensions:"": ""1.4\"" x 6.3\"" x 9.3\""""}",https://i.thriftbooks.com/api/imagehandler/m/C1AABBBA2DCB1011EDBFEE8AC67776EFDC531F4A.jpeg
Sudden Sea: The Great Hurricane of 1938,R.A. Scotti,"{""Format:"": ""Paperback"", ""Language:"": ""English"", ""ISBN:"": ""0316832111"", ""ISBN13:"": ""9780316832113"", ""Release Date:"": ""August 2004"", ""Publisher:"": ""Back Bay Books"", ""Length:"": ""304 Pages"", ""Weight:"": ""0.60 lbs."", ""Dimensions:"": ""0.8\"" x 5.5\"" x 8.2\""""}",https://i.thriftbooks.com/api/imagehandler/m/8DE73DDE7F16C6FB4AD702B8B29F93D3A2D1D7B8.jpeg
More of Paul Harvey's the Rest of the Story,Paul Aurandt Jr.,"{""Format:"": ""Hardcover"", ""Language:"": ""English"", ""ISBN:"": ""0688036694"", ""ISBN13:"": ""9780688036690"", ""Release Date:"": ""January 1980"", ""Publisher:"": ""William Morrow & Company"", ""Length:"": ""252 Pages"", ""Weight:"": ""0.90 lbs.""}",https://m.media-amazon.com/images/I/51SlF8IvXPL._SL350_.jpg
Edie: An American Biography,Jean Stein,"{""Format:"": ""Hardcover"", ""Language:"": ""English"", ""ISBN:"": ""0394488199"", ""Release Date:"": ""June 1982"", ""Publisher:"": ""Knopf"", ""Length:"": ""455 Pages"", ""Weight:"": ""2.20 lbs.""}",https://m.media-amazon.com/images/I/51q1XdM1lZL._SL350_.jpg
The History of Jazz,Ted Gioia,"{""Format:"": ""Paperback"", ""Language:"": ""English"", ""ISBN:"": ""019512653X"", ""ISBN13:"": ""9780195126532"", ""Release Date:"": ""December 1998"", ""Publisher:"": ""Oxford University Press, USA"", ""Length:"": ""471 Pages"", ""Weight:"": ""1.27 lbs."", ""Dimensions:"": ""1.5\"" x 9.1\"" x 6.1\""""}",https://i.thriftbooks.com/api/imagehandler/m/522293FF164984A6AEAF4C535348B99277859E11.jpeg
Shade: A Tale of Two Presidents,Pete Souza,"{""Format:"": ""Hardcover"", ""Language:"": ""English"", ""ISBN:"": ""0316421820"", ""ISBN13:"": ""9780316421829"", ""Release Date:"": ""October 2018"", ""Publisher:"": ""Little Brown and Company"", ""Length:"": ""240 Pages"", ""Weight:"": ""1.60 lbs."", ""Dimensions:"": ""0.7\"" x 6.9\"" x 9.1\""""}",https://i.thriftbooks.com/api/imagehandler/m/0095E4F9834E8D03444DBB3FA1F03DB9BD18BFC8.jpeg
A World History of Photography,Naomi Rosenblum,"{""Format:"": ""Paperback"", ""Language:"": ""English"", ""ISBN:"": ""0789209373"", ""ISBN13:"": ""9780789209375"", ""Release Date:"": ""January 2008"", ""Publisher:"": ""Abbeville Press"", ""Length:"": ""712 Pages"", ""Weight:"": ""5.45 lbs."", ""Dimensions:"": ""1.5\"" x 8.8\"" x 11.5\""""}",https://i.thriftbooks.com/api/imagehandler/m/BE6F89AC0E6F25B8EBF4AF587624CD409F9F4C34.jpeg
Improvisation for the Theater: A Handbook of Teaching and Directing Techniques,Viola Spolin,"{""Format:"": ""Hardcover"", ""Language:"": ""English"", ""ISBN:"": ""0810100185"", ""ISBN13:"": ""9780810100183"", ""Release Date:"": ""January 1972"", ""Publisher:"": ""Northwestern University Press"", ""Length:"": ""397 Pages"", ""Weight:"": ""1.90 lbs.""}",https://image-plz.thriftbooks.com/m/701993916EEB490FA9B3BD7B65DF4640.png
Hillerman Country: A Journey Through the Southwest with,Tony Hillerman,"{""Format:"": ""Hardcover"", ""Language:"": ""English"", ""ISBN:"": ""006016400X"", ""ISBN13:"": ""9780060164003"", ""Release Date:"": ""January 1991"", ""Publisher:"": ""HarperCollins Publishers"", ""Length:"": ""240 Pages"", ""Weight:"": ""3.75 lbs."", ""Dimensions:"": ""0.9\"" x 9.8\"" x 12.6\""""}",https://m.media-amazon.com/images/I/41+l1hGxvcS._SL350_.jpg
Jimmy Stewart: Bomber Pilot,Starr Smith,"{""Format:"": ""Hardcover"", ""Language:"": ""English"", ""ISBN:"": ""076032199X"", ""ISBN13:"": ""9780760321997"", ""Release Date:"": ""April 2005"", ""Publisher:"": ""Zenith Press"", ""Length:"": ""288 Pages"", ""Weight:"": ""1.20 lbs."", ""Dimensions:"": ""1.1\"" x 5.8\"" x 8.8\""""}",https://i.thriftbooks.com/api/imagehandler/m/5F9DD029B5EA8DBFE871F43E5B7860BDA40F6979.jpeg
The Piano Shop on the Left Bank: Discovering a Forgotten Passion in a Paris Atelier,Thad Carhart,"{""Format:"": ""Hardcover"", ""Language:"": ""English"", ""ISBN:"": ""0375503048"", ""ISBN13:"": ""9780375503047"", ""Release Date:"": ""April 2001"", ""Publisher:"": ""Random House (NY)"", ""Length:"": ""288 Pages"", ""Weight:"": ""0.90 lbs."", ""Dimensions:"": ""1.1\"" x 5.8\"" x 8.6\""""}",https://i.thriftbooks.com/api/imagehandler/m/7BCCAA3F7C40A8C72718617ABAC5B8546B995B19.jpeg
Mill,David Macaulay,"{""Format:"": ""Hardcover"", ""Language:"": ""English"", ""ISBN:"": ""0395348307"", ""ISBN13:"": ""9780395348307"", ""Release Date:"": ""January 1983"", ""Publisher:"": ""Harcourt Brace and Company"", ""Length:"": ""128 Pages"", ""Weight:"": ""1.90 lbs."", ""Dimensions:"": ""0.7\"" x 9.2\"" x 12.4\"""", ""Age Range:"": ""10 to 12 years"", ""Grade Range:"": ""Grades 5 to 7""}",https://i.thriftbooks.com/api/imagehandler/m/D21C0F93771C39BC689817AE3043AC4F65764057.jpeg
Can't Stop Won't Stop: A History of the Hip-Hop Generation,Jeff Chang,"{""Format:"": ""Paperback"", ""Language:"": ""English"", ""ISBN:"": ""0312425791"", ""Release Date:"": ""December 2005"", ""Publisher:"": ""Picador"", ""Length:"": ""546 Pages"", ""Weight:"": ""1.00 lbs."", ""Dimensions:"": ""8.2\"" x 0.9\"" x 5.5\""""}",https://m.media-amazon.com/images/I/5157w2ssCrL._SL350_.jpg
The North American Indian,Edward S. Curtis,"{""Format:"": ""Paperback"", ""Language:"": ""English"", ""ISBN:"": ""3822847720"", ""ISBN13:"": ""9783822847725"", ""Release Date:"": ""July 1997"", ""Publisher:"": ""Taschen"", ""Length:"": ""576 Pages"", ""Weight:"": ""2.72 lbs."", ""Dimensions:"": ""1.7\"" x 5.6\"" x 7.7\""""}",https://i.thriftbooks.com/api/imagehandler/m/CFB8DC0C72A47434233214DAFC9AFD2C8D8438E5.jpeg
The History of Photography: Fifth Edition,Beaumont Newhall,"{""Format:"": ""Paperback"", ""Language:"": ""English"", ""ISBN:"": ""0870703811"", ""ISBN13:"": ""9780870703812"", ""Release Date:"": ""January 1982"", ""Publisher:"": ""Museum of Modern Art"", ""Length:"": ""320 Pages"", ""Weight:"": ""2.47 lbs."", ""Dimensions:"": ""0.9\"" x 8.1\"" x 11.1\""""}",https://i.thriftbooks.com/api/imagehandler/m/4875B50E1C70E7193154EB064B1E6DAC521589D4.jpeg
Mosque,David Macaulay,"{""Format:"": ""Hardcover"", ""Language:"": ""English"", ""ISBN:"": ""0618240349"", ""ISBN13:"": ""9780618240340"", ""Release Date:"": ""October 2003"", ""Publisher:"": ""Houghton Mifflin"", ""Length:"": ""96 Pages"", ""Weight:"": ""0.60 lbs."", ""Dimensions:"": ""0.6\"" x 9.4\"" x 12.2\"""", ""Grade Range:"": ""Preschool and higher""}",https://i.thriftbooks.com/api/imagehandler/m/EB9827886B280BBE9C4DC134A50B5F46AC2E6B90.jpeg
Natasha's Dance: A Cultural History of Russia,Orlando Figes,"{""Format:"": ""Paperback"", ""Language:"": ""English"", ""ISBN:"": ""0312421958"", ""ISBN13:"": ""9780312421953"", ""Release Date:"": ""October 2003"", ""Publisher:"": ""Picador USA"", ""Length:"": ""784 Pages"", ""Weight:"": ""2.00 lbs."", ""Dimensions:"": ""2.2\"" x 6.1\"" x 9.2\""""}",https://i.thriftbooks.com/api/imagehandler/m/448881327E3309D44138A87E71FBA63F01C12769.jpeg
Heretics and Heroes: How Renaissance Artists and Reformation Priests Created Our World,Thomas Cahill,"{""Format:"": ""Hardcover"", ""Language:"": ""English"", ""ISBN:"": ""0385495579"", ""ISBN13:"": ""9780385495578"", ""Release Date:"": ""October 2013"", ""Publisher:"": ""Nan A. Talese"", ""Length:"": ""341 Pages"", ""Weight:"": ""1.80 lbs."", ""Dimensions:"": ""1.3\"" x 6.5\"" x 9.5\""""}",https://i.thriftbooks.com/api/imagehandler/m/370C6DE1CCEC39064FEE4FC2CA42D53923BE5733.jpeg
A Little Devil in America: Notes in Praise of Black Performance,Hanif Abdurraqib,"{""Format:"": ""Hardcover"", ""Language:"": ""English"", ""ISBN:"": ""1984801198"", ""ISBN13:"": ""9781984801197"", ""Release Date:"": ""March 2021"", ""Publisher:"": ""Random House"", ""Length:"": ""320 Pages"", ""Weight:"": ""0.50 lbs."", ""Dimensions:"": ""1.2\"" x 5.7\"" x 8.2\""""}",https://i.thriftbooks.com/api/imagehandler/m/47DC50BB7EB3E54AB50B538B1C2D64C466B8A5DD.jpeg
Holler If You Hear Me: Searching for Tupac Shakur,Michael Eric Dyson,"{""Format:"": ""Hardcover"", ""Language:"": ""English"", ""ISBN:"": ""046501755X"", ""ISBN13:"": ""9780465017553"", ""Release Date:"": ""August 2001"", ""Publisher:"": ""Civitas Book Publisher"", ""Length:"": ""304 Pages"", ""Weight:"": ""1.05 lbs."", ""Dimensions:"": ""1.0\"" x 5.7\"" x 8.5\""""}",https://i.thriftbooks.com/api/imagehandler/m/8F6F102F37652356548668D69328D4D3CDC63763.jpeg
The Road to Woodstock,Michael Lang,"{""Format:"": ""Hardcover"", ""Language:"": ""English"", ""ISBN:"": ""0061576557"", ""ISBN13:"": ""9780061576553"", ""Release Date:"": ""June 2009"", ""Publisher:"": ""Ecco Press"", ""Length:"": ""320 Pages"", ""Weight:"": ""1.22 lbs."", ""Dimensions:"": ""1.1\"" x 6.0\"" x 9.0\""""}",https://i.thriftbooks.com/api/imagehandler/m/37E7AB4BAD246B372969F63E6CC11437D73EBC46.jpeg
What's That Sound?: An Introduction to Rock and Its History,John Covach,"{""Format:"": ""Paperback"", ""Language:"": ""English"", ""ISBN:"": ""0393937259"", ""ISBN13:"": ""9780393937251"", ""Release Date:"": ""February 2015"", ""Publisher:"": ""W. W. Norton & Company"", ""Length:"": ""640 Pages"", ""Weight:"": ""2.50 lbs."", ""Dimensions:"": ""1.0\"" x 8.1\"" x 10.0\""""}",https://i.thriftbooks.com/api/imagehandler/m/0DF3CB6EF6B40903FA80B8EB310079C169A1F473.jpeg
"Blues Legacies and Black Feminism: Gertrude Ma Rainey, Bessie Smith, and Billie Holiday",Angela Y. Davis,"{""Format:"": ""Paperback"", ""Language:"": ""English"", ""ISBN:"": ""0679771263"", ""ISBN13:"": ""9780679771265"", ""Release Date:"": ""January 1999"", ""Publisher:"": ""Vintage"", ""Length:"": ""464 Pages"", ""Weight:"": ""1.85 lbs."", ""Dimensions:"": ""0.9\"" x 5.2\"" x 8.0\""""}",https://i.thriftbooks.com/api/imagehandler/m/D74697AB302E66B8B4110D0488A9BF01584E548A.jpeg
When the Drummers Were Women: A Spiritual History of Rhythm,Layne Redmond,"{""Format:"": ""Paperback"", ""Language:"": ""English"", ""ISBN:"": ""0609801287"", ""ISBN13:"": ""9780609801284"", ""Release Date:"": ""May 1997"", ""Publisher:"": ""Three Rivers Press"", ""Length:"": ""224 Pages"", ""Weight:"": ""1.10 lbs."", ""Dimensions:"": ""9.5\"" x 0.8\"" x 7.5\""""}",https://i.thriftbooks.com/api/imagehandler/m/3F4137E8576EF79D40A981032F667DFB167533CA.jpeg
Once in a Great City: A Detroit Story,David Maraniss,"{""Format:"": ""Hardcover"", ""Language:"": ""English"", ""ISBN:"": ""1476748381"", ""ISBN13:"": ""9781476748382"", ""Release Date:"": ""September 2015"", ""Publisher:"": ""Simon & Schuster"", ""Length:"": ""464 Pages"", ""Weight:"": ""0.65 lbs."", ""Dimensions:"": ""1.4\"" x 6.6\"" x 9.4\""""}",https://i.thriftbooks.com/api/imagehandler/m/8F31AF15E950F331B66F66E945AE75C48D8F6196.jpeg
Seven Guitars,August Wilson,"{""Format:"": ""Paperback"", ""Language:"": ""English"", ""ISBN:"": ""0452276926"", ""ISBN13:"": ""9780452276925"", ""Release Date:"": ""August 1997"", ""Publisher:"": ""Plume Books"", ""Length:"": ""128 Pages"", ""Weight:"": ""0.35 lbs."", ""Dimensions:"": ""0.4\"" x 5.3\"" x 7.9\"""", ""Age Range:"": ""18 years and up"", ""Grade Range:"": ""Postsecondary and higher""}",https://i.thriftbooks.com/api/imagehandler/m/71EF4AD90F4131925F46D059A94A05ACC3302732.jpeg
Fanny J. Crosby: An Autobiography,Fanny J. Crosby,"{""Format:"": ""Hardcover"", ""Language:"": ""English"", ""ISBN:"": ""1598562819"", ""ISBN13:"": ""9781598562811"", ""Release Date:"": ""July 2008"", ""Publisher:"": ""Hendrickson Publishers"", ""Length:"": ""259 Pages"", ""Weight:"": ""0.88 lbs."", ""Dimensions:"": ""0.9\"" x 5.4\"" x 8.2\"""", ""Age Range:"": ""18 years and up"", ""Grade Range:"": ""Postsecondary and higher""}",https://i.thriftbooks.com/api/imagehandler/m/7E51EDBC82E238D81BF5C78858D1A3094314CF49.jpeg
The American Revolutionaries: A History in Their Own Words 1750-1800,Milton Meltzer,"{""Format:"": ""Paperback"", ""Language:"": ""English"", ""ISBN:"": ""0064461459"", ""ISBN13:"": ""9780064461450"", ""Release Date:"": ""September 1993"", ""Publisher:"": ""HarperCollins"", ""Length:"": ""224 Pages"", ""Weight:"": ""0.55 lbs."", ""Dimensions:"": ""0.7\"" x 5.9\"" x 8.9\"""", ""Age Range:"": ""8 to 12 years"", ""Grade Range:"": ""Grades 3 to 7""}",https://i.thriftbooks.com/api/imagehandler/m/C72695F94ADC9E2C00B734C27E4D8C0415CB1FA9.jpeg
Piano Tuning: A Simple and Accurate Method for Amateurs (Dover Books On Music: Piano),J. Cree Fischer,"{""Format:"": ""Paperback"", ""Language:"": ""English"", ""ISBN:"": ""0486232670"", ""Release Date:"": ""June 1975"", ""Publisher:"": ""Dover Publications"", ""Length:"": ""224 Pages"", ""Weight:"": ""0.54 lbs."", ""Dimensions:"": ""8.0\"" x 0.5\"" x 5.4\""""}",https://m.media-amazon.com/images/I/51ZHAW0yUaL._SL350_.jpg
The Man Who Never Was,Ewen Montagu,"{""Format:"": ""Mass Market Paperback"", ""ISBN:"": ""B0016VIX2E"", ""Release Date:"": ""January 1974"", ""Publisher:"": ""Scholastic Books"", ""Length:"": ""152 Pages"", ""Weight:"": ""0.20 lbs.""}",https://m.media-amazon.com/images/I/51rkE5QsRhL._SL350_.jpg
The Land Where the Blues Began,Alan Lomax,"{""Format:"": ""Hardcover"", ""Language:"": ""English"", ""ISBN:"": ""0679404244"", ""ISBN13:"": ""9780679404248"", ""Release Date:"": ""May 1993"", ""Publisher:"": ""Pantheon"", ""Length:"": ""539 Pages"", ""Weight:"": ""2.24 lbs."", ""Dimensions:"": ""9.5\"" x 1.8\"" x 6.5\""""}",https://m.media-amazon.com/images/I/51zgXkfw7LL._SL350_.jpg
"The Well-Tempered Clavier: Books I and II, Complete",Johann Sebastian Bach,"{""Format:"": ""Paperback"", ""Language:"": ""English"", ""ISBN:"": ""B003BFYTZS"", ""ISBN13:"": ""9780486245324"", ""Release Date:"": ""January 1984"", ""Publisher:"": ""Dover Publications"", ""Length:"": ""208 Pages"", ""Weight:"": ""1.35 lbs."", ""Dimensions:"": ""0.5\"" x 9.4\"" x 12.2\""""}",https://i.thriftbooks.com/api/imagehandler/m/7F1109E24AB4858CB88D30D082DDB62B07D3A12E.jpeg
Kept for the Masters Use,Frances Ridley Havergal,"{""Format:"": ""Paperback"", ""Language:"": ""English"", ""ISBN:"": ""0896932796"", ""ISBN13:"": ""9780896932791"", ""Release Date:"": ""January 1986"", ""Publisher:"": ""Victor Books"", ""Length:"": ""115 Pages"", ""Weight:"": ""0.35 lbs.""}",https://m.media-amazon.com/images/I/51kF5S79JOL._SL350_.jpg
"The Indians' Book: Authentic Native American Legends, Lore & Music",Natalie Curtis Burlin,"{""Format:"": ""Hardcover"", ""Language:"": ""English"", ""ISBN:"": ""0517615398"", ""Release Date:"": ""January 1987"", ""Publisher:"": ""Bonanza Books"", ""Weight:"": ""2.95 lbs."", ""Dimensions:"": ""10.0\"" x 2.3\"" x 8.0\""""}",https://m.media-amazon.com/images/I/41M+LJTlNLL._SL350_.jpg
Lipstick Traces: A Secret History of the Twentieth Century,Greil Marcus,"{""Format:"": ""Paperback"", ""Language:"": ""English"", ""ISBN:"": ""0674535812"", ""ISBN13:"": ""9780674535817"", ""Release Date:"": ""September 1990"", ""Publisher:"": ""Harvard University Press"", ""Length:"": ""508 Pages"", ""Weight:"": ""2.00 lbs."", ""Dimensions:"": ""1.3\"" x 7.5\"" x 9.2\""""}",https://i.thriftbooks.com/api/imagehandler/m/3F5CDB7C59A2E3FD887116A06AB24E73F0B3594E.jpeg
New Testament-KJV,Anonymous,"{""Format:"": ""Hardcover"", ""Language:"": ""English"", ""ISBN:"": ""037540550X"", ""ISBN13:"": ""9780375405501"", ""Release Date:"": ""March 1999"", ""Publisher:"": ""Everyman's Library"", ""Length:"": ""520 Pages"", ""Weight:"": ""1.21 lbs."", ""Dimensions:"": ""1.2\"" x 5.4\"" x 8.3\""""}",https://i.thriftbooks.com/api/imagehandler/m/49F121DFC100A73BD3757B7CCAEDBC6962AE65CC.jpeg
Life: Our Century in Pictures,richard-b-stolley-tony-chiu,"{""Format:"": ""Hardcover"", ""Language:"": ""English"", ""ISBN:"": ""0821226339"", ""ISBN13:"": ""9780821226339"", ""Release Date:"": ""October 1999"", ""Publisher:"": ""Bulfinch Press"", ""Length:"": ""432 Pages"", ""Weight:"": ""3.80 lbs."", ""Dimensions:"": ""1.6\"" x 9.8\"" x 11.4\""""}",https://i.thriftbooks.com/api/imagehandler/m/291ACCB99BE161EA2386ABACE730A7E1144AAC80.jpeg
Land of the Firebird: The Beauty of Old Russia,Suzanne Massie,"{""Format:"": ""Paperback"", ""Language:"": ""English"", ""ISBN:"": ""0671460595"", ""Release Date:"": ""January 1982"", ""Publisher:"": ""Simon & Schuster Trade"", ""Length:"": ""493 Pages"", ""Weight:"": ""2.10 lbs."", ""Dimensions:"": ""9.0\"" x 1.0\"" x 7.5\""""}",https://m.media-amazon.com/images/I/51tGifWq-sL._SL350_.jpg
I Dream a World: Portraits of Black Women Who Changed America,Brian Lanker,"{""Format:"": ""Paperback"", ""Language:"": ""English"", ""ISBN:"": ""155670092X"", ""ISBN13:"": ""9781556700927"", ""Release Date:"": ""March 1989"", ""Publisher:"": ""Stewart, Tabori, & Chang"", ""Length:"": ""160 Pages"", ""Weight:"": ""2.25 lbs."", ""Dimensions:"": ""0.5\"" x 11.0\"" x 11.0\""""}",https://i.thriftbooks.com/api/imagehandler/m/DB2324FDCC7E98914E9342DBB6CCDE03919CE921.jpeg
Art and Visual Perception: A Psychology of the Creative Eye,Rudolf Arnheim,"{""Format:"": ""Paperback"", ""Language:"": ""English"", ""ISBN:"": ""0520243838"", ""ISBN13:"": ""9780520243835"", ""Release Date:"": ""November 2004"", ""Publisher:"": ""University of California Press"", ""Length:"": ""508 Pages"", ""Weight:"": ""1.60 lbs."", ""Dimensions:"": ""1.4\"" x 6.4\"" x 9.1\""""}",https://i.thriftbooks.com/api/imagehandler/m/5298716BA422A245AA076E40670591CD3B84F84A.jpeg
The Most Beautiful Villages of England,James Bentley,"{""Format:"": ""Hardcover"", ""Language:"": ""English"", ""ISBN:"": ""0500019053"", ""ISBN13:"": ""9780500019054"", ""Release Date:"": ""January 1999"", ""Publisher:"": ""Thames & Hudson"", ""Length:"": ""208 Pages"", ""Weight:"": ""1.30 lbs."", ""Dimensions:"": ""0.9\"" x 10.2\"" x 12.6\""""}",https://i.thriftbooks.com/api/imagehandler/m/A8D37A08B220F6E20A45B04CA3AC3DE10D6A099A.jpeg
"National Geographic: 125 Years: Legendary Photographs, Adventures, and Discoveries That Changed the World",Mark Jenkins,"{""Format:"": ""Hardcover"", ""Language:"": ""English"", ""ISBN:"": ""1426209576"", ""ISBN13:"": ""9781426209574"", ""Release Date:"": ""November 2012"", ""Publisher:"": ""National Geographic Society"", ""Length:"": ""384 Pages"", ""Weight:"": ""0.05 lbs."", ""Dimensions:"": ""1.2\"" x 9.5\"" x 11.0\""""}",https://i.thriftbooks.com/api/imagehandler/m/8E29D0D2E00113F06A575AE875F0963ECB289906.jpeg
Wisconsin Death Trip,Michael Lesy,"{""Format:"": ""Paperback"", ""Language:"": ""English"", ""ISBN:"": ""0826321933"", ""ISBN13:"": ""9780826321930"", ""Release Date:"": ""January 2000"", ""Publisher:"": ""University of New Mexico Press"", ""Length:"": ""148 Pages"", ""Weight:"": ""1.90 lbs."", ""Dimensions:"": ""0.6\"" x 11.1\"" x 8.5\""""}",https://i.thriftbooks.com/api/imagehandler/m/F97C1B12C5293E4AF5150B027311ABAEAA964A09.jpeg
Frontier,Louis L'Amour,"{""Format:"": ""Hardcover"", ""Language:"": ""English"", ""ISBN:"": ""0553050788"", ""Release Date:"": ""October 1984"", ""Publisher:"": ""Bantam"", ""Length:"": ""224 Pages"", ""Weight:"": ""3.15 lbs."", ""Dimensions:"": ""12.2\"" x 0.8\"" x 9.4\""""}",https://m.media-amazon.com/images/I/41w7CyNTYuL._SL350_.jpg
The West: An Illustrated History,Geoffrey C. Ward,"{""Format:"": ""Hardcover"", ""Language:"": ""English"", ""ISBN:"": ""0316922366"", ""ISBN13:"": ""9780316922364"", ""Release Date:"": ""January 1996"", ""Publisher:"": ""Back Bay Books"", ""Length:"": ""445 Pages"", ""Weight:"": ""4.95 lbs."", ""Dimensions:"": ""1.4\"" x 9.7\"" x 11.2\""""}",https://i.thriftbooks.com/api/imagehandler/m/B25234AA0FB5BA7C3765167D9E27A7F50ADAF9BA.jpeg
Jacqueline Kennedy: The White House Years: Selections from the John F. Kennedy Library and Museum,Hamish Bowles,"{""Format:"": ""Hardcover"", ""Language:"": ""English"", ""ISBN:"": ""0821227459"", ""ISBN13:"": ""9780821227459"", ""Release Date:"": ""May 2001"", ""Publisher:"": ""Bulfinch Press"", ""Length:"": ""208 Pages"", ""Weight:"": ""3.00 lbs."", ""Dimensions:"": ""1.0\"" x 9.5\"" x 12.3\""""}",https://i.thriftbooks.com/api/imagehandler/m/63410AA0DA0AA038153234ED59EC29E84DEB73E3.jpeg
The Chicago World's Fair of 1893: A Photographic Record,Stanley Appelbaum,"{""Format:"": ""Paperback"", ""Language:"": ""English"", ""ISBN:"": ""048623990X"", ""ISBN13:"": ""9780486239903"", ""Release Date:"": ""June 1980"", ""Publisher:"": ""Dover Publications"", ""Length:"": ""128 Pages"", ""Weight:"": ""1.00 lbs."", ""Dimensions:"": ""0.2\"" x 8.7\"" x 10.9\""""}",https://i.thriftbooks.com/api/imagehandler/m/55D20B9E72453D3248A5E3F4552349947E135F7D.jpeg
Life Platinum Anniversary Collection: 70 Years of Extraordinary Photography,LIFE,"{""Format:"": ""Hardcover"", ""Language:"": ""English"", ""ISBN:"": ""1933405171"", ""ISBN13:"": ""9781933405179"", ""Release Date:"": ""March 2007"", ""Publisher:"": ""Life Publications"", ""Length:"": ""304 Pages"", ""Weight:"": ""0.05 lbs."", ""Dimensions:"": ""0.9\"" x 11.0\"" x 13.4\""""}",https://i.thriftbooks.com/api/imagehandler/m/3646190B3512E6B3137543AC2534F7CAC65B4A50.jpeg
Renegades: Born in the USA,Barack Obama,"{""Format:"": ""Hardcover"", ""Language:"": ""English"", ""ISBN:"": ""0593236319"", ""ISBN13:"": ""9780593236314"", ""Release Date:"": ""October 2021"", ""Publisher:"": ""Crown Publishing Group (NY)"", ""Length:"": ""320 Pages"", ""Weight:"": ""3.37 lbs."", ""Dimensions:"": ""1.2\"" x 9.3\"" x 11.0\""""}",https://img.thriftbooks.com/api/images/i/m/AEEEB2D3977A121DB7AE3DD0DFE0F40F635455F6.jpg
Life: World War 2: History's Greatest Conflict in Pictures,Richard B. Stolley,"{""Format:"": ""Hardcover"", ""Language:"": ""English"", ""ISBN:"": ""0821227718"", ""ISBN13:"": ""9780821227718"", ""Release Date:"": ""October 2001"", ""Publisher:"": ""Bulfinch Press"", ""Length:"": ""352 Pages"", ""Weight:"": ""5.05 lbs."", ""Dimensions:"": ""1.3\"" x 9.7\"" x 11.2\""""}",https://i.thriftbooks.com/api/imagehandler/m/1B8D6FAE94C069805A06235AC89A2F04B0FAB444.jpeg
The Killing of a President: 2the Complete Photographic Record of the JFK Assassination...,Robert J. Groden,"{""Format:"": ""Hardcover"", ""Language:"": ""English"", ""ISBN:"": ""0670852678"", ""ISBN13:"": ""9780670852673"", ""Release Date:"": ""November 1993"", ""Publisher:"": ""Penguin Putnam"", ""Length:"": ""223 Pages"", ""Weight:"": ""2.85 lbs."", ""Dimensions:"": ""0.9\"" x 9.6\"" x 11.2\""""}",https://m.media-amazon.com/images/I/51oJYYCTPQL._SL350_.jpg
The Polaroid Book,Barbara Hitchcock,"{""Format:"": ""Hardcover"", ""Language:"": ""English"", ""ISBN:"": ""3836501899"", ""ISBN13:"": ""9783836501897"", ""Release Date:"": ""April 2008"", ""Publisher:"": ""Taschen"", ""Length:"": ""352 Pages"", ""Weight:"": ""2.80 lbs."", ""Dimensions:"": ""1.3\"" x 7.2\"" x 8.8\""""}",https://i.thriftbooks.com/api/imagehandler/m/DEBE20041A8DBB96B415A7A1885BC2B658709052.jpeg
Seizing the Light: A History of Photography,Robert Hirsch,"{""Format:"": ""Paperback"", ""Language:"": ""English"", ""ISBN:"": ""0697143619"", ""ISBN13:"": ""9780697143617"", ""Release Date:"": ""October 1999"", ""Publisher:"": ""McGraw-Hill Humanities/Social Sciences/Langua"", ""Length:"": ""530 Pages"", ""Weight:"": ""3.85 lbs."", ""Dimensions:"": ""1.0\"" x 8.5\"" x 10.8\""""}",https://i.thriftbooks.com/api/imagehandler/m/ECD00E182DA369BD2EF07172F15CF44D74F518BD.jpeg
Lewis & Clark: Voyage of Discovery,Sam Abell,"{""Format:"": ""Hardcover"", ""Language:"": ""English"", ""ISBN:"": ""0792270843"", ""ISBN13:"": ""9780792270843"", ""Release Date:"": ""October 1998"", ""Publisher:"": ""National Geographic Society"", ""Length:"": ""256 Pages"", ""Weight:"": ""1.53 lbs."", ""Dimensions:"": ""0.5\"" x 4.1\"" x 6.0\""""}",https://i.thriftbooks.com/api/imagehandler/m/45B4B95F54D822C67EBDECF7972995AB8AA0FF1D.jpeg
A Thousand Days of Magic: Dressing Jacqueline Kennedy for the White House,Oleg Cassini,"{""Format:"": ""Hardcover"", ""Language:"": ""English"", ""ISBN:"": ""0847819000"", ""ISBN13:"": ""9780847819003"", ""Release Date:"": ""September 1995"", ""Publisher:"": ""Rizzoli International Publications"", ""Length:"": ""223 Pages"", ""Weight:"": ""3.15 lbs."", ""Dimensions:"": ""0.9\"" x 9.4\"" x 11.3\""""}",https://i.thriftbooks.com/api/imagehandler/m/FD9E45C5556A26F213DE2466BA82AA5E38F080F9.jpeg
"The Ultimate Book of Lighthouses: History, Legend, Lore, Design, Technology, Romance",Samuel Willard Crompton,"{"""": """"}",https://i.thriftbooks.com/api/imagehandler/m/9C9762220C4BAE47FFDF915B964E6A68AC2F6371.jpeg
