Book Name,Authors,Info,Image URL
1421: The Year China Discovered America,Gavin Menzies,"{""Format:"": ""Hardcover"", ""Language:"": ""English"", ""ISBN:"": ""0060537639"", ""ISBN13:"": ""9780060537630"", ""Release Date:"": ""January 2003"", ""Publisher:"": ""William Morrow & Company"", ""Length:"": ""576 Pages"", ""Weight:"": ""2.30 lbs."", ""Dimensions:"": ""1.6\"" x 6.1\"" x 9.3\""""}",https://i.thriftbooks.com/api/imagehandler/m/FAE0A34631B1544D489376377D5DCDEF42F888C9.jpeg
Seven Years in Tibet,Heinrich Harrer,"{""Format:"": ""Paperback"", ""Language:"": ""English"", ""ISBN:"": ""0874778883"", ""Release Date:"": ""August 1997"", ""Publisher:"": ""Tarcher"", ""Length:"": ""329 Pages"", ""Weight:"": ""0.90 lbs."", ""Dimensions:"": ""8.3\"" x 0.9\"" x 5.5\""""}",https://m.media-amazon.com/images/I/41LQY1BFKtL._SL350_.jpg
The Great Railway Bazaar: By Train Through Asia,Paul Theroux,"{""Format:"": ""Paperback"", ""Language:"": ""English"", ""ISBN:"": ""014024980X"", ""ISBN13:"": ""9780140249804"", ""Release Date:"": ""October 1995"", ""Publisher:"": ""Penguin Group"", ""Length:"": ""379 Pages"", ""Weight:"": ""0.64 lbs."", ""Dimensions:"": ""0.7\"" x 5.1\"" x 7.8\""""}",https://i.thriftbooks.com/api/imagehandler/m/2E2108F0D6682284084D1EA5C1FD35FDB3C56EB0.jpeg
Annapurna,Maurice Herzog,"{""Format:"": ""Paperback"", ""Language:"": ""English"", ""ISBN:"": ""1558215492"", ""ISBN13:"": ""9781558215498"", ""Release Date:"": ""January 1997"", ""Publisher:"": ""Lyons Press"", ""Length:"": ""314 Pages"", ""Weight:"": ""0.85 lbs."", ""Dimensions:"": ""0.8\"" x 5.5\"" x 7.6\""""}",https://i.thriftbooks.com/api/imagehandler/m/1EC6D583FEDE6C5C61653FA9B1D3F2117D277483.jpeg
Japan,DK Eyewitness Travel,"{""Format:"": ""Paperback"", ""Language:"": ""English"", ""ISBN:"": ""0756628768"", ""ISBN13:"": ""9780756628765"", ""Release Date:"": ""August 2007"", ""Publisher:"": ""DK Publishing (Dorling Kindersley)"", ""Length:"": ""416 Pages"", ""Weight:"": ""1.45 lbs."", ""Dimensions:"": ""0.8\"" x 5.6\"" x 8.6\""""}",https://i.thriftbooks.com/api/imagehandler/m/9DCB4B483C66A637143C47B58A510052CED169EF.jpeg
Lonely Planet Japan,Rebecca Milner,"{""Format:"": ""Paperback"", ""Language:"": ""English"", ""ISBN:"": ""1786570351"", ""ISBN13:"": ""9781786570352"", ""Release Date:"": ""August 2017"", ""Publisher:"": ""Lonely Planet"", ""Length:"": ""928 Pages"", ""Weight:"": ""1.75 lbs."", ""Dimensions:"": ""1.6\"" x 5.0\"" x 7.7\""""}",https://i.thriftbooks.com/api/imagehandler/m/D43D4314367E0666824FAB4CEED896682E5901A9.jpeg
The Land I Lost: Adventures of a Boy in Vietnam,Huynh Quang Nhuong,"{""Format:"": ""Paperback"", ""Language:"": ""English"", ""ISBN:"": ""0064401839"", ""ISBN13:"": ""9780064401838"", ""Release Date:"": ""November 1986"", ""Publisher:"": ""HarperCollins"", ""Length:"": ""144 Pages"", ""Weight:"": ""0.55 lbs."", ""Dimensions:"": ""0.4\"" x 5.2\"" x 7.6\"""", ""Age Range:"": ""8 to 12 years"", ""Grade Range:"": ""Grades 3 to 7""}",https://i.thriftbooks.com/api/imagehandler/m/270DD7ED9CEF01401DFEEE8D521D24774FBC7EB0.jpeg
Stranger in the Forest: On Foot Across Borneo,Eric Hansen,"{""Format:"": ""Hardcover"", ""Language:"": ""English"", ""ISBN:"": ""0395440939"", ""ISBN13:"": ""9780395440933"", ""Release Date:"": ""January 1988"", ""Publisher:"": ""Houghton Mifflin"", ""Length:"": ""286 Pages"", ""Weight:"": ""1.35 lbs.""}",https://m.media-amazon.com/images/I/51JRMIr2ffL._SL350_.jpg
France the Beautiful Cookbook,Gilles Pudlowski,"{""Format:"": ""Hardcover"", ""Language:"": ""English"", ""ISBN:"": ""0681047968"", ""ISBN13:"": ""9780681047969"", ""Release Date:"": ""January 1990"", ""Publisher:"": ""Harper Collins"", ""Length:"": ""256 Pages"", ""Weight:"": ""390.00 lbs.""}",https://images-na.ssl-images-amazon.com/images/I/312UOSPM9ML._SL160_.jpg
No Way Down,Graham Bowley,"{""Format:"": ""Paperback"", ""Language:"": ""English"", ""ISBN:"": ""0061834793"", ""ISBN13:"": ""9780061834790"", ""Release Date:"": ""May 2011"", ""Publisher:"": ""Harper Perennial"", ""Length:"": ""304 Pages"", ""Weight:"": ""0.55 lbs."", ""Dimensions:"": ""0.7\"" x 5.4\"" x 8.0\""""}",https://i.thriftbooks.com/api/imagehandler/m/9F6D9B523549D7379154148F22F59EE8F736812B.jpeg
Leaving India: My Family's Journey from Five Villages to Five Continents,Minal Hajratwala,"{"""": """"}",https://i.thriftbooks.com/api/imagehandler/m/B225E3150FA5DF17BCFAB7028C14B1F8F784CE7F.jpeg
Epic: Stories of Survival from the World's Highest Peaks,Stephen Venables,"{""Format:"": ""Paperback"", ""Language:"": ""English"", ""ISBN:"": ""1560251549"", ""ISBN13:"": ""9781560251545"", ""Release Date:"": ""November 1997"", ""Publisher:"": ""Da Capo Press"", ""Length:"": ""320 Pages"", ""Weight:"": ""1.25 lbs."", ""Dimensions:"": ""0.9\"" x 6.0\"" x 9.0\""""}",https://i.thriftbooks.com/api/imagehandler/m/61668D058F9C7B8572364EB541343176A6C1897A.jpeg
Nine Lives: In Search of the Sacred in Modern India,William Dalrymple,"{""Format:"": ""Hardcover"", ""Language:"": ""English"", ""ISBN:"": ""0307272826"", ""Release Date:"": ""June 2010"", ""Publisher:"": ""Knopf"", ""Length:"": ""304 Pages"", ""Weight:"": ""1.30 lbs."", ""Dimensions:"": ""9.6\"" x 1.4\"" x 6.6\""""}",https://m.media-amazon.com/images/I/4141IBMXETL._SL350_.jpg
The Holy Land: Yesterday and Today,David Roberts,"{""Format:"": ""Hardcover"", ""Language:"": ""English"", ""ISBN:"": ""9774243919"", ""Release Date:"": ""April 1998"", ""Publisher:"": ""The American University in Cairo Press"", ""Length:"": ""272 Pages"", ""Weight:"": ""5.25 lbs."", ""Dimensions:"": ""10.4\"" x 1.2\"" x 14.1\""""}",https://m.media-amazon.com/images/I/51xgsseTzpL._SL350_.jpg
The Gold of Exodus,Howard Blum,"{""Format:"": ""Hardcover"", ""Language:"": ""English"", ""ISBN:"": ""0684809184"", ""ISBN13:"": ""9780684809182"", ""Release Date:"": ""February 1998"", ""Publisher:"": ""Simon & Schuster"", ""Length:"": ""364 Pages"", ""Weight:"": ""1.45 lbs."", ""Dimensions:"": ""1.1\"" x 6.4\"" x 9.6\""""}",https://i.thriftbooks.com/api/imagehandler/m/D0176B85880ACB38B1F06EE93FD721ECA3A31B33.jpeg
The Crisis of the Negro Intellectual,Harold Cruse,"{""Format:"": ""Paperback"", ""Language:"": ""English"", ""ISBN:"": ""0688038867"", ""ISBN13:"": ""9780688038861"", ""Release Date:"": ""January 1984"", ""Publisher:"": ""Quill"", ""Length:"": ""594 Pages"", ""Weight:"": ""1.58 lbs."", ""Dimensions:"": ""1.7\"" x 5.5\"" x 8.3\""""}",https://i.thriftbooks.com/api/imagehandler/m/1FD87DD1543F970E78B4E20E1FDBD2C99E572327.jpeg
In the Footsteps of Alexander the Great,Michael Wood,"{""Format:"": ""Hardcover"", ""Language:"": ""English"", ""ISBN:"": ""0520213076"", ""ISBN13:"": ""9780520213074"", ""Release Date:"": ""November 1997"", ""Publisher:"": ""University of California Press"", ""Length:"": ""256 Pages"", ""Weight:"": ""2.00 lbs."", ""Dimensions:"": ""0.9\"" x 7.7\"" x 10.0\""""}",https://i.thriftbooks.com/api/imagehandler/m/7F5414C230E2788327554B87D020B1CD4713BDD0.jpeg
India: A Wounded Civilization,V.S. Naipaul,"{""Format:"": ""Paperback"", ""Language:"": ""English"", ""ISBN:"": ""1400030757"", ""ISBN13:"": ""9781400030750"", ""Release Date:"": ""April 2003"", ""Publisher:"": ""Vintage"", ""Length:"": ""176 Pages"", ""Weight:"": ""0.40 lbs."", ""Dimensions:"": ""0.5\"" x 5.3\"" x 8.0\""""}",https://i.thriftbooks.com/api/imagehandler/m/07AF56E57034311679BD0EF8046954CD5F300885.jpeg
Bitter Lemons (A Dutton Everyman Paperback),Lawrence Durrell,"{""Format:"": ""Paperback"", ""Language:"": ""English"", ""ISBN:"": ""B002KJCMU0"", ""Release Date:"": ""January 1959"", ""Publisher:"": ""E. P. Dutton"", ""Length:"": ""256 Pages"", ""Weight:"": ""0.45 lbs.""}",https://m.media-amazon.com/images/I/519KHAwMSUL._SL350_.jpg
"Middle East Patterns: Places, Peoples, and Politics",Colbert C. Held,"{""Format:"": ""Paperback"", ""Language:"": ""English"", ""ISBN:"": ""0813300177"", ""ISBN13:"": ""9780813300177"", ""Release Date:"": ""July 1989"", ""Publisher:"": ""Routledge"", ""Length:"": ""442 Pages"", ""Weight:"": ""1.85 lbs.""}",https://m.media-amazon.com/images/I/51OK5HItrAL._SL350_.jpg
View from the Summit,Edmund Hillary,"{""Format:"": ""Hardcover"", ""Language:"": ""English"", ""ISBN:"": ""0385600208"", ""ISBN13:"": ""9780385600200"", ""Release Date:"": ""January 1999"", ""Publisher:"": ""Corgi Books"", ""Length:"": ""309 Pages"", ""Weight:"": ""1.60 lbs.""}",https://i.thriftbooks.com/api/imagehandler/m/D53291875195A7B09D3D9D7EE8CEE4D27CA75B43.jpeg
Cambodian Odyssey,Haing Ngor,"{""Format:"": ""Paperback"", ""Language:"": ""English"", ""ISBN:"": ""0446389900"", ""ISBN13:"": ""9780446389907"", ""Release Date:"": ""April 1989"", ""Publisher:"": ""Grand Central Publishing"", ""Length:"": ""478 Pages"", ""Weight:"": ""1.30 lbs."", ""Dimensions:"": ""1.4\"" x 5.3\"" x 7.9\""""}",https://m.media-amazon.com/images/I/31Po1AOqNxL._SL350_.jpg
Sky Burial: An Epic Love Story of Tibet,Xinran,"{""Format:"": ""Paperback"", ""Language:"": ""English"", ""ISBN:"": ""1400095646"", ""ISBN13:"": ""9781400095643"", ""Release Date:"": ""August 2006"", ""Publisher:"": ""Knopf Publishing Group"", ""Length:"": ""224 Pages"", ""Weight:"": ""0.60 lbs."", ""Dimensions:"": ""0.6\"" x 5.1\"" x 7.9\""""}",https://i.thriftbooks.com/api/imagehandler/m/C0E66165FD2D55BD916200A1554BA0AB7D0B9C5A.jpeg
Catfish and Mandala: A Two-Wheeled Voyage Through the Landscape and Memory of Vietnam,Andrew X. Pham,"{""Format:"": ""Hardcover"", ""Language:"": ""English"", ""ISBN:"": ""0374119740"", ""ISBN13:"": ""9780374119744"", ""Release Date:"": ""September 1999"", ""Publisher:"": ""Farrar Straus Giroux"", ""Length:"": ""344 Pages"", ""Weight:"": ""1.40 lbs."", ""Dimensions:"": ""1.3\"" x 6.4\"" x 9.3\""""}",https://i.thriftbooks.com/api/imagehandler/m/BFFA5F21025A8DDE6D28B3CC6421746881DF6411.jpeg
Among Flowers: A Walk in the Himalaya,Jamaica Kincaid,"{""Format:"": ""Hardcover"", ""Language:"": ""English"", ""ISBN:"": ""0792265300"", ""ISBN13:"": ""9780792265306"", ""Release Date:"": ""January 2005"", ""Publisher:"": ""National Geographic Society"", ""Length:"": ""208 Pages"", ""Weight:"": ""0.85 lbs."", ""Dimensions:"": ""0.9\"" x 5.8\"" x 8.3\""""}",https://i.thriftbooks.com/api/imagehandler/m/7C1B6CD7D94FCFD312F3D82B74A088485D57BA44.jpeg
"For Tibet, With Love",Isabel Losada,"{""Format:"": ""Paperback"", ""Language:"": ""English"", ""ISBN:"": ""0747572852"", ""ISBN13:"": ""9780747572855"", ""Release Date:"": ""January 2004"", ""Publisher:"": ""Bloomsbury Publishing PLC"", ""Length:"": ""384 Pages"", ""Weight:"": ""0.60 lbs."", ""Dimensions:"": ""7.8\"" x 1.0\"" x 5.1\""""}",https://i.thriftbooks.com/api/imagehandler/m/88C3D65B9C99EDC73EC716D271DFF47D9B4E24A6.jpeg
The Storyteller's Daughter,Saira Shah,"{""Format:"": ""Hardcover"", ""Language:"": ""English"", ""ISBN:"": ""0375415319"", ""ISBN13:"": ""9780375415319"", ""Release Date:"": ""September 2003"", ""Publisher:"": ""Alfred A. Knopf"", ""Length:"": ""254 Pages"", ""Weight:"": ""1.15 lbs."", ""Dimensions:"": ""1.0\"" x 5.9\"" x 9.5\""""}",https://i.thriftbooks.com/api/imagehandler/m/7A629A1D102C8DCD8A2C1AAE93F0C94F27944102.jpeg
My Life as an Explorer,Sven Hedin,"{""Format:"": ""Paperback"", ""Language:"": ""English"", ""ISBN:"": ""1590480767"", ""ISBN13:"": ""9781590480762"", ""Release Date:"": ""October 2001"", ""Publisher:"": ""Long Riders' Guild Press"", ""Length:"": ""548 Pages"", ""Weight:"": ""2.52 lbs."", ""Dimensions:"": ""1.2\"" x 7.6\"" x 9.3\""""}",https://i.thriftbooks.com/api/imagehandler/m/58EF236921DCE4F2C3158A5683E865E76FD2AC2B.jpeg
Hindoo Holiday,J.R. Ackerley,"{""Format:"": ""Paperback"", ""Language:"": ""English"", ""ISBN:"": ""0940322250"", ""ISBN13:"": ""9780940322257"", ""Release Date:"": ""January 2000"", ""Publisher:"": ""New York Review of Books"", ""Length:"": ""320 Pages"", ""Weight:"": ""0.75 lbs."", ""Dimensions:"": ""0.7\"" x 5.0\"" x 8.1\""""}",https://i.thriftbooks.com/api/imagehandler/m/A213F5618BA8DFD86CCFAEEAD504258B93614710.jpeg
Ancient Futures: Learning from Ladakh,Helena Norberg-Hodge,"{""Format:"": ""Paperback"", ""Language:"": ""English"", ""ISBN:"": ""0871566435"", ""ISBN13:"": ""9780871566430"", ""Release Date:"": ""August 1992"", ""Publisher:"": ""Sierra Club Books"", ""Length:"": ""204 Pages"", ""Weight:"": ""0.75 lbs."", ""Dimensions:"": ""0.6\"" x 6.0\"" x 9.1\""""}",https://i.thriftbooks.com/api/imagehandler/m/50D9789DAF99B7B86957C0B50A3CDE2FB9C42C46.jpeg
River Town: Two Years on the Yangtze,Peter Hessler,"{""Format:"": ""Paperback"", ""Language:"": ""English"", ""ISBN:"": ""0060855029"", ""ISBN13:"": ""9780060855024"", ""Release Date:"": ""April 2006"", ""Publisher:"": ""Harper Perennial"", ""Length:"": ""432 Pages"", ""Weight:"": ""1.65 lbs."", ""Dimensions:"": ""1.1\"" x 5.3\"" x 8.0\""""}",https://i.thriftbooks.com/api/imagehandler/m/14FA37266F858BAD5B8668FDF8D675385CE10156.jpeg
When Heaven and Earth Changed Places,Jay Wurts,"{""Format:"": ""Paperback"", ""Language:"": ""English"", ""ISBN:"": ""0452271681"", ""ISBN13:"": ""9780452271685"", ""Release Date:"": ""November 1993"", ""Publisher:"": ""Plume Books"", ""Length:"": ""400 Pages"", ""Weight:"": ""0.90 lbs."", ""Dimensions:"": ""0.9\"" x 5.9\"" x 8.9\"""", ""Age Range:"": ""18 years and up"", ""Grade Range:"": ""Postsecondary and higher""}",https://i.thriftbooks.com/api/imagehandler/m/60E35561E1DDFF4A48327F0527C389317BC808A6.jpeg
Arabian Sands: Revised Edition,Wilfred Thesiger,"{""Format:"": ""Paperback"", ""Language:"": ""English"", ""ISBN:"": ""0140095144"", ""Release Date:"": ""March 1985"", ""Publisher:"": ""Penguin Books"", ""Length:"": ""352 Pages"", ""Weight:"": ""0.60 lbs."", ""Dimensions:"": ""7.8\"" x 1.0\"" x 5.3\""""}",https://m.media-amazon.com/images/I/415hZmNSJAL._SL350_.jpg
Lonely Planet Thailand 17,Lonely Planet,"{""Format:"": ""Paperback"", ""Language:"": ""English"", ""ISBN:"": ""1786570580"", ""ISBN13:"": ""9781786570581"", ""Release Date:"": ""July 2018"", ""Publisher:"": ""Lonely Planet"", ""Length:"": ""800 Pages"", ""Weight:"": ""1.45 lbs."", ""Dimensions:"": ""1.4\"" x 5.0\"" x 7.5\""""}",https://i.thriftbooks.com/api/imagehandler/m/52265FDF5B7F7C1A29B739D88B60B2C0FF27AFE6.jpeg
The Aquariums of Pyongyang: Ten Years in the North Korean Gulag,Pierre Rigoulot,"{""Format:"": ""Paperback"", ""Language:"": ""English"", ""ISBN:"": ""0465011047"", ""ISBN13:"": ""9780465011049"", ""Release Date:"": ""August 2005"", ""Publisher:"": ""Basic Books"", ""Length:"": ""272 Pages"", ""Weight:"": ""0.70 lbs."", ""Dimensions:"": ""0.8\"" x 5.4\"" x 8.1\"""", ""Age Range:"": ""18 years and up"", ""Grade Range:"": ""Postsecondary and higher""}",https://i.thriftbooks.com/api/imagehandler/m/A8577816D6C3E7DACE94D721D0D208269E1BACF3.jpeg
Jerusalem and the Holy Land,Fabrizio Ardito,"{""Format:"": ""Paperback"", ""Language:"": ""English"", ""ISBN:"": ""0789451700"", ""ISBN13:"": ""9780789451705"", ""Release Date:"": ""March 2000"", ""Publisher:"": ""DK Publishing (Dorling Kindersley)"", ""Length:"": ""304 Pages"", ""Weight:"": ""1.20 lbs."", ""Dimensions:"": ""0.7\"" x 5.1\"" x 8.8\""""}",https://i.thriftbooks.com/api/imagehandler/m/B164452A390058801AC920218D90FDB01B9E524E.jpeg
High Adventure,Edmund Hillary,"{""Format:"": ""Hardcover"", ""Language:"": ""English"", ""ISBN:"": ""1932302026"", ""Release Date:"": ""January 2003"", ""Publisher:"": ""BCL Press"", ""Weight:"": ""0.85 lbs.""}",https://m.media-amazon.com/images/I/41rygeGJTOL._SL350_.jpg
Annapurna: A Woman's Place,Arlene Blum,"{""Format:"": ""Paperback"", ""Language:"": ""English"", ""ISBN:"": ""0871568063"", ""ISBN13:"": ""9780871568069"", ""Release Date:"": ""January 1983"", ""Publisher:"": ""Sierra Club Books for Children"", ""Length:"": ""258 Pages"", ""Weight:"": ""1.05 lbs."", ""Dimensions:"": ""0.6\"" x 7.1\"" x 10.0\""""}",https://i.thriftbooks.com/api/imagehandler/m/EA916939BF24B17CF95DA71652FACB93E7B25B74.jpeg
My Journey to Lhasa,Alexandra David-Néel,"{""Format:"": ""Paperback"", ""Language:"": ""English"", ""ISBN:"": ""080705903X"", ""ISBN13:"": ""9780807059036"", ""Release Date:"": ""January 1993"", ""Publisher:"": ""Beacon Press (MA)"", ""Length:"": ""310 Pages"", ""Weight:"": ""0.90 lbs."", ""Dimensions:"": ""0.9\"" x 5.3\"" x 8.0\""""}",https://i.thriftbooks.com/api/imagehandler/m/3BF5A5B92CCC1A6DB6500D6AAFE122A7C26CB407.jpeg
"The Silk Route: 7,000 Miles of History",John S. Major,"{""Format:"": ""Hardcover"", ""Language:"": ""English"", ""ISBN:"": ""0060229241"", ""ISBN13:"": ""9780060229245"", ""Release Date:"": ""January 1995"", ""Publisher:"": ""HarperCollins Publishers"", ""Length:"": ""32 Pages"", ""Weight:"": ""1.00 lbs."", ""Dimensions:"": ""0.4\"" x 8.8\"" x 11.3\"""", ""Age Range:"": ""9 to 12 years"", ""Grade Range:"": ""Grades 4 to 7""}",https://i.thriftbooks.com/api/imagehandler/m/ED5864CA1E7FFC8B8089FB8E8384301201C5E9B4.jpeg
Short Walk in the Hindu Kush,Eric Newby,"{""Format:"": ""Paperback"", ""Language:"": ""English"", ""ISBN:"": ""0330266233"", ""ISBN13:"": ""9780330266239"", ""Release Date:"": ""January 1981"", ""Publisher:"": ""Not Avail"", ""Length:"": ""256 Pages"", ""Weight:"": ""0.40 lbs.""}",https://i.thriftbooks.com/api/imagehandler/m/6CE19D4299C3DBDF94C754B7399A0686414EB9FB.jpeg
Magic and Mystery in Tibet,Alexandra David-Néel,"{""Format:"": ""Paperback"", ""Language:"": ""English"", ""ISBN:"": ""0486226824"", ""ISBN13:"": ""9780486226828"", ""Release Date:"": ""June 1971"", ""Publisher:"": ""Dover Publications"", ""Length:"": ""368 Pages"", ""Weight:"": ""1.25 lbs."", ""Dimensions:"": ""0.7\"" x 5.4\"" x 8.4\""""}",https://i.thriftbooks.com/api/imagehandler/m/F4C92716DD042F54F265739A549516F3BC37D8A2.jpeg
Oracle Bones: A Journey Between China's Past and Present,Peter Hessler,"{""Format:"": ""Hardcover"", ""Language:"": ""English"", ""ISBN:"": ""0060826584"", ""ISBN13:"": ""9780060826581"", ""Release Date:"": ""April 2006"", ""Publisher:"": ""Harper"", ""Length:"": ""491 Pages"", ""Weight:"": ""1.80 lbs."", ""Dimensions:"": ""1.3\"" x 6.4\"" x 9.0\""""}",https://i.thriftbooks.com/api/imagehandler/m/A7CD9C943ACFA2AD172073709D8463858397E1CB.jpeg
Dark Summit: The True Story of Everest's Most Controversial Season,Nick Heil,"{""Format:"": ""Hardcover"", ""Language:"": ""English"", ""ISBN:"": ""0805083103"", ""ISBN13:"": ""9780805083101"", ""Release Date:"": ""April 2008"", ""Publisher:"": ""Henry Holt & Company"", ""Length:"": ""271 Pages"", ""Weight:"": ""1.20 lbs."", ""Dimensions:"": ""0.9\"" x 6.5\"" x 9.5\""""}",https://i.thriftbooks.com/api/imagehandler/m/9E4DAE34172E1A7815009025BC99CF540865556D.jpeg
The Happy Isles Of Oceania: Paddling the Pacific,Paul Theroux,"{""Format:"": ""Hardcover"", ""Language:"": ""English"", ""ISBN:"": ""0399137262"", ""ISBN13:"": ""9780399137266"", ""Release Date:"": ""June 1992"", ""Publisher:"": ""G. P. Putnam's Sons"", ""Length:"": ""528 Pages"", ""Weight:"": ""2.20 lbs."", ""Dimensions:"": ""9.5\"" x 1.5\"" x 6.5\""""}",https://m.media-amazon.com/images/I/512gMxj37ML._SL350_.jpg
The Places in Between,Rory Stewart,"{""Format:"": ""Paperback"", ""Language:"": ""English"", ""ISBN:"": ""0156031566"", ""ISBN13:"": ""9780156031561"", ""Release Date:"": ""May 2006"", ""Publisher:"": ""Harper Perennial"", ""Length:"": ""336 Pages"", ""Weight:"": ""0.74 lbs."", ""Dimensions:"": ""0.8\"" x 5.4\"" x 8.0\"""", ""Age Range:"": ""14 years and up"", ""Grade Range:"": ""Grade 9 and higher""}",https://i.thriftbooks.com/api/imagehandler/m/5EE879371B203049696EC7007C93968191872C1C.jpeg
Turkey,Suzanne Swan,"{""Format:"": ""Paperback"", ""Language:"": ""English"", ""ISBN:"": ""0756661293"", ""ISBN13:"": ""9780756661298"", ""Release Date:"": ""March 2010"", ""Publisher:"": ""DK Publishing (Dorling Kindersley)"", ""Length:"": ""432 Pages"", ""Weight:"": ""1.60 lbs."", ""Dimensions:"": ""0.9\"" x 5.2\"" x 8.7\""""}",https://i.thriftbooks.com/api/imagehandler/m/3D60BC88A0F52FB6F1DFE6F5EC1C07CBA7A2741A.jpeg
The Road to Oxiana,Robert Byron,"{""Format:"": ""Paperback"", ""Language:"": ""English"", ""ISBN:"": ""0195325605"", ""ISBN13:"": ""9780195325607"", ""Release Date:"": ""May 2007"", ""Publisher:"": ""Oxford University Press, USA"", ""Length:"": ""320 Pages"", ""Weight:"": ""0.90 lbs."", ""Dimensions:"": ""0.8\"" x 5.5\"" x 8.6\""""}",https://i.thriftbooks.com/api/imagehandler/m/4A506DB9927BF3041B04043FF758C3007EB35144.jpeg
Secrets of the Great Pyramid.,Peter Tompkins,"{""Format:"": ""Hardcover"", ""Language:"": ""English"", ""ISBN:"": ""0060143274"", ""Release Date:"": ""January 1971"", ""Publisher:"": ""Harper & Row"", ""Length:"": ""416 Pages"", ""Weight:"": ""2.28 lbs.""}",https://m.media-amazon.com/images/I/41meDACmLzL._SL350_.jpg
Running in the Family,Michael Ondaatje,"{""Format:"": ""Paperback"", ""Language:"": ""English"", ""ISBN:"": ""0679746692"", ""Release Date:"": ""November 1993"", ""Publisher:"": ""Vintage"", ""Length:"": ""208 Pages"", ""Weight:"": ""0.50 lbs."", ""Dimensions:"": ""7.9\"" x 0.5\"" x 5.1\""""}",https://m.media-amazon.com/images/I/516+ZCZpkfL._SL350_.jpg
The Lost Heart of Asia,Colin Thubron,"{""Format:"": ""Paperback"", ""Language:"": ""English"", ""ISBN:"": ""0060926562"", ""ISBN13:"": ""9780060926564"", ""Release Date:"": ""September 1995"", ""Publisher:"": ""Harper Perennial"", ""Length:"": ""384 Pages"", ""Weight:"": ""0.05 lbs."", ""Dimensions:"": ""0.9\"" x 5.3\"" x 8.0\""""}",https://i.thriftbooks.com/api/imagehandler/m/78E89DCF534BE4B6E90FFCDBBC1BCCC01B8C6D9C.jpeg
Rascals in Paradise,James A. Michener,"{""Format:"": ""Hardcover"", ""Language:"": ""English"", ""ISBN:"": ""0394442202"", ""ISBN13:"": ""9780394442204"", ""Release Date:"": ""June 1957"", ""Publisher:"": ""Random House (NY)"", ""Length:"": ""342 Pages"", ""Weight:"": ""1.75 lbs.""}",https://m.media-amazon.com/images/I/51B+EhAIPFL._SL350_.jpg
India: A Million Mutinies Now,V.S. Naipaul,"{""Format:"": ""Hardcover"", ""Language:"": ""English"", ""ISBN:"": ""0670837024"", ""ISBN13:"": ""9780670837021"", ""Release Date:"": ""January 1991"", ""Publisher:"": ""Viking"", ""Length:"": ""528 Pages"", ""Weight:"": ""2.05 lbs."", ""Dimensions:"": ""1.7\"" x 6.5\"" x 9.4\""""}",https://m.media-amazon.com/images/I/51I5HWGWvtL._SL350_.jpg
When Asia Was the World,Stewart Gordon,"{""Format:"": ""Hardcover"", ""Language:"": ""English"", ""ISBN:"": ""0306815567"", ""Release Date:"": ""December 2007"", ""Publisher:"": ""Da Capo Press"", ""Length:"": ""240 Pages"", ""Weight:"": ""1.00 lbs."", ""Dimensions:"": ""9.5\"" x 1.3\"" x 6.5\""""}",https://m.media-amazon.com/images/I/5122U0rYTZL._SL350_.jpg
China: A History,John Keay,"{""Format:"": ""Paperback"", ""Language:"": ""English"", ""ISBN:"": ""0465025188"", ""ISBN13:"": ""9780465025183"", ""Release Date:"": ""December 2011"", ""Publisher:"": ""Basic Books"", ""Length:"": ""608 Pages"", ""Weight:"": ""1.80 lbs."", ""Dimensions:"": ""1.8\"" x 6.0\"" x 9.1\"""", ""Age Range:"": ""18 years and up"", ""Grade Range:"": ""Postsecondary and higher""}",https://i.thriftbooks.com/api/imagehandler/m/3F468FD329E6BF2CBF35ED8C5EAB4689D316B7C3.jpeg
Lonely Planet Lost Japan,Alex Kerr,"{""Format:"": ""Paperback"", ""Language:"": ""English"", ""ISBN:"": ""0864423705"", ""ISBN13:"": ""9780864423702"", ""Release Date:"": ""January 1996"", ""Publisher:"": ""Lonely Planet"", ""Length:"": ""269 Pages"", ""Weight:"": ""1.95 lbs."", ""Dimensions:"": ""0.6\"" x 5.1\"" x 7.8\""""}",https://i.thriftbooks.com/api/imagehandler/m/B59156153B99F09E7482A40D002E04436E27C58C.jpeg
China,Simon Lewis,"{""Format:"": ""Paperback"", ""Language:"": ""English"", ""ISBN:"": ""1465440593"", ""ISBN13:"": ""9781465440594"", ""Release Date:"": ""June 2016"", ""Publisher:"": ""DK Eyewitness Travel"", ""Length:"": ""660 Pages"", ""Weight:"": ""1.90 lbs."", ""Dimensions:"": ""1.1\"" x 5.3\"" x 8.8\""""}",https://m.media-amazon.com/images/I/51Knl43fiSL._SL350_.jpg
Sources of Chinese Tradition: From Earliest Times to 1600,William Theodore de Bary,"{""Format:"": ""Paperback"", ""Language:"": ""English"", ""ISBN:"": ""0231109393"", ""ISBN13:"": ""9780231109390"", ""Release Date:"": ""July 1999"", ""Publisher:"": ""Columbia University Press"", ""Length:"": ""944 Pages"", ""Weight:"": ""1.40 lbs."", ""Dimensions:"": ""1.8\"" x 6.2\"" x 9.2\""""}",https://i.thriftbooks.com/api/imagehandler/m/D2E023D02355316B09E297E8AF8AAFB195C6692E.jpeg
Korea: A Walk Through the Land of Miracles,Simon Winchester,"{""Format:"": ""Paperback"", ""Language:"": ""English"", ""ISBN:"": ""0060750448"", ""ISBN13:"": ""9780060750442"", ""Release Date:"": ""May 2005"", ""Publisher:"": ""Harper Perennial"", ""Length:"": ""336 Pages"", ""Weight:"": ""0.65 lbs."", ""Dimensions:"": ""0.8\"" x 5.3\"" x 8.0\""""}",https://i.thriftbooks.com/api/imagehandler/m/FB5AA4C7FD39B83587FB0419177AEC2B60A347F2.jpeg
News from Tartary: A Journey from Peking to Kashmir,Peter Fleming,"{""Format:"": ""Paperback"", ""Language:"": ""English"", ""ISBN:"": ""0349105014"", ""ISBN13:"": ""9780349105017"", ""Release Date:"": ""January 1995"", ""Publisher:"": ""Abacus"", ""Length:"": ""394 Pages"", ""Weight:"": ""0.80 lbs.""}",https://i.thriftbooks.com/api/imagehandler/m/01957F3109D315DB83FA78EC18885F9FD6883575.jpeg
This Is Hong Kong: A Children's Classic,Miroslav Sasek,"{""Format:"": ""Hardcover"", ""Language:"": ""English"", ""ISBN:"": ""0789315602"", ""ISBN13:"": ""9780789315601"", ""Release Date:"": ""February 2007"", ""Publisher:"": ""Universe Publishing(NY)"", ""Length:"": ""64 Pages"", ""Weight:"": ""1.60 lbs."", ""Dimensions:"": ""0.7\"" x 9.1\"" x 12.4\"""", ""Age Range:"": ""7 years and up"", ""Grade Range:"": ""Grade 2 and higher""}",https://i.thriftbooks.com/api/imagehandler/m/F95A930304E6CE42C3B002D2CAC4D87647AFD480.jpeg
"Sources of Japanese Tradition, Vol. 1",William Theodore de Bary,"{""Format:"": ""Paperback"", ""Language:"": ""English"", ""ISBN:"": ""0231086040"", ""Release Date:"": ""April 1964"", ""Publisher:"": ""Columbia University Press"", ""Length:"": ""506 Pages"", ""Weight:"": ""1.20 lbs."", ""Dimensions:"": ""8.3\"" x 1.0\"" x 5.3\""""}",https://m.media-amazon.com/images/I/51KD66wPn4L._SL350_.jpg
A Look Into Japan: Illustrated,Japan Travel Bureau,"{""Format:"": ""Paperback"", ""Language:"": ""English"", ""ISBN:"": ""4533003079"", ""ISBN13:"": ""9784533003073"", ""Release Date:"": ""January 1993"", ""Publisher:"": ""Japan Travel Bureau"", ""Length:"": ""191 Pages"", ""Weight:"": ""0.30 lbs.""}",https://image-plz.thriftbooks.com/m/7FECCC611627435D9517A84D55BC3FF8.png
Unexpected Light,Jason Elliot,"{""Format:"": ""Hardcover"", ""Language:"": ""English"", ""ISBN:"": ""0312274599"", ""ISBN13:"": ""9780312274597"", ""Release Date:"": ""December 2000"", ""Publisher:"": ""Picador USA"", ""Length:"": ""496 Pages"", ""Weight:"": ""1.85 lbs."", ""Dimensions:"": ""1.5\"" x 6.4\"" x 9.5\""""}",https://i.thriftbooks.com/api/imagehandler/m/8ACA2BEFBB803488E0A59D389CC8A4717256B417.jpeg
Video Night in Kathmandu: And Other Reports from the Not-So-Far-East,Pico Iyer,"{""Format:"": ""Paperback"", ""Language:"": ""English"", ""ISBN:"": ""0679722165"", ""ISBN13:"": ""9780679722168"", ""Release Date:"": ""June 1989"", ""Publisher:"": ""Vintage"", ""Length:"": ""400 Pages"", ""Weight:"": ""0.70 lbs."", ""Dimensions:"": ""0.8\"" x 5.2\"" x 8.0\""""}",https://i.thriftbooks.com/api/imagehandler/m/F3E920E45DD9C3F1C879B5E11D420A75010012D0.jpeg
Southern Gates Arab,Freya Stark,"{""Format:"": ""Paperback"", ""Language:"": ""English"", ""ISBN:"": ""0874772656"", ""ISBN13:"": ""9780874772654"", ""Release Date:"": ""May 1983"", ""Publisher:"": ""Tarcherperigee"", ""Length:"": ""327 Pages"", ""Weight:"": ""1.02 lbs."", ""Age Range:"": ""18 years and up"", ""Grade Range:"": ""Grade 12 and higher""}",https://m.media-amazon.com/images/I/51GnpZcm7iL._SL350_.jpg
Jim Corbett's India,Jim Corbett,"{""Format:"": ""Hardcover"", ""Language:"": ""English"", ""ISBN:"": ""0192129686"", ""ISBN13:"": ""9780192129680"", ""Release Date:"": ""January 1978"", ""Publisher:"": ""Oxford University Press, USA"", ""Length:"": ""250 Pages"", ""Weight:"": ""1.30 lbs.""}",https://m.media-amazon.com/images/I/51ZDVIiSDxL._SL350_.jpg
Marsh Arabs,Wilfred Thesiger,"{""Format:"": ""Hardcover"", ""Language:"": ""English"", ""ISBN:"": ""0713910496"", ""ISBN13:"": ""9780713910490"", ""Release Date:"": ""January 1977"", ""Publisher:"": ""Allen Lane"", ""Length:"": ""233 Pages"", ""Weight:"": ""1.74 lbs.""}",https://m.media-amazon.com/images/I/51lKtM9gcqL._SL350_.jpg
Japanese Inn,Oliver Statler,"{""Format:"": ""Paperback"", ""Language:"": ""English"", ""ISBN:"": ""0824808185"", ""ISBN13:"": ""9780824808181"", ""Release Date:"": ""December 1983"", ""Publisher:"": ""University of Hawaii Press"", ""Length:"": ""384 Pages"", ""Weight:"": ""1.45 lbs."", ""Dimensions:"": ""0.9\"" x 6.0\"" x 9.1\""""}",https://i.thriftbooks.com/api/imagehandler/m/AD06711B1C47B948E97ADF3F9C407DBFDB6ECFA5.jpeg
Chinese Lessons,John Pomfret,"{""Format:"": ""Paperback"", ""Language:"": ""English"", ""ISBN:"": ""0805086641"", ""ISBN13:"": ""9780805086645"", ""Release Date:"": ""July 2007"", ""Publisher:"": ""St. Martins Press-3PL"", ""Length:"": ""336 Pages"", ""Weight:"": ""0.65 lbs."", ""Dimensions:"": ""0.9\"" x 5.4\"" x 8.3\""""}",https://i.thriftbooks.com/api/imagehandler/m/3750EDDD864D7BA1F0E89DEC175F563910BEDE0B.jpeg
City of Djinns: A Year in Delhi,William Dalrymple,"{""Format:"": ""Paperback"", ""Language:"": ""English"", ""ISBN:"": ""0142001007"", ""ISBN13:"": ""9780142001004"", ""Release Date:"": ""March 2003"", ""Publisher:"": ""Penguin Books"", ""Length:"": ""352 Pages"", ""Weight:"": ""0.55 lbs."", ""Dimensions:"": ""0.7\"" x 5.0\"" x 7.9\"""", ""Age Range:"": ""18 years and up"", ""Grade Range:"": ""Postsecondary and higher""}",https://i.thriftbooks.com/api/imagehandler/m/E91D522977CD56288322C7C5745F70AB76882E4B.jpeg
DK Eyewitness Thailand,D.K. Publishing,"{""Format:"": ""Paperback"", ""Language:"": ""English"", ""ISBN:"": ""1465441301"", ""ISBN13:"": ""9781465441300"", ""Release Date:"": ""October 2016"", ""Publisher:"": ""DK Eyewitness Travel"", ""Length:"": ""512 Pages"", ""Weight:"": ""1.60 lbs."", ""Dimensions:"": ""1.1\"" x 5.1\"" x 8.5\""""}",https://i.thriftbooks.com/api/imagehandler/m/A4A2B487D3BD674DEE0E6248828B5A96E36DDB7A.jpeg
Riding the Iron Rooster: By Train through China,Paul Theroux,"{""Format:"": ""Hardcover"", ""Language:"": ""English"", ""ISBN:"": ""0399133097"", ""ISBN13:"": ""9780399133091"", ""Release Date:"": ""May 1988"", ""Publisher:"": ""Putnam"", ""Length:"": ""480 Pages"", ""Weight:"": ""2.00 lbs."", ""Dimensions:"": ""1.7\"" x 9.6\"" x 6.5\"""", ""Age Range:"": ""18 years and up"", ""Grade Range:"": ""Grade 12 and higher""}",https://m.media-amazon.com/images/I/51ZT0VaIXyL._SL350_.jpg
India 16 (inglés) (Lonely Planet),Sarina Singh,"{""Format:"": ""Paperback"", ""Language:"": ""English"", ""ISBN:"": ""1743216769"", ""Release Date:"": ""October 2015"", ""Publisher:"": ""GeoPlaneta"", ""Length:"": ""1248 Pages"", ""Weight:"": ""2.10 lbs."", ""Dimensions:"": ""7.8\"" x 1.9\"" x 5.1\""""}",https://m.media-amazon.com/images/I/51Frxa3kCbL._SL350_.jpg
The Heart of the World: A Journey to the Last Secret Place,Ian Baker,"{""Format:"": ""Hardcover"", ""Language:"": ""English"", ""ISBN:"": ""1594200270"", ""ISBN13:"": ""9781594200274"", ""Release Date:"": ""November 2004"", ""Publisher:"": ""Penguin Press"", ""Length:"": ""511 Pages"", ""Weight:"": ""2.05 lbs."", ""Dimensions:"": ""1.7\"" x 6.5\"" x 9.5\"""", ""Age Range:"": ""18 years and up"", ""Grade Range:"": ""Postsecondary and higher""}",https://i.thriftbooks.com/api/imagehandler/m/91E8306223A6C0498819FB80C967EC5160486128.jpeg
The Holy Land: An Oxford Archaeological Guide from Earliest Times to 1700,Jerome Murphy-O'Connor,"{""Format:"": ""Paperback"", ""Language:"": ""English"", ""ISBN:"": ""0192880136"", ""ISBN13:"": ""9780192880130"", ""Release Date:"": ""June 1998"", ""Publisher:"": ""Oxford University Press, USA"", ""Length:"": ""516 Pages"", ""Weight:"": ""2.65 lbs."", ""Dimensions:"": ""1.2\"" x 8.5\"" x 5.4\""""}",https://i.thriftbooks.com/api/imagehandler/m/2392FA96CE692556354F87C81EFE9570BA9C18AB.jpeg
Baghdad Without a Map and Other Misadventures in Arabia,Tony Horwitz,"{""Format:"": ""Hardcover"", ""Language:"": ""English"", ""ISBN:"": ""0525249605"", ""ISBN13:"": ""9780525249603"", ""Release Date:"": ""March 1991"", ""Publisher:"": ""Dutton Books"", ""Length:"": ""276 Pages"", ""Weight:"": ""1.00 lbs."", ""Dimensions:"": ""1.0\"" x 5.7\"" x 8.6\""""}",https://m.media-amazon.com/images/I/41AQUxD3L9L._SL350_.jpg
Rick Steves' Istanbul,Lale Surmen Aran,"{""Format:"": ""Paperback"", ""Language:"": ""English"", ""ISBN:"": ""1612387675"", ""ISBN13:"": ""9781612387673"", ""Release Date:"": ""March 2014"", ""Publisher:"": ""Avalon Travel Publishing"", ""Length:"": ""437 Pages"", ""Weight:"": ""0.86 lbs."", ""Dimensions:"": ""0.9\"" x 4.4\"" x 7.9\""""}",https://i.thriftbooks.com/api/imagehandler/m/8BF7A93FF13DD8BBD0EF07D12F031385B0E1E269.jpeg
Ghost Train to the Eastern Star: On the Tracks of the Great Railway Bazaar,Paul Theroux,"{""Format:"": ""Hardcover"", ""Language:"": ""English"", ""ISBN:"": ""0618418873"", ""ISBN13:"": ""9780618418879"", ""Release Date:"": ""August 2008"", ""Publisher:"": ""Houghton Mifflin"", ""Length:"": ""496 Pages"", ""Weight:"": ""1.66 lbs."", ""Dimensions:"": ""1.4\"" x 6.4\"" x 9.2\""""}",https://i.thriftbooks.com/api/imagehandler/m/67B1FA39C6C80191FFFF7779601F79EBE4279D60.jpeg
Full Tilt: Ireland to India with a Bicycle,Dervla Murphy,"{""Format:"": ""Paperback"", ""Language:"": ""English"", ""ISBN:"": ""1906011419"", ""ISBN13:"": ""9781906011413"", ""Release Date:"": ""December 2010"", ""Publisher:"": ""Eland Publishing"", ""Length:"": ""254 Pages"", ""Weight:"": ""0.70 lbs."", ""Dimensions:"": ""0.9\"" x 5.4\"" x 8.4\""""}",https://i.thriftbooks.com/api/imagehandler/m/E09FE7F9F3D5B1F1728A073EF8D8266813800F29.jpeg
Shadow of the Silk Road,Colin Thubron,"{""Format:"": ""Paperback"", ""Language:"": ""English"", ""ISBN:"": ""0061231770"", ""ISBN13:"": ""9780061231773"", ""Release Date:"": ""July 2008"", ""Publisher:"": ""Harper Perennial"", ""Length:"": ""400 Pages"", ""Weight:"": ""0.70 lbs."", ""Dimensions:"": ""0.9\"" x 5.3\"" x 8.0\""""}",https://i.thriftbooks.com/api/imagehandler/m/610E883CE5AF13DE34D4AF56B95E7D1419027497.jpeg
Maximum City: Bombay Lost and Found,Suketu Mehta,"{""Format:"": ""Paperback"", ""Language:"": ""English"", ""ISBN:"": ""0375703403"", ""ISBN13:"": ""9780375703409"", ""Release Date:"": ""September 2005"", ""Publisher:"": ""Vintage"", ""Length:"": ""560 Pages"", ""Weight:"": ""0.90 lbs."", ""Dimensions:"": ""1.1\"" x 5.2\"" x 8.0\""""}",https://i.thriftbooks.com/api/imagehandler/m/76A13B3CBA746A03D7766AF558EA08888938124E.jpeg
The Lady and the Monk: Four Seasons in Kyoto,Pico Iyer,"{""Format:"": ""Paperback"", ""Language:"": ""English"", ""ISBN:"": ""0679738347"", ""ISBN13:"": ""9780679738343"", ""Release Date:"": ""October 1992"", ""Publisher:"": ""Vintage"", ""Length:"": ""352 Pages"", ""Weight:"": ""0.58 lbs."", ""Dimensions:"": ""0.9\"" x 5.1\"" x 7.9\""""}",https://i.thriftbooks.com/api/imagehandler/m/04E3A35ADE05914406B321322F1B9DD119DA2C5A.jpeg
Hitching Rides with Buddha,Will Ferguson,"{""Format:"": ""Paperback"", ""Language:"": ""English"", ""ISBN:"": ""1841957852"", ""ISBN13:"": ""9781841957852"", ""Release Date:"": ""April 2006"", ""Publisher:"": ""Canongate Us"", ""Length:"": ""432 Pages"", ""Weight:"": ""1.15 lbs."", ""Dimensions:"": ""0.9\"" x 5.5\"" x 8.3\""""}",https://i.thriftbooks.com/api/imagehandler/m/B5304B387BDFE1BD0A0BA5A54BD37C5A9DECC58C.jpeg
The Valleys of the Assassins: And Other Persian Travels,Freya Stark,"{""Format:"": ""Paperback"", ""Language:"": ""English"", ""ISBN:"": ""0375757538"", ""ISBN13:"": ""9780375757532"", ""Release Date:"": ""July 2001"", ""Publisher:"": ""Modern Library"", ""Length:"": ""320 Pages"", ""Weight:"": ""0.60 lbs."", ""Dimensions:"": ""0.7\"" x 5.3\"" x 8.0\""""}",https://i.thriftbooks.com/api/imagehandler/m/B73BB25E5725788F8B39DC8A837EE609D43E3291.jpeg
DK Eyewitness India,D.K. Publishing,"{""Format:"": ""Paperback"", ""Language:"": ""English"", ""ISBN:"": ""1465460527"", ""ISBN13:"": ""9781465460523"", ""Release Date:"": ""October 2017"", ""Publisher:"": ""DK Eyewitness Travel"", ""Length:"": ""800 Pages"", ""Weight:"": ""2.30 lbs."", ""Dimensions:"": ""1.4\"" x 5.2\"" x 8.5\""""}",https://m.media-amazon.com/images/I/41B5KZOcfbL._SL350_.jpg
Beyond the Sky and the Earth: A Journey into Bhutan,Jamie Zeppa,"{""Format:"": ""Paperback"", ""Language:"": ""English"", ""ISBN:"": ""157322815X"", ""Release Date:"": ""May 2000"", ""Publisher:"": ""Riverhead Books"", ""Length:"": ""320 Pages"", ""Weight:"": ""0.72 lbs."", ""Dimensions:"": ""9.1\"" x 1.0\"" x 5.5\""""}",https://m.media-amazon.com/images/I/41byLZgdwqL._SL350_.jpg
In Siberia,Colin Thubron,"{""Format:"": ""Hardcover"", ""Language:"": ""English"", ""ISBN:"": ""0060195436"", ""ISBN13:"": ""9780060195434"", ""Release Date:"": ""January 2000"", ""Publisher:"": ""Harper"", ""Length:"": ""304 Pages"", ""Weight:"": ""1.35 lbs."", ""Dimensions:"": ""1.0\"" x 6.1\"" x 9.3\""""}",https://i.thriftbooks.com/api/imagehandler/m/1566C37CFCC082B859E3918E405DCE7C062559BD.jpeg
"Orchid Fever: A Horticultural Tale of Love, Lust, and Lunacy",Eric Hansen,"{""Format:"": ""Hardcover"", ""Language:"": ""English"", ""ISBN:"": ""0679451412"", ""ISBN13:"": ""9780679451419"", ""Release Date:"": ""February 2000"", ""Publisher:"": ""Pantheon Books"", ""Length:"": ""272 Pages"", ""Weight:"": ""2.20 lbs."", ""Dimensions:"": ""1.0\"" x 5.7\"" x 8.6\""""}",https://i.thriftbooks.com/api/imagehandler/m/A9486D43AC32700CE91A4A051A03B01B0D5200BD.jpeg
Learning to Bow CL,Bruce Feiler,"{""Format:"": ""Hardcover"", ""Language:"": ""English"", ""ISBN:"": ""039558521X"", ""ISBN13:"": ""9780395585214"", ""Release Date:"": ""January 1991"", ""Publisher:"": ""Houghton Mifflin"", ""Length:"": ""321 Pages"", ""Weight:"": ""1.15 lbs."", ""Dimensions:"": ""1.2\"" x 5.8\"" x 8.5\""""}",https://m.media-amazon.com/images/I/41XAJ4w+8YL._SL350_.jpg
Lonely Planet Indonesia,Ryan Ver Berkmoes,"{""Format:"": ""Paperback"", ""Language:"": ""English"", ""ISBN:"": ""1743210280"", ""ISBN13:"": ""9781743210284"", ""Release Date:"": ""July 2016"", ""Publisher:"": ""Lonely Planet"", ""Length:"": ""820 Pages"", ""Weight:"": ""1.42 lbs."", ""Dimensions:"": ""1.4\"" x 5.0\"" x 7.7\""""}",https://m.media-amazon.com/images/I/51lI9XQdnqL._SL350_.jpg
DK Eyewitness Travel Guide Bali and Lombok,DK Eyewitness Travel,"{""Format:"": ""Paperback"", ""Language:"": ""English"", ""ISBN:"": ""146544100X"", ""ISBN13:"": ""9781465441003"", ""Release Date:"": ""February 2016"", ""Publisher:"": ""DK Eyewitness Travel"", ""Length:"": ""236 Pages"", ""Weight:"": ""0.90 lbs."", ""Dimensions:"": ""0.6\"" x 5.0\"" x 8.5\""""}",https://m.media-amazon.com/images/I/41UunZVja1L._SL350_.jpg
DK Eyewitness Travel Guide Cambodia and Laos,David P. Chandler,"{""Format:"": ""Paperback"", ""Language:"": ""English"", ""ISBN:"": ""1465440062"", ""ISBN13:"": ""9781465440068"", ""Release Date:"": ""January 2016"", ""Publisher:"": ""DK Eyewitness Travel"", ""Length:"": ""288 Pages"", ""Weight:"": ""1.10 lbs."", ""Dimensions:"": ""0.7\"" x 5.0\"" x 8.6\""""}",https://m.media-amazon.com/images/I/517nQ-uUy0L._SL350_.jpg
Lonely Planet Cambodia,Nick Ray,"{""Format:"": ""Paperback"", ""Language:"": ""English"", ""ISBN:"": ""1742205577"", ""ISBN13:"": ""9781742205571"", ""Release Date:"": ""September 2014"", ""Publisher:"": ""Lonely Planet"", ""Length:"": ""368 Pages"", ""Weight:"": ""0.55 lbs."", ""Dimensions:"": ""0.9\"" x 5.2\"" x 7.9\""""}",https://i.thriftbooks.com/api/imagehandler/m/EFB4677AAE08195AFF8E2734C0426EF8BFA246A8.jpeg
Finding George Orwell in Burma,Emma Larkin,"{""Format:"": ""Paperback"", ""Language:"": ""English"", ""ISBN:"": ""0143037110"", ""ISBN13:"": ""9780143037118"", ""Release Date:"": ""March 2006"", ""Publisher:"": ""Penguin Books"", ""Length:"": ""304 Pages"", ""Weight:"": ""0.50 lbs."", ""Dimensions:"": ""0.6\"" x 5.0\"" x 7.8\"""", ""Age Range:"": ""18 years and up"", ""Grade Range:"": ""Postsecondary and higher""}",https://i.thriftbooks.com/api/imagehandler/m/114F6748464FDBAD05F1E5BE0CCC629B9A38969D.jpeg
Malaysia & Singapore,David Bowden,"{""Format:"": ""Paperback"", ""Language:"": ""English"", ""ISBN:"": ""0756628350"", ""ISBN13:"": ""9780756628352"", ""Release Date:"": ""December 2007"", ""Publisher:"": ""DK Publishing (Dorling Kindersley)"", ""Length:"": ""368 Pages"", ""Weight:"": ""1.25 lbs."", ""Dimensions:"": ""0.8\"" x 5.7\"" x 8.5\""""}",https://i.thriftbooks.com/api/imagehandler/m/814BCC65D2D6E5592046F322C0127B14D7593480.jpeg
Lonely Planet Bhutan,Lonely Planet,"{""Format:"": ""Paperback"", ""Language:"": ""English"", ""ISBN:"": ""1742201334"", ""ISBN13:"": ""9781742201337"", ""Release Date:"": ""March 2014"", ""Publisher:"": ""Lonely Planet"", ""Length:"": ""303 Pages"", ""Weight:"": ""0.75 lbs."", ""Dimensions:"": ""0.7\"" x 5.0\"" x 7.6\""""}",https://i.thriftbooks.com/api/imagehandler/m/6D4FD36868DE5B90A3BD97349F9EA79D4E93B80B.jpeg
Thailand: The Essential Guide to Customs & Culture,Roger Jones,"{""Format:"": ""Paperback"", ""Language:"": ""English"", ""ISBN:"": ""1857336917"", ""ISBN13:"": ""9781857336917"", ""Release Date:"": ""April 2014"", ""Publisher:"": ""Kuperard"", ""Length:"": ""168 Pages"", ""Weight:"": ""0.40 lbs."", ""Dimensions:"": ""0.6\"" x 4.3\"" x 6.6\""""}",https://i.thriftbooks.com/api/imagehandler/m/D1B8BFA1D93918BB3365C5A3AE01F498E9482DEC.jpeg
Lonely Planet Bali & Lombok,Ryan Ver Berkmoes,"{""Format:"": ""Paperback"", ""Language:"": ""English"", ""ISBN:"": ""1743213891"", ""ISBN13:"": ""9781743213896"", ""Release Date:"": ""May 2015"", ""Publisher:"": ""Lonely Planet"", ""Length:"": ""400 Pages"", ""Weight:"": ""0.70 lbs."", ""Dimensions:"": ""0.8\"" x 5.2\"" x 7.8\""""}",https://i.thriftbooks.com/api/imagehandler/m/55D2D6FD9B3115D4F3DD315462930A6ACB315CBE.jpeg
Lonely Planet Maldives,Lonely Planet,"{""Format:"": ""Paperback"", ""Language:"": ""English"", ""ISBN:"": ""1741798035"", ""ISBN13:"": ""9781741798036"", ""Release Date:"": ""October 2012"", ""Publisher:"": ""Lonely Planet"", ""Length:"": ""200 Pages"", ""Weight:"": ""0.50 lbs."", ""Dimensions:"": ""0.5\"" x 5.0\"" x 7.7\""""}",https://i.thriftbooks.com/api/imagehandler/m/7F7CDED2173262970040AC6A9E9CE68D13996714.jpeg
Lonely Planet Singapore 11,Ria de Jong,"{""Format:"": ""Paperback"", ""Language:"": ""English"", ""ISBN:"": ""1786573504"", ""ISBN13:"": ""9781786573506"", ""Release Date:"": ""February 2018"", ""Publisher:"": ""Lonely Planet"", ""Length:"": ""224 Pages"", ""Weight:"": ""0.57 lbs."", ""Dimensions:"": ""0.6\"" x 5.0\"" x 7.7\""""}",https://i.thriftbooks.com/api/imagehandler/m/F753D8EA9DBFC442571457697B8F943621B2B793.jpeg
Thailand's Beaches & Islands,"Forbes, Andrew","{""Format:"": ""Paperback"", ""Language:"": ""English"", ""ISBN:"": ""0756660181"", ""ISBN13:"": ""9780756660185"", ""Release Date:"": ""May 2010"", ""Publisher:"": ""DK Publishing (Dorling Kindersley)"", ""Length:"": ""384 Pages"", ""Weight:"": ""1.35 lbs."", ""Dimensions:"": ""0.8\"" x 5.6\"" x 8.7\""""}",https://i.thriftbooks.com/api/imagehandler/m/4C062B6809BBF60E97AE2350748E97FF47BA7BB4.jpeg
Thailand,Insight Guides,"{""Format:"": ""Paperback"", ""Language:"": ""English"", ""ISBN:"": ""9812821821"", ""ISBN13:"": ""9789812821829"", ""Release Date:"": ""November 2010"", ""Publisher:"": ""Insight Guides"", ""Length:"": ""432 Pages"", ""Weight:"": ""2.00 lbs."", ""Dimensions:"": ""1.1\"" x 6.3\"" x 8.9\""""}",https://i.thriftbooks.com/api/imagehandler/m/D6C790392862EB31E4427858D5DA159FCCDCCB43.jpeg
Philippines,Grace Roces,"{""Format:"": ""Paperback"", ""Language:"": ""English"", ""ISBN:"": ""1558680896"", ""ISBN13:"": ""9781558680890"", ""Release Date:"": ""February 1992"", ""Publisher:"": ""Graphic Arts Books"", ""Length:"": ""248 Pages"", ""Weight:"": ""1.60 lbs."", ""Dimensions:"": ""0.7\"" x 5.2\"" x 7.9\""""}",https://i.thriftbooks.com/api/imagehandler/m/FAB7F46708981DF39F8668AE2761707B76722771.jpeg
Culture Shock! Thailand,Robert Cooper,"{""Format:"": ""Paperback"", ""Language:"": ""English"", ""ISBN:"": ""1558680586"", ""ISBN13:"": ""9781558680586"", ""Release Date:"": ""March 1991"", ""Publisher:"": ""Graphic Arts Books"", ""Length:"": ""238 Pages"", ""Weight:"": ""0.60 lbs."", ""Dimensions:"": ""0.5\"" x 5.1\"" x 7.8\""""}",https://i.thriftbooks.com/api/imagehandler/m/1885196AF9ADC3D79746E79E67DFBD22B54914EA.jpeg
Bangkok Days,Lawrence Osborne,"{""Format:"": ""Hardcover"", ""Language:"": ""English"", ""ISBN:"": ""0865477329"", ""ISBN13:"": ""9780865477322"", ""Release Date:"": ""May 2009"", ""Publisher:"": ""North Point Press"", ""Length:"": ""271 Pages"", ""Weight:"": ""1.55 lbs."", ""Dimensions:"": ""1.0\"" x 6.0\"" x 8.6\""""}",https://i.thriftbooks.com/api/imagehandler/m/86D1F06768EF0B9AABF365F34244B6FE123CEBCD.jpeg
Lonely Planet Philippines: Travel Survival Kit,Jens Peters,"{"""": """"}",https://i.thriftbooks.com/api/imagehandler/m/7267B0154AEC62173448A72518D8C32A1BC8763A.jpeg
Angkor: An Introduction to the Temples,Dawn F. Rooney,"{""Format:"": ""Paperback"", ""Language:"": ""English"", ""ISBN:"": ""9622176836"", ""ISBN13:"": ""9789622176836"", ""Release Date:"": ""October 2001"", ""Publisher:"": ""Odyssey Publications"", ""Length:"": ""306 Pages"", ""Weight:"": ""1.08 lbs."", ""Dimensions:"": ""0.8\"" x 5.5\"" x 8.0\""""}",https://i.thriftbooks.com/api/imagehandler/m/C9041BFBFD155CD8D3D5BA69D3DB8C2C3D0E4C60.jpeg
The River's Tale: A Year on the Mekong,Edward Gargan,"{""Format:"": ""Paperback"", ""Language:"": ""English"", ""ISBN:"": ""0375705597"", ""ISBN13:"": ""9780375705595"", ""Release Date:"": ""January 2003"", ""Publisher:"": ""Knopf Doubleday Publishing Group"", ""Length:"": ""352 Pages"", ""Weight:"": ""0.75 lbs."", ""Dimensions:"": ""0.7\"" x 6.6\"" x 8.3\""""}",https://i.thriftbooks.com/api/imagehandler/m/FF82CEF25B9826413AE4C95348E02BD306222F82.jpeg
Lonely Planet Borneo,Daniel Robinson,"{""Format:"": ""Paperback"", ""Language:"": ""English"", ""ISBN:"": ""1743213948"", ""ISBN13:"": ""9781743213940"", ""Release Date:"": ""August 2016"", ""Publisher:"": ""Lonely Planet"", ""Length:"": ""336 Pages"", ""Weight:"": ""0.80 lbs."", ""Dimensions:"": ""0.8\"" x 5.1\"" x 7.7\""""}",https://i.thriftbooks.com/api/imagehandler/m/1C3F7AC1C19F9E24C87CD195A7E9FAD1E397A699.jpeg
The Mountains of Tibet,Mordicai Gerstein,"{""Format:"": ""Paperback"", ""Language:"": ""English"", ""ISBN:"": ""0064432114"", ""ISBN13:"": ""9780064432115"", ""Release Date:"": ""September 1989"", ""Publisher:"": ""HarperTrophy"", ""Length:"": ""32 Pages"", ""Weight:"": ""0.25 lbs."", ""Dimensions:"": ""0.1\"" x 8.3\"" x 9.0\"""", ""Age Range:"": ""7 years and up"", ""Grade Range:"": ""Grade 2 and higher""}",https://i.thriftbooks.com/api/imagehandler/m/AEDEDC7371D669B2F80F5B5986111AE21D6D1F4E.jpeg
Mountains and Rivers Without End,Gary Snyder,"{""Format:"": ""Hardcover"", ""Language:"": ""English"", ""ISBN:"": ""1887178201"", ""ISBN13:"": ""9781887178204"", ""Release Date:"": ""January 1996"", ""Publisher:"": ""Counterpoint LLC"", ""Length:"": ""165 Pages"", ""Weight:"": ""0.73 lbs."", ""Dimensions:"": ""0.8\"" x 5.4\"" x 8.3\""""}",https://i.thriftbooks.com/api/imagehandler/m/96ED39BE7238F3CB5905717E827C2F475F50316A.jpeg
Japan: A History in Art,Bradley Smith,"{""Format:"": ""Hardcover"", ""Language:"": ""English"", ""ISBN:"": ""0385032404"", ""ISBN13:"": ""9780385032407"", ""Release Date:"": ""January 1964"", ""Publisher:"": ""Doubleday Books"", ""Length:"": ""295 Pages"", ""Weight:"": ""4.55 lbs.""}",https://m.media-amazon.com/images/I/514nUEZsYvL._SL350_.jpg
DK Eyewitness Vietnam: 2019,D.K. Publishing,"{""Format:"": ""Paperback"", ""Language:"": ""English"", ""ISBN:"": ""0241358280"", ""ISBN13:"": ""9780241358283"", ""Release Date:"": ""January 2019"", ""Publisher:"": ""DK Eyewitness Travel"", ""Length:"": ""264 Pages"", ""Weight:"": ""0.75 lbs."", ""Dimensions:"": ""0.8\"" x 4.9\"" x 8.5\""""}",https://i.thriftbooks.com/api/imagehandler/m/FC60F4B7FDB874E05F1A61CBAA121C0BF8290D47.jpeg
Lonely Planet Turkey [With Map],James Bainbridge,"{""Format:"": ""Paperback"", ""Language:"": ""English"", ""ISBN:"": ""1741797241"", ""ISBN13:"": ""9781741797244"", ""Release Date:"": ""April 2011"", ""Publisher:"": ""Lonely Planet"", ""Length:"": ""730 Pages"", ""Weight:"": ""1.30 lbs."", ""Dimensions:"": ""1.2\"" x 5.2\"" x 7.7\""""}",https://i.thriftbooks.com/api/imagehandler/m/143DAAFE7607188B9D89084278F33D6EAD18A948.jpeg
Into the Heart of Borneo,Redmond O'Hanlon,"{""Format:"": ""Paperback"", ""Language:"": ""English"", ""ISBN:"": ""0394755405"", ""ISBN13:"": ""9780394755403"", ""Release Date:"": ""September 1987"", ""Publisher:"": ""Vintage"", ""Length:"": ""208 Pages"", ""Weight:"": ""1.60 lbs."", ""Dimensions:"": ""0.6\"" x 5.2\"" x 7.9\""""}",https://i.thriftbooks.com/api/imagehandler/m/5C221FE447CA2620B3094CA1228E8A4097559EC3.jpeg
"The Zanzibar Chest: A Story of Life, Love, and Death in Foreign Lands",Aidan Hartley,"{""Format:"": ""Hardcover"", ""Language:"": ""English"", ""ISBN:"": ""0871138719"", ""Release Date:"": ""June 2003"", ""Publisher:"": ""Atlantic Monthly Pr"", ""Length:"": ""320 Pages"", ""Weight:"": ""1.65 lbs."", ""Dimensions:"": ""9.5\"" x 1.3\"" x 6.3\""""}",https://m.media-amazon.com/images/I/41L+E7ghMFL._SL350_.jpg
Hell or High Water: Surviving Tibet's Tsangpo River,Peter Heller,"{""Format:"": ""Hardcover"", ""Language:"": ""English"", ""ISBN:"": ""1579548725"", ""ISBN13:"": ""9781579548728"", ""Release Date:"": ""October 2004"", ""Publisher:"": ""Rodale Books"", ""Length:"": ""278 Pages"", ""Weight:"": ""1.43 lbs."", ""Dimensions:"": ""1.0\"" x 6.4\"" x 9.3\""""}",https://i.thriftbooks.com/api/imagehandler/m/B339961D9A41C54471C2550D60A2C79E52DA64A1.jpeg
Lonely Planet Vietnam,Iain Stewart,"{""Format:"": ""Paperback"", ""Language:"": ""English"", ""ISBN:"": ""1743218729"", ""ISBN13:"": ""9781743218723"", ""Release Date:"": ""August 2016"", ""Publisher:"": ""Lonely Planet"", ""Length:"": ""520 Pages"", ""Weight:"": ""0.95 lbs."", ""Dimensions:"": ""0.9\"" x 5.0\"" x 7.7\""""}",https://m.media-amazon.com/images/I/51gG0tbv25L._SL350_.jpg
"Eastward to Tartary: Travels in the Balkans, the Middle East, and the Caucasus",Robert D. Kaplan,"{""Format:"": ""Hardcover"", ""Language:"": ""English"", ""ISBN:"": ""0375502726"", ""ISBN13:"": ""9780375502729"", ""Release Date:"": ""November 2000"", ""Publisher:"": ""Random House (NY)"", ""Length:"": ""364 Pages"", ""Weight:"": ""1.60 lbs."", ""Dimensions:"": ""1.3\"" x 6.5\"" x 9.6\""""}",https://i.thriftbooks.com/api/imagehandler/m/A9C78E0F3ED1F12BB4E537664558BE767CAEB423.jpeg
"K2, the Savage Mountain: The Classic True Story of Disaster and Survival on the World's Second Highest Mountain",Robert H. Bates,"{""Format:"": ""Paperback"", ""Language:"": ""English"", ""ISBN:"": ""1585740136"", ""ISBN13:"": ""9781585740130"", ""Release Date:"": ""January 2000"", ""Publisher:"": ""Lyons Press"", ""Length:"": ""336 Pages"", ""Weight:"": ""0.88 lbs."", ""Dimensions:"": ""0.9\"" x 5.6\"" x 8.3\""""}",https://i.thriftbooks.com/api/imagehandler/m/B235AD98A387AB7D6C74B69188B2053659081FF2.jpeg
Fodor's Israel,Fodor's Travel Publications Inc.,"{""Format:"": ""Paperback"", ""Language:"": ""English"", ""ISBN:"": ""1400008980"", ""ISBN13:"": ""9781400008988"", ""Release Date:"": ""August 2009"", ""Publisher:"": ""Fodor's Travel Publications"", ""Length:"": ""548 Pages"", ""Weight:"": ""1.40 lbs."", ""Dimensions:"": ""1.0\"" x 5.2\"" x 8.0\""""}",https://i.thriftbooks.com/api/imagehandler/m/C0B8815E5A18783DF11D7F60A73D408965FE82E0.jpeg
"The River at the Center of the World: A Journey Up the Yangtze, and Back in Chinese Time",Simon Winchester,"{""Format:"": ""Paperback"", ""Language:"": ""English"", ""ISBN:"": ""0312423373"", ""ISBN13:"": ""9780312423377"", ""Release Date:"": ""April 2004"", ""Publisher:"": ""St. Martins Press-3PL"", ""Length:"": ""414 Pages"", ""Weight:"": ""0.90 lbs."", ""Dimensions:"": ""0.8\"" x 5.5\"" x 8.2\""""}",https://i.thriftbooks.com/api/imagehandler/m/E3039A6CC6F0DDBA6BD805884507651480A9723B.jpeg
Motoring with Mohammed: Journeys to Yemen and the Red Sea,Eric Hansen,"{""Format:"": ""Paperback"", ""Language:"": ""English"", ""ISBN:"": ""067973855X"", ""ISBN13:"": ""9780679738558"", ""Release Date:"": ""February 1992"", ""Publisher:"": ""Knopf Doubleday Publishing Group"", ""Length:"": ""272 Pages"", ""Weight:"": ""0.55 lbs."", ""Dimensions:"": ""0.6\"" x 5.2\"" x 7.9\""""}",https://i.thriftbooks.com/api/imagehandler/m/9A1C4B286C7FE74162916FBCBCE9F59B101682D3.jpeg
In Xanadu,William Dalrymple,"{""Format:"": ""Paperback"", ""Language:"": ""English"", ""ISBN:"": ""0679728538"", ""ISBN13:"": ""9780679728535"", ""Release Date:"": ""July 1990"", ""Publisher:"": ""Vintage Books USA"", ""Length:"": ""314 Pages"", ""Weight:"": ""0.63 lbs."", ""Dimensions:"": ""0.7\"" x 5.2\"" x 8.0\""""}",https://m.media-amazon.com/images/I/51-AmypCwmL._SL350_.jpg
Area of Darkness,V.S. Naipaul,"{""Format:"": ""Paperback"", ""Language:"": ""English"", ""ISBN:"": ""0394746732"", ""ISBN13:"": ""9780394746739"", ""Release Date:"": ""March 1981"", ""Publisher:"": ""Vintage Books USA"", ""Length:"": ""281 Pages"", ""Weight:"": ""0.75 lbs.""}",https://m.media-amazon.com/images/I/41gTviFwZVL._SL350_.jpg
The Lost Explorer: Finding Mallory on Mount Everest,Conrad Anker,"{""Format:"": ""Hardcover"", ""Language:"": ""English"", ""ISBN:"": ""0684871513"", ""ISBN13:"": ""9780684871516"", ""Release Date:"": ""November 1999"", ""Publisher:"": ""Simon & Schuster"", ""Length:"": ""192 Pages"", ""Weight:"": ""0.90 lbs."", ""Dimensions:"": ""0.8\"" x 5.9\"" x 8.8\""""}",https://i.thriftbooks.com/api/imagehandler/m/3135A5150C0709AE7EB8E89FC70C6207E4890CCC.jpeg
Ghosts of Everest: The Search for Mallory & Irvine,Eric R. Simonson,"{""Format:"": ""Hardcover"", ""Language:"": ""English"", ""ISBN:"": ""0898866995"", ""ISBN13:"": ""9780898866995"", ""Release Date:"": ""January 1999"", ""Publisher:"": ""Mountaineers Books"", ""Length:"": ""205 Pages"", ""Weight:"": ""2.40 lbs."", ""Dimensions:"": ""0.9\"" x 8.8\"" x 9.8\""""}",https://i.thriftbooks.com/api/imagehandler/m/57FD770288273702927E973A044B479EEA052A7A.jpeg
Trespassers on the Roof of the World: The Secret Exploration of Tibet,Peter Hopkirk,"{""Format:"": ""Paperback"", ""Language:"": ""English"", ""ISBN:"": ""1568360509"", ""ISBN13:"": ""9781568360508"", ""Release Date:"": ""April 1995"", ""Publisher:"": ""Kodansha"", ""Length:"": ""288 Pages"", ""Weight:"": ""0.85 lbs."", ""Dimensions:"": ""0.8\"" x 5.7\"" x 8.4\""""}",https://i.thriftbooks.com/api/imagehandler/m/E9751B7F6A686C1BF392A99D51B39FC3FD2EBFD5.jpeg
Lonely Planet Southeast Asia on a Shoestring,Greg Bloom,"{""Format:"": ""Paperback"", ""Language:"": ""English"", ""ISBN:"": ""1786571196"", ""ISBN13:"": ""9781786571199"", ""Release Date:"": ""October 2016"", ""Publisher:"": ""Lonely Planet"", ""Length:"": ""976 Pages"", ""Weight:"": ""1.70 lbs."", ""Dimensions:"": ""1.5\"" x 5.1\"" x 7.7\""""}",https://i.thriftbooks.com/api/imagehandler/m/7995A37E9ED31015AC481FDED555A1870283E763.jpeg
