Book Name,Authors,Info,Image URL
Goode's World Atlas,Howard Veregin,"{""Format:"": ""Paperback"", ""Language:"": ""English"", ""ISBN:"": ""0136128246"", ""ISBN13:"": ""9780136128243"", ""Release Date:"": ""January 2006"", ""Publisher:"": ""Prentice Hall"", ""Length:"": ""371 Pages"", ""Weight:"": ""2.45 lbs."", ""Dimensions:"": ""0.8\"" x 8.9\"" x 10.8\""""}",https://i.thriftbooks.com/api/imagehandler/m/27912616F59A2666021079D0BB8D08AE98C7DA44.jpeg
A Brief Atlas of the Human Body,Elaine N. Marieb,"{""Format:"": ""Hardcover"", ""Language:"": ""English"", ""ISBN:"": ""0805353364"", ""ISBN13:"": ""9780805353365"", ""Release Date:"": ""January 2003"", ""Publisher:"": ""Benjamin-Cummings Publishing Company"", ""Length:"": ""97 Pages"", ""Weight:"": ""0.75 lbs."", ""Dimensions:"": ""0.3\"" x 8.3\"" x 10.6\""""}",https://i.thriftbooks.com/api/imagehandler/m/4191EF7F1FCC6ACA406B35133A359A7161702B83.jpeg
"National Geographic Student World Atlas, Fourth Edition: Your Fact-Filled Reference for School and Home!",National Geographic Society,"{""Format:"": ""Paperback"", ""Language:"": ""English"", ""ISBN:"": ""1426317751"", ""ISBN13:"": ""9781426317750"", ""Release Date:"": ""July 2014"", ""Publisher:"": ""National Geographic Kids"", ""Length:"": ""144 Pages"", ""Weight:"": ""1.25 lbs."", ""Dimensions:"": ""0.5\"" x 8.5\"" x 10.9\"""", ""Age Range:"": ""12 to 18 years"", ""Grade Range:"": ""Grade 7 to Postsecondary""}",https://i.thriftbooks.com/api/imagehandler/m/1AAF4581E51EAB4C47A0615966AB8468CD10BFA1.jpeg
Atlas of World Geography,Rand McNally & Company,"{""Format:"": ""Paperback"", ""Language:"": ""English"", ""ISBN:"": ""0131858521"", ""Release Date:"": ""January 2004"", ""Publisher:"": ""Ingram,2011"", ""Length:"": ""176 Pages"", ""Weight:"": ""0.70 lbs."", ""Dimensions:"": ""10.9\"" x 0.4\"" x 8.5\""""}",https://m.media-amazon.com/images/I/51yjq3FenkL._SL350_.jpg
Atlas of the World,Keith Lye,"{""Format:"": ""Hardcover"", ""Language:"": ""English"", ""ISBN:"": ""1405499222"", ""ISBN13:"": ""9781405499224"", ""Release Date:"": ""January 2007"", ""Publisher:"": ""Parragon Inc"", ""Length:"": ""256 Pages"", ""Weight:"": ""2.33 lbs."", ""Dimensions:"": ""11.0\"" x 0.8\"" x 9.0\""""}",https://m.media-amazon.com/images/I/21i-FW3WlqL._SL350_.jpg
National Geographic United States Atlas for Young Explorers: Updated Edition,National Geographic Society,"{""Format:"": ""Hardcover"", ""Language:"": ""English"", ""ISBN:"": ""0792268407"", ""ISBN13:"": ""9780792268406"", ""Release Date:"": ""August 2004"", ""Publisher:"": ""National Geographic Society"", ""Length:"": ""176 Pages"", ""Weight:"": ""3.10 lbs."", ""Dimensions:"": ""0.7\"" x 10.5\"" x 13.8\"""", ""Age Range:"": ""8 to 12 years"", ""Grade Range:"": ""Grades 3 to 7""}",https://i.thriftbooks.com/api/imagehandler/m/FF12658384FF019282D920C50509F010823DE743.jpeg
Maps and Mapping,Barbara Taylor,"{""Format:"": ""Paperback"", ""Language:"": ""English"", ""ISBN:"": ""1856979369"", ""ISBN13:"": ""9781856979368"", ""Release Date:"": ""November 1995"", ""Publisher:"": ""Kingfisher"", ""Length:"": ""32 Pages"", ""Weight:"": ""0.43 lbs."", ""Dimensions:"": ""0.2\"" x 8.5\"" x 9.5\"""", ""Age Range:"": ""4 to 8 years"", ""Grade Range:"": ""Preschool to Grade 3""}",https://i.thriftbooks.com/api/imagehandler/m/760073A936D76AAEF79DF9D9F5E68554AFB7AF33.jpeg
Nelson's Complete Book of Bible Maps and Charts,Thomas Nelson Publishers,"{"""": """"}",https://i.thriftbooks.com/api/imagehandler/m/2281EA38008FC1A5028155A1944ACBD28E90CADB.jpeg
Essential World Atlas,Oxford University Press,"{""Format:"": ""Paperback"", ""Language:"": ""English"", ""ISBN:"": ""019521790X"", ""ISBN13:"": ""9780195217902"", ""Release Date:"": ""November 2001"", ""Publisher:"": ""Oxford University Press, USA"", ""Length:"": ""232 Pages"", ""Weight:"": ""2.25 lbs."", ""Dimensions:"": ""0.9\"" x 11.8\"" x 8.7\""""}",https://i.thriftbooks.com/api/imagehandler/m/7D37AAA5200CF162FD7F168477EC4F1CC3B5A0AB.jpeg
Atlas of the North American Indian,Carl Waldman,"{""Format:"": ""Hardcover"", ""Language:"": ""English"", ""ISBN:"": ""0871968509"", ""ISBN13:"": ""9780871968500"", ""Release Date:"": ""January 1995"", ""Publisher:"": ""Facts on File"", ""Length:"": ""276 Pages"", ""Weight:"": ""2.35 lbs."", ""Dimensions:"": ""0.8\"" x 8.8\"" x 11.3\""""}",https://i.thriftbooks.com/api/imagehandler/m/CC94016F51D861D60B3C1C0683C515DAE438F570.jpeg
The World Atlas of Wine,Hugh Johnson,"{""Format:"": ""Hardcover"", ""Language:"": ""English"", ""ISBN:"": ""1845336895"", ""ISBN13:"": ""9781845336899"", ""Release Date:"": ""October 2013"", ""Publisher:"": ""Mitchell Beazley"", ""Length:"": ""400 Pages"", ""Weight:"": ""4.95 lbs."", ""Dimensions:"": ""1.5\"" x 9.4\"" x 11.5\""""}",https://i.thriftbooks.com/api/imagehandler/m/F119B55C7D52565B0A17A4510699E485A15A089F.jpeg
Maps & Globes,Jack Knowlton,"{""Format:"": ""Hardcover"", ""Language:"": ""English"", ""ISBN:"": ""0690044577"", ""ISBN13:"": ""9780690044577"", ""Release Date:"": ""January 1985"", ""Publisher:"": ""Crowell"", ""Length:"": ""42 Pages"", ""Weight:"": ""0.95 lbs."", ""Dimensions:"": ""0.4\"" x 8.4\"" x 9.8\"""", ""Age Range:"": ""9 to 12 years"", ""Grade Range:"": ""Grades 4 to 7""}",https://i.thriftbooks.com/api/imagehandler/m/4CADDF2CF9E835248884E43FABBEF8E7447198C0.jpeg
"National Geographic Kids Beginner's World Atlas, 3rd Edition",National Geographic Kids,"{""Format:"": ""Hardcover"", ""Language:"": ""English"", ""ISBN:"": ""1426308388"", ""ISBN13:"": ""9781426308383"", ""Release Date:"": ""January 2011"", ""Publisher:"": ""National Geographic Society"", ""Length:"": ""63 Pages"", ""Weight:"": ""1.83 lbs."", ""Dimensions:"": ""0.5\"" x 10.5\"" x 13.5\"""", ""Age Range:"": ""5 to 9 years"", ""Grade Range:"": ""Preschool to Grade 4""}",https://i.thriftbooks.com/api/imagehandler/m/E2B87747DA70D4AECEDBF0F9DA0C777130AE8BE9.jpeg
White Stallion of Lipizza,Marguerite Henry,"{""Format:"": ""Paperback"", ""Language:"": ""English"", ""ISBN:"": ""188784029X"", ""ISBN13:"": ""9781887840293"", ""Release Date:"": ""January 1992"", ""Publisher:"": ""Sonlight"", ""Length:"": ""112 Pages"", ""Weight:"": ""0.77 lbs.""}",https://m.media-amazon.com/images/I/51n3V0vPNaL._SL350_.jpg
Almanac of World History,Patricia S. Daniels,"{""Format:"": ""Hardcover"", ""Language:"": ""English"", ""ISBN:"": ""0792250923"", ""ISBN13:"": ""9780792250920"", ""Release Date:"": ""November 2003"", ""Publisher:"": ""National Geographic Society"", ""Length:"": ""384 Pages"", ""Weight:"": ""2.72 lbs."", ""Dimensions:"": ""1.3\"" x 7.6\"" x 9.5\""""}",https://i.thriftbooks.com/api/imagehandler/m/14752AE422BAF6C086AC5911430F0F427A95D21F.jpeg
A Sea of Words: A Lexicon and Companion for Patrick O'Brian's Seafaring Tales,John B. Hattendorf,"{""Format:"": ""Paperback"", ""Language:"": ""English"", ""ISBN:"": ""0805051163"", ""ISBN13:"": ""9780805051162"", ""Release Date:"": ""January 1997"", ""Publisher:"": ""Owl Books (NY)"", ""Length:"": ""1 Pages"", ""Weight:"": ""1.30 lbs."", ""Dimensions:"": ""1.3\"" x 5.5\"" x 8.2\""""}",https://i.thriftbooks.com/api/imagehandler/m/41AE9AC505E47E974BAEBB2AD2144CC1B012E9D6.jpeg
The Historical Atlas of New York City: A Visual Celebration of Nearly 400 Years of New York City's History,Eric Homberger,"{""Format:"": ""Paperback"", ""Language:"": ""English"", ""ISBN:"": ""0805060049"", ""ISBN13:"": ""9780805060041"", ""Release Date:"": ""May 1998"", ""Publisher:"": ""Holt McDougal"", ""Length:"": ""192 Pages"", ""Weight:"": ""1.60 lbs."", ""Dimensions:"": ""0.5\"" x 8.4\"" x 10.9\""""}",https://i.thriftbooks.com/api/imagehandler/m/217DFBB796BED31856D7D067838FCB01113FF0B2.jpeg
Historical Atlas of the World,Rand McNally & Company,"{""Format:"": ""Paperback"", ""Language:"": ""English"", ""ISBN:"": ""0528839691"", ""ISBN13:"": ""9780528839696"", ""Release Date:"": ""January 1994"", ""Publisher:"": ""Rand McNally"", ""Length:"": ""112 Pages"", ""Weight:"": ""0.48 lbs."", ""Dimensions:"": ""0.3\"" x 8.0\"" x 10.0\""""}",https://i.thriftbooks.com/api/imagehandler/m/EFBA0CE79E14A914E76D6028241DE9ECE94E0643.jpeg
The Historical Atlas of Native Americans: 150 Maps Chronicle the Fascinating and Tragic Story of North America's Indigenous Peoples,Ian Barnes,"{""Format:"": ""Paperback"", ""Language:"": ""English"", ""ISBN:"": ""078582748X"", ""ISBN13:"": ""9780785827481"", ""Release Date:"": ""January 2011"", ""Publisher:"": ""Chartwell Books"", ""Length:"": ""400 Pages"", ""Weight:"": ""2.70 lbs."", ""Dimensions:"": ""1.0\"" x 7.4\"" x 10.2\""""}",https://i.thriftbooks.com/api/imagehandler/m/AFDAC7ED14DB23D0D23C174176913B523707B257.jpeg
Oxford Bible Atlas,Herbert Gordon May,"{""Format:"": ""Paperback"", ""Language:"": ""English"", ""ISBN:"": ""019211557X"", ""Release Date:"": ""January 1981"", ""Publisher:"": ""Oxford University Press"", ""Length:"": ""144 Pages"", ""Weight:"": ""0.85 lbs.""}",https://m.media-amazon.com/images/I/616bsWuY49L._SL350_.jpg
Illustrated Atlas of the Civil War,Time-Life Books,"{""Format:"": ""Hardcover"", ""Language:"": ""English"", ""ISBN:"": ""0809488582"", ""ISBN13:"": ""9780809488582"", ""Release Date:"": ""January 1991"", ""Publisher:"": ""Time Life Medical"", ""Length:"": ""320 Pages"", ""Weight:"": ""2.90 lbs."", ""Dimensions:"": ""0.9\"" x 9.3\"" x 11.1\"""", ""Age Range:"": ""16 years and up"", ""Grade Range:"": ""Grade 11 and higher""}",https://i.thriftbooks.com/api/imagehandler/m/7C9BA9C6444D0EBAE4642D33888ECE559E2B9948.jpeg
The Penguin Atlas of World History: Volume 2: From the French Revolution to the Present,Werner Hilgemann,"{""Format:"": ""Paperback"", ""Language:"": ""English"", ""ISBN:"": ""0141012625"", ""Release Date:"": ""May 2004"", ""Publisher:"": ""Penguin Books"", ""Length:"": ""368 Pages"", ""Weight:"": ""0.75 lbs."", ""Dimensions:"": ""7.0\"" x 0.8\"" x 4.5\""""}",https://m.media-amazon.com/images/I/51G3Bb+jqIL._SL350_.jpg
Maps of the Ancient Sea Kings: Evidence of Advanced Civilization in the Ice Age,Charles H. Hapgood,"{""Format:"": ""Paperback"", ""Language:"": ""English"", ""ISBN:"": ""0932813429"", ""ISBN13:"": ""9780932813428"", ""Release Date:"": ""January 1997"", ""Publisher:"": ""Adventures Unlimited Press"", ""Length:"": ""316 Pages"", ""Weight:"": ""1.85 lbs."", ""Dimensions:"": ""0.8\"" x 8.1\"" x 10.0\""""}",https://i.thriftbooks.com/api/imagehandler/m/514BAEA824FD850AE523BA4A2734AFEFC3A3BDA2.jpeg
Atlas of African American History,James D. Ciment,"{""Format:"": ""Paperback"", ""Language:"": ""English"", ""ISBN:"": ""0681289422"", ""ISBN13:"": ""9780681289420"", ""Release Date:"": ""January 2001"", ""Publisher:"": ""Checkmark"", ""Length:"": ""214 Pages"", ""Weight:"": ""2.10 lbs.""}",https://m.media-amazon.com/images/I/213J95dspNL._SL350_.jpg
Edible Wild Plants and Herbs: A Pocket Guide,Alan M. Cvancara,"{"""": """"}",https://i.thriftbooks.com/api/imagehandler/m/2F05B1202181B00DB48B628A48BB484A19647378.jpeg
Historical Atlas of the Islamic World,David Nicolle,"{""Format:"": ""Hardcover"", ""Language:"": ""English"", ""ISBN:"": ""0816053324"", ""ISBN13:"": ""9780816053322"", ""Release Date:"": ""January 2003"", ""Publisher:"": ""Checkmark Books"", ""Length:"": ""189 Pages"", ""Weight:"": ""2.45 lbs."", ""Dimensions:"": ""0.8\"" x 9.1\"" x 12.2\""""}",https://i.thriftbooks.com/api/imagehandler/m/C3EDCA42EC7D5278374B334C5398940536BA04CD.jpeg
The Best Poor Man's Country: A Geographical Study of Early Southeastern Pennsylvania,James T. Lemon,"{""Format:"": ""Paperback"", ""Language:"": ""English"", ""ISBN:"": ""0393008045"", ""ISBN13:"": ""9780393008043"", ""Release Date:"": ""February 1976"", ""Publisher:"": ""W. W. Norton & Company"", ""Length:"": ""324 Pages"", ""Weight:"": ""0.55 lbs."", ""Dimensions:"": ""0.7\"" x 5.0\"" x 8.0\""""}",https://i.thriftbooks.com/api/imagehandler/m/FB6E5B404A1857A1C42F5E3E7A7E50F33D00F039.jpeg
"Making Maps, Second Edition: A Visual Guide to Map Design for GIS",Denis Wood,"{""Format:"": ""Paperback"", ""Language:"": ""English"", ""ISBN:"": ""1609181662"", ""ISBN13:"": ""9781609181666"", ""Release Date:"": ""March 2011"", ""Publisher:"": ""Guilford Publications"", ""Length:"": ""256 Pages"", ""Weight:"": ""1.75 lbs."", ""Dimensions:"": ""0.7\"" x 7.0\"" x 9.9\""""}",https://i.thriftbooks.com/api/imagehandler/m/1D955B2E6AC7A0E05B6B0C45F935F4FA114B18F1.jpeg
Indian Country: America's Sacred Land,Tony Hillerman,"{""Format:"": ""Paperback"", ""Language:"": ""English"", ""ISBN:"": ""0873584325"", ""ISBN13:"": ""9780873584326"", ""Release Date:"": ""January 1"", ""Publisher:"": ""Northland Publishing"", ""Length:"": ""173 Pages"", ""Weight:"": ""1.30 lbs."", ""Dimensions:"": ""0.6\"" x 8.8\"" x 10.5\""""}",https://i.thriftbooks.com/api/imagehandler/m/C2FA6064E4CBFD8921C038B8230F31438DDF789E.jpeg
Atlas of Magical Britain,Janet Bord,"{""Format:"": ""Hardcover"", ""Language:"": ""English"", ""ISBN:"": ""1555219454"", ""ISBN13:"": ""9781555219451"", ""Release Date:"": ""January 1993"", ""Publisher:"": ""Booksales"", ""Weight:"": ""0.28 lbs.""}",https://image-plz.thriftbooks.com/m/FB6ACFEB213F47558A7B0037FF9F87EC.png
The Great ARC: The Dramatic Tale of How India Was Mapped and Everest Was Named,John Keay,"{""Format:"": ""Hardcover"", ""Language:"": ""English"", ""ISBN:"": ""0060195185"", ""ISBN13:"": ""9780060195182"", ""Release Date:"": ""September 2000"", ""Publisher:"": ""HarperCollins Publishers"", ""Length:"": ""208 Pages"", ""Weight:"": ""0.98 lbs."", ""Dimensions:"": ""0.9\"" x 5.8\"" x 8.6\""""}",https://i.thriftbooks.com/api/imagehandler/m/5267EDFF1FB5D33CAE2AE3E8FB6B6E8EA5F9CE38.jpeg
The Penguin State of the World Atlas: Eighth Edition,Dan Smith,"{""Format:"": ""Paperback"", ""Language:"": ""English"", ""ISBN:"": ""0143114522"", ""ISBN13:"": ""9780143114529"", ""Release Date:"": ""November 2008"", ""Publisher:"": ""Penguin Group"", ""Length:"": ""144 Pages"", ""Weight:"": ""0.95 lbs."", ""Dimensions:"": ""0.4\"" x 7.4\"" x 9.6\"""", ""Age Range:"": ""18 years and up"", ""Grade Range:"": ""Postsecondary and higher""}",https://i.thriftbooks.com/api/imagehandler/m/345E688072649C480C4C38782030B9BA723F4BF9.jpeg
Harbors and High Seas: An Atlas and Geographical Guide to the Aubrey-Maturin Novels of Patrick O'Brian,John B. Hattendorf,"{""Format:"": ""Paperback"", ""Language:"": ""English"", ""ISBN:"": ""0805059482"", ""ISBN13:"": ""9780805059489"", ""Release Date:"": ""January 1999"", ""Publisher:"": ""Little Brown and Company"", ""Length:"": ""246 Pages"", ""Weight:"": ""1.25 lbs."", ""Dimensions:"": ""0.7\"" x 7.4\"" x 9.2\""""}",https://i.thriftbooks.com/api/imagehandler/m/E2D0AA5C40FC0C5808571F5A104E98FBA46A686E.jpeg
"Mediating History: The Map Guide to Independent Video by and about African Americans, Asian Americans, Latino, and Native American People",Catherine Egan,"{"""": """"}",https://i.thriftbooks.com/api/imagehandler/m/EA5DAB92161A772CAF89AE7E5869709CBD07E552.jpeg
"Wild Rivers, Wild Lands",Ken Madsen,"{"""": """"}",https://i.thriftbooks.com/api/imagehandler/m/620823308E7AD2A5F0E903328A149B72A9EDD07A.jpeg
The Harvest of Sorrow: Soviet Collectivization and the Terror-Famine,Robert Conquest,"{""Format:"": ""Hardcover"", ""Language:"": ""English"", ""ISBN:"": ""0195040546"", ""ISBN13:"": ""9780195040548"", ""Release Date:"": ""October 1986"", ""Publisher:"": ""Oxford University Press, USA"", ""Length:"": ""424 Pages"", ""Weight:"": ""1.35 lbs."", ""Dimensions:"": ""1.1\"" x 5.8\"" x 8.6\""""}",https://i.thriftbooks.com/api/imagehandler/m/55B21FEE6A558FDDAB558161A8D122E4756D5DAD.jpeg
The Atlas of Climate Change: Mapping the World's Greatest Challenge,Kirstin Dow,"{""Format:"": ""Paperback"", ""Language:"": ""English"", ""ISBN:"": ""0520268237"", ""ISBN13:"": ""9780520268234"", ""Release Date:"": ""November 2011"", ""Publisher:"": ""University of California Press"", ""Length:"": ""128 Pages"", ""Weight:"": ""0.85 lbs."", ""Dimensions:"": ""0.4\"" x 7.5\"" x 9.6\""""}",https://i.thriftbooks.com/api/imagehandler/m/F5AF412C06C33AD6C8CC5294CC965E73C2683320.jpeg
Atlas of Global Development,World Bank Group,"{""Format:"": ""Paperback"", ""Language:"": ""English"", ""ISBN:"": ""0821385836"", ""ISBN13:"": ""9780821385838"", ""Release Date:"": ""April 2011"", ""Publisher:"": ""World Bank Publications"", ""Length:"": ""144 Pages"", ""Weight:"": ""0.90 lbs."", ""Dimensions:"": ""0.3\"" x 7.5\"" x 9.8\""""}",https://i.thriftbooks.com/api/imagehandler/m/3518312524327A74F34679D87C62D1698F0B38E0.jpeg
Columbia Journals,David Thompson,"{""Format:"": ""Hardcover"", ""Language:"": ""English"", ""ISBN:"": ""0773533257"", ""ISBN13:"": ""9780773533257"", ""Release Date:"": ""October 2007"", ""Publisher:"": ""McGill-Queen's University Press"", ""Length:"": ""336 Pages"", ""Weight:"": ""0.92 lbs."", ""Age Range:"": ""22 years and up"", ""Grade Range:"": ""Postsecondary and higher""}",https://i.thriftbooks.com/api/imagehandler/m/90418418BB070DDDB5E487499C64FA1872914C85.jpeg
New Concise World Atlas,Oxford University Press,"{""Format:"": ""Hardcover"", ""Language:"": ""English"", ""ISBN:"": ""019521983X"", ""ISBN13:"": ""9780195219838"", ""Release Date:"": ""September 2003"", ""Publisher:"": ""Oxford University Press, USA"", ""Length:"": ""224 Pages"", ""Weight:"": ""4.75 lbs."", ""Dimensions:"": ""1.1\"" x 13.5\"" x 10.1\""""}",https://i.thriftbooks.com/api/imagehandler/m/658868AB3D31D68804A0F0AEA1F7448D35714036.jpeg
Baker's Bible Atlas,Charles F. Pfeiffer,"{""Format:"": ""Hardcover"", ""Language:"": ""English"", ""ISBN:"": ""0801069300"", ""ISBN13:"": ""9780801069307"", ""Release Date:"": ""January 1979"", ""Publisher:"": ""Baker Books"", ""Length:"": ""352 Pages"", ""Weight:"": ""2.15 lbs."", ""Dimensions:"": ""1.3\"" x 6.6\"" x 9.7\"""", ""Age Range:"": ""18 years and up"", ""Grade Range:"": ""Postsecondary and higher""}",https://i.thriftbooks.com/api/imagehandler/m/3A0AB2E5013BCF35B3A417825014467A939FFBC7.jpeg
The Penguin Historical Atlas of Ancient Rome,Christopher Scarre,"{""Format:"": ""Paperback"", ""Language:"": ""English"", ""ISBN:"": ""0140513299"", ""ISBN13:"": ""9780140513295"", ""Release Date:"": ""September 1995"", ""Publisher:"": ""Penguin Books"", ""Length:"": ""144 Pages"", ""Weight:"": ""0.85 lbs."", ""Dimensions:"": ""0.4\"" x 7.0\"" x 9.7\"""", ""Age Range:"": ""18 years and up"", ""Grade Range:"": ""Postsecondary and higher""}",https://i.thriftbooks.com/api/imagehandler/m/470478CFBB1F90A63D0467F3459144E530CFAD63.jpeg
The Historical Atlas of the Bible,Ian Barnes,"{""Format:"": ""Hardcover"", ""Language:"": ""English"", ""ISBN:"": ""0785821570"", ""ISBN13:"": ""9780785821571"", ""Release Date:"": ""January 2009"", ""Publisher:"": ""Booksales"", ""Length:"": ""399 Pages"", ""Weight:"": ""6.30 lbs."", ""Dimensions:"": ""1.5\"" x 10.1\"" x 13.3\""""}",https://i.thriftbooks.com/api/imagehandler/m/249A9F551671737F4444EB6AA049DECD3685BF31.jpeg
The Moody Atlas of Bible Lands,Barry J. Beitzel,"{"""": """"}",https://i.thriftbooks.com/api/imagehandler/m/5E1B097702705807B462C85F52056806CAA2AAFA.jpeg
Compact Atlas of the World,D.K. Publishing,"{""Format:"": ""Paperback"", ""Language:"": ""English"", ""ISBN:"": ""0756689848"", ""Release Date:"": ""January 2012"", ""Publisher:"": ""DK"", ""Length:"": ""192 Pages"", ""Weight:"": ""1.35 lbs."", ""Dimensions:"": ""10.9\"" x 0.5\"" x 8.5\""""}",https://m.media-amazon.com/images/I/51oQuNcbjZL._SL350_.jpg
Infinite City: A San Francisco Atlas,Rebecca Solnit,"{""Format:"": ""Paperback"", ""Language:"": ""English"", ""ISBN:"": ""0520262506"", ""ISBN13:"": ""9780520262508"", ""Release Date:"": ""November 2010"", ""Publisher:"": ""University of California Press"", ""Length:"": ""168 Pages"", ""Weight:"": ""0.80 lbs."", ""Dimensions:"": ""0.6\"" x 7.1\"" x 11.9\""""}",https://i.thriftbooks.com/api/imagehandler/m/BEA3F4510C8118DA9A2606EBE6ED86885D5A99C4.jpeg
The Atlas of the Civil War,James M. McPherson,"{""Format:"": ""Hardcover"", ""Language:"": ""English"", ""ISBN:"": ""0025790501"", ""ISBN13:"": ""9780025790506"", ""Release Date:"": ""January 1994"", ""Publisher:"": ""MacMillan Publishing Company"", ""Length:"": ""223 Pages"", ""Weight:"": ""2.70 lbs."", ""Dimensions:"": ""1.0\"" x 9.5\"" x 12.3\""""}",https://m.media-amazon.com/images/I/11CY6RWB3RL._SL350_.jpg
Atlas of the Bible Lands,Harry Thomas Frank,"{""Format:"": ""Hardcover"", ""Language:"": ""English"", ""ISBN:"": ""0843770562"", ""ISBN13:"": ""9780843770568"", ""Release Date:"": ""May 1984"", ""Publisher:"": ""Hammond World Atlas Corporation"", ""Length:"": ""48 Pages"", ""Weight:"": ""1.10 lbs."", ""Dimensions:"": ""0.4\"" x 9.5\"" x 12.5\""""}",https://i.thriftbooks.com/api/imagehandler/m/31E79E1487F53BEE46395AD0252FF6525BD3A1A3.jpeg
National Geographic Atlas of World History (Direct Mail Edition),Noel Grove,"{""Format:"": ""Hardcover"", ""Language:"": ""English"", ""ISBN:"": ""0792270487"", ""ISBN13:"": ""9780792270485"", ""Release Date:"": ""August 1998"", ""Publisher:"": ""National Geographic Society"", ""Length:"": ""400 Pages"", ""Weight:"": ""3.70 lbs."", ""Dimensions:"": ""1.0\"" x 11.3\"" x 10.0\""""}",https://i.thriftbooks.com/api/imagehandler/m/4489304B2FC595711D1DDF49BB639139C4699D71.jpeg
The Penguin Historical Atlas of Ancient Egypt,Bill Manley,"{""Format:"": ""Paperback"", ""Language:"": ""English"", ""ISBN:"": ""0140513310"", ""ISBN13:"": ""9780140513318"", ""Release Date:"": ""January 1997"", ""Publisher:"": ""Penguin Books"", ""Length:"": ""144 Pages"", ""Weight:"": ""0.90 lbs."", ""Dimensions:"": ""0.4\"" x 7.1\"" x 9.7\"""", ""Age Range:"": ""18 years and up"", ""Grade Range:"": ""Postsecondary and higher""}",https://i.thriftbooks.com/api/imagehandler/m/3D4776481C5DEB5A7933E2764A6F0C688807648E.jpeg
"Atlas of Ancient History, the Penguin",Colin McEvedy,"{""Format:"": ""Paperback"", ""Language:"": ""English"", ""ISBN:"": ""0140511512"", ""ISBN13:"": ""9780140511512"", ""Release Date:"": ""January 1967"", ""Publisher:"": ""Penguin Group"", ""Length:"": ""96 Pages"", ""Weight:"": ""0.45 lbs."", ""Dimensions:"": ""0.3\"" x 7.1\"" x 8.7\"""", ""Age Range:"": ""14 years and up"", ""Grade Range:"": ""Grade 9 and higher""}",https://i.thriftbooks.com/api/imagehandler/m/92C106A9721446ED370247A90BB53D87734F35B5.jpeg
Atlas of Shipwrecks & Treasure,Nigel Pickford,"{""Format:"": ""Hardcover"", ""Language:"": ""English"", ""ISBN:"": ""1564585999"", ""ISBN13:"": ""9781564585998"", ""Release Date:"": ""January 1994"", ""Publisher:"": ""DK Publishing (Dorling Kindersley)"", ""Length:"": ""200 Pages"", ""Weight:"": ""0.15 lbs."", ""Dimensions:"": ""0.9\"" x 10.4\"" x 12.4\""""}",https://i.thriftbooks.com/api/imagehandler/m/FD7A39C7417F70BB9C52CE161B3714C96B0AB98E.jpeg
The Penguin Historical Atlas of the Vikings (Hist Atlas),John Haywood,"{""Format:"": ""Paperback"", ""Language:"": ""English"", ""ISBN:"": ""0140513280"", ""Release Date:"": ""September 1995"", ""Publisher:"": ""Penguin Books"", ""Length:"": ""144 Pages"", ""Weight:"": ""0.75 lbs."", ""Dimensions:"": ""9.7\"" x 0.3\"" x 7.1\""""}",https://m.media-amazon.com/images/I/51cRnFcFLaL._SL350_.jpg
The New Penguin Atlas of Medieval History: Revised Edition (Hist Atlas),Colin McEvedy,"{""Format:"": ""Paperback"", ""Language:"": ""English"", ""ISBN:"": ""0140512497"", ""Release Date:"": ""November 1992"", ""Publisher:"": ""Penguin Books"", ""Length:"": ""112 Pages"", ""Weight:"": ""0.55 lbs."", ""Dimensions:"": ""0.3\"" x 7.1\"" x 8.9\""""}",https://m.media-amazon.com/images/I/51+XvuLEhvL._SL350_.jpg
The Penguin Historical Atlas of Ancient Greece,Robert Morkot,"{""Format:"": ""Paperback"", ""Language:"": ""English"", ""ISBN:"": ""0140513353"", ""ISBN13:"": ""9780140513356"", ""Release Date:"": ""January 1997"", ""Publisher:"": ""Penguin Books"", ""Length:"": ""144 Pages"", ""Weight:"": ""0.99 lbs."", ""Dimensions:"": ""0.5\"" x 7.2\"" x 9.7\"""", ""Age Range:"": ""18 years and up"", ""Grade Range:"": ""Postsecondary and higher""}",https://i.thriftbooks.com/api/imagehandler/m/71A75F867EAE68E1951A53BB1DB9A49473CFD7F4.jpeg
The MacMillan Bible Atlas,Yohanan Aharoni,"{""Format:"": ""Hardcover"", ""Language:"": ""English"", ""ISBN:"": ""0025005901"", ""ISBN13:"": ""9780025005907"", ""Release Date:"": ""November 1977"", ""Publisher:"": ""MacMillan Publishing Company"", ""Length:"": ""184 Pages"", ""Weight:"": ""2.35 lbs.""}",https://m.media-amazon.com/images/I/5185Dv4jtKL._SL350_.jpg
Rand McNally World Atlas,Rand McNally,"{""Format:"": ""Hardcover"", ""Language:"": ""English"", ""ISBN:"": ""0528831453"", ""ISBN13:"": ""9780528831454"", ""Release Date:"": ""August 1984"", ""Publisher:"": ""Rand McNally"", ""Length:"": ""224 Pages"", ""Weight:"": ""1.15 lbs.""}",https://m.media-amazon.com/images/I/41neTxoM2vL._SL350_.jpg
Reader's Digest Wide World Atlas,Rand McNally,"{""Format:"": ""Hardcover"", ""Language:"": ""English"", ""ISBN:"": ""0895770628"", ""ISBN13:"": ""9780895770622"", ""Release Date:"": ""January 1979"", ""Publisher:"": ""Reader's Digest Association"", ""Length:"": ""240 Pages"", ""Weight:"": ""5.00 lbs.""}",https://m.media-amazon.com/images/I/51ehrpFZLcL._SL350_.jpg
The Atlas of World History,Jeremy Black,"{""Format:"": ""Hardcover"", ""Language:"": ""English"", ""ISBN:"": ""0756618614"", ""ISBN13:"": ""9780756618612"", ""Release Date:"": ""January 2005"", ""Publisher:"": ""Covent Garden Books / DK Publishing"", ""Length:"": ""352 Pages"", ""Weight:"": ""5.30 lbs.""}",https://m.media-amazon.com/images/I/51h4ijMetwL._SL350_.jpg
Ancient Egypt,John R. Baines,"{""Format:"": ""Hardcover"", ""Language:"": ""English"", ""ISBN:"": ""0867065508"", ""ISBN13:"": ""9780867065503"", ""Release Date:"": ""January 1991"", ""Publisher:"": ""Stonehenge Press (VA)"", ""Length:"": ""240 Pages"", ""Weight:"": ""3.25 lbs.""}",https://m.media-amazon.com/images/I/51DRJA49ixL._SL350_.jpg
Poland a Historical Atlas,Iwo Cyprian Pogonowski,"{""Format:"": ""Hardcover"", ""Language:"": ""English"", ""ISBN:"": ""0880293942"", ""ISBN13:"": ""9780880293945"", ""Release Date:"": ""January 1993"", ""Publisher:"": ""Dorset Pr"", ""Length:"": ""322 Pages"", ""Weight:"": ""2.15 lbs.""}",https://m.media-amazon.com/images/I/51glQko5CTL._SL350_.jpg
Place Names of Hawaii: Revised and Expanded Edition,Mary Kawena Pukui,"{""Format:"": ""Paperback"", ""Language:"": ""English"", ""ISBN:"": ""0824805240"", ""ISBN13:"": ""9780824805241"", ""Release Date:"": ""December 1976"", ""Publisher:"": ""University of Hawaii Press"", ""Length:"": ""320 Pages"", ""Weight:"": ""0.70 lbs."", ""Dimensions:"": ""0.8\"" x 6.0\"" x 9.1\""""}",https://i.thriftbooks.com/api/imagehandler/m/42FE48D9155C3765F98299DF52D8E86F7EB3FB8D.jpeg
Complete Road Atlas of Canada,Reader's Digest Association,"{""Format:"": ""Hardcover"", ""Language:"": ""English"", ""ISBN:"": ""088850747X"", ""ISBN13:"": ""9780888507471"", ""Release Date:"": ""March 2003"", ""Publisher:"": ""Reader's Digest Association"", ""Length:"": ""464 Pages"", ""Weight:"": ""3.10 lbs."", ""Dimensions:"": ""1.4\"" x 8.3\"" x 10.0\""""}",https://i.thriftbooks.com/api/imagehandler/m/7D0CC21867084C0F49D313BDF72501B21A1EF547.jpeg
Knopf Mapguides Florence,Alfred A. Knopf Publishing Company,"{""Format:"": ""Paperback"", ""Language:"": ""English"", ""ISBN:"": ""0375710930"", ""ISBN13:"": ""9780375710933"", ""Release Date:"": ""January 2013"", ""Publisher:"": ""Alfred A. Knopf"", ""Length:"": ""48 Pages"", ""Weight:"": ""0.25 lbs."", ""Dimensions:"": ""0.4\"" x 4.8\"" x 6.5\""""}",https://i.thriftbooks.com/api/imagehandler/m/EE2E7308D6940C704FF87201FDC7963DA6650428.jpeg
Knopf Mapguides: New York: The City in Section-By-Section Maps,Alfred A. Knopf Publishing Company,"{""Format:"": ""Paperback"", ""Language:"": ""English"", ""ISBN:"": ""0307263894"", ""ISBN13:"": ""9780307263896"", ""Release Date:"": ""February 2020"", ""Publisher:"": ""Knopf Publishing Group"", ""Length:"": ""48 Pages"", ""Weight:"": ""0.40 lbs."", ""Dimensions:"": ""0.4\"" x 4.8\"" x 6.7\""""}",https://i.thriftbooks.com/api/imagehandler/m/C05C85E234ED0521FF3D70343C8C02213D016720.jpeg
Cultural Atlas of Russia and the Soviet Union,Robin R. Milner-Gulland,"{""Format:"": ""Hardcover"", ""Language:"": ""English"", ""ISBN:"": ""0816022070"", ""ISBN13:"": ""9780816022076"", ""Release Date:"": ""January 1977"", ""Publisher:"": ""Facts on File"", ""Length:"": ""240 Pages"", ""Weight:"": ""3.25 lbs."", ""Dimensions:"": ""1.0\"" x 9.7\"" x 12.2\""""}",https://m.media-amazon.com/images/I/41VkvnHlzsL._SL350_.jpg
London Street Atlas,Geographers' A-Z Map Company,"{""Format:"": ""Paperback"", ""Language:"": ""English"", ""ISBN:"": ""1843486024"", ""ISBN13:"": ""9781843486022"", ""Release Date:"": ""August 2010"", ""Publisher:"": ""Geographers' A-Z Map Company Ltd."", ""Length:"": ""448 Pages"", ""Weight:"": ""1.05 lbs.""}",https://i.thriftbooks.com/api/imagehandler/m/5DE642FC9DCDBFFD14D6D8DEBE0F0B93BC7322A4.jpeg
Hiking Trails of Nova Scotia 8,Michael Haynes,"{""Format:"": ""Paperback"", ""Language:"": ""English"", ""ISBN:"": ""0864922914"", ""ISBN13:"": ""9780864922915"", ""Release Date:"": ""July 2002"", ""Publisher:"": ""Goose Lane Editions"", ""Length:"": ""331 Pages"", ""Weight:"": ""0.55 lbs."", ""Dimensions:"": ""0.7\"" x 5.2\"" x 6.9\""""}",https://i.thriftbooks.com/api/imagehandler/m/CD17737AE4BB47C459966EE37AF45C44721ABEDD.jpeg
Scrambles in the Canadian Rockies,Alan Kane,"{""Format:"": ""Paperback"", ""Language:"": ""English"", ""ISBN:"": ""0921102674"", ""ISBN13:"": ""9780921102670"", ""Release Date:"": ""April 2006"", ""Publisher:"": ""Rocky Mountain Books Incorporated"", ""Length:"": ""336 Pages"", ""Weight:"": ""0.80 lbs."", ""Dimensions:"": ""0.8\"" x 5.0\"" x 6.9\""""}",https://i.thriftbooks.com/api/imagehandler/m/83C6EB6EEB83500161ECBA1325FF24AD0AD1EFC6.jpeg
Atlas of the Middle East (Deluxe Edition),National Geographic Society,"{""Format:"": ""Paperback"", ""Language:"": ""English"", ""ISBN:"": ""0792264606"", ""ISBN13:"": ""9780792264606"", ""Release Date:"": ""March 2003"", ""Publisher:"": ""National Geographic Society"", ""Length:"": ""96 Pages"", ""Weight:"": ""1.60 lbs.""}",https://image-plz.thriftbooks.com/m/B28C942AF33C401DB41E75F8D0C417BB.png
National Geographic Expeditions Atlas,National Geographic Society,"{""Format:"": ""Hardcover"", ""Language:"": ""English"", ""ISBN:"": ""0792276167"", ""ISBN13:"": ""9780792276166"", ""Release Date:"": ""June 2000"", ""Publisher:"": ""National Geographic Society"", ""Length:"": ""304 Pages"", ""Weight:"": ""3.70 lbs."", ""Dimensions:"": ""1.0\"" x 9.1\"" x 12.0\""""}",https://i.thriftbooks.com/api/imagehandler/m/CED013E327794FBD01E79A742629E79F59B270E4.jpeg
Historical Atlas of Exploration: 1492-1600,Angus Konstam,"{""Format:"": ""Hardcover"", ""Language:"": ""English"", ""ISBN:"": ""0816042489"", ""ISBN13:"": ""9780816042487"", ""Release Date:"": ""January 2000"", ""Publisher:"": ""Checkmark Books"", ""Length:"": ""192 Pages"", ""Weight:"": ""2.80 lbs."", ""Dimensions:"": ""0.8\"" x 9.2\"" x 12.1\""""}",https://i.thriftbooks.com/api/imagehandler/m/73A42B8E273A2EC919E3D8347CBC5FD62D5B8F13.jpeg
The Routledge Atlas of the Arab-Israeli Conflict,Martin Gilbert,"{""Format:"": ""Paperback"", ""Language:"": ""English"", ""ISBN:"": ""0415281172"", ""ISBN13:"": ""9780415281171"", ""Release Date:"": ""September 2002"", ""Publisher:"": ""Routledge"", ""Length:"": ""164 Pages"", ""Weight:"": ""0.96 lbs."", ""Dimensions:"": ""0.3\"" x 7.0\"" x 9.8\""""}",https://i.thriftbooks.com/api/imagehandler/m/0BA4354D528FD2C213506A9F4828961FA5AEF1DB.jpeg
Cultural Atlas of China,Caroline Blunden,"{""Format:"": ""Hardcover"", ""Language:"": ""English"", ""ISBN:"": ""0871961326"", ""ISBN13:"": ""9780871961327"", ""Release Date:"": ""January 1983"", ""Publisher:"": ""Facts on File"", ""Length:"": ""237 Pages"", ""Weight:"": ""2.20 lbs."", ""Dimensions:"": ""0.9\"" x 9.7\"" x 12.2\""""}",https://i.thriftbooks.com/api/imagehandler/m/10599F602BAA09A7505BCAA11605AEF66BFE58B2.jpeg
The Ultimate Montana Atlas and Travel Encyclopedia,Heidi Pfeil Dougherty,"{"""": """"}",https://i.thriftbooks.com/api/imagehandler/m/89B353E4700FE3BF86C7EA94EB588C9AACA2B980.jpeg
National Geographic Atlas of the Middle East,National Geographic Society,"{""Format:"": ""Paperback"", ""Language:"": ""English"", ""ISBN:"": ""0792250664"", ""ISBN13:"": ""9780792250661"", ""Release Date:"": ""March 2003"", ""Publisher:"": ""National Geographic Society"", ""Length:"": ""96 Pages"", ""Weight:"": ""1.10 lbs."", ""Dimensions:"": ""0.3\"" x 8.5\"" x 10.9\""""}",https://i.thriftbooks.com/api/imagehandler/m/5EB222CC4C1D2A5ED77222CF7A27A2A145F4F6EB.jpeg
Knopf Mapguide: Barcelona,Alfred A. Knopf Publishing Company,"{""Format:"": ""Paperback"", ""Language:"": ""English"", ""ISBN:"": ""030726386X"", ""ISBN13:"": ""9780307263865"", ""Release Date:"": ""January 2013"", ""Publisher:"": ""Knopf Publishing Group"", ""Length:"": ""48 Pages"", ""Weight:"": ""0.25 lbs."", ""Dimensions:"": ""0.3\"" x 4.8\"" x 6.5\""""}",https://i.thriftbooks.com/api/imagehandler/m/82F177BA923325D40129FD44453608A58E82CA6C.jpeg
Iceland,Rowland Mead,"{""Format:"": ""Paperback"", ""Language:"": ""English"", ""ISBN:"": ""1845370120"", ""ISBN13:"": ""9781845370121"", ""Release Date:"": ""April 2005"", ""Publisher:"": ""New Holland Pub Ltd"", ""Weight:"": ""0.50 lbs.""}",https://i.thriftbooks.com/api/imagehandler/m/49C233FBD24B07BA934BEA5D655FA2429CBF7948.jpeg
"Japan, a Bilingual Atlas : Nihon Nikakokugo Atorasu",Kodansha International,"{""Format:"": ""Paperback"", ""Language:"": ""English"", ""ISBN:"": ""4770015364"", ""ISBN13:"": ""9784770015365"", ""Release Date:"": ""January 1991"", ""Publisher:"": ""Kodansha"", ""Length:"": ""128 Pages"", ""Weight:"": ""0.22 lbs."", ""Dimensions:"": ""0.5\"" x 6.2\"" x 8.6\""""}",https://i.thriftbooks.com/api/imagehandler/m/FB7737F33FF057A4736E4F151EBE628DF65BBAB6.jpeg
Hammond World Atlas,Hammond World Atlas Corporation,"{""Format:"": ""Hardcover"", ""Language:"": ""English"", ""ISBN:"": ""0843716045"", ""ISBN13:"": ""9780843716047"", ""Release Date:"": ""January 1992"", ""Publisher:"": ""Hammond World Atlas Corporation"", ""Length:"": ""224 Pages"", ""Weight:"": ""0.60 lbs."", ""Dimensions:"": ""0.9\"" x 4.4\"" x 6.8\""""}",https://i.thriftbooks.com/api/imagehandler/m/C684EA7092D10BE820358B618D8DB6DDACCEE3E7.jpeg
National Geographic World Atlas for Young Explorers 3rd Edition,National Geographic Society,"{""Format:"": ""Hardcover"", ""Language:"": ""English"", ""ISBN:"": ""1426300883"", ""ISBN13:"": ""9781426300882"", ""Release Date:"": ""September 2007"", ""Publisher:"": ""National Geographic Society"", ""Length:"": ""192 Pages"", ""Weight:"": ""3.55 lbs."", ""Dimensions:"": ""0.7\"" x 10.3\"" x 13.5\"""", ""Age Range:"": ""8 to 12 years"", ""Grade Range:"": ""Grades 3 to 7""}",https://i.thriftbooks.com/api/imagehandler/m/66744E80C37BB127F4E3BD18BC23FD13AF381992.jpeg
You Are Here: Personal Geographies and Other Maps of the Imagination,Katharine Harmon,"{"""": """"}",https://i.thriftbooks.com/api/imagehandler/m/31F87C7164DBDFABA5CEA54D6A08E9B1EED3AFFB.jpeg
"National Geographic Atlas of the World, 11th Edition",National Geographic Society,"{""Format:"": ""Hardcover"", ""Language:"": ""English"", ""ISBN:"": ""1426220588"", ""ISBN13:"": ""9781426220586"", ""Release Date:"": ""October 2019"", ""Publisher:"": ""National Geographic Society"", ""Length:"": ""448 Pages"", ""Weight:"": ""1.35 lbs."", ""Dimensions:"": ""1.6\"" x 12.5\"" x 18.8\""""}",https://i.thriftbooks.com/api/imagehandler/m/F10C42D5B4D18BDA096506A2E0932475FDA01E59.jpeg
U.S. Army Guide to Map Reading and Navigation,U.S. Department of the Army,"{""Format:"": ""Paperback"", ""Language:"": ""English"", ""ISBN:"": ""1602397023"", ""ISBN13:"": ""9781602397026"", ""Release Date:"": ""July 2009"", ""Publisher:"": ""Skyhorse Publishing"", ""Length:"": ""192 Pages"", ""Weight:"": ""0.43 lbs."", ""Dimensions:"": ""0.6\"" x 5.0\"" x 6.9\""""}",https://i.thriftbooks.com/api/imagehandler/m/33028F931C8482326791BBB2239AD4ADCB5B078F.jpeg
Nystrom Desk Atlas,Nystrom,"{""Format:"": ""Paperback"", ""Language:"": ""English"", ""ISBN:"": ""0782511880"", ""ISBN13:"": ""9780782511888"", ""Release Date:"": ""January 2008"", ""Publisher:"": ""Ingram"", ""Length:"": ""224 Pages"", ""Weight:"": ""1.20 lbs."", ""Dimensions:"": ""0.5\"" x 9.2\"" x 10.5\""""}",https://m.media-amazon.com/images/I/51HavqS6qoL._SL350_.jpg
Reader's Digest Atlas of the World,Reader's Digest Association,"{""Format:"": ""Hardcover"", ""Language:"": ""English"", ""ISBN:"": ""0895772647"", ""ISBN13:"": ""9780895772640"", ""Release Date:"": ""January 1987"", ""Publisher:"": ""Reader's Digest Association"", ""Length:"": ""1 Pages"", ""Weight:"": ""4.50 lbs.""}",https://m.media-amazon.com/images/I/51Zc7inyE+L._SL350_.jpg
Atlas of Irish History,Seán Duffy,"{""Format:"": ""Hardcover"", ""Language:"": ""English"", ""ISBN:"": ""0028620119"", ""ISBN13:"": ""9780028620114"", ""Release Date:"": ""January 1997"", ""Publisher:"": ""MacMillan Publishing Company"", ""Length:"": ""144 Pages"", ""Weight:"": ""1.25 lbs."", ""Dimensions:"": ""0.6\"" x 7.4\"" x 10.0\""""}",https://i.thriftbooks.com/api/imagehandler/m/EFA7C97501FA67757A4C8D3657074C5FE9695026.jpeg
The Medieval World: An Illustrated Atlas,National Geographic Society,"{""Format:"": ""Hardcover"", ""Language:"": ""English"", ""ISBN:"": ""1426205333"", ""ISBN13:"": ""9781426205330"", ""Release Date:"": ""October 2010"", ""Publisher:"": ""National Geographic Society"", ""Length:"": ""384 Pages"", ""Weight:"": ""3.56 lbs."", ""Dimensions:"": ""1.1\"" x 9.3\"" x 11.0\""""}",https://i.thriftbooks.com/api/imagehandler/m/0FF50B3159EDFFB223EB22810103C3179668393E.jpeg
The Times Atlas of World History,Times Books,"{""Format:"": ""Hardcover"", ""Language:"": ""English"", ""ISBN:"": ""0723003041"", ""ISBN13:"": ""9780723003045"", ""Release Date:"": ""January 1"", ""Publisher:"": ""Times Books(NY)"", ""Length:"": ""358 Pages"", ""Weight:"": ""5.65 lbs."", ""Dimensions:"": ""1.7\"" x 11.2\"" x 17.0\""""}",https://m.media-amazon.com/images/I/51WtbgUmepL._SL350_.jpg
The Atlas of Ancient Worlds,Anne Millard,"{""Format:"": ""Hardcover"", ""Language:"": ""English"", ""ISBN:"": ""1564584712"", ""ISBN13:"": ""9781564584717"", ""Release Date:"": ""January 2001"", ""Publisher:"": ""DK Publishing (Dorling Kindersley)"", ""Length:"": ""64 Pages"", ""Weight:"": ""1.75 lbs."", ""Dimensions:"": ""0.6\"" x 10.8\"" x 14.1\""""}",https://i.thriftbooks.com/api/imagehandler/m/289D5826D9428CD8884FA9BEA405A19059339AC5.jpeg
Knopf Mapguides: Paris: The City in Section-By-Section Maps,Alfred A. Knopf Publishing Company,"{""Format:"": ""Paperback"", ""Language:"": ""English"", ""ISBN:"": ""0307263886"", ""ISBN13:"": ""9780307263889"", ""Release Date:"": ""January 2020"", ""Publisher:"": ""Knopf Publishing Group"", ""Length:"": ""48 Pages"", ""Weight:"": ""0.30 lbs."", ""Dimensions:"": ""0.5\"" x 4.8\"" x 6.6\""""}",https://i.thriftbooks.com/api/imagehandler/m/419F8B0FE0E47127F065B34F2BB80F19A433EFFB.jpeg
Transit Maps of the World: The World's First Collection of Every Urban Train Map on Earth,Mark Ovenden,"{""Format:"": ""Paperback"", ""Language:"": ""English"", ""ISBN:"": ""0143112651"", ""ISBN13:"": ""9780143112655"", ""Release Date:"": ""October 2007"", ""Publisher:"": ""Penguin Books"", ""Length:"": ""144 Pages"", ""Weight:"": ""1.35 lbs."", ""Dimensions:"": ""0.4\"" x 10.8\"" x 9.5\"""", ""Age Range:"": ""18 years and up"", ""Grade Range:"": ""Postsecondary and higher""}",https://i.thriftbooks.com/api/imagehandler/m/0BA7185FF803C8319D9335BB8D0F9EF9119DCC29.jpeg
Atlas of the Second World War,John Keegan,"{""Format:"": ""Hardcover"", ""Language:"": ""English"", ""ISBN:"": ""0681970626"", ""ISBN13:"": ""9780681970625"", ""Release Date:"": ""January 2003"", ""Publisher:"": ""HarperCollins"", ""Weight:"": ""3.70 lbs."", ""Dimensions:"": ""0.7\"" x 10.3\"" x 14.1\""""}",https://images-na.ssl-images-amazon.com/images/I/41RGlY3XP0L._SL160_.jpg
Maps of the Civil War: The Roads They Took,David Phillips,"{""Format:"": ""Hardcover"", ""Language:"": ""English"", ""ISBN:"": ""1567995861"", ""ISBN13:"": ""9781567995862"", ""Release Date:"": ""August 2000"", ""Publisher:"": ""Metro Books"", ""Length:"": ""160 Pages"", ""Weight:"": ""2.84 lbs."", ""Dimensions:"": ""0.8\"" x 9.7\"" x 13.1\""""}",https://i.thriftbooks.com/api/imagehandler/m/466671CC74D2D4DA9677E636BE466CE3F4A5E12B.jpeg
Atlas of the Ocean: The Deep Frontier,Sylvia A. Earle,"{""Format:"": ""Hardcover"", ""Language:"": ""English"", ""ISBN:"": ""0792264266"", ""ISBN13:"": ""9780792264262"", ""Release Date:"": ""October 2001"", ""Publisher:"": ""National Geographic Society"", ""Length:"": ""192 Pages"", ""Weight:"": ""3.55 lbs."", ""Dimensions:"": ""0.7\"" x 10.5\"" x 13.7\""""}",https://i.thriftbooks.com/api/imagehandler/m/C540B532074AC8E2D2612E3788B6779606EBAABE.jpeg
Atlas of Jewish History,Martin Gilbert,"{""Format:"": ""Hardcover"", ""Language:"": ""English"", ""ISBN:"": ""0880290188"", ""ISBN13:"": ""9780880290180"", ""Release Date:"": ""January 1985"", ""Publisher:"": ""Dorset Press"", ""Length:"": ""5 Pages"", ""Weight:"": ""1.05 lbs.""}",https://m.media-amazon.com/images/I/313rDlWlL7L._SL350_.jpg
Mapmakers,John Noble Wilford,"{""Format:"": ""Paperback"", ""Language:"": ""English"", ""ISBN:"": ""0394753038"", ""ISBN13:"": ""9780394753034"", ""Release Date:"": ""April 1982"", ""Publisher:"": ""Vintage Books USA"", ""Length:"": ""414 Pages"", ""Weight:"": ""1.40 lbs."", ""Dimensions:"": ""1.1\"" x 6.1\"" x 9.1\""""}",https://i.thriftbooks.com/api/imagehandler/m/7EB84FFD8953117B1ED23B2BFEC07A0E9D206802.jpeg
Wonders of the Ancient World: National Geographic Atlas of Archaeology,National Geographic Society,"{"""": """"}",https://i.thriftbooks.com/api/imagehandler/m/4C9397FA5EE980E4BB35978BC8D3D078ACF4DBB0.jpeg
"Scottish clan and family names: Their arms, origins, and tartans",Roddy Martine,"{""Format:"": ""Paperback"", ""Language:"": ""English"", ""ISBN:"": ""0702807737"", ""ISBN13:"": ""9780702807732"", ""Release Date:"": ""January 1987"", ""Publisher:"": ""J. Bartholomew & Son"", ""Length:"": ""224 Pages"", ""Weight:"": ""2.05 lbs.""}",https://m.media-amazon.com/images/I/51bi8oPln2L._SL350_.jpg
Essential World Atlas: A Comprehensive Guide to the World Today,D.K. Publishing,"{""Format:"": ""Paperback"", ""Language:"": ""English"", ""ISBN:"": ""1465450696"", ""ISBN13:"": ""9781465450692"", ""Release Date:"": ""July 2016"", ""Publisher:"": ""DK Publishing (Dorling Kindersley)"", ""Length:"": ""256 Pages"", ""Weight:"": ""1.14 lbs."", ""Dimensions:"": ""0.7\"" x 5.8\"" x 8.3\""""}",https://m.media-amazon.com/images/I/41eAfVC5IAL._SL350_.jpg
National Geographic Atlas of Natural America,National Geographic Society,"{""Format:"": ""Hardcover"", ""Language:"": ""English"", ""ISBN:"": ""0792279557"", ""ISBN13:"": ""9780792279556"", ""Release Date:"": ""November 2000"", ""Publisher:"": ""National Geographic Society"", ""Length:"": ""304 Pages"", ""Weight:"": ""3.65 lbs."", ""Dimensions:"": ""1.0\"" x 9.0\"" x 12.0\""""}",https://i.thriftbooks.com/api/imagehandler/m/ECB2B99D8C8879A881FA46D5228E47D538914FB7.jpeg
Canadian Rockies Trail Guide,Brian Patton,"{""Format:"": ""Hardcover"", ""Language:"": ""English"", ""ISBN:"": ""0981149189"", ""ISBN13:"": ""9780981149189"", ""Release Date:"": ""June 2011"", ""Publisher:"": ""Summerthought Pub."", ""Length:"": ""454 Pages"", ""Weight:"": ""1.45 lbs.""}",https://m.media-amazon.com/images/I/51TCPdw1+RL._SL350_.jpg
"Gaudenzia, Pride of the Palio",Marguerite Henry,"{""Format:"": ""Paperback"", ""Language:"": ""English"", ""ISBN:"": ""1481403974"", ""ISBN13:"": ""9781481403979"", ""Release Date:"": ""July 2014"", ""Publisher:"": ""Aladdin Paperbacks"", ""Length:"": ""304 Pages"", ""Weight:"": ""0.50 lbs."", ""Dimensions:"": ""0.9\"" x 5.1\"" x 7.4\"""", ""Age Range:"": ""8 to 12 years"", ""Grade Range:"": ""Grades 3 to 7""}",https://i.thriftbooks.com/api/imagehandler/m/6B2E7AD7E8141AAA4774A1D30D78802D678E8ABD.jpeg
Hammond Historical Atlas of the World,Hammond World Atlas Corporation,"{""Format:"": ""Paperback"", ""Language:"": ""English"", ""ISBN:"": ""0843774614"", ""ISBN13:"": ""9780843774610"", ""Release Date:"": ""January 1987"", ""Publisher:"": ""Hammond World Atlas Corporation"", ""Length:"": ""72 Pages"", ""Weight:"": ""0.10 lbs."", ""Dimensions:"": ""0.2\"" x 9.4\"" x 12.3\""""}",https://i.thriftbooks.com/api/imagehandler/m/D63E4C7A552468850E8BB30DD767A968B4BB50DC.jpeg
Mapping the World: An Illustrated History of Cartography,"Ehrenberg, Ralph E.","{"""": """"}",https://i.thriftbooks.com/api/imagehandler/m/1A682773E510909E5EB33689DFB8F8DEC3025D87.jpeg
The Atlas of Holy Places & Sacred Sites,Colin Wilson,"{"""": """"}",https://i.thriftbooks.com/api/imagehandler/m/96E8D976FD709F9082D6A04113B9E557131940FE.jpeg
Kids' Road Atlas,Rand McNally,"{""Format:"": ""Paperback"", ""Language:"": ""English"", ""ISBN:"": ""0528013416"", ""ISBN13:"": ""9780528013416"", ""Release Date:"": ""May 2015"", ""Publisher:"": ""Rand McNally"", ""Length:"": ""80 Pages"", ""Weight:"": ""0.50 lbs."", ""Dimensions:"": ""0.3\"" x 8.5\"" x 10.7\""""}",https://m.media-amazon.com/images/I/51KrcED4B7L._SL350_.jpg
Knopf Mapguides: Rome: The City in Section-By-Section Maps,Alfred A. Knopf Publishing Company,"{""Format:"": ""Paperback"", ""Language:"": ""English"", ""ISBN:"": ""0375711007"", ""ISBN13:"": ""9780375711008"", ""Release Date:"": ""June 2020"", ""Publisher:"": ""Knopf Publishing Group"", ""Length:"": ""48 Pages"", ""Weight:"": ""0.21 lbs."", ""Dimensions:"": ""0.3\"" x 4.7\"" x 6.6\""""}",https://i.thriftbooks.com/api/imagehandler/m/BCDA2E74390000F2E2BA8893200144ED24566C51.jpeg
The Phaidon Atlas of Contemporary World Architecture: Comprehensive Edition,"Adria, Miquel","{""Format:"": ""Hardcover"", ""Language:"": ""English"", ""ISBN:"": ""0714843121"", ""ISBN13:"": ""9780714843124"", ""Release Date:"": ""May 2004"", ""Publisher:"": ""Phaidon Press"", ""Length:"": ""824 Pages"", ""Weight:"": ""1.65 lbs."", ""Dimensions:"": ""4.4\"" x 16.0\"" x 21.0\""""}",https://i.thriftbooks.com/api/imagehandler/m/10762D3DF0D7789BA07DE5C32541F96D413E91FB.jpeg
The World Through Maps: A History of Cartography,John Rennie Short,"{"""": """"}",https://i.thriftbooks.com/api/imagehandler/m/1CC7A5AA1F73A530D267184F5C261472CF7604E8.jpeg
The Maple Syrup Book,Janet Eagleson,"{""Format:"": ""Hardcover"", ""Language:"": ""English"", ""ISBN:"": ""1550464116"", ""ISBN13:"": ""9781550464115"", ""Release Date:"": ""March 2006"", ""Publisher:"": ""Boston Mills Press"", ""Length:"": ""96 Pages"", ""Weight:"": ""1.20 lbs."", ""Dimensions:"": ""0.6\"" x 8.4\"" x 8.4\""""}",https://i.thriftbooks.com/api/imagehandler/m/D834AD65500E42FA52A5DDC4F40ED932D240C9A9.jpeg
Knopf Mapguides: London: The City in Section-By-Section Maps,Alfred A. Knopf Publishing Company,"{""Format:"": ""Paperback"", ""Language:"": ""English"", ""ISBN:"": ""0307263878"", ""ISBN13:"": ""9780307263872"", ""Release Date:"": ""March 2020"", ""Publisher:"": ""Knopf Publishing Group"", ""Length:"": ""48 Pages"", ""Weight:"": ""0.35 lbs."", ""Dimensions:"": ""0.4\"" x 4.9\"" x 6.8\""""}",https://i.thriftbooks.com/api/imagehandler/m/E8A24327743D83A73C9458B1F6BED32FA7EB4303.jpeg
California,Thomas Winnett,"{""Format:"": ""Paperback"", ""Language:"": ""English"", ""ISBN:"": ""0899971784"", ""ISBN13:"": ""9780899971780"", ""Release Date:"": ""January 1995"", ""Publisher:"": ""Wilderness Press"", ""Length:"": ""525 Pages"", ""Weight:"": ""1.68 lbs."", ""Dimensions:"": ""1.1\"" x 6.0\"" x 9.0\""""}",https://i.thriftbooks.com/api/imagehandler/m/C906B2D26F65E5AF96FAA8A5AE932471627D63DB.jpeg
Rand McNally Atlas of World History,Rand McNally,"{""Format:"": ""Hardcover"", ""ISBN:"": ""B07HFL5W96"", ""Release Date:"": ""January 1957"", ""Publisher:"": ""Rand McNally & Company"", ""Length:"": ""30 Pages"", ""Weight:"": ""1.85 lbs.""}",https://m.media-amazon.com/images/I/610tktH49tL._SL350_.jpg
"Castles of England, Scotland and Wales",Paul Johnson,"{""Format:"": ""Paperback"", ""Language:"": ""English"", ""ISBN:"": ""0753802627"", ""ISBN13:"": ""9780753802625"", ""Release Date:"": ""January 1998"", ""Publisher:"": ""Trafalgar Square Publishing"", ""Length:"": ""216 Pages"", ""Weight:"": ""1.65 lbs."", ""Dimensions:"": ""0.6\"" x 9.9\"" x 7.5\""""}",https://m.media-amazon.com/images/I/51fayYPjeHL._SL350_.jpg
Atlas of the Pacific Northwest,"Jackson, Philip","{""Format:"": ""Paperback"", ""Language:"": ""English"", ""ISBN:"": ""0870715607"", ""ISBN13:"": ""9780870715600"", ""Release Date:"": ""September 2003"", ""Publisher:"": ""Oregon State University Press"", ""Length:"": ""152 Pages"", ""Weight:"": ""1.05 lbs."", ""Dimensions:"": ""0.4\"" x 8.4\"" x 10.0\""""}",https://i.thriftbooks.com/api/imagehandler/m/59506C87D98BCEF80385199522CEF322B2CE01C6.jpeg
Cartographia: Mapping Civilizations,Vincent Virga,"{""Format:"": ""Hardcover"", ""Language:"": ""English"", ""ISBN:"": ""0316997668"", ""ISBN13:"": ""9780316997669"", ""Release Date:"": ""October 2007"", ""Publisher:"": ""Little Brown and Company"", ""Length:"": ""266 Pages"", ""Weight:"": ""5.20 lbs."", ""Dimensions:"": ""1.5\"" x 10.6\"" x 13.0\""""}",https://i.thriftbooks.com/api/imagehandler/m/C96D31DBF9F859EAF411ED2012868E7966144EA8.jpeg
SC-Notes/Century Before,Edward Hoagland,"{""Format:"": ""Paperback"", ""Language:"": ""English"", ""ISBN:"": ""0871564130"", ""ISBN13:"": ""9780871564139"", ""Release Date:"": ""March 1995"", ""Publisher:"": ""Random House (NY)"", ""Length:"": ""272 Pages"", ""Weight:"": ""1.85 lbs."", ""Dimensions:"": ""0.8\"" x 5.5\"" x 8.2\""""}",https://i.thriftbooks.com/api/imagehandler/m/71C284BDEA2D390841C1365864F8EE8F1D7FF132.jpeg
"The Fourth Part of the World: The Race to the Ends of the Earth, and the Epic Story of the Map That Gave America Its Name",Toby Lester,"{""Format:"": ""Hardcover"", ""Language:"": ""English"", ""ISBN:"": ""1416535314"", ""ISBN13:"": ""9781416535317"", ""Release Date:"": ""November 2009"", ""Publisher:"": ""Free Press"", ""Length:"": ""462 Pages"", ""Weight:"": ""1.30 lbs."", ""Dimensions:"": ""1.3\"" x 6.5\"" x 9.3\""""}",https://i.thriftbooks.com/api/imagehandler/m/9E48EE2A51C1083BCC2E01AE1B6E6C1E8C9568AA.jpeg
"National Geographic Road Atlas 2024: Adventure Edition [United States, Canada, Mexico]",National Geographic Society,"{"""": """"}",https://i.thriftbooks.com/api/imagehandler/m/58C93EAF688C1680CFA471C8CA90C26CC7A567CC.jpeg
Five O'Clock Charlie,Marguerite Henry,"{""Format:"": ""Hardcover"", ""Language:"": ""English"", ""ISBN:"": ""0528826182"", ""ISBN13:"": ""9780528826184"", ""Release Date:"": ""January 1962"", ""Publisher:"": ""Holmes & Meier Publishers"", ""Length:"": ""48 Pages"", ""Weight:"": ""0.60 lbs."", ""Age Range:"": ""7 to 9 years"", ""Grade Range:"": ""Grades 2 to 4""}",https://m.media-amazon.com/images/I/41dF4TCJ-hL._SL350_.jpg
Strange Maps: An Atlas of Cartographic Curiosities,Frank Jacobs,"{"""": """"}",https://i.thriftbooks.com/api/imagehandler/m/E9082527EB8E9A63A63B37245660E35D8B385297.jpeg
The Map Book,Peter Barber,"{""Format:"": ""Hardcover"", ""Language:"": ""English"", ""ISBN:"": ""0802714749"", ""ISBN13:"": ""9780802714749"", ""Release Date:"": ""January 2006"", ""Publisher:"": ""Walker & Company"", ""Length:"": ""360 Pages"", ""Weight:"": ""4.90 lbs."", ""Dimensions:"": ""1.2\"" x 10.2\"" x 11.7\""""}",https://i.thriftbooks.com/api/imagehandler/m/6DE07E8FA15D1A2703EB7487C2EADAF448A17DF3.jpeg
A Historical Atlas of the Jewish People: From the Time of the Patriarchs to the Present,Eli Barnavi,"{""Format:"": ""Hardcover"", ""Language:"": ""English"", ""ISBN:"": ""0805241272"", ""ISBN13:"": ""9780805241273"", ""Release Date:"": ""November 1994"", ""Publisher:"": ""Schocken Books Inc"", ""Length:"": ""312 Pages"", ""Weight:"": ""3.75 lbs."", ""Dimensions:"": ""1.1\"" x 9.4\"" x 11.6\""""}",https://i.thriftbooks.com/api/imagehandler/m/BF0F132AB8886EF002C43FA021DC537DB6560E3E.jpeg
The History of Pirates,Angus Konstam,"{""Format:"": ""Hardcover"", ""Language:"": ""English"", ""ISBN:"": ""1558219692"", ""ISBN13:"": ""9781558219694"", ""Release Date:"": ""January 1999"", ""Publisher:"": ""Lyons Press"", ""Length:"": ""192 Pages"", ""Weight:"": ""2.40 lbs."", ""Dimensions:"": ""0.8\"" x 9.1\"" x 12.1\""""}",https://i.thriftbooks.com/api/imagehandler/m/A4A28B90B23A0E4FB087FA801FFF56E8195AF9EA.jpeg
Maps of the Imagination: The Writer as Cartographer,Peter Turchi,"{""Format:"": ""Hardcover"", ""Language:"": ""English"", ""ISBN:"": ""159534005X"", ""ISBN13:"": ""9781595340054"", ""Release Date:"": ""September 2004"", ""Publisher:"": ""Trinity University Press"", ""Length:"": ""224 Pages"", ""Weight:"": ""1.10 lbs."", ""Dimensions:"": ""1.2\"" x 5.5\"" x 8.5\""""}",https://i.thriftbooks.com/api/imagehandler/m/68B23634414A20F8DA835E59F5C3684A0DDA3257.jpeg
Atlas of Ancient Egypt,John R. Baines,"{""Format:"": ""Hardcover"", ""Language:"": ""English"", ""ISBN:"": ""0871963345"", ""ISBN13:"": ""9780871963345"", ""Release Date:"": ""January 1983"", ""Publisher:"": ""Facts on File"", ""Length:"": ""240 Pages"", ""Weight:"": ""3.25 lbs."", ""Dimensions:"": ""1.0\"" x 9.7\"" x 12.2\""""}",https://i.thriftbooks.com/api/imagehandler/m/BD41AFF0C10EAF0EC33E257F983BDFCB1EBB41A5.jpeg
Map and Compass,Cliff Jacobson,"{""Format:"": ""Paperback"", ""Language:"": ""English"", ""ISBN:"": ""0934802424"", ""ISBN13:"": ""9780934802420"", ""Release Date:"": ""January 1988"", ""Publisher:"": ""ICS Books"", ""Length:"": ""72 Pages"", ""Weight:"": ""0.32 lbs."", ""Dimensions:"": ""22.8\"" x 15.3\"" x 15.3\""""}",https://i.thriftbooks.com/api/imagehandler/m/1CEE8E78460A8EEAF5AEF14A3B30B63AA5322E41.jpeg
Land Navigation Handbook,W.S. Kals,"{""Format:"": ""Paperback"", ""Language:"": ""English"", ""ISBN:"": ""0871563312"", ""ISBN13:"": ""9780871563316"", ""Release Date:"": ""April 1983"", ""Publisher:"": ""Sierra Club Books"", ""Length:"": ""230 Pages"", ""Weight:"": ""0.50 lbs."", ""Dimensions:"": ""0.6\"" x 4.6\"" x 8.0\""""}",https://i.thriftbooks.com/api/imagehandler/m/C211F718611B2B09AB8834B38F96C7B68F3105A7.jpeg
Merriam-Webster's Geographical Dictionary,Merriam-Webster,"{""Format:"": ""Hardcover"", ""Language:"": ""English"", ""ISBN:"": ""0877795460"", ""ISBN13:"": ""9780877795469"", ""Release Date:"": ""January 1997"", ""Publisher:"": ""Merriam-Webster"", ""Length:"": ""1392 Pages"", ""Weight:"": ""3.30 lbs."", ""Dimensions:"": ""1.7\"" x 7.2\"" x 9.8\""""}",https://i.thriftbooks.com/api/imagehandler/m/81D62A55086718CFA584721CCDBAA3B5B935E1C8.jpeg
Illustrated Atlas of Jewish Civilization: 4000 Years of History,Josephine Bacon,"{""Format:"": ""Paperback"", ""Language:"": ""English"", ""ISBN:"": ""0681289228"", ""ISBN13:"": ""9780681289222"", ""Release Date:"": ""January 2006"", ""Publisher:"": ""Quantum Books"", ""Length:"": ""224 Pages"", ""Weight:"": ""1.95 lbs.""}",https://m.media-amazon.com/images/I/41DqpPoVCYL._SL350_.jpg
Pocket World Atlas,Oxford University Press,"{""Format:"": ""Paperback"", ""Language:"": ""English"", ""ISBN:"": ""0195374533"", ""ISBN13:"": ""9780195374537"", ""Release Date:"": ""December 2008"", ""Publisher:"": ""Oxford University Press, USA"", ""Length:"": ""240 Pages"", ""Weight:"": ""0.55 lbs."", ""Dimensions:"": ""0.6\"" x 4.5\"" x 7.0\""""}",https://i.thriftbooks.com/api/imagehandler/m/92A9045D0C57D98EF39182C0FBB0BA72674D906E.jpeg
Answer Atlas,Rand McNally,"{""Format:"": ""Paperback"", ""Language:"": ""English"", ""ISBN:"": ""0528838725"", ""ISBN13:"": ""9780528838729"", ""Release Date:"": ""January 2008"", ""Publisher:"": ""Rand McNally"", ""Length:"": ""1 Pages"", ""Weight:"": ""1.15 lbs."", ""Dimensions:"": ""0.7\"" x 8.8\"" x 11.0\""""}",https://i.thriftbooks.com/api/imagehandler/m/1E0652B0FFBDF30839F9AF81FD396C7AD1E5ABF2.jpeg
Atlas of Archaeology,Tim Taylor,"{""Format:"": ""Hardcover"", ""Language:"": ""English"", ""ISBN:"": ""0789431890"", ""ISBN13:"": ""9780789431899"", ""Release Date:"": ""January 1998"", ""Publisher:"": ""DK Publishing (Dorling Kindersley)"", ""Length:"": ""208 Pages"", ""Weight:"": ""3.30 lbs."", ""Dimensions:"": ""0.8\"" x 10.3\"" x 12.4\""""}",https://i.thriftbooks.com/api/imagehandler/m/DF3673847BE621701E0D1C0E1F220E73CE1F4B48.jpeg
Delorme Atlas & Gazetteer: Maine,DeLorme Mapping Company,"{"""": """"}",https://i.thriftbooks.com/api/imagehandler/m/4C9F760A1F12F5CA67E52BD0A8F72CCDC6EAFC40.jpeg
Battlefield Atlas of the Amer,Craig L. Symonds,"{""Format:"": ""Hardcover"", ""Language:"": ""English"", ""ISBN:"": ""0517012081"", ""ISBN13:"": ""9780517012086"", ""Release Date:"": ""January 1998"", ""Publisher:"": ""Random House Value Publishing"", ""Length:"": ""110 Pages"", ""Weight:"": ""0.95 lbs.""}",https://m.media-amazon.com/images/I/416INN9A7gL._SL350_.jpg
The Penguin Atlas of African History: Revised Edition,Colin McEvedy,"{""Format:"": ""Paperback"", ""Language:"": ""English"", ""ISBN:"": ""0140513213"", ""ISBN13:"": ""9780140513219"", ""Release Date:"": ""March 1996"", ""Publisher:"": ""Penguin Books"", ""Length:"": ""144 Pages"", ""Weight:"": ""0.50 lbs."", ""Dimensions:"": ""0.3\"" x 5.9\"" x 8.3\"""", ""Age Range:"": ""18 years and up"", ""Grade Range:"": ""Postsecondary and higher""}",https://i.thriftbooks.com/api/imagehandler/m/43D3AA9EEAB3C6A0D6F19E51FF8D6C103B10317F.jpeg
The Image of the World: 20 Centuries of World Maps,Peter Whitfield,"{""Format:"": ""Hardcover"", ""Language:"": ""English"", ""ISBN:"": ""0876540809"", ""ISBN13:"": ""9780876540800"", ""Release Date:"": ""January 1994"", ""Publisher:"": ""Pomegranate Communications"", ""Length:"": ""144 Pages"", ""Weight:"": ""0.05 lbs."", ""Dimensions:"": ""0.7\"" x 10.6\"" x 11.5\""""}",https://i.thriftbooks.com/api/imagehandler/m/A1544757CC45434621B0F46F5B7E6AE87E6B458B.jpeg
