Book Name,Authors,Info,Image URL
The Barbecue Bible!,Steven Raichlen,"{""Format:"": ""Paperback"", ""Language:"": ""English"", ""ISBN:"": ""1563058669"", ""ISBN13:"": ""9781563058660"", ""Release Date:"": ""January 1998"", ""Publisher:"": ""Workman Publishing"", ""Length:"": ""556 Pages"", ""Weight:"": ""2.08 lbs."", ""Dimensions:"": ""1.4\"" x 7.9\"" x 9.4\""""}",https://i.thriftbooks.com/api/imagehandler/m/1875E2C790412510E67C159B3C5197CE17C66BDB.jpeg
"Barbecue! Bible Sauces, Rubs, and Marinades, Bastes, Butters, and Glazes (Steven Raichlen Barbecue Bible Cookbooks)",Steven Raichlen,"{""Format:"": ""Paperback"", ""Language:"": ""English"", ""ISBN:"": ""0761119795"", ""ISBN13:"": ""9780761119791"", ""Release Date:"": ""May 2000"", ""Publisher:"": ""Workman Publishing Company"", ""Length:"": ""320 Pages"", ""Weight:"": ""1.19 lbs."", ""Dimensions:"": ""9.0\"" x 0.8\"" x 7.0\""""}",https://i.thriftbooks.com/api/imagehandler/m/44389D6AEE1E7F506D90DAFD6C707232C8515901.jpeg
How to Grill,Steven Raichlen,"{""Format:"": ""Paperback"", ""Language:"": ""English"", ""ISBN:"": ""0761120149"", ""ISBN13:"": ""9780761120148"", ""Release Date:"": ""May 2001"", ""Publisher:"": ""Workman Publishing"", ""Length:"": ""512 Pages"", ""Weight:"": ""3.57 lbs."", ""Dimensions:"": ""1.2\"" x 7.9\"" x 9.2\""""}",https://i.thriftbooks.com/api/imagehandler/m/3C0202B449E5EA93BE8E3F1D0E68FF2B0DE5707F.jpeg
Bobby Flay's Mesa Grill Cookbook: Explosive Flavors from the Southwestern Kitchen,Bobby Flay,"{""Format:"": ""Hardcover"", ""Language:"": ""English"", ""ISBN:"": ""0307351416"", ""ISBN13:"": ""9780307351418"", ""Release Date:"": ""October 2007"", ""Publisher:"": ""Clarkson Potter Publishers"", ""Length:"": ""288 Pages"", ""Weight:"": ""2.85 lbs."", ""Dimensions:"": ""1.0\"" x 8.4\"" x 10.5\""""}",https://i.thriftbooks.com/api/imagehandler/m/95A6BFAF7EE99FBF5382DD67AC7BC7C2BD20BF3A.jpeg
"Smoke & Spice - Revised Edition: Cooking with Smoke, the Real Way to Barbecue",Bill Jamison,"{""Format:"": ""Paperback"", ""Language:"": ""English"", ""ISBN:"": ""1558322620"", ""ISBN13:"": ""9781558322622"", ""Release Date:"": ""March 2003"", ""Publisher:"": ""Harvard Common Press"", ""Length:"": ""496 Pages"", ""Weight:"": ""2.05 lbs."", ""Dimensions:"": ""1.4\"" x 7.2\"" x 9.2\""""}",https://i.thriftbooks.com/api/imagehandler/m/13AC324DA04E712335DE670511F2AA9205177139.jpeg
Down Home with the Neelys: A Southern Family Cookbook,Paula Disbrowe,"{""Format:"": ""Hardcover"", ""Language:"": ""English"", ""ISBN:"": ""0307269949"", ""ISBN13:"": ""9780307269942"", ""Release Date:"": ""May 2009"", ""Publisher:"": ""Knopf Publishing Group"", ""Length:"": ""278 Pages"", ""Weight:"": ""1.95 lbs."", ""Dimensions:"": ""0.9\"" x 7.7\"" x 9.3\""""}",https://i.thriftbooks.com/api/imagehandler/m/C3F61A26636D09183B90245E82C2B24DF699902A.jpeg
Weber's Big Book of Grilling,Jamie Purviance,"{"""": """"}",https://i.thriftbooks.com/api/imagehandler/m/CB5C5D147D98F59C464C9D76765580A304696790.jpeg
BBQ USA: 425 Fiery Recipes from All Across America,Steven Raichlen,"{""Format:"": ""Hardcover"", ""Language:"": ""English"", ""ISBN:"": ""0761131337"", ""ISBN13:"": ""9780761131335"", ""Release Date:"": ""April 2003"", ""Publisher:"": ""Workman Publishing"", ""Length:"": ""784 Pages"", ""Weight:"": ""4.40 lbs."", ""Dimensions:"": ""2.3\"" x 8.4\"" x 9.6\""""}",https://i.thriftbooks.com/api/imagehandler/m/3F78DB6B0640752068779A13D11C08876DE0FD78.jpeg
Bobby Flay's Grill It!: A Cookbook,Bobby Flay,"{""Format:"": ""Hardcover"", ""Language:"": ""English"", ""ISBN:"": ""0307351424"", ""ISBN13:"": ""9780307351425"", ""Release Date:"": ""April 2008"", ""Publisher:"": ""Clarkson Potter Publishers"", ""Length:"": ""288 Pages"", ""Weight:"": ""2.03 lbs."", ""Dimensions:"": ""0.9\"" x 8.3\"" x 10.3\""""}",https://i.thriftbooks.com/api/imagehandler/m/DDB07792C6742C618EBD651CDF549C204EB608C3.jpeg
Taste of Home Cookies: 623 Irresistible Delights,Taste of Home,"{""Format:"": ""Paperback"", ""Language:"": ""English"", ""ISBN:"": ""089821727X"", ""ISBN13:"": ""9780898217278"", ""Release Date:"": ""September 2009"", ""Publisher:"": ""Trusted Media Brands"", ""Length:"": ""384 Pages"", ""Weight:"": ""2.40 lbs."", ""Dimensions:"": ""0.8\"" x 7.8\"" x 9.3\"""", ""Age Range:"": ""18 years and up"", ""Grade Range:"": ""Postsecondary and higher""}",https://i.thriftbooks.com/api/imagehandler/m/274AE07F0F93575747B67B3C44C564B91661E1B1.jpeg
Legends of Texas Barbecue Cookbook: Recipes and Recollections from the Pit Bosses,Robb Walsh,"{""Format:"": ""Paperback"", ""Language:"": ""English"", ""ISBN:"": ""0811829618"", ""ISBN13:"": ""9780811829618"", ""Release Date:"": ""April 2002"", ""Publisher:"": ""Chronicle Books"", ""Length:"": ""256 Pages"", ""Weight:"": ""1.15 lbs."", ""Dimensions:"": ""1.0\"" x 7.3\"" x 9.4\""""}",https://i.thriftbooks.com/api/imagehandler/m/E14035E72C0C2EAB4B46BCD6B13334269E3E12C0.jpeg
"Marinades, Rubs, Brines, Cures and Glazes: 400 Recipes for Poultry, Meat, Seafood, and Vegetables [A Cookbook]",Jim Tarantino,"{""Format:"": ""Paperback"", ""Language:"": ""English"", ""ISBN:"": ""1580086144"", ""ISBN13:"": ""9781580086141"", ""Release Date:"": ""May 2006"", ""Publisher:"": ""Ten Speed Press"", ""Length:"": ""368 Pages"", ""Weight:"": ""2.55 lbs."", ""Dimensions:"": ""1.1\"" x 7.5\"" x 10.3\""""}",https://i.thriftbooks.com/api/imagehandler/m/1D9C2B8162FC9C5600A00299E30BD233DD1CFD49.jpeg
The Kansas City Barbeque Society Cookbook: 25th Anniversary Edition,Ardie A. Davis,"{""Format:"": ""Hardcover"", ""Language:"": ""English"", ""ISBN:"": ""0740790102"", ""ISBN13:"": ""9780740790102"", ""Release Date:"": ""April 2010"", ""Publisher:"": ""Andrews McMeel Publishing"", ""Length:"": ""336 Pages"", ""Weight:"": ""1.40 lbs."", ""Dimensions:"": ""1.2\"" x 8.8\"" x 9.4\""""}",https://i.thriftbooks.com/api/imagehandler/m/C3CEE47A78B39E5DBE9E88882351FDE745F5787A.jpeg
"Dadgum That's Good!: Kickbutt Rececipes for Smoking, Grilling, Frying, Boiling and Steaming",John McLemore,"{""Format:"": ""Paperback"", ""Language:"": ""English"", ""ISBN:"": ""0578059541"", ""ISBN13:"": ""9780578059549"", ""Release Date:"": ""November 2010"", ""Publisher:"": ""Concept Productions"", ""Length:"": ""200 Pages"", ""Weight:"": ""1.70 lbs."", ""Dimensions:"": ""0.6\"" x 8.5\"" x 10.8\""""}",https://i.thriftbooks.com/api/imagehandler/m/2BF93B4FB00CF14E8923FAC03346C24AED7AF98D.jpeg
Jerk from Jamaica: Barbecue Caribbean Style [A Cookbook],Helen Willinsky,"{""Format:"": ""Paperback"", ""Language:"": ""English"", ""ISBN:"": ""1580088422"", ""ISBN13:"": ""9781580088428"", ""Release Date:"": ""April 2007"", ""Publisher:"": ""Ten Speed Press"", ""Length:"": ""192 Pages"", ""Weight:"": ""1.20 lbs."", ""Dimensions:"": ""0.5\"" x 8.0\"" x 8.0\""""}",https://i.thriftbooks.com/api/imagehandler/m/3771CF9A25F3D6AAB9E3A4297F93D939F118011B.jpeg
Cook's Country Best Grilling Recipes,Cook's Country Magazine,"{""Format:"": ""Hardcover"", ""Language:"": ""English"", ""ISBN:"": ""1933615427"", ""ISBN13:"": ""9781933615424"", ""Release Date:"": ""March 2009"", ""Publisher:"": ""America's Test Kitchen"", ""Length:"": ""256 Pages"", ""Weight:"": ""2.25 lbs."", ""Dimensions:"": ""0.9\"" x 8.8\"" x 9.3\""""}",https://m.media-amazon.com/images/I/51XMIopcp0L._SL350_.jpg
The Niman Ranch Cookbook: From Farm to Table with America's Finest Meat,Janet Fletcher,"{""Format:"": ""Hardcover"", ""Language:"": ""English"", ""ISBN:"": ""1580085202"", ""ISBN13:"": ""9781580085205"", ""Release Date:"": ""September 2005"", ""Publisher:"": ""Ten Speed Press"", ""Length:"": ""209 Pages"", ""Weight:"": ""2.75 lbs."", ""Dimensions:"": ""0.9\"" x 9.7\"" x 10.3\""""}",https://i.thriftbooks.com/api/imagehandler/m/5F57EFBD37D5896EB3BF8539ED4C7CE5501AFE49.jpeg
Bobby Flay's Grilling for Life: Bobby Flay's Grilling for Life,Bobby Flay,"{"""": """"}",https://i.thriftbooks.com/api/imagehandler/m/C3E35F8DA5476F4AFB50643C89C8A6F04159BADB.jpeg
Big Bob Gibson's BBQ Book: Recipes and Secrets from a Legendary Barbecue Joint: A Cookbook,Chris Lilly,"{""Format:"": ""Paperback"", ""Language:"": ""English"", ""ISBN:"": ""0307408116"", ""ISBN13:"": ""9780307408112"", ""Release Date:"": ""May 2009"", ""Publisher:"": ""Clarkson Potter Publishers"", ""Length:"": ""256 Pages"", ""Weight:"": ""1.80 lbs."", ""Dimensions:"": ""0.7\"" x 7.9\"" x 9.9\""""}",https://i.thriftbooks.com/api/imagehandler/m/9DA7C78F688FC278ED6D8B83E2C962CE11BDA2A0.jpeg
"Bobby Flay's Burgers, Fries, and Shakes: A Cookbook",Sally Jackson,"{""Format:"": ""Hardcover"", ""Language:"": ""English"", ""ISBN:"": ""0307460630"", ""ISBN13:"": ""9780307460639"", ""Release Date:"": ""April 2009"", ""Publisher:"": ""Clarkson Potter Publishers"", ""Length:"": ""160 Pages"", ""Weight:"": ""1.30 lbs."", ""Dimensions:"": ""0.6\"" x 7.7\"" x 8.7\""""}",https://i.thriftbooks.com/api/imagehandler/m/9F10A325FBB6CB67EEC876306D4D03A9891A0A96.jpeg
Camp Cookery,Horace Kephart,"{""Format:"": ""Paperback"", ""Language:"": ""English"", ""ISBN:"": ""1894572718"", ""ISBN13:"": ""9781894572712"", ""Release Date:"": ""January 2003"", ""Publisher:"": ""ALGROVE PUB. LTD."", ""Weight:"": ""0.32 lbs.""}",https://m.media-amazon.com/images/I/41mb9ZLH3TL._SL350_.jpg
George Foreman's Big Book of Grilling Barbecue and Rotisserie: More Than 75 Recipes for Family and Friends,George Foreman,"{""Format:"": ""Hardcover"", ""Language:"": ""English"", ""ISBN:"": ""0743200926"", ""ISBN13:"": ""9780743200929"", ""Release Date:"": ""October 2000"", ""Publisher:"": ""Simon & Schuster"", ""Length:"": ""224 Pages"", ""Weight:"": ""1.30 lbs."", ""Dimensions:"": ""0.9\"" x 7.6\"" x 9.4\""""}",https://i.thriftbooks.com/api/imagehandler/m/C21EDED32C5FC760A14C364962018D93706EC46F.jpeg
Simmer or Sizzle: Cooking with Your Slow Cooker or Contact Grill,Kathryn Moore,"{""Format:"": ""Paperback"", ""Language:"": ""English"", ""ISBN:"": ""1418038091"", ""ISBN13:"": ""9781418038090"", ""Release Date:"": ""September 2006"", ""Publisher:"": ""Delmar Thomson Learning"", ""Length:"": ""383 Pages"", ""Weight:"": ""1.50 lbs."", ""Dimensions:"": ""0.8\"" x 7.4\"" x 9.3\""""}",https://i.thriftbooks.com/api/imagehandler/m/D78E00A8FBFC8409750F2855B27E23EFA224C6F5.jpeg
Glove Box Guide to BBQ Joints--Georgia,Jim Lockhart,"{"""": """"}",https://i.thriftbooks.com/api/imagehandler/m/0E368EE72EED92A76F6865635CA56FFD2A646043.jpeg
"Man, a Can, a Grill: 50 No-Sweat Meals You Can Fire Up Fast",Men's Health,"{""Format:"": ""Hardcover"", ""Language:"": ""English"", ""ISBN:"": ""1579547672"", ""ISBN13:"": ""9781579547677"", ""Release Date:"": ""May 2003"", ""Publisher:"": ""Rodale Books"", ""Length:"": ""46 Pages"", ""Weight:"": ""1.05 lbs."", ""Dimensions:"": ""0.9\"" x 4.8\"" x 8.4\""""}",https://i.thriftbooks.com/api/imagehandler/m/9634807457E025E6A87308A2100B5A28B2B05A45.jpeg
The Heart of Dixie Glove Box Guide to Bar-B-Que: The Complete Statewide Guide to Bar-B-Que in Alabama,Bbq Digest,"{""Format:"": ""Paperback"", ""Language:"": ""English"", ""ISBN:"": ""1563523744"", ""ISBN13:"": ""9781563523748"", ""Release Date:"": ""January 1997"", ""Publisher:"": ""Longstreet Press"", ""Length:"": ""163 Pages"", ""Weight:"": ""0.50 lbs."", ""Dimensions:"": ""0.5\"" x 5.5\"" x 8.4\""""}",https://i.thriftbooks.com/api/imagehandler/m/3C013A440DDDD90FBABF94A9C2303C1C56BA7EAC.jpeg
"Barbecues & Outdoor Kitchens: Fresh Design for Patio Living, Complete Guide to Construction, Simple Grills and Gourmet Kitchens",Sunset Magazines & Books,"{""Format:"": ""Paperback"", ""Language:"": ""English"", ""ISBN:"": ""0376010444"", ""ISBN13:"": ""9780376010445"", ""Release Date:"": ""January 2006"", ""Publisher:"": ""Sunset"", ""Length:"": ""160 Pages"", ""Weight:"": ""1.20 lbs."", ""Dimensions:"": ""0.3\"" x 8.4\"" x 10.8\""""}",https://i.thriftbooks.com/api/imagehandler/m/AC5687D11A6EBE0F105D9CFACCDD196D5196A781.jpeg
Kill It & Grill It: A Guide to Preparing and Cooking Wild Game and Fish,Shemane Nugent,"{""Format:"": ""Hardcover"", ""Language:"": ""English"", ""ISBN:"": ""0895261642"", ""ISBN13:"": ""9780895261649"", ""Release Date:"": ""May 2002"", ""Publisher:"": ""Regnery Publishing"", ""Length:"": ""203 Pages"", ""Weight:"": ""1.24 lbs."", ""Dimensions:"": ""0.8\"" x 7.3\"" x 9.2\""""}",https://i.thriftbooks.com/api/imagehandler/m/364CB9A2CD07C75DD55CCAD59A74F169AE35A358.jpeg
Cooking Aboard Your RV: Good Food in Less Time-More Than 300 Recipes and Tips,Janet Groene,"{""Format:"": ""Paperback"", ""Language:"": ""English"", ""ISBN:"": ""0071432396"", ""ISBN13:"": ""9780071432399"", ""Release Date:"": ""March 2004"", ""Publisher:"": ""Ragged Mountain Press"", ""Length:"": ""216 Pages"", ""Weight:"": ""0.70 lbs."", ""Dimensions:"": ""0.7\"" x 6.0\"" x 9.0\""""}",https://i.thriftbooks.com/api/imagehandler/m/0441E01BF0417F4CAC1F43B4FB049EA678F0BECF.jpeg
Food Around the World: A Cultural Perspective,Margaret McWilliams,"{""Format:"": ""Hardcover"", ""Language:"": ""English"", ""ISBN:"": ""0131936395"", ""ISBN13:"": ""9780131936393"", ""Release Date:"": ""January 2006"", ""Publisher:"": ""Prentice Hall"", ""Length:"": ""486 Pages"", ""Weight:"": ""0.50 lbs."", ""Dimensions:"": ""1.1\"" x 8.4\"" x 11.2\""""}",https://i.thriftbooks.com/api/imagehandler/m/6F8DC32D73C367A042094F0BE5C6ABE61209B2B7.jpeg
Kingsford Complete Grilling Cookbook,Kingsford Charcoal,"{"""": """"}",https://i.thriftbooks.com/api/imagehandler/m/B8A5D7A63B1408E0F0FFB16B6DDE4AAF7ED53FA7.jpeg
Semi-Homemade Grilling,Sandra Lee,"{"""": """"}",https://i.thriftbooks.com/api/imagehandler/m/B68CAE9305BEA0397431E4C8CDD0C9A899DDDA94.jpeg
"Wicked Good Barbecue: Fearless Recipes from Two Damn Yankees Who Have Won the Biggest, Baddest BBQ Competition in the World",Andy Husbands,"{""Format:"": ""Paperback"", ""Language:"": ""English"", ""ISBN:"": ""1592334997"", ""ISBN13:"": ""9781592334995"", ""Release Date:"": ""March 2012"", ""Publisher:"": ""Fair Winds Press (MA)"", ""Length:"": ""224 Pages"", ""Weight:"": ""2.25 lbs."", ""Dimensions:"": ""0.7\"" x 7.9\"" x 9.1\""""}",https://i.thriftbooks.com/api/imagehandler/m/7FAFAC2C426F5414E88CBD052913FF9E9A28C7F8.jpeg
Dr. BBQ's Big-Time Barbecue Cookbook: A Real Barbecue Champion Brings the Tasty Recipes and Juicy Stories of the Barbecue Circuit to Your Backyard,Ray Lampe,"{""Format:"": ""Paperback"", ""Language:"": ""English"", ""ISBN:"": ""0312339798"", ""ISBN13:"": ""9780312339791"", ""Release Date:"": ""May 2005"", ""Publisher:"": ""St. Martins Press-3PL"", ""Length:"": ""320 Pages"", ""Weight:"": ""1.43 lbs."", ""Dimensions:"": ""0.9\"" x 7.5\"" x 9.1\""""}",https://i.thriftbooks.com/api/imagehandler/m/39B3BDB3F26EA203DF008774738196F80E8F6E00.jpeg
Gas Grill Cookbook,Better Homes and Gardens,"{""Format:"": ""Hardcover"", ""Language:"": ""English"", ""ISBN:"": ""0696211831"", ""ISBN13:"": ""9780696211836"", ""Release Date:"": ""March 2001"", ""Publisher:"": ""Better Homes and Gardens Books"", ""Length:"": ""96 Pages"", ""Weight:"": ""1.40 lbs."", ""Dimensions:"": ""1.0\"" x 9.2\"" x 9.8\""""}",https://i.thriftbooks.com/api/imagehandler/m/56FD7332CB7A6BF7CADC724F2400DAA50CEC0BE0.jpeg
The Stubb's Bar-B-Q Cookbook,Kate Heyhoe,"{"""": """"}",https://i.thriftbooks.com/api/imagehandler/m/4D7639216B8E0676A0E2C6531E069C87B46F7EBD.jpeg
"J. R.'s Cookbook: True Ringside Tales, BBQ, and Down-Home Recipies",James William Ross,"{""Format:"": ""Hardcover"", ""Language:"": ""English"", ""ISBN:"": ""0743465040"", ""ISBN13:"": ""9780743465045"", ""Release Date:"": ""June 2003"", ""Publisher:"": ""World Wrestling Entertainment Books"", ""Length:"": ""306 Pages"", ""Weight:"": ""1.86 lbs."", ""Dimensions:"": ""1.0\"" x 7.7\"" x 9.4\""""}",https://i.thriftbooks.com/api/imagehandler/m/1C1F377473515512137129598420C23F9EC29E41.jpeg
"New Vegetarian Grill: 250 Flame-Kissed Recipes for Fresh, Inspired Meals",Andrea Chesman,"{""Format:"": ""Paperback"", ""Language:"": ""English"", ""ISBN:"": ""1558323627"", ""ISBN13:"": ""9781558323629"", ""Release Date:"": ""March 2008"", ""Publisher:"": ""Harvard Common Press"", ""Length:"": ""352 Pages"", ""Weight:"": ""1.45 lbs."", ""Dimensions:"": ""1.0\"" x 7.3\"" x 9.3\""""}",https://i.thriftbooks.com/api/imagehandler/m/91951F3AFCC527BB47C01B1138425D97878AF803.jpeg
Sam the Cooking Guy: Just Grill This!,Sam Zien,"{"""": """"}",https://i.thriftbooks.com/api/imagehandler/m/3B4C783E641B7572774F329BDA5624C5E91818B6.jpeg
"America's Best BBQ: 100 Recipes from America's Best Smokehouses, Pits, Shacks, Rib Joints, Roadhouses, and Restaurants",Ardie A. Davis,"{""Format:"": ""Paperback"", ""Language:"": ""English"", ""ISBN:"": ""0740778110"", ""ISBN13:"": ""9780740778117"", ""Release Date:"": ""May 2009"", ""Publisher:"": ""Andrews McMeel Publishing"", ""Length:"": ""240 Pages"", ""Weight:"": ""1.85 lbs."", ""Dimensions:"": ""0.7\"" x 8.0\"" x 9.9\""""}",https://i.thriftbooks.com/api/imagehandler/m/E93A94E0F9920A93AE014B3AB11DC80A72F21849.jpeg
"Fish & Shellfish, Grilled & Smoked: 300 Foolproof Recipes for Everything from Amberjack to Whitefish, Plus Really Good Rubs, Marvelous Marinades, Sass",Karen Adler,"{""Format:"": ""Paperback"", ""Language:"": ""English"", ""ISBN:"": ""1558321810"", ""ISBN13:"": ""9781558321816"", ""Release Date:"": ""March 2002"", ""Publisher:"": ""Harvard Common Press"", ""Length:"": ""416 Pages"", ""Weight:"": ""1.68 lbs."", ""Dimensions:"": ""1.0\"" x 7.3\"" x 9.1\""""}",https://i.thriftbooks.com/api/imagehandler/m/7015AF34B38C81F00336FB47F0B1330117517C5F.jpeg
The Tex-Mex Grill and Backyard Barbacoa Cookbook: More Than 85 Sizzling Recipes,Robb Walsh,"{"""": """"}",https://i.thriftbooks.com/api/imagehandler/m/DABA09B40E2B1BD16494B1C385FE44959F0413C4.jpeg
John Willingham's World Champion Bar-B-Q: Over 150 Recipes and Tall Tales for Authentic...,John Willingham,"{""Format:"": ""Hardcover"", ""Language:"": ""English"", ""ISBN:"": ""0688132871"", ""ISBN13:"": ""9780688132873"", ""Release Date:"": ""May 1996"", ""Publisher:"": ""William Morrow & Company"", ""Length:"": ""256 Pages"", ""Weight:"": ""1.45 lbs."", ""Dimensions:"": ""0.9\"" x 7.7\"" x 9.5\""""}",https://i.thriftbooks.com/api/imagehandler/m/49DC4404959C64C4A1490503E109FA9B4CB6A9DE.jpeg
Sunset Barbecue Cook Book,Sunset Magazines & Books,"{""Format:"": ""Hardcover"", ""Language:"": ""English"", ""ISBN:"": ""0376020776"", ""ISBN13:"": ""9780376020772"", ""Release Date:"": ""January 1979"", ""Publisher:"": ""Sunset Publishing Corporation"", ""Length:"": ""96 Pages"", ""Weight:"": ""0.70 lbs.""}",https://m.media-amazon.com/images/I/51usMTNvb3L._SL350_.jpg
365 Great Barbeque and Grill Anniversary Edition,Lonnie Gandara,"{""Format:"": ""Hardcover"", ""Language:"": ""English"", ""ISBN:"": ""0060186569"", ""ISBN13:"": ""9780060186562"", ""Release Date:"": ""April 1996"", ""Publisher:"": ""William Morrow & Company"", ""Length:"": ""224 Pages"", ""Weight:"": ""0.05 lbs."", ""Dimensions:"": ""0.8\"" x 6.0\"" x 9.0\""""}",https://i.thriftbooks.com/api/imagehandler/m/3DC32B633F4792352A0196A4934F7AA40D3F4550.jpeg
The Indoor Grilling Cookbook: 100 Great Recipes for Electric and Stovetop Grills,Julie Stillman,"{"""": """"}",https://m.media-amazon.com/images/I/51EJMSZXDBL._SL350_.jpg
"3 in 1 Old-Fashioned Cookies, Country Casseroles, Grilling & More",Debbie Mumm,"{"""": """"}",https://i.thriftbooks.com/api/imagehandler/m/86C6E1A6D7FA1AF22B60C508693DA756DAD223F6.jpeg
Low & Slow: Master the Art of Barbecue in 5 Easy Lessons,Gary Wiviott,"{""Format:"": ""Paperback"", ""Language:"": ""English"", ""ISBN:"": ""0762436093"", ""ISBN13:"": ""9780762436095"", ""Release Date:"": ""April 2009"", ""Publisher:"": ""Running Press Adult"", ""Length:"": ""256 Pages"", ""Weight:"": ""1.15 lbs."", ""Dimensions:"": ""0.7\"" x 7.9\"" x 9.9\""""}",https://i.thriftbooks.com/api/imagehandler/m/D5862C493B04A93A2AEAA359EBD829134B27C539.jpeg
Reata: Legendary Texas Cuisine,Julie Hatch,"{"""": """"}",https://i.thriftbooks.com/api/imagehandler/m/4F6521E7F982A54E6353CFE05CC42437D6DF6B64.jpeg
The Low-Carb Barbecue Book: Over 200 Recipes for the Grill and Picnic Table,Dana Carpender,"{""Format:"": ""Paperback"", ""Language:"": ""English"", ""ISBN:"": ""159233055X"", ""ISBN13:"": ""9781592330553"", ""Release Date:"": ""April 2004"", ""Publisher:"": ""Fair Winds Press (MA)"", ""Length:"": ""254 Pages"", ""Weight:"": ""1.05 lbs."", ""Dimensions:"": ""0.8\"" x 7.6\"" x 9.3\""""}",https://i.thriftbooks.com/api/imagehandler/m/694AEB239FFEC4D30987D23DCBABCD7893674B27.jpeg
500 Barbecue Dishes: The Only Barbecue Compendium You'll Ever Need,Paul Kirk,"{"""": """"}",https://i.thriftbooks.com/api/imagehandler/m/B996887A1A0FEB3CAB9E316378101E4F54502356.jpeg
The Best Grill Pan Cookbook Ever,Marge Poore,"{"""": """"}",https://i.thriftbooks.com/api/imagehandler/m/7E66A60B168AC3038F49210A87B16DE9A21649F1.jpeg
Weber's Art of the Grill: Recipes for Outdoor Living,Jamie Purviance,"{""Format:"": ""Hardcover"", ""Language:"": ""English"", ""ISBN:"": ""0811824195"", ""ISBN13:"": ""9780811824194"", ""Release Date:"": ""March 1999"", ""Publisher:"": ""Chronicle Books (CA)"", ""Length:"": ""208 Pages"", ""Weight:"": ""2.70 lbs."", ""Dimensions:"": ""1.1\"" x 9.4\"" x 10.3\""""}",https://i.thriftbooks.com/api/imagehandler/m/B8EEFAA228FE848AEEC059010D7FE534D31A92B4.jpeg
North Carolina Barbecue: Flavored by Time,Bob Garner,"{""Format:"": ""Hardcover"", ""Language:"": ""English"", ""ISBN:"": ""0895871521"", ""ISBN13:"": ""9780895871527"", ""Release Date:"": ""January 1996"", ""Publisher:"": ""John F. Blair, Publisher"", ""Length:"": ""160 Pages"", ""Weight:"": ""1.10 lbs."", ""Dimensions:"": ""0.8\"" x 7.8\"" x 8.8\""""}",https://i.thriftbooks.com/api/imagehandler/m/8E8EC883C1C3D4C57FDB8E0A2A61144875E7B61C.jpeg
License to Grill: Achieve Greatness at the Grill with 200 Sizzling Recipes,Chris Schlesinger,"{""Format:"": ""Hardcover"", ""Language:"": ""English"", ""ISBN:"": ""0688139434"", ""ISBN13:"": ""9780688139438"", ""Release Date:"": ""May 1997"", ""Publisher:"": ""William Morrow & Company"", ""Length:"": ""416 Pages"", ""Weight:"": ""2.10 lbs."", ""Dimensions:"": ""1.3\"" x 7.4\"" x 10.3\""""}",https://i.thriftbooks.com/api/imagehandler/m/AE0DE3D73B7C7FA600B5920615977891BEFEF84D.jpeg
The Retro Barbecue: Tasty Recipes for the Grillin' Guy,Linda Everett,"{""Format:"": ""Hardcover"", ""Language:"": ""English"", ""ISBN:"": ""1888054638"", ""ISBN13:"": ""9781888054637"", ""Release Date:"": ""March 2002"", ""Publisher:"": ""Collectors Press"", ""Length:"": ""128 Pages"", ""Weight:"": ""1.30 lbs."", ""Dimensions:"": ""0.6\"" x 8.7\"" x 8.2\""""}",https://i.thriftbooks.com/api/imagehandler/m/96E5BB19F28717C453547CF950CBE280F0290696.jpeg
Complete Grilling Cookbook,Noel Barnhurst,"{"""": """"}",https://i.thriftbooks.com/api/imagehandler/m/913D9067A7CBCDCC0F15E8C8285D3ECDA6FE2002.jpeg
How to Cook Meat,Chris Schlesinger,"{""Format:"": ""Hardcover"", ""Language:"": ""English"", ""ISBN:"": ""0688161995"", ""ISBN13:"": ""9780688161996"", ""Release Date:"": ""November 2000"", ""Publisher:"": ""William Morrow & Company"", ""Length:"": ""466 Pages"", ""Weight:"": ""3.18 lbs."", ""Dimensions:"": ""1.5\"" x 8.4\"" x 10.3\""""}",https://i.thriftbooks.com/api/imagehandler/m/2E833794A6698D5243A85CFF0697015D9B38C1D8.jpeg
Indoor Grilling for Dummies,Tere Stouffer Drenth,"{""Format:"": ""Paperback"", ""Language:"": ""English"", ""ISBN:"": ""0764553623"", ""ISBN13:"": ""9780764553622"", ""Release Date:"": ""April 2001"", ""Publisher:"": ""For Dummies"", ""Length:"": ""272 Pages"", ""Weight:"": ""1.20 lbs."", ""Dimensions:"": ""0.7\"" x 7.4\"" x 9.2\""""}",https://i.thriftbooks.com/api/imagehandler/m/47A8821B63883DB054A79CF1ECCD6A54DBCB89DB.jpeg
"The Deen Bros. Get Fired Up: Grilling, Tailgating, Picnicking, and More: A Cookbook",Jamie Deen,"{""Format:"": ""Hardcover"", ""Language:"": ""English"", ""ISBN:"": ""0345513630"", ""ISBN13:"": ""9780345513632"", ""Release Date:"": ""April 2011"", ""Publisher:"": ""Ballantine Books"", ""Length:"": ""208 Pages"", ""Weight:"": ""1.80 lbs."", ""Dimensions:"": ""1.0\"" x 7.4\"" x 9.2\""""}",https://i.thriftbooks.com/api/imagehandler/m/887CBB530A71D659EE1BB655E7598FFB040F9094.jpeg
The NFL Gameday Cookbook: 150 Recipes to Feed the Hungriest Fan from Preseason to the Super Bowl,Ray Lampe,"{""Format:"": ""Paperback"", ""Language:"": ""English"", ""ISBN:"": ""0811863956"", ""ISBN13:"": ""9780811863957"", ""Release Date:"": ""July 2008"", ""Publisher:"": ""Chronicle Books"", ""Length:"": ""240 Pages"", ""Weight:"": ""2.83 lbs."", ""Dimensions:"": ""0.9\"" x 9.0\"" x 10.9\""""}",https://i.thriftbooks.com/api/imagehandler/m/1F403311C1116991F4C936D611C5EF8700B030D9.jpeg
"Ribs, Chops, Steaks, & Wings",Ray Lampe,"{""Format:"": ""Hardcover"", ""Language:"": ""English"", ""ISBN:"": ""0811868265"", ""Release Date:"": ""March 2010"", ""Publisher:"": ""Chronicle Books"", ""Length:"": ""132 Pages"", ""Weight:"": ""1.55 lbs."", ""Dimensions:"": ""8.4\"" x 0.8\"" x 9.3\""""}",https://m.media-amazon.com/images/I/51vEVs03t2L._SL350_.jpg
"Dr. BBQ's ""Barbecue All Year Long!"" Cookbook",Ray Lampe,"{""Format:"": ""Paperback"", ""Language:"": ""English"", ""ISBN:"": ""0312349572"", ""Release Date:"": ""May 2006"", ""Publisher:"": ""St. Martin's Griffin"", ""Length:"": ""320 Pages"", ""Weight:"": ""1.42 lbs."", ""Dimensions:"": ""9.3\"" x 0.7\"" x 7.5\""""}",https://m.media-amazon.com/images/I/51S3YMQZsCL._SL350_.jpg
Williams-Sonoma on the Grill: Adventures in Fire and Smoke,Willie Cooper,"{"""": """"}",https://i.thriftbooks.com/api/imagehandler/m/673FB1DFDA1D597996DD0BAC31E37FDD3608E508.jpeg
Mastering the Grill: The Owner's Manual for Outdoor Cooking,Andrew Schloss,"{""Format:"": ""Paperback"", ""Language:"": ""English"", ""ISBN:"": ""0811849643"", ""ISBN13:"": ""9780811849647"", ""Release Date:"": ""April 2007"", ""Publisher:"": ""Chronicle Books"", ""Length:"": ""416 Pages"", ""Weight:"": ""4.25 lbs."", ""Dimensions:"": ""1.2\"" x 9.0\"" x 11.1\""""}",https://i.thriftbooks.com/api/imagehandler/m/0B29DADFE59F8E621C6DA5320A475B2E934AF84C.jpeg
Napoleon's Everyday Gourmet Grilling,Ted Reader,"{""Format:"": ""Hardcover"", ""Language:"": ""English"", ""ISBN:"": ""1554700035"", ""ISBN13:"": ""9781554700035"", ""Release Date:"": ""January 2008"", ""Publisher:"": ""Key Porter Books"", ""Length:"": ""296 Pages"", ""Weight:"": ""3.45 lbs."", ""Dimensions:"": ""1.2\"" x 9.3\"" x 10.3\""""}",https://i.thriftbooks.com/api/imagehandler/m/0995824FD0832A7441D52B21716F15C6EB177D22.jpeg
Sublime Smoke: Bold New Flavors Inspired by the Old Art of Barbecue,Cheryl Alters Jamison,"{""Format:"": ""Paperback"", ""Language:"": ""English"", ""ISBN:"": ""1558322922"", ""ISBN13:"": ""9781558322929"", ""Release Date:"": ""February 2004"", ""Publisher:"": ""Harvard Common Press"", ""Length:"": ""392 Pages"", ""Weight:"": ""1.60 lbs."", ""Dimensions:"": ""1.2\"" x 7.2\"" x 9.2\""""}",https://i.thriftbooks.com/api/imagehandler/m/952172685DE392AD4313B1CC9A012A7037C650B4.jpeg
Holy Smoke: The Big Book of North Carolina Barbecue,John Shelton Reed,"{""Format:"": ""Hardcover"", ""Language:"": ""English"", ""ISBN:"": ""080783243X"", ""ISBN13:"": ""9780807832431"", ""Release Date:"": ""November 2008"", ""Publisher:"": ""University of North Carolina Press"", ""Length:"": ""328 Pages"", ""Weight:"": ""1.92 lbs."", ""Dimensions:"": ""1.0\"" x 7.0\"" x 9.5\""""}",https://i.thriftbooks.com/api/imagehandler/m/58D4BF594AE223AF5B494F3207AA9054460488CA.jpeg
Williams Sonoma Grill Master The Ultimate Arsenal of Back to Basics Recipes for the Grill,Fred Thompson,"{""Format:"": ""Hardcover"", ""Language:"": ""English"", ""ISBN:"": ""1616280581"", ""ISBN13:"": ""9781616280581"", ""Release Date:"": ""January 2011"", ""Publisher:"": ""WeldonOwen"", ""Length:"": ""223 Pages"", ""Weight:"": ""3.10 lbs.""}",https://m.media-amazon.com/images/I/31eayjEdtTL._SL350_.jpg
The Gardener & the Grill: The Bounty of the Garden Meets the Sizzle of the Grill,Judith M. Fertig,"{"""": """"}",https://i.thriftbooks.com/api/imagehandler/m/75065AA1A64C79BD849BA309B9EDAA0D32A999C1.jpeg
The Best Recipe: Grilling & Barbecue,Cook's Illustrated,"{"""": """"}",https://i.thriftbooks.com/api/imagehandler/m/705698D480D04DA344E7E750B2215430B081AA02.jpeg
Morton's Steak Bible: Recipes and Lore from the Legendary Steakhouse,Klaus Fritsch,"{""Format:"": ""Hardcover"", ""Language:"": ""English"", ""ISBN:"": ""1400097940"", ""ISBN13:"": ""9781400097944"", ""Release Date:"": ""May 2006"", ""Publisher:"": ""Clarkson Potter Publishers"", ""Length:"": ""240 Pages"", ""Weight:"": ""2.50 lbs."", ""Dimensions:"": ""0.9\"" x 8.4\"" x 10.2\""""}",https://i.thriftbooks.com/api/imagehandler/m/A9081C99CC37E1A83AFD1C2C28EE7D65D0DDAB09.jpeg
"Paul Kirk's Championship Barbecue Sauces: 175 Make-Your-Own Sauces, Marinades, Dry Rubs, Wet Rubs, Mops and Salsas",Paul Kirk,"{""Format:"": ""Paperback"", ""Language:"": ""English"", ""ISBN:"": ""155832125X"", ""Release Date:"": ""December 1997"", ""Publisher:"": ""Harvard Common Press"", ""Length:"": ""272 Pages"", ""Weight:"": ""0.80 lbs."", ""Dimensions:"": ""8.5\"" x 0.6\"" x 5.0\""""}",https://m.media-amazon.com/images/I/51nKBT7avUL._SL350_.jpg
"Serious Barbecue: Smoke, Char, Baste, and Brush Your Way to Great Outdoor Cooking",Adam Perry Lang,"{""Format:"": ""Hardcover"", ""Language:"": ""English"", ""ISBN:"": ""1401323065"", ""Release Date:"": ""May 2009"", ""Publisher:"": ""Hyperion"", ""Length:"": ""400 Pages"", ""Weight:"": ""1.74 lbs."", ""Dimensions:"": ""9.7\"" x 7.4\""""}",https://m.media-amazon.com/images/I/51BlB+I7A8L._SL350_.jpg
"Peace, Love & Barbecue: Recipes, Secrets, Tall Tales, and Outright Lies from the Legends of Barbecue: A Cookbook",Amy Mills Tunnicliffe,"{""Format:"": ""Paperback"", ""Language:"": ""English"", ""ISBN:"": ""1594861099"", ""Release Date:"": ""May 2005"", ""Publisher:"": ""Rodale Books"", ""Length:"": ""360 Pages"", ""Weight:"": ""1.85 lbs."", ""Dimensions:"": ""10.0\"" x 0.9\"" x 8.0\""""}",https://m.media-amazon.com/images/I/51E0HaXz6jL._SL350_.jpg
Weber's Real Grilling: Over 200 Original Recipes,Jamie Purviance,"{""Format:"": ""Paperback"", ""Language:"": ""English"", ""ISBN:"": ""0376020466"", ""ISBN13:"": ""9780376020468"", ""Release Date:"": ""January 2005"", ""Publisher:"": ""Oxmoor House"", ""Length:"": ""304 Pages"", ""Weight:"": ""3.45 lbs."", ""Dimensions:"": ""0.9\"" x 9.0\"" x 11.4\""""}",https://i.thriftbooks.com/api/imagehandler/m/D21BE673EE4D43FBEB5DE2E18E742226F23C299B.jpeg
Paul Kirk's Championship Barbecue: BBQ Your Way to Greatness with 575 Lip-Smackin' Recipes from the Baron of Barbecue,Paul Kirk,"{""Format:"": ""Paperback"", ""Language:"": ""English"", ""ISBN:"": ""1558322426"", ""ISBN13:"": ""9781558322424"", ""Release Date:"": ""March 2004"", ""Publisher:"": ""Harvard Common Press"", ""Length:"": ""470 Pages"", ""Weight:"": ""2.35 lbs."", ""Dimensions:"": ""1.2\"" x 7.9\"" x 9.2\""""}",https://i.thriftbooks.com/api/imagehandler/m/82BEE638A12AA3FAEC33A09FEEE6D765C139834F.jpeg
The Big Book of BBQ: Recipes and Revelations from the Barbecue Belt,Southern Living Inc.,"{""Format:"": ""Paperback"", ""Language:"": ""English"", ""ISBN:"": ""0848733320"", ""ISBN13:"": ""9780848733322"", ""Release Date:"": ""January 2010"", ""Publisher:"": ""Southern Living"", ""Length:"": ""288 Pages"", ""Weight:"": ""2.50 lbs."", ""Dimensions:"": ""0.9\"" x 9.0\"" x 10.1\""""}",https://i.thriftbooks.com/api/imagehandler/m/B3D1C6F8F82060DDC0D1C3301377C79B5F49C51C.jpeg
125 Best Indoor Grill Recipes,Ilana Simon,"{""Format:"": ""Paperback"", ""Language:"": ""English"", ""ISBN:"": ""0778801020"", ""ISBN13:"": ""9780778801023"", ""Release Date:"": ""September 2004"", ""Publisher:"": ""Robert Rose"", ""Length:"": ""192 Pages"", ""Weight:"": ""0.90 lbs."", ""Dimensions:"": ""0.6\"" x 7.1\"" x 10.0\""""}",https://i.thriftbooks.com/api/imagehandler/m/3C7084D2954FFB7771E3272F011E925EE91EA1CB.jpeg
Get Smokin': 190 Award-Winning Smoker Oven Recipes,Cookshack,"{""Format:"": ""Paperback"", ""Language:"": ""English"", ""ISBN:"": ""0762410078"", ""ISBN13:"": ""9780762410071"", ""Release Date:"": ""March 2001"", ""Publisher:"": ""Running Press Adult"", ""Length:"": ""192 Pages"", ""Weight:"": ""1.00 lbs."", ""Dimensions:"": ""0.5\"" x 7.9\"" x 9.9\""""}",https://i.thriftbooks.com/api/imagehandler/m/DF0B7801C9253ADE9E1182BD60B671FEFA08ED57.jpeg
Italian Grill,Judith Sutton,"{""Format:"": ""Hardcover"", ""Language:"": ""English"", ""ISBN:"": ""0061450979"", ""ISBN13:"": ""9780061450976"", ""Release Date:"": ""April 2008"", ""Publisher:"": ""Ecco Press"", ""Length:"": ""256 Pages"", ""Weight:"": ""1.95 lbs."", ""Dimensions:"": ""1.0\"" x 7.6\"" x 9.4\""""}",https://i.thriftbooks.com/api/imagehandler/m/ED80FEE12438D8831E4980F80D97CCBC08FA3FA4.jpeg
Emeril at the Grill: A Cookbook for All Seasons,Emeril Lagasse,"{""Format:"": ""Paperback"", ""Language:"": ""English"", ""ISBN:"": ""0061742740"", ""ISBN13:"": ""9780061742743"", ""Release Date:"": ""April 2009"", ""Publisher:"": ""William Morrow & Company"", ""Length:"": ""272 Pages"", ""Weight:"": ""1.55 lbs."", ""Dimensions:"": ""0.8\"" x 7.0\"" x 9.0\""""}",https://i.thriftbooks.com/api/imagehandler/m/617F7DEAFF3CAD624FEE2E26DAE7CDC68D5FE2F6.jpeg
Beer-Can Chicken: And 74 Other Offbeat Recipes for the Grill,Steven Raichlen,"{""Format:"": ""Paperback"", ""Language:"": ""English"", ""ISBN:"": ""0761120165"", ""ISBN13:"": ""9780761120162"", ""Release Date:"": ""May 2002"", ""Publisher:"": ""Workman Publishing"", ""Length:"": ""326 Pages"", ""Weight:"": ""0.75 lbs."", ""Dimensions:"": ""0.9\"" x 4.8\"" x 9.0\""""}",https://i.thriftbooks.com/api/imagehandler/m/277EE06D9FF06D3331BA5B720C2CC9A35E3AAB06.jpeg
"Asian Grilling: 85kebabs, Skewers, Satays and Other Asian-Inspired Recipes for Your Barbecue",Su-Mei Yu,"{""Format:"": ""Hardcover"", ""Language:"": ""English"", ""ISBN:"": ""0066211190"", ""ISBN13:"": ""9780066211190"", ""Release Date:"": ""June 2002"", ""Publisher:"": ""William Morrow & Company"", ""Length:"": ""176 Pages"", ""Weight:"": ""1.80 lbs."", ""Dimensions:"": ""0.8\"" x 8.5\"" x 9.4\""""}",https://i.thriftbooks.com/api/imagehandler/m/FDAD1E1ED3CD93CB2DC10A60B09C9C2CA2D9B14A.jpeg
"Wood-Fired Cooking: Techniques and Recipes for the Grill, Backyard Oven, Fireplace, and Campfire [A Cookbook]",Mary Karlin,"{""Format:"": ""Hardcover"", ""Language:"": ""English"", ""ISBN:"": ""1580089453"", ""ISBN13:"": ""9781580089456"", ""Release Date:"": ""February 2009"", ""Publisher:"": ""Ten Speed Press"", ""Length:"": ""208 Pages"", ""Weight:"": ""2.00 lbs."", ""Dimensions:"": ""0.8\"" x 8.6\"" x 9.1\""""}",https://i.thriftbooks.com/api/imagehandler/m/E0399070BBAE475E496080483E5BCFB9F039C8D2.jpeg
"BBQ Sauces, Rubs and Marinades for Dummies",Traci Cumbay,"{""Format:"": ""Paperback"", ""Language:"": ""English"", ""ISBN:"": ""0470199148"", ""ISBN13:"": ""9780470199145"", ""Release Date:"": ""March 2008"", ""Publisher:"": ""For Dummies"", ""Length:"": ""264 Pages"", ""Weight:"": ""0.75 lbs."", ""Dimensions:"": ""0.6\"" x 5.7\"" x 8.4\""""}",https://i.thriftbooks.com/api/imagehandler/m/B1245A24891373AE459F8970F87F44231B4D0F5E.jpeg
Bobby Flay's Boy Gets Grill: 125 Reasons to Light Your Fire!,Bobby Flay,"{""Format:"": ""Hardcover"", ""Language:"": ""English"", ""ISBN:"": ""0743254813"", ""ISBN13:"": ""9780743254816"", ""Release Date:"": ""May 2004"", ""Publisher:"": ""Scribner Book Company"", ""Length:"": ""320 Pages"", ""Weight:"": ""2.10 lbs."", ""Dimensions:"": ""1.1\"" x 8.4\"" x 9.4\""""}",https://i.thriftbooks.com/api/imagehandler/m/83F2A75E28EF99F4CFCFE820D7D88BDBE16FA26A.jpeg
Taste of Home Grill It!: 343 Recipes and Secrets for Flame-Broiled Success,Taste of Home,"{"""": """"}",https://i.thriftbooks.com/api/imagehandler/m/8D33B9A77435CCC445CCFBC7CF49ADB6D10FA34E.jpeg
The Kansas City Barbeque Society Cookbook,The Kansas City Barbeque Society,"{""Format:"": ""Spiral-bound"", ""Language:"": ""English"", ""ISBN:"": ""0964917602"", ""ISBN13:"": ""9780964917606"", ""Release Date:"": ""July 1997"", ""Publisher:"": ""Kansas City Barbeque Society"", ""Length:"": ""224 Pages"", ""Weight:"": ""1.20 lbs."", ""Dimensions:"": ""0.9\"" x 7.0\"" x 9.3\""""}",https://i.thriftbooks.com/api/imagehandler/m/455AB8858D293A723800741AC742A954F3BFCCBD.jpeg
"Steaks, Chops, Roasts and Ribs",Unknown,"{""Format:"": ""Hardcover"", ""Language:"": ""English"", ""ISBN:"": ""0936184787"", ""ISBN13:"": ""9780936184784"", ""Release Date:"": ""January 2004"", ""Publisher:"": ""America's Test Kitchen"", ""Length:"": ""433 Pages"", ""Weight:"": ""3.20 lbs."", ""Dimensions:"": ""1.3\"" x 8.5\"" x 11.2\""""}",https://i.thriftbooks.com/api/imagehandler/m/753AD6716916C0BDCA0FDBAB54BD97465EB3C5E6.jpeg
Big Green Egg Cookbook: Celebrating the Ultimate Cooking Experience (Volume 1),Big Green Egg,"{""Format:"": ""Hardcover"", ""Language:"": ""English"", ""ISBN:"": ""0740791451"", ""Release Date:"": ""June 2010"", ""Publisher:"": ""Andrews McMeel Publishing"", ""Length:"": ""320 Pages"", ""Weight:"": ""3.83 lbs."", ""Dimensions:"": ""10.8\"" x 1.3\"" x 8.9\""""}",https://m.media-amazon.com/images/I/51oaY9jKAxL._SL350_.jpg
The Cook's Illustrated Guide to Grilling and Barbecue,John Burgoyne,"{""Format:"": ""Hardcover"", ""Language:"": ""English"", ""ISBN:"": ""0936184868"", ""ISBN13:"": ""9780936184869"", ""Release Date:"": ""May 2005"", ""Publisher:"": ""America's Test Kitchen"", ""Length:"": ""432 Pages"", ""Weight:"": ""2.99 lbs."", ""Dimensions:"": ""1.4\"" x 8.7\"" x 11.2\""""}",https://i.thriftbooks.com/api/imagehandler/m/AC4E6EE67127F3C6F1096F89F2948A46C9153F5E.jpeg
Bobby Flay's Boy Meets Grill: With More Than 125 Bold New Recipes,Bobby Flay,"{"""": """"}",https://i.thriftbooks.com/api/imagehandler/m/F3A86CC72A3F524DC6AE25DEF246BAAE7AAB1F39.jpeg
Weber's Charcoal Grilling: The Art of Cooking with Live Fire,Jamie Purviance,"{""Format:"": ""Paperback"", ""Language:"": ""English"", ""ISBN:"": ""0376020474"", ""ISBN13:"": ""9780376020475"", ""Release Date:"": ""February 2007"", ""Publisher:"": ""Oxmoor House"", ""Length:"": ""256 Pages"", ""Weight:"": ""2.62 lbs."", ""Dimensions:"": ""0.9\"" x 8.4\"" x 10.8\""""}",https://i.thriftbooks.com/api/imagehandler/m/DDC810EE1C4361061EAD45E2D40AE26C874B733E.jpeg
Weber's Way to Grill: The Step-By-Step Guide to Expert Grilling,Jamie Purviance,"{""Format:"": ""Paperback"", ""Language:"": ""English"", ""ISBN:"": ""0376020598"", ""ISBN13:"": ""9780376020598"", ""Release Date:"": ""March 2009"", ""Publisher:"": ""Harvest Publications"", ""Length:"": ""320 Pages"", ""Weight:"": ""0.05 lbs."", ""Dimensions:"": ""0.7\"" x 8.8\"" x 11.1\""""}",https://i.thriftbooks.com/api/imagehandler/m/462BE936FBCFE8C2D60C2D62A4516A9BFF86F962.jpeg
"Raichlen on Ribs, Ribs, Outrageous Ribs",Steven Raichlen,"{""Format:"": ""Paperback"", ""Language:"": ""English"", ""ISBN:"": ""0761142118"", ""ISBN13:"": ""9780761142119"", ""Release Date:"": ""May 2006"", ""Publisher:"": ""Workman Publishing"", ""Length:"": ""298 Pages"", ""Weight:"": ""0.88 lbs."", ""Dimensions:"": ""0.8\"" x 4.7\"" x 9.0\""""}",https://i.thriftbooks.com/api/imagehandler/m/C78C357471BB9DB206A3CD62089CF7E8F30BFD75.jpeg
Smoking Meat: The Essential Guide to Real Barbecue,Jeff Phillips,"{""Format:"": ""Paperback"", ""Language:"": ""English"", ""ISBN:"": ""1770500383"", ""ISBN13:"": ""9781770500389"", ""Release Date:"": ""April 2012"", ""Publisher:"": ""Whitecap Books"", ""Length:"": ""224 Pages"", ""Weight:"": ""1.75 lbs."", ""Dimensions:"": ""0.8\"" x 8.5\"" x 9.5\""""}",https://i.thriftbooks.com/api/imagehandler/m/501564B3A8F441A0165ACD101163B3203914C27D.jpeg
Dinosaur Bar-B-Que: An American Roadhouse,Nancy Radke,"{""Format:"": ""Hardcover"", ""Language:"": ""English"", ""ISBN:"": ""1580082653"", ""ISBN13:"": ""9781580082655"", ""Release Date:"": ""May 2001"", ""Publisher:"": ""Ten Speed Press"", ""Length:"": ""192 Pages"", ""Weight:"": ""1.05 lbs."", ""Dimensions:"": ""0.8\"" x 8.3\"" x 10.3\""""}",https://i.thriftbooks.com/api/imagehandler/m/DB929777CD9A859EB5AC44B6D8122DB974DDEB6F.jpeg
Seven Fires: Grilling the Argentine Way,Francis Mallmann,"{""Format:"": ""Hardcover"", ""Language:"": ""English"", ""ISBN:"": ""1579653545"", ""ISBN13:"": ""9781579653545"", ""Release Date:"": ""May 2009"", ""Publisher:"": ""Artisan Publishers"", ""Length:"": ""278 Pages"", ""Weight:"": ""2.90 lbs."", ""Dimensions:"": ""1.2\"" x 8.7\"" x 10.0\""""}",https://i.thriftbooks.com/api/imagehandler/m/7C83BB054851D89BD22329E3BF18BD0EC4E87420.jpeg
Planet Barbecue!: An Electrifying Journey Around the World's Barbecue Trail,Steven Raichlen,"{""Format:"": ""Hardcover"", ""Language:"": ""English"", ""ISBN:"": ""0761159193"", ""ISBN13:"": ""9780761159193"", ""Release Date:"": ""May 2010"", ""Publisher:"": ""Workman Publishing"", ""Length:"": ""638 Pages"", ""Weight:"": ""3.45 lbs."", ""Dimensions:"": ""1.5\"" x 8.4\"" x 9.3\""""}",https://i.thriftbooks.com/api/imagehandler/m/EF6AAF648ECC3E387E19A67D5988812D7757056B.jpeg
Pizza on the Grill: 100 Feisty Fire-Roasted Recipes for Pizza & More,Bob Blumer,"{""Format:"": ""Paperback"", ""Language:"": ""English"", ""ISBN:"": ""1600850065"", ""ISBN13:"": ""9781600850066"", ""Release Date:"": ""May 2008"", ""Publisher:"": ""Taunton Press"", ""Length:"": ""160 Pages"", ""Weight:"": ""0.90 lbs."", ""Dimensions:"": ""0.4\"" x 7.0\"" x 9.0\""""}",https://i.thriftbooks.com/api/imagehandler/m/4834189AB327B743EB80524F5A8DEF6392C3A9B3.jpeg
The Thrill of the Grill,Chris Schlesinger,"{""Format:"": ""Hardcover"", ""Language:"": ""English"", ""ISBN:"": ""0688088325"", ""ISBN13:"": ""9780688088323"", ""Release Date:"": ""January 1990"", ""Publisher:"": ""HarperCollins Publishers"", ""Length:"": ""395 Pages"", ""Weight:"": ""2.53 lbs."", ""Dimensions:"": ""1.3\"" x 7.2\"" x 10.3\""""}",https://i.thriftbooks.com/api/imagehandler/m/AB0B6B6719D531667E5815DEEAE53766BC074DB4.jpeg
Jack Daniel's Old Time Barbecue Cookbook,Vince Staten,"{""Format:"": ""Hardcover"", ""Language:"": ""English"", ""ISBN:"": ""096240862X"", ""ISBN13:"": ""9780962408625"", ""Release Date:"": ""March 2001"", ""Publisher:"": ""Howell Press"", ""Length:"": ""191 Pages"", ""Weight:"": ""1.75 lbs."", ""Dimensions:"": ""0.6\"" x 8.4\"" x 9.5\""""}",https://m.media-amazon.com/images/I/41xWMdlt-gL._SL350_.jpg
"George Foreman's Indoor Grilling Made Easy: More Than 100 Simple, Healthy Ways to Feed Family and Friends",Kathryn Kellinger,"{""Format:"": ""Hardcover"", ""Language:"": ""English"", ""ISBN:"": ""0743266749"", ""ISBN13:"": ""9780743266741"", ""Release Date:"": ""November 2004"", ""Publisher:"": ""Simon & Schuster"", ""Length:"": ""240 Pages"", ""Weight:"": ""1.45 lbs."", ""Dimensions:"": ""0.8\"" x 7.6\"" x 9.5\""""}",https://i.thriftbooks.com/api/imagehandler/m/17A65C591FD79EBFAC06D0D8A936A17B38042C1D.jpeg
Grilling: Exciting International Flavors from the World's Premier Culinary College,Culinary Institute of America,"{""Format:"": ""Hardcover"", ""Language:"": ""English"", ""ISBN:"": ""0867309059"", ""ISBN13:"": ""9780867309058"", ""Release Date:"": ""March 2006"", ""Publisher:"": ""Lebhar-Friedman"", ""Length:"": ""229 Pages"", ""Weight:"": ""0.10 lbs."", ""Dimensions:"": ""1.1\"" x 9.4\"" x 10.3\""""}",https://i.thriftbooks.com/api/imagehandler/m/CA139C41CB17123B24DD633DD0DFA07B72D38E1F.jpeg
Grilling for Dummies.,John Mariani,"{""Format:"": ""Paperback"", ""Language:"": ""English"", ""ISBN:"": ""0764550764"", ""ISBN13:"": ""9780764550768"", ""Release Date:"": ""April 1998"", ""Publisher:"": ""For Dummies"", ""Length:"": ""400 Pages"", ""Weight:"": ""1.60 lbs."", ""Dimensions:"": ""1.1\"" x 7.5\"" x 9.3\""""}",https://i.thriftbooks.com/api/imagehandler/m/070E882753FA1006F448B4FAD0EF06FF8C380025.jpeg
Secrets of the South's Best Barbecue,Rebecca Brennan,"{""Format:"": ""Hardcover"", ""Language:"": ""English"", ""ISBN:"": ""0848731190"", ""ISBN13:"": ""9780848731199"", ""Release Date:"": ""January 2006"", ""Publisher:"": ""Oxmoor House"", ""Length:"": ""336 Pages"", ""Weight:"": ""2.90 lbs.""}",https://m.media-amazon.com/images/I/61kV3HPtpRL._SL350_.jpg
Raichlen's Indoor! Grilling,Steven Raichlen,"{""Format:"": ""Hardcover"", ""Language:"": ""English"", ""ISBN:"": ""076113588X"", ""ISBN13:"": ""9780761135883"", ""Release Date:"": ""November 2004"", ""Publisher:"": ""Workman Publishing"", ""Length:"": ""404 Pages"", ""Weight:"": ""1.73 lbs."", ""Dimensions:"": ""1.4\"" x 8.4\"" x 9.5\""""}",https://i.thriftbooks.com/api/imagehandler/m/5A74FBEC6A8059F1829A464F579FC9C6A46EB13F.jpeg
Williams-Sonoma Collection: Grilling,Denis Kelly,"{""Format:"": ""Hardcover"", ""Language:"": ""English"", ""ISBN:"": ""0743226429"", ""ISBN13:"": ""9780743226424"", ""Release Date:"": ""June 2002"", ""Publisher:"": ""Free Press"", ""Length:"": ""120 Pages"", ""Weight:"": ""1.55 lbs."", ""Dimensions:"": ""0.7\"" x 8.7\"" x 9.2\""""}",https://i.thriftbooks.com/api/imagehandler/m/161D95EFE5E85A7D269697CC6C909132E7CC6ECE.jpeg
The Authorized Texas Ranger Cookbook,Johnny Harris,"{""Format:"": ""Spiral-bound"", ""Language:"": ""English"", ""ISBN:"": ""0964161400"", ""ISBN13:"": ""9780964161405"", ""Release Date:"": ""April 1997"", ""Publisher:"": ""Cookbook Resources(TX)"", ""Length:"": ""222 Pages"", ""Weight:"": ""1.28 lbs."", ""Dimensions:"": ""0.9\"" x 7.2\"" x 9.1\""""}",https://i.thriftbooks.com/api/imagehandler/m/DD1A9C9182568AF5F89E0F91F67D8A5345E33482.jpeg
Cornbread Nation 2: The United States of Barbecue,Lolis Eric Elie,"{""Format:"": ""Paperback"", ""Language:"": ""English"", ""ISBN:"": ""0807855561"", ""ISBN13:"": ""9780807855560"", ""Release Date:"": ""October 2004"", ""Publisher:"": ""University of North Carolina Press"", ""Length:"": ""312 Pages"", ""Weight:"": ""0.25 lbs."", ""Dimensions:"": ""0.8\"" x 6.3\"" x 9.2\""""}",https://i.thriftbooks.com/api/imagehandler/m/A305EFC6A58BF5D666162AE2320950DC16A207C7.jpeg
Kabobs: 52 Easy Recipes for Year-Round Grilling,Sally Sampson,"{"""": """"}",https://i.thriftbooks.com/api/imagehandler/m/EEAC22CF6505B5026A8A8AD26915801F1FCB8148.jpeg
"The Asian Grill: Great Recipes, Bold Flavors",Corinne Trang,"{"""": """"}",https://i.thriftbooks.com/api/imagehandler/m/A7141E5F8C036C8041ECFFFA98B079690E07D8B4.jpeg
Island Barbecue: Spirited Recipes from the Caribbean,Dunstan A. Harris,"{""Format:"": ""Hardcover"", ""Language:"": ""English"", ""ISBN:"": ""0811805107"", ""ISBN13:"": ""9780811805100"", ""Release Date:"": ""March 1995"", ""Publisher:"": ""Chronicle Books"", ""Length:"": ""120 Pages"", ""Weight:"": ""1.15 lbs."", ""Dimensions:"": ""0.8\"" x 7.4\"" x 8.3\""""}",https://i.thriftbooks.com/api/imagehandler/m/2743FA14F09D579086189DE7138C94E3C02CAC83.jpeg
Burger Bar: Build Your Own Ultimate Burgers,Hubert Keller,"{"""": """"}",https://i.thriftbooks.com/api/imagehandler/m/CBB901A2F0944F8BE8AC3E26E95DAD758A2419FF.jpeg
The Great Wings Book,Hugh Carpenter,"{""Format:"": ""Spiral-bound"", ""Language:"": ""English"", ""ISBN:"": ""0785828591"", ""ISBN13:"": ""9780785828594"", ""Release Date:"": ""September 2011"", ""Publisher:"": ""Chartwell Books"", ""Length:"": ""136 Pages"", ""Weight:"": ""0.15 lbs."", ""Dimensions:"": ""0.7\"" x 5.4\"" x 10.5\""""}",https://i.thriftbooks.com/api/imagehandler/m/81966DE9BE2FBAEC87B361A2EEF6B67F16A7FC33.jpeg
The Sonoran Grill,Mad Coyote Joe,"{""Format:"": ""Paperback"", ""Language:"": ""English"", ""ISBN:"": ""0873587596"", ""ISBN13:"": ""9780873587594"", ""Release Date:"": ""April 2000"", ""Publisher:"": ""Cooper Square Pub"", ""Length:"": ""144 Pages"", ""Weight:"": ""1.25 lbs."", ""Dimensions:"": ""0.4\"" x 9.0\"" x 9.0\""""}",https://i.thriftbooks.com/api/imagehandler/m/BD15CF7A93CED4ADABB9BE7289FE6A90E015AFB6.jpeg
Cooking with Fire and Smoke,Phillip Stephen Schulz,"{""Format:"": ""Paperback"", ""Language:"": ""English"", ""ISBN:"": ""0671733095"", ""ISBN13:"": ""9780671733094"", ""Release Date:"": ""May 1991"", ""Publisher:"": ""Simon & Schuster"", ""Length:"": ""336 Pages"", ""Weight:"": ""0.90 lbs."", ""Dimensions:"": ""0.8\"" x 6.2\"" x 9.2\""""}",https://i.thriftbooks.com/api/imagehandler/m/C8801858061112E5F14CB8BA4A9E0E21B2329276.jpeg
Char-Broil's America Grills!: 222 Flavorful Recipes That Will Fire Up Your Appetite,Editors of Creative Homeowner,"{""Format:"": ""Paperback"", ""Language:"": ""English"", ""ISBN:"": ""1580115020"", ""ISBN13:"": ""9781580115025"", ""Release Date:"": ""December 2010"", ""Publisher:"": ""Creative Homeowner"", ""Length:"": ""303 Pages"", ""Weight:"": ""3.05 lbs."", ""Dimensions:"": ""0.8\"" x 8.4\"" x 10.8\""""}",https://i.thriftbooks.com/api/imagehandler/m/005CC759B1E886717F1BE25BD1FEF7F18F3CE9CD.jpeg
Born to Grill,Bill Jamison,"{""Format:"": ""Hardcover"", ""Language:"": ""English"", ""ISBN:"": ""155832111X"", ""ISBN13:"": ""9781558321113"", ""Release Date:"": ""January 1998"", ""Publisher:"": ""Harvard Common Press"", ""Length:"": ""500 Pages"", ""Weight:"": ""2.55 lbs."", ""Dimensions:"": ""1.7\"" x 7.7\"" x 9.4\""""}",https://i.thriftbooks.com/api/imagehandler/m/3B8DFC1CA01E98F74EC62B63A06F695BBB446AC2.jpeg
BBQ Makes Everything Better,Aaron Chronister,"{""Format:"": ""Hardcover"", ""Language:"": ""English"", ""ISBN:"": ""143916830X"", ""ISBN13:"": ""9781439168301"", ""Release Date:"": ""May 2010"", ""Publisher:"": ""Scribner Book Company"", ""Length:"": ""235 Pages"", ""Weight:"": ""1.55 lbs."", ""Dimensions:"": ""0.8\"" x 8.3\"" x 9.5\""""}",https://i.thriftbooks.com/api/imagehandler/m/86123801A9818C963D2E82D908B2BDFB1730E9D9.jpeg
"Latin Grilling: Recipes to Share, from Patagonian Asado to Yucatecan Barbecue and More",Lourdes Castro,"{""Format:"": ""Paperback"", ""Language:"": ""English"", ""ISBN:"": ""1607740044"", ""ISBN13:"": ""9781607740049"", ""Release Date:"": ""April 2011"", ""Publisher:"": ""Ten Speed Press"", ""Length:"": ""191 Pages"", ""Weight:"": ""1.35 lbs."", ""Dimensions:"": ""0.6\"" x 7.5\"" x 9.4\""""}",https://i.thriftbooks.com/api/imagehandler/m/9D787F937B8DBBB514FCD9965611A06DCA6B350C.jpeg
Al Roker's Big Bad Book of Barbecue: More Than 125 Recipes for Family Celebrations All Year Long,Al Roker,"{""Format:"": ""Hardcover"", ""Language:"": ""English"", ""ISBN:"": ""0743228642"", ""ISBN13:"": ""9780743228640"", ""Release Date:"": ""May 2002"", ""Publisher:"": ""Scribner Book Company"", ""Length:"": ""206 Pages"", ""Weight:"": ""0.80 lbs."", ""Dimensions:"": ""0.8\"" x 8.3\"" x 9.5\""""}",https://i.thriftbooks.com/api/imagehandler/m/055448169D5E92B8768094A5264AF4E53E5BB9AA.jpeg
The BBQ Queens' Big Book of Barbecue,Judith M. Fertig,"{""Format:"": ""Paperback"", ""Language:"": ""English"", ""ISBN:"": ""1558322973"", ""ISBN13:"": ""9781558322974"", ""Release Date:"": ""March 2005"", ""Publisher:"": ""Harvard Common Press"", ""Length:"": ""463 Pages"", ""Weight:"": ""2.25 lbs."", ""Dimensions:"": ""1.3\"" x 8.0\"" x 9.0\""""}",https://i.thriftbooks.com/api/imagehandler/m/3CD401B5F04B4FE0A25B34FC3E4D2DD28E052BF3.jpeg
Saturday Is Cookouts Softcove,Time-Life Books,"{""Format:"": ""Paperback"", ""Language:"": ""English"", ""ISBN:"": ""0783548257"", ""ISBN13:"": ""9780783548258"", ""Release Date:"": ""June 1996"", ""Publisher:"": ""Time Life Medical"", ""Length:"": ""128 Pages"", ""Weight:"": ""0.65 lbs."", ""Age Range:"": ""12 years and up"", ""Grade Range:"": ""Grade 7 and higher""}",https://m.media-amazon.com/images/I/61+twlUw8TL._SL350_.jpg
Douglas Rodriguez's Latin Flavors on the Grill,Douglas Rodriguez,"{""Format:"": ""Paperback"", ""Language:"": ""English"", ""ISBN:"": ""1580085652"", ""ISBN13:"": ""9781580085656"", ""Release Date:"": ""April 2004"", ""Publisher:"": ""Ten Speed Press"", ""Length:"": ""224 Pages"", ""Weight:"": ""2.05 lbs."", ""Dimensions:"": ""0.6\"" x 8.9\"" x 11.0\""""}",https://i.thriftbooks.com/api/imagehandler/m/1A5948246FF24D6686195F15FB041F87EF34905D.jpeg
The World of Kebabs,Anand Prakash,"{""Format:"": ""Paperback"", ""Language:"": ""English"", ""ISBN:"": ""1552857891"", ""ISBN13:"": ""9781552857892"", ""Release Date:"": ""May 2006"", ""Publisher:"": ""Whitecap Books"", ""Length:"": ""240 Pages"", ""Weight:"": ""1.25 lbs."", ""Dimensions:"": ""0.6\"" x 8.0\"" x 8.9\""""}",https://i.thriftbooks.com/api/imagehandler/m/EDF7AEBDE04238B467AF77B77F6D9F9691A990CF.jpeg
"The Best Barbecue on Earth: Grilling Across 6 Continents and 25 Countries, with 170 Recipes",Rick Browne,"{""Format:"": ""Paperback"", ""Language:"": ""English"", ""ISBN:"": ""1580088759"", ""ISBN13:"": ""9781580088756"", ""Release Date:"": ""May 2008"", ""Publisher:"": ""Ten Speed Press"", ""Length:"": ""254 Pages"", ""Weight:"": ""2.20 lbs."", ""Dimensions:"": ""0.8\"" x 8.1\"" x 10.0\""""}",https://i.thriftbooks.com/api/imagehandler/m/6128B8D2BB8B41CD2DC8BD0C5D1CE9E828A0A9E9.jpeg
Memphis Blues Barbeque House: Bringin' Southern BBQ Home,Park Heffelfinger,"{""Format:"": ""Paperback"", ""Language:"": ""English"", ""ISBN:"": ""1552859142"", ""ISBN13:"": ""9781552859148"", ""Release Date:"": ""April 2008"", ""Publisher:"": ""Whitecap Books"", ""Length:"": ""207 Pages"", ""Weight:"": ""1.60 lbs."", ""Dimensions:"": ""0.5\"" x 8.1\"" x 10.0\""""}",https://i.thriftbooks.com/api/imagehandler/m/A88B0803B142F33C6C268391E36DCCF2BAA1C4E0.jpeg
