Book Name,Authors,Info,Image URL
Running with Scissors: A Memior,Augusten Burroughs,"{""Format:"": ""Paperback"", ""Language:"": ""English"", ""ISBN:"": ""0312938853"", ""ISBN13:"": ""9780312707125"", ""Release Date:"": ""January 2002"", ""Publisher:"": ""St. Martin's Press"", ""Weight:"": ""0.40 lbs.""}",https://i.thriftbooks.com/api/imagehandler/m/7925C20FBE6AE4E50EA7122F4E3B3EA3F59AB532.jpeg
Fun Home: A Family Tragicomic,Alison Bechdel,"{""Format:"": ""Paperback"", ""Language:"": ""English"", ""ISBN:"": ""0618871713"", ""Release Date:"": ""June 2007"", ""Publisher:"": ""Mariner Books Classics"", ""Length:"": ""232 Pages"", ""Weight:"": ""0.85 lbs."", ""Dimensions:"": ""9.0\"" x 0.7\"" x 6.0\""""}",https://m.media-amazon.com/images/I/51NUuPD8T+L._SL350_.jpg
My Own Country: A Doctor's Story,Abraham Verghese,"{""Format:"": ""Paperback"", ""Language:"": ""English"", ""ISBN:"": ""0679752927"", ""ISBN13:"": ""9780679752929"", ""Release Date:"": ""April 1995"", ""Publisher:"": ""Vintage"", ""Length:"": ""448 Pages"", ""Weight:"": ""0.86 lbs."", ""Dimensions:"": ""1.1\"" x 5.2\"" x 8.0\""""}",https://i.thriftbooks.com/api/imagehandler/m/81E7D6998FC4106B8A0D052BC5077950640656A6.jpeg
Before Night Falls: A Memoir,Reinaldo Arenas,"{""Format:"": ""Paperback"", ""Language:"": ""English"", ""ISBN:"": ""0140157654"", ""ISBN13:"": ""9780140157659"", ""Release Date:"": ""October 1994"", ""Publisher:"": ""Penguin Books"", ""Length:"": ""336 Pages"", ""Weight:"": ""0.55 lbs."", ""Dimensions:"": ""0.7\"" x 5.1\"" x 7.8\"""", ""Age Range:"": ""18 years and up"", ""Grade Range:"": ""Postsecondary and higher""}",https://i.thriftbooks.com/api/imagehandler/m/FD6400262DD959692084E580CAA3DCB811CB480D.jpeg
Founding Mothers: The Women Who Raised Our Nation,Cokie Roberts,"{""Format:"": ""Hardcover"", ""Language:"": ""English"", ""ISBN:"": ""0060090251"", ""ISBN13:"": ""9780060090258"", ""Release Date:"": ""April 2004"", ""Publisher:"": ""Harper"", ""Length:"": ""384 Pages"", ""Weight:"": ""0.11 lbs."", ""Dimensions:"": ""1.2\"" x 6.6\"" x 9.0\"""", ""Age Range:"": ""6 to 10 years"", ""Grade Range:"": ""Grades 1 to 5""}",https://i.thriftbooks.com/api/imagehandler/m/6C659513F87F78286BDE143E4EFE3EB32C512F5A.jpeg
Why Be Happy When You Could Be Normal?,Jeanette Winterson,"{""Format:"": ""Hardcover"", ""Language:"": ""English"", ""ISBN:"": ""0802120105"", ""ISBN13:"": ""9780802120106"", ""Release Date:"": ""March 2012"", ""Publisher:"": ""Grove Press"", ""Length:"": ""224 Pages"", ""Weight:"": ""0.90 lbs."", ""Dimensions:"": ""1.0\"" x 5.5\"" x 8.3\""""}",https://i.thriftbooks.com/api/imagehandler/m/8171762CAFDB2EEDF7C200C0DB70F1625B6FA987.jpeg
Bitch: In Praise of Difficult Women,Elizabeth Wurtzel,"{""Format:"": ""Paperback"", ""Language:"": ""English"", ""ISBN:"": ""0385484011"", ""ISBN13:"": ""9780385484015"", ""Release Date:"": ""May 1999"", ""Publisher:"": ""Anchor Books"", ""Length:"": ""448 Pages"", ""Weight:"": ""0.95 lbs."", ""Dimensions:"": ""1.0\"" x 5.2\"" x 8.0\""""}",https://i.thriftbooks.com/api/imagehandler/m/8F535E757B28690927B71EBB054A7DF4F05F88C6.jpeg
Out of a Far Country: A Gay Son's Journey to God. A Broken Mother's Search for Hope.,Christopher Yuan,"{""Format:"": ""Paperback"", ""Language:"": ""English"", ""ISBN:"": ""0307729354"", ""Release Date:"": ""May 2011"", ""Publisher:"": ""WaterBrook"", ""Length:"": ""240 Pages"", ""Weight:"": ""0.42 lbs."", ""Dimensions:"": ""8.0\"" x 0.5\"" x 5.1\""""}",https://m.media-amazon.com/images/I/41dfo+tKWML._SL350_.jpg
The Mayor of Castro Street: The Life & Times of Harvey Milk,Randy Shilts,"{""Format:"": ""Paperback"", ""Language:"": ""English"", ""ISBN:"": ""0312560850"", ""ISBN13:"": ""9780312560850"", ""Release Date:"": ""October 2008"", ""Publisher:"": ""St. Martin's Griffin"", ""Length:"": ""418 Pages"", ""Weight:"": ""0.05 lbs."", ""Dimensions:"": ""1.2\"" x 5.5\"" x 8.1\""""}",https://i.thriftbooks.com/api/imagehandler/m/5BDDDF642C6DD56C229C699B2DB366673B92C1AE.jpeg
Close to the Knives: A Memoir of Disintegration,David Wojnarowicz,"{""Format:"": ""Paperback"", ""Language:"": ""English"", ""ISBN:"": ""0679732276"", ""ISBN13:"": ""9780679732273"", ""Release Date:"": ""May 1991"", ""Publisher:"": ""Vintage"", ""Length:"": ""288 Pages"", ""Weight:"": ""0.76 lbs."", ""Dimensions:"": ""0.8\"" x 5.2\"" x 8.0\""""}",https://i.thriftbooks.com/api/imagehandler/m/9416B31EA8D2BA826D2DAFF27E35B500FCE3E104.jpeg
Borrowed Time: An AIDS Memoir,Paul Monette,"{""Format:"": ""Hardcover"", ""Language:"": ""English"", ""ISBN:"": ""0151135983"", ""ISBN13:"": ""9780151135981"", ""Release Date:"": ""June 1988"", ""Publisher:"": ""Houghton Mifflin"", ""Length:"": ""400 Pages"", ""Weight:"": ""0.20 lbs."", ""Dimensions:"": ""1.2\"" x 6.3\"" x 9.3\""""}",https://i.thriftbooks.com/api/imagehandler/m/E864C123C8352B34056F5306E0252E6DE3E01851.jpeg
Mothers of Invention: Women of the Slaveholding South in the American Civil War,Drew Gilpin Faust,"{""Format:"": ""Paperback"", ""Language:"": ""English"", ""ISBN:"": ""0679781048"", ""ISBN13:"": ""9780679781042"", ""Release Date:"": ""September 1997"", ""Publisher:"": ""Vintage Books USA"", ""Length:"": ""326 Pages"", ""Weight:"": ""0.75 lbs."", ""Dimensions:"": ""0.8\"" x 5.2\"" x 8.0\""""}",https://i.thriftbooks.com/api/imagehandler/m/A44999FFF55DF1E505F3FD411C52E5D8520ABB11.jpeg
Hiding in Plain Sight: The Secret Life of Raymond Burr,Michael Seth Starr,"{""Format:"": ""Paperback"", ""Language:"": ""English"", ""ISBN:"": ""142347371X"", ""ISBN13:"": ""9781423473718"", ""Release Date:"": ""September 2009"", ""Publisher:"": ""Applause Books"", ""Length:"": ""312 Pages"", ""Weight:"": ""0.85 lbs."", ""Dimensions:"": ""0.6\"" x 5.5\"" x 8.4\""""}",https://i.thriftbooks.com/api/imagehandler/m/72513A1367289D4B6183B7A9E11CD559E3616281.jpeg
"Blues Legacies and Black Feminism: Gertrude Ma Rainey, Bessie Smith, and Billie Holiday",Angela Y. Davis,"{""Format:"": ""Paperback"", ""Language:"": ""English"", ""ISBN:"": ""0679771263"", ""ISBN13:"": ""9780679771265"", ""Release Date:"": ""January 1999"", ""Publisher:"": ""Vintage"", ""Length:"": ""464 Pages"", ""Weight:"": ""1.85 lbs."", ""Dimensions:"": ""0.9\"" x 5.2\"" x 8.0\""""}",https://i.thriftbooks.com/api/imagehandler/m/D74697AB302E66B8B4110D0488A9BF01584E548A.jpeg
The Sewing Circle: Hollywood's Greatest Secret: Female Stars Who Loved Other Women,Axel Madsen,"{""Format:"": ""Paperback"", ""Language:"": ""English"", ""ISBN:"": ""1559722754"", ""ISBN13:"": ""9781559722759"", ""Release Date:"": ""December 1994"", ""Publisher:"": ""Birch Lane Press"", ""Length:"": ""256 Pages"", ""Weight:"": ""0.90 lbs."", ""Dimensions:"": ""9.3\"" x 1.3\"" x 6.5\""""}",https://m.media-amazon.com/images/I/41hNzwSDChL._SL350_.jpg
Open Me Carefully: Emily Dickinson's Intimate Letters to Susan Huntington Dickinson,Emily Dickinson,"{""Format:"": ""Paperback"", ""Language:"": ""English"", ""ISBN:"": ""0963818368"", ""ISBN13:"": ""9780963818362"", ""Release Date:"": ""October 1998"", ""Publisher:"": ""Paris Press"", ""Length:"": ""360 Pages"", ""Weight:"": ""1.35 lbs."", ""Dimensions:"": ""1.1\"" x 5.9\"" x 8.9\""""}",https://i.thriftbooks.com/api/imagehandler/m/A37D7EFEA3B654624E1C2DF1D2B643E06F4EB267.jpeg
Scum Manifesto,Valerie Solanas,"{""Format:"": ""Paperback"", ""Language:"": ""English"", ""ISBN:"": ""1849351805"", ""ISBN13:"": ""9781849351805"", ""Release Date:"": ""October 2013"", ""Publisher:"": ""AK Press"", ""Length:"": ""80 Pages"", ""Weight:"": ""0.20 lbs."", ""Dimensions:"": ""0.4\"" x 4.4\"" x 6.3\""""}",https://i.thriftbooks.com/api/imagehandler/m/4F61531EC151BB1C32F0187F641D3B8C86173FFB.jpeg
Beyond the Gender Binary,Alok Vaid-Menon,"{""Format:"": ""Paperback"", ""Language:"": ""English"", ""ISBN:"": ""0593094654"", ""ISBN13:"": ""9780593094655"", ""Release Date:"": ""June 2020"", ""Publisher:"": ""Penguin Workshop"", ""Length:"": ""64 Pages"", ""Weight:"": ""0.73 lbs."", ""Dimensions:"": ""0.4\"" x 4.4\"" x 6.2\"""", ""Age Range:"": ""12 years and up"", ""Grade Range:"": ""Grade 7 and higher""}",https://i.thriftbooks.com/api/imagehandler/m/67A3D20E53BE673A6B216D51324B7FC6C514951B.jpeg
We Have Always Been Here: A Queer Muslim Memoir,Samra Habib,"{""Format:"": ""Paperback"", ""Language:"": ""English"", ""ISBN:"": ""0735235007"", ""ISBN13:"": ""9780735235007"", ""Release Date:"": ""June 2019"", ""Publisher:"": ""Viking"", ""Length:"": ""240 Pages"", ""Weight:"": ""0.58 lbs."", ""Dimensions:"": ""0.6\"" x 5.7\"" x 8.2\""""}",https://i.thriftbooks.com/api/imagehandler/m/2F565390BAA6FEBF0F51A4E8B91B69DE2801B557.jpeg
I Have Something to Tell You: A Memoir,Chasten Glezman Buttigieg,"{""Format:"": ""Hardcover"", ""Language:"": ""English"", ""ISBN:"": ""1982138122"", ""ISBN13:"": ""9781982138127"", ""Release Date:"": ""September 2020"", ""Publisher:"": ""Atria Books"", ""Length:"": ""256 Pages"", ""Weight:"": ""0.90 lbs."", ""Dimensions:"": ""1.0\"" x 6.0\"" x 9.1\""""}",https://i.thriftbooks.com/api/imagehandler/m/29B88A60A97F7D1312CD636C0431B42DF66411C4.jpeg
Running with Scissors: A Memoir,Augusten Burroughs,"{""Format:"": ""Paperback"", ""Language:"": ""English"", ""ISBN:"": ""031242227X"", ""Release Date:"": ""June 2003"", ""Publisher:"": ""Picador"", ""Length:"": ""336 Pages"", ""Weight:"": ""0.63 lbs."", ""Dimensions:"": ""8.3\"" x 0.8\"" x 5.4\""""}",https://m.media-amazon.com/images/I/51mzqTVGgfL._SL350_.jpg
Unbearable Lightness: A Story of Loss and Gain,Portia de Rossi,"{""Format:"": ""Paperback"", ""Language:"": ""English"", ""ISBN:"": ""1439177791"", ""ISBN13:"": ""9781439177792"", ""Release Date:"": ""July 2011"", ""Publisher:"": ""Atria Books"", ""Length:"": ""320 Pages"", ""Weight:"": ""0.70 lbs."", ""Dimensions:"": ""0.9\"" x 5.5\"" x 8.3\""""}",https://i.thriftbooks.com/api/imagehandler/m/027EA59672C045F3E3305E13B9457AEB2B5EC61D.jpeg
Before Night Falls: 2a Memoir,Reinaldo Arenas,"{""Format:"": ""Hardcover"", ""Language:"": ""English"", ""ISBN:"": ""0670840785"", ""ISBN13:"": ""9780670840786"", ""Release Date:"": ""October 1993"", ""Publisher:"": ""Viking Books"", ""Length:"": ""336 Pages"", ""Weight:"": ""1.10 lbs."", ""Dimensions:"": ""1.3\"" x 5.8\"" x 8.7\""""}",https://m.media-amazon.com/images/I/31W+R+lNPuS._SL350_.jpg
Stranger at the Gate: To Be Gay and Christian in America,Mel White,"{""Format:"": ""Hardcover"", ""Language:"": ""English"", ""ISBN:"": ""0671884077"", ""ISBN13:"": ""9780671884079"", ""Release Date:"": ""April 1994"", ""Publisher:"": ""Simon & Schuster"", ""Length:"": ""333 Pages"", ""Weight:"": ""1.35 lbs."", ""Dimensions:"": ""1.0\"" x 6.3\"" x 9.5\""""}",https://m.media-amazon.com/images/I/51ytsu4VoaL._SL350_.jpg
The Last Time I Wore a Dress,Daphne Scholinski,"{""Format:"": ""Paperback"", ""Language:"": ""English"", ""ISBN:"": ""1573220779"", ""ISBN13:"": ""9781573220774"", ""Release Date:"": ""October 1997"", ""Publisher:"": ""Riverhead Books"", ""Length:"": ""211 Pages"", ""Weight:"": ""1.32 lbs."", ""Dimensions:"": ""0.9\"" x 5.9\"" x 9.6\"""", ""Age Range:"": ""18 years and up"", ""Grade Range:"": ""Postsecondary and higher""}",https://i.thriftbooks.com/api/imagehandler/m/EC9810E26E5B6848DB17D1B4CB3B3C5007589FB4.jpeg
Covering: The Hidden Assault on Our Civil Rights,Kenji Yoshino,"{""Format:"": ""Paperback"", ""Language:"": ""English"", ""ISBN:"": ""0375760210"", ""ISBN13:"": ""9780375760211"", ""Release Date:"": ""February 2007"", ""Publisher:"": ""Random House Trade"", ""Length:"": ""304 Pages"", ""Weight:"": ""0.50 lbs."", ""Dimensions:"": ""0.7\"" x 5.0\"" x 8.2\""""}",https://i.thriftbooks.com/api/imagehandler/m/027139D6110BA2CD7ABFF67CFD8E4BB22DA59233.jpeg
"The Meaning of Matthew: My Son's Murder in Laramie, and a World Transformed",Judy Shepard,"{""Format:"": ""Hardcover"", ""Language:"": ""English"", ""ISBN:"": ""1594630577"", ""ISBN13:"": ""9781594630576"", ""Release Date:"": ""September 2009"", ""Publisher:"": ""Hudson Street Press"", ""Length:"": ""273 Pages"", ""Weight:"": ""1.20 lbs."", ""Dimensions:"": ""1.1\"" x 6.4\"" x 9.0\"""", ""Age Range:"": ""18 years and up"", ""Grade Range:"": ""Postsecondary and higher""}",https://i.thriftbooks.com/api/imagehandler/m/BD6DDC6A6CCDED6C125232B36AF47CC5985A741A.jpeg
Palimpsest: A Memoir,Gore Vidal,"{""Format:"": ""Hardcover"", ""Language:"": ""English"", ""ISBN:"": ""0679440380"", ""Release Date:"": ""October 1995"", ""Publisher:"": ""Random House"", ""Length:"": ""435 Pages"", ""Weight:"": ""2.00 lbs."", ""Dimensions:"": ""9.8\"" x 1.8\"" x 7.0\""""}",https://m.media-amazon.com/images/I/412nx1L5NAL._SL350_.jpg
Becoming a Man: Half a Life Story,Paul Monette,"{""Format:"": ""Paperback"", ""Language:"": ""English"", ""ISBN:"": ""0062507249"", ""ISBN13:"": ""9780062507242"", ""Release Date:"": ""June 1993"", ""Publisher:"": ""HarperOne"", ""Length:"": ""288 Pages"", ""Weight:"": ""0.70 lbs."", ""Dimensions:"": ""0.8\"" x 5.3\"" x 8.0\""""}",https://i.thriftbooks.com/api/imagehandler/m/2EAD9FC50BE0C3AEFE9E19004DA31D96A1257189.jpeg
Best Little Boy in the World,John Reid,"{""Format:"": ""Mass Market Paperback"", ""Language:"": ""English"", ""ISBN:"": ""0345343611"", ""ISBN13:"": ""9780345343611"", ""Release Date:"": ""January 1986"", ""Publisher:"": ""Ballantine Books"", ""Length:"": ""10 Pages"", ""Weight:"": ""0.30 lbs."", ""Dimensions:"": ""0.6\"" x 4.2\"" x 6.9\""""}",https://i.thriftbooks.com/api/imagehandler/m/B0BA09C460A88F0472B2688242A01B560CEB1957.jpeg
My Dog Tulip,J.R. Ackerley,"{""Format:"": ""Paperback"", ""Language:"": ""English"", ""ISBN:"": ""0940322110"", ""ISBN13:"": ""9780940322110"", ""Release Date:"": ""September 1999"", ""Publisher:"": ""New York Review of Books"", ""Length:"": ""190 Pages"", ""Weight:"": ""0.60 lbs."", ""Dimensions:"": ""0.6\"" x 5.4\"" x 9.1\""""}",https://m.media-amazon.com/images/I/418fLSU2idL._SL350_.jpg
Borrowed Time: AIDS Memo,Paul Monette,"{""Format:"": ""Paperback"", ""Language:"": ""English"", ""ISBN:"": ""0380707799"", ""ISBN13:"": ""9780380707799"", ""Release Date:"": ""March 1990"", ""Publisher:"": ""Harper Perennial"", ""Length:"": ""342 Pages"", ""Weight:"": ""0.70 lbs."", ""Dimensions:"": ""1.0\"" x 5.2\"" x 8.0\""""}",https://i.thriftbooks.com/api/imagehandler/m/8BE36BAF58F8B984ABBAA9C91232130B429772D1.jpeg
Life of the Party: The Biography of Pamela Digby Churchill Hayward Harriman,Christopher Ogden,"{""Format:"": ""Hardcover"", ""Language:"": ""English"", ""ISBN:"": ""0316633763"", ""ISBN13:"": ""9780316633765"", ""Release Date:"": ""May 1994"", ""Publisher:"": ""Little Brown and Company"", ""Length:"": ""512 Pages"", ""Weight:"": ""2.00 lbs."", ""Dimensions:"": ""1.5\"" x 5.1\"" x 10.1\""""}",https://i.thriftbooks.com/api/imagehandler/m/DDB53C451CA2D40A4B211E82849FC4E0BF57C57B.jpeg
Writing a Woman's Life,Carolyn G. Heilbrun,"{""Format:"": ""Hardcover"", ""Language:"": ""English"", ""ISBN:"": ""0393026019"", ""ISBN13:"": ""9780393026016"", ""Release Date:"": ""January 1988"", ""Publisher:"": ""W. W. Norton & Company"", ""Length:"": ""144 Pages"", ""Weight:"": ""2.30 lbs.""}",https://m.media-amazon.com/images/I/51MIlLHN8pL._SL350_.jpg
"Untied: A Memoir of Family, Fame, and Floundering",Meredith Baxter,"{""Format:"": ""Hardcover"", ""Language:"": ""English"", ""ISBN:"": ""0307719308"", ""ISBN13:"": ""9780307719300"", ""Release Date:"": ""March 2011"", ""Publisher:"": ""Crown Archetype"", ""Length:"": ""287 Pages"", ""Weight:"": ""1.20 lbs."", ""Dimensions:"": ""1.1\"" x 6.5\"" x 9.3\""""}",https://i.thriftbooks.com/api/imagehandler/m/5BB824FF64BA51564185FCD39C4AE5903FDD412B.jpeg
Where Does a Mother Go to Resign?,Barbara Johnson,"{""Format:"": ""Paperback"", ""Language:"": ""English"", ""ISBN:"": ""0871236060"", ""ISBN13:"": ""9780871236067"", ""Release Date:"": ""January 1994"", ""Publisher:"": ""Bethany House Publishers"", ""Length:"": ""154 Pages"", ""Weight:"": ""0.62 lbs."", ""Dimensions:"": ""0.5\"" x 5.5\"" x 8.3\""""}",https://i.thriftbooks.com/api/imagehandler/m/C0E1A42C386593EF131F1D3F17ED44DF4DCA0CEB.jpeg
Portrait of a Marriage,Nigel Nicolson,"{""Format:"": ""Hardcover"", ""Language:"": ""English"", ""ISBN:"": ""0689105746"", ""ISBN13:"": ""9780689105746"", ""Release Date:"": ""January 1973"", ""Publisher:"": ""Atheneum Books"", ""Length:"": ""249 Pages"", ""Weight:"": ""1.50 lbs.""}",https://m.media-amazon.com/images/I/41fF7ZOn-qL._SL350_.jpg
"Vulgar Favors: The Hunt for Andrew Cunanan, the Man Who Killed Gianni Versace",Maureen Orth,"{""Format:"": ""Mass Market Paperback"", ""Language:"": ""English"", ""ISBN:"": ""0525482571"", ""ISBN13:"": ""9780525482574"", ""Release Date:"": ""December 2017"", ""Publisher:"": ""Bantam"", ""Length:"": ""560 Pages"", ""Weight:"": ""0.35 lbs."", ""Dimensions:"": ""1.1\"" x 4.2\"" x 7.4\""""}",https://i.thriftbooks.com/api/imagehandler/m/5041A26102B078C001538217A0BDB5F7EC2C3612.jpeg
