Book Name,Authors,Info,Image URL
Yacht Style: Design and Decor Ideas from the World's Finest Yachts,Daniel Spurr,"{""Format:"": ""Hardcover"", ""Language:"": ""English"", ""ISBN:"": ""0877422613"", ""ISBN13:"": ""9780877422617"", ""Release Date:"": ""January 1990"", ""Publisher:"": ""International Marine Publishing"", ""Length:"": ""336 Pages"", ""Weight:"": ""3.10 lbs."", ""Dimensions:"": ""0.9\"" x 8.9\"" x 11.3\""""}",https://m.media-amazon.com/images/I/41YUkwens+L._SL350_.jpg
Do-It-Yourself Boat Repairs,Jim Murrant,"{""Format:"": ""Paperback"", ""Language:"": ""English"", ""ISBN:"": ""0207177813"", ""ISBN13:"": ""9780207177811"", ""Release Date:"": ""January 1996"", ""Publisher:"": ""HarperCollins Publishers"", ""Length:"": ""192 Pages"", ""Weight:"": ""1.05 lbs."", ""Dimensions:"": ""0.6\"" x 7.3\"" x 10.2\""""}",https://i.thriftbooks.com/api/imagehandler/m/9655B58863F929B74F56349837677B672ECB65DE.jpeg
"The Complete Idiot's Guide to Boating and Sailing, 3rd Edition",Frank Sargeant,"{""Format:"": ""Paperback"", ""Language:"": ""English"", ""ISBN:"": ""1592573231"", ""ISBN13:"": ""9781592573233"", ""Release Date:"": ""April 2005"", ""Publisher:"": ""Alpha Books"", ""Length:"": ""384 Pages"", ""Weight:"": ""1.41 lbs."", ""Dimensions:"": ""0.8\"" x 7.3\"" x 9.1\""""}",https://i.thriftbooks.com/api/imagehandler/m/FD794B0062428FA0A4ECE1FEAE3CBE405FCDEE44.jpeg
"Chapman Piloting, Seamanship and Small Boat Handling",Elbert S. Maloney,"{""Format:"": ""Hardcover"", ""Language:"": ""English"", ""ISBN:"": ""0688072461"", ""ISBN13:"": ""9780688072469"", ""Release Date:"": ""October 1987"", ""Publisher:"": ""William Morrow & Company"", ""Length:"": ""652 Pages"", ""Weight:"": ""3.83 lbs.""}",https://m.media-amazon.com/images/I/51mLPpCFtJL._SL350_.jpg
The Sharpie Book,Reuel B. Parker,"{""Format:"": ""Paperback"", ""Language:"": ""English"", ""ISBN:"": ""0877423040"", ""ISBN13:"": ""9780877423041"", ""Release Date:"": ""January 1994"", ""Publisher:"": ""International Marine Publishing"", ""Length:"": ""179 Pages"", ""Weight:"": ""0.90 lbs."", ""Dimensions:"": ""0.5\"" x 7.4\"" x 9.3\""""}",https://m.media-amazon.com/images/I/51nXjOEX93L._SL350_.jpg
"How to Rename Your Boat: And 19 Other Useful Ceremonies, Superstitions, Prayers, Rituals, and Curses",John Vigor,"{""Format:"": ""Paperback"", ""Language:"": ""English"", ""ISBN:"": ""0939837625"", ""ISBN13:"": ""9780939837625"", ""Release Date:"": ""May 2004"", ""Publisher:"": ""Paradise Cay Publications"", ""Length:"": ""210 Pages"", ""Weight:"": ""0.60 lbs."", ""Dimensions:"": ""0.4\"" x 6.5\"" x 9.0\""""}",https://i.thriftbooks.com/api/imagehandler/m/DC69E41800224D13CC41B916259DC4448C55E43C.jpeg
Know Your Boat,David Kroenke,"{""Format:"": ""Paperback"", ""Language:"": ""English"", ""ISBN:"": ""0071361340"", ""ISBN13:"": ""9780071361347"", ""Release Date:"": ""May 2002"", ""Publisher:"": ""International Marine Publishing"", ""Length:"": ""272 Pages"", ""Weight:"": ""0.50 lbs."", ""Dimensions:"": ""0.7\"" x 7.4\"" x 9.1\""""}",https://i.thriftbooks.com/api/imagehandler/m/E792B623BE0FFB1E0D11D79B6AE026ADA1239877.jpeg
Boat Repair Gde-Hear,Ronald Carboni,"{""Format:"": ""Paperback"", ""Language:"": ""English"", ""ISBN:"": ""0688119328"", ""ISBN13:"": ""9780688119324"", ""Release Date:"": ""December 1993"", ""Publisher:"": ""Harper Perennial"", ""Length:"": ""187 Pages"", ""Weight:"": ""1.05 lbs."", ""Dimensions:"": ""0.7\"" x 8.7\"" x 9.0\""""}",https://i.thriftbooks.com/api/imagehandler/m/E11E5774291AB30BB8D90481E351CE2ECEDD91DF.jpeg
The Practical Mariner's Book of Knowledge: 420 Sea-Tested Rules of Thumb for Almost Every Boating Situation,John Vigor,"{""Format:"": ""Paperback"", ""Language:"": ""English"", ""ISBN:"": ""0070674752"", ""ISBN13:"": ""9780070674752"", ""Release Date:"": ""February 1994"", ""Publisher:"": ""International Marine Publishing"", ""Length:"": ""258 Pages"", ""Weight:"": ""0.62 lbs."", ""Dimensions:"": ""0.7\"" x 4.7\"" x 7.9\""""}",https://i.thriftbooks.com/api/imagehandler/m/62C61189BF18CF0890287BFA0217C65AF95045B4.jpeg
Wooden Boats: In Pursuit of the Perfect Craft at an American Boatyard,Michael Ruhlman,"{""Format:"": ""Hardcover"", ""Language:"": ""English"", ""ISBN:"": ""0670888125"", ""ISBN13:"": ""9780670888122"", ""Release Date:"": ""May 2001"", ""Publisher:"": ""Viking Books"", ""Length:"": ""325 Pages"", ""Weight:"": ""1.50 lbs."", ""Dimensions:"": ""1.1\"" x 6.4\"" x 9.6\""""}",https://i.thriftbooks.com/api/imagehandler/m/4424AFAFCF384E13A0176B78047926DA61D98841.jpeg
Adrift: Seventy-Six Days Lost at Sea,Steven Callahan,"{""Format:"": ""Paperback"", ""Language:"": ""English"", ""ISBN:"": ""0345410157"", ""ISBN13:"": ""9780345410153"", ""Release Date:"": ""September 1996"", ""Publisher:"": ""Ballantine Books"", ""Length:"": ""256 Pages"", ""Weight:"": ""0.70 lbs."", ""Dimensions:"": ""0.7\"" x 5.5\"" x 8.3\""""}",https://i.thriftbooks.com/api/imagehandler/m/39779DC22402CA2DA79C0D4713392BA4E4A1D5FC.jpeg
Boatowners Mechanical and Electrical Manual 4/E,Nigel Calder,"{""Format:"": ""Hardcover"", ""Language:"": ""English"", ""ISBN:"": ""0071790330"", ""ISBN13:"": ""9780071790338"", ""Release Date:"": ""July 2015"", ""Publisher:"": ""International Marine Publishing"", ""Length:"": ""960 Pages"", ""Weight:"": ""4.85 lbs."", ""Dimensions:"": ""1.7\"" x 8.4\"" x 10.9\""""}",https://i.thriftbooks.com/api/imagehandler/m/FDD04CF851D95B49D99212106C24F54110173BED.jpeg
"The Annapolis Book of Seamanship: Third Edition: Completely Revised, Expanded and Updated",John Rousmaniere,"{""Format:"": ""Hardcover"", ""Language:"": ""English"", ""ISBN:"": ""0684854201"", ""ISBN13:"": ""9780684854205"", ""Release Date:"": ""October 1999"", ""Publisher:"": ""Simon & Schuster"", ""Length:"": ""416 Pages"", ""Weight:"": ""2.35 lbs."", ""Dimensions:"": ""1.3\"" x 8.9\"" x 11.4\""""}",https://i.thriftbooks.com/api/imagehandler/m/D8A24635A3FAA5C0F87EDCE79F5C553A7C3098A4.jpeg
The Complete Sailor: Learning the Art of Sailing,David Seidman,"{""Format:"": ""Paperback"", ""Language:"": ""English"", ""ISBN:"": ""0070571317"", ""ISBN13:"": ""9780070571310"", ""Release Date:"": ""March 1995"", ""Publisher:"": ""International Marine Publishing"", ""Length:"": ""208 Pages"", ""Weight:"": ""0.98 lbs."", ""Dimensions:"": ""0.5\"" x 7.4\"" x 9.2\""""}",https://i.thriftbooks.com/api/imagehandler/m/C12463CEE56F5E553912CAE7DCE2DA71DC75B031.jpeg
"Marine Diesel Engines: Maintenance, Troubleshooting, and Repair",Nigel Calder,"{""Format:"": ""Hardcover"", ""Language:"": ""English"", ""ISBN:"": ""0877422370"", ""ISBN13:"": ""9780877422372"", ""Release Date:"": ""January 1987"", ""Publisher:"": ""International Marine Publishing"", ""Length:"": ""224 Pages"", ""Weight:"": ""1.30 lbs.""}",https://m.media-amazon.com/images/I/510QIgNsxrL._SL350_.jpg
This Old Boat,Don Casey,"{""Format:"": ""Hardcover"", ""Language:"": ""English"", ""ISBN:"": ""0877422621"", ""ISBN13:"": ""9780877422624"", ""Release Date:"": ""January 1991"", ""Publisher:"": ""International Marine Publishing"", ""Length:"": ""474 Pages"", ""Weight:"": ""2.55 lbs."", ""Dimensions:"": ""1.3\"" x 7.7\"" x 9.6\""""}",https://m.media-amazon.com/images/I/4161tDPS2kL._SL350_.jpg
"Heavy Weather Sailing, 30th Anniversary Edition",Peter Bruce,"{""Format:"": ""Hardcover"", ""Language:"": ""English"", ""ISBN:"": ""0071353232"", ""ISBN13:"": ""9780071353236"", ""Release Date:"": ""October 1999"", ""Publisher:"": ""International Marine Publishing"", ""Length:"": ""296 Pages"", ""Weight:"": ""3.15 lbs."", ""Dimensions:"": ""1.1\"" x 7.0\"" x 9.8\""""}",https://i.thriftbooks.com/api/imagehandler/m/359C0C4EE05514A7E492334026E6A36EA00C5EE7.jpeg
World Cruising Routes,Jimmy Cornell,"{""Format:"": ""Hardcover"", ""Language:"": ""English"", ""ISBN:"": ""0070134065"", ""ISBN13:"": ""9780070134065"", ""Release Date:"": ""January 1998"", ""Publisher:"": ""International Marine Publishing"", ""Length:"": ""512 Pages"", ""Weight:"": ""3.05 lbs."", ""Dimensions:"": ""1.5\"" x 7.6\"" x 9.5\""""}",https://i.thriftbooks.com/api/imagehandler/m/09DD629705DA64D3620364AF91281DE7DB32E293.jpeg
The 12-Volt Bible,Miner Brotherton,"{""Format:"": ""Paperback"", ""Language:"": ""English"", ""ISBN:"": ""0915160811"", ""ISBN13:"": ""9780915160815"", ""Release Date:"": ""January 1995"", ""Publisher:"": ""Seven Seas Press"", ""Length:"": ""174 Pages"", ""Weight:"": ""0.68 lbs."", ""Dimensions:"": ""0.6\"" x 5.9\"" x 9.0\""""}",https://i.thriftbooks.com/api/imagehandler/m/71EB023961D5E55EB70EA74C9547C5D573C0FB7D.jpeg
"How to Read a Nautical Chart: A Complete Guide to the Symbols, Abbreviations, and Data Displayed on Nautical Charts",Nigel Calder,"{""Format:"": ""Paperback"", ""Language:"": ""English"", ""ISBN:"": ""0071376151"", ""ISBN13:"": ""9780071376150"", ""Release Date:"": ""August 2002"", ""Publisher:"": ""International Marine Publishing"", ""Length:"": ""237 Pages"", ""Weight:"": ""1.55 lbs."", ""Dimensions:"": ""0.4\"" x 8.6\"" x 10.8\""""}",https://i.thriftbooks.com/api/imagehandler/m/C2840BC0DBFC1E5FBFDAF2B200BCB319F9C1CF9B.jpeg
Into the Bermuda Triangle: Pursuing the Truth Behind the World's Greatest Mystery,Gian Quasar,"{""Format:"": ""Paperback"", ""Language:"": ""English"", ""ISBN:"": ""0071452176"", ""ISBN13:"": ""9780071452175"", ""Release Date:"": ""February 2005"", ""Publisher:"": ""International Marine Publishing"", ""Length:"": ""320 Pages"", ""Weight:"": ""0.95 lbs."", ""Dimensions:"": ""0.8\"" x 6.1\"" x 9.1\""""}",https://i.thriftbooks.com/api/imagehandler/m/6F895809A13D2B3CE0D9302ED0E3031E1AA3F246.jpeg
White Hurricane,David G. Brown,"{""Format:"": ""Hardcover"", ""Language:"": ""English"", ""ISBN:"": ""0760790671"", ""ISBN13:"": ""9780760790670"", ""Release Date:"": ""January 2007"", ""Publisher:"": ""Barnes & Noble"", ""Length:"": ""250 Pages"", ""Weight:"": ""1.25 lbs.""}",https://m.media-amazon.com/images/I/51iv7SQY1yL._SL350_.jpg
When a Loose Cannon Flogs a Dead Horse There's the Devil to Pay: Seafaring Words in Everyday Speech,Olivia A. Isil,"{""Format:"": ""Paperback"", ""Language:"": ""English"", ""ISBN:"": ""0070328773"", ""ISBN13:"": ""9780070328778"", ""Release Date:"": ""April 1996"", ""Publisher:"": ""International Marine Publishing"", ""Length:"": ""144 Pages"", ""Weight:"": ""0.50 lbs."", ""Dimensions:"": ""0.3\"" x 6.8\"" x 7.4\""""}",https://i.thriftbooks.com/api/imagehandler/m/1CCBFA6B842B1B458D1B2D90D85199347F436603.jpeg
Race Across Alaska: First Woman to Win the Iditarod Tells Her Story,Libby Riddles,"{""Format:"": ""Paperback"", ""Language:"": ""English"", ""ISBN:"": ""0811722538"", ""ISBN13:"": ""9780811722537"", ""Release Date:"": ""January 1988"", ""Publisher:"": ""Stackpole Books"", ""Length:"": ""244 Pages"", ""Weight:"": ""0.85 lbs."", ""Dimensions:"": ""0.8\"" x 6.0\"" x 9.0\"""", ""Age Range:"": ""11 to 14 years"", ""Grade Range:"": ""Grades 6 to 9""}",https://i.thriftbooks.com/api/imagehandler/m/69503B4DF64FBA1A6E8FE9C267326039EC21ED5E.jpeg
Coming about: A Family Passage at Sea,Susan Tyler Hitchcock,"{""Format:"": ""Paperback"", ""Language:"": ""English"", ""ISBN:"": ""034540663X"", ""ISBN13:"": ""9780345406637"", ""Release Date:"": ""June 1998"", ""Publisher:"": ""Ballantine Books"", ""Length:"": ""337 Pages"", ""Weight:"": ""0.71 lbs."", ""Dimensions:"": ""0.8\"" x 5.5\"" x 8.3\""""}",https://i.thriftbooks.com/api/imagehandler/m/B1AF4A6234BE30DED32373663EF914513C842A72.jpeg
Heart of Oak,Tristan Jones,"{""Format:"": ""Paperback"", ""Language:"": ""English"", ""ISBN:"": ""1574090194"", ""ISBN13:"": ""9781574090192"", ""Release Date:"": ""January 1997"", ""Publisher:"": ""Sheridan House"", ""Length:"": ""288 Pages"", ""Weight:"": ""0.90 lbs."", ""Dimensions:"": ""0.8\"" x 5.4\"" x 8.4\""""}",https://i.thriftbooks.com/api/imagehandler/m/96456B6F4E0AD65DA8DC77AD67E3FDC8CCBAD985.jpeg
"The Red Rose Crew: A True Story of Women, Winning, and the Water",Daniel J. Boyne,"{""Format:"": ""Paperback"", ""Language:"": ""English"", ""ISBN:"": ""0786889861"", ""ISBN13:"": ""9780786889860"", ""Release Date:"": ""September 2001"", ""Publisher:"": ""Hyperion Books"", ""Length:"": ""206 Pages"", ""Weight:"": ""0.55 lbs."", ""Dimensions:"": ""0.6\"" x 5.1\"" x 7.9\""""}",https://i.thriftbooks.com/api/imagehandler/m/D5FBB61929A3AC7BA4A9FEE98BAB6F523AE58DC8.jpeg
Seafaring Lore and Legend,Peter D. Jeans,"{""Format:"": ""Paperback"", ""Language:"": ""English"", ""ISBN:"": ""0071486569"", ""ISBN13:"": ""9780071486569"", ""Release Date:"": ""February 2007"", ""Publisher:"": ""International Marine Publishing"", ""Length:"": ""384 Pages"", ""Weight:"": ""1.24 lbs."", ""Dimensions:"": ""0.7\"" x 6.0\"" x 9.1\""""}",https://i.thriftbooks.com/api/imagehandler/m/5AD7382C2CAB48077F146BDAEF85937346E8BEE3.jpeg
Gipsy Moth Circles the World,Francis Chichester,"{""Format:"": ""Hardcover"", ""Language:"": ""English"", ""ISBN:"": ""B0007ER58E"", ""ISBN13:"": ""8601415692594"", ""Release Date:"": ""January 1968"", ""Publisher:"": ""Coward-McCann"", ""Weight:"": ""1.55 lbs.""}",https://m.media-amazon.com/images/I/51zV+EVOsGL._SL350_.jpg
Get Your Captain's License: The Complete Study Guide [With CDROM],Charlie Wing,"{""Format:"": ""Paperback"", ""Language:"": ""English"", ""ISBN:"": ""0071358196"", ""ISBN13:"": ""9780071358194"", ""Release Date:"": ""April 2000"", ""Publisher:"": ""McGraw-Hill Companies"", ""Length:"": ""488 Pages"", ""Weight:"": ""2.55 lbs."", ""Dimensions:"": ""1.1\"" x 8.6\"" x 10.8\""""}",https://i.thriftbooks.com/api/imagehandler/m/62679E4153B808A61F1078EC6FB0E020AB0034D6.jpeg
Their Fathers' Work: Casting Nets with the World's Fishermen,William B. McCloskey,"{""Format:"": ""Hardcover"", ""Language:"": ""English"", ""ISBN:"": ""0070453470"", ""ISBN13:"": ""9780070453470"", ""Release Date:"": ""March 1998"", ""Publisher:"": ""International Marine Publishing"", ""Length:"": ""370 Pages"", ""Weight:"": ""1.80 lbs."", ""Dimensions:"": ""1.1\"" x 6.7\"" x 9.6\""""}",https://i.thriftbooks.com/api/imagehandler/m/176353323B7A930C87CD735A8BD0EFE7E80C4E8F.jpeg
Through Europe at Four Knots: A Tale of Boating Mayhem and Family Adventure,Les Horn,"{"""": """"}",https://i.thriftbooks.com/api/imagehandler/m/A2DBF11F0F2E38FE02FB063B52C71F50E15DE034.jpeg
Rowing to Latitude: Journeys Along the Arctic's Edge,Jill Fredston,"{""Format:"": ""Paperback"", ""Language:"": ""English"", ""ISBN:"": ""0865476551"", ""Release Date:"": ""October 2002"", ""Publisher:"": ""North Point Press"", ""Length:"": ""312 Pages"", ""Weight:"": ""0.70 lbs."", ""Dimensions:"": ""8.2\"" x 0.8\"" x 5.5\""""}",https://m.media-amazon.com/images/I/41BBZC1naZL._SL350_.jpg
Once is Enough,Miles Smeeton,"{""Format:"": ""Paperback"", ""Language:"": ""English"", ""ISBN:"": ""0246124288"", ""ISBN13:"": ""9780246124289"", ""Release Date:"": ""January 1984"", ""Publisher:"": ""Grafton Books"", ""Length:"": ""260 Pages"", ""Weight:"": ""0.65 lbs."", ""Dimensions:"": ""0.6\"" x 5.3\"" x 8.4\""""}",https://m.media-amazon.com/images/I/51VlMfz-riL._SL350_.jpg
Strange Voyage of Donald Crowhurst,Ron Hall,"{""Format:"": ""Paperback"", ""Language:"": ""English"", ""ISBN:"": ""0070650845"", ""ISBN13:"": ""9780070650848"", ""Release Date:"": ""March 1995"", ""Publisher:"": ""International Marine Publishing"", ""Length:"": ""317 Pages"", ""Weight:"": ""1.20 lbs."", ""Dimensions:"": ""0.9\"" x 6.0\"" x 8.9\""""}",https://i.thriftbooks.com/api/imagehandler/m/7455142FF98389D4F07FD5467125B2E7F4D6CEFE.jpeg
"An Ocean to Cross: Daring the Atlantic, Claiming a New Life",Liz Fordred,"{""Format:"": ""Hardcover"", ""Language:"": ""English"", ""ISBN:"": ""0071355049"", ""ISBN13:"": ""9780071355049"", ""Release Date:"": ""September 2000"", ""Publisher:"": ""International Marine Publishing"", ""Length:"": ""272 Pages"", ""Weight:"": ""1.05 lbs."", ""Dimensions:"": ""1.1\"" x 5.8\"" x 8.3\""""}",https://i.thriftbooks.com/api/imagehandler/m/1349D04FB20F15AEF44D44EE068CDB9DA56491F1.jpeg
Song of Sirens,Ernest K. Gann,"{""Format:"": ""Hardcover"", ""Language:"": ""English"", ""ISBN:"": ""0671200429"", ""ISBN13:"": ""9780671200428"", ""Release Date:"": ""September 1968"", ""Publisher:"": ""Simon & Schuster"", ""Length:"": ""318 Pages"", ""Weight:"": ""1.50 lbs.""}",https://m.media-amazon.com/images/I/31lSk9XvCPL._SL350_.jpg
Tracks in the Sea: Matthew Fontaine Maury and the Mapping of the Oceans,Chester G. Hearn,"{""Format:"": ""Hardcover"", ""Language:"": ""English"", ""ISBN:"": ""0071368264"", ""ISBN13:"": ""9780071368261"", ""Release Date:"": ""June 2002"", ""Publisher:"": ""International Marine Publishing"", ""Length:"": ""278 Pages"", ""Weight:"": ""1.10 lbs."", ""Dimensions:"": ""1.1\"" x 6.3\"" x 9.3\""""}",https://i.thriftbooks.com/api/imagehandler/m/56E7B8133BFBAAABDA7351B68D666242F6F50D90.jpeg
The Ship and the Storm: Hurricane Mitch and the Loss of the Fantome,Jim Carrier,"{""Format:"": ""Paperback"", ""Language:"": ""English"", ""ISBN:"": ""0156007401"", ""ISBN13:"": ""9780156007405"", ""Release Date:"": ""June 2002"", ""Publisher:"": ""Harvest Books"", ""Length:"": ""336 Pages"", ""Weight:"": ""0.95 lbs."", ""Dimensions:"": ""1.0\"" x 5.3\"" x 7.9\""""}",https://i.thriftbooks.com/api/imagehandler/m/724F6541388C50DE169B769715086DB025ED9F35.jpeg
"Oh My Goddess!, Volume 1: Wrong Number",Kosuke Fujishima,"{""Format:"": ""Paperback"", ""Language:"": ""English"", ""ISBN:"": ""1569716692"", ""ISBN13:"": ""9781569716694"", ""Release Date:"": ""May 2002"", ""Publisher:"": ""Dark Horse Comics"", ""Length:"": ""160 Pages"", ""Weight:"": ""0.58 lbs."", ""Dimensions:"": ""0.4\"" x 5.8\"" x 8.2\""""}",https://i.thriftbooks.com/api/imagehandler/m/94694B653789E10A5AD385383686BF743DC31336.jpeg
"The sextant handbook: Adjustment, repair, use, and history",Bruce A. Bauer,"{""Format:"": ""Hardcover"", ""Language:"": ""English"", ""ISBN:"": ""0913179094"", ""ISBN13:"": ""9780913179093"", ""Release Date:"": ""January 1986"", ""Publisher:"": ""Azimuth Press"", ""Length:"": ""191 Pages"", ""Weight:"": ""1.00 lbs.""}",https://m.media-amazon.com/images/I/51Ytw11MWNL._SL350_.jpg
Devlin's Boatbuilding: How to Build Any Boat the Stitch-and-Glue Way,Samual Devlin,"{""Format:"": ""Paperback"", ""Language:"": ""English"", ""ISBN:"": ""0071579907"", ""Release Date:"": ""October 1995"", ""Publisher:"": ""International Marine/Ragged Mountain Press"", ""Length:"": ""198 Pages"", ""Weight:"": ""0.95 lbs."", ""Dimensions:"": ""9.2\"" x 0.4\"" x 7.5\""""}",https://m.media-amazon.com/images/I/51kZ815dCtL._SL350_.jpg
"Sailboat Electrical Systems: Improvement, Wiring, and Repair",Don Casey,"{""Format:"": ""Hardcover"", ""Language:"": ""English"", ""ISBN:"": ""0070366497"", ""ISBN13:"": ""9780070366497"", ""Release Date:"": ""April 1999"", ""Publisher:"": ""International Marine Publishing"", ""Length:"": ""192 Pages"", ""Weight:"": ""1.35 lbs."", ""Dimensions:"": ""0.6\"" x 7.6\"" x 9.4\""""}",https://i.thriftbooks.com/api/imagehandler/m/4EF4B21D50C47BC51643F6482F2F6EAD8801E42B.jpeg
Sensible Cruising: The Thoreau Approach,Lew Hackler,"{""Format:"": ""Paperback"", ""Language:"": ""English"", ""ISBN:"": ""0877422885"", ""ISBN13:"": ""9780877422884"", ""Release Date:"": ""January 1990"", ""Publisher:"": ""International Marine Publishing"", ""Length:"": ""330 Pages"", ""Weight:"": ""1.20 lbs."", ""Dimensions:"": ""0.9\"" x 5.9\"" x 9.0\""""}",https://i.thriftbooks.com/api/imagehandler/m/FAEEDD8A8F638C050EB6828762889AB5B9FA2A99.jpeg
"Troubleshooting Marine Diesel Engines, 4th Ed.",Peter Compton,"{""Format:"": ""Hardcover"", ""Language:"": ""English"", ""ISBN:"": ""0070123543"", ""ISBN13:"": ""9780070123540"", ""Release Date:"": ""September 1997"", ""Publisher:"": ""International Marine Publishing"", ""Length:"": ""176 Pages"", ""Weight:"": ""1.05 lbs."", ""Dimensions:"": ""0.7\"" x 8.1\"" x 8.8\""""}",https://i.thriftbooks.com/api/imagehandler/m/57975066C8C6D62182D6E65525A0AE4723C16CA4.jpeg
Surveying Fiberglass Sailboats: A Step-By-Step Guide for Buyers and Owners,Henry C. Mustin,"{""Format:"": ""Paperback"", ""Language:"": ""English"", ""ISBN:"": ""0877423474"", ""ISBN13:"": ""9780877423478"", ""Release Date:"": ""January 1994"", ""Publisher:"": ""International Marine Publishing"", ""Length:"": ""160 Pages"", ""Weight:"": ""0.50 lbs."", ""Dimensions:"": ""0.5\"" x 7.4\"" x 9.2\""""}",https://m.media-amazon.com/images/I/51+lrMRi-BL._SL350_.jpg
"""Fastnet, Force 10""",John Rousmaniere,"{""Format:"": ""Hardcover"", ""Language:"": ""English"", ""ISBN:"": ""0393032566"", ""ISBN13:"": ""9780393032567"", ""Release Date:"": ""January 1980"", ""Publisher:"": ""W. W. Norton & Company"", ""Length:"": ""287 Pages"", ""Weight:"": ""1.28 lbs."", ""Dimensions:"": ""1.1\"" x 6.3\"" x 9.3\""""}",https://m.media-amazon.com/images/I/51c5EbV6KAL._SL350_.jpg
A Field Guide to Sailboats of North America,Richard M. Sherwood,"{""Format:"": ""Paperback"", ""Language:"": ""English"", ""ISBN:"": ""0395652391"", ""ISBN13:"": ""9780395652398"", ""Release Date:"": ""June 1994"", ""Publisher:"": ""Mariner Books"", ""Length:"": ""432 Pages"", ""Weight:"": ""1.13 lbs."", ""Dimensions:"": ""1.0\"" x 4.5\"" x 8.0\""""}",https://i.thriftbooks.com/api/imagehandler/m/5265A0263AD440683277FE0CB5B2DEA0B7EAB7B0.jpeg
Build the New Instant Boats,Harold H. Payson,"{""Format:"": ""Paperback"", ""Language:"": ""English"", ""ISBN:"": ""0877421870"", ""ISBN13:"": ""9780877421870"", ""Release Date:"": ""January 1984"", ""Publisher:"": ""International Marine Publishing"", ""Length:"": ""147 Pages"", ""Weight:"": ""0.30 lbs."", ""Dimensions:"": ""0.5\"" x 8.5\"" x 11.0\""""}",https://m.media-amazon.com/images/I/51cB6V-ZOqL._SL350_.jpg
Nigel Calder's Cruising Handbook: A Compendium for Coastal and Offshore Sailors,Nigel Calder,"{"""": """"}",https://i.thriftbooks.com/api/imagehandler/m/6C29C8AF9439D8801441958D22DC5F7D649351B2.jpeg
Cruising in Seraffyn,Lin Pardey,"{""Format:"": ""Paperback"", ""Language:"": ""English"", ""ISBN:"": ""0924486368"", ""ISBN13:"": ""9780924486364"", ""Release Date:"": ""January 1992"", ""Publisher:"": ""Sheridan House"", ""Length:"": ""192 Pages"", ""Weight:"": ""0.70 lbs."", ""Dimensions:"": ""0.6\"" x 5.9\"" x 9.0\""""}",https://i.thriftbooks.com/api/imagehandler/m/E5C8372A64F33F9E7AE7D05672B624944092EA26.jpeg
Cruising the Chesapeake: A Gunkholer's Guide,William H. Shellenberger,"{""Format:"": ""Hardcover"", ""Language:"": ""English"", ""ISBN:"": ""007055286X"", ""ISBN13:"": ""9780070552869"", ""Release Date:"": ""January 1994"", ""Publisher:"": ""International Marine Publishing"", ""Length:"": ""432 Pages"", ""Weight:"": ""2.40 lbs."", ""Dimensions:"": ""1.3\"" x 7.7\"" x 9.5\""""}",https://i.thriftbooks.com/api/imagehandler/m/004FEDD5345D0CD2E6A38BD913F67F4C97CFDF98.jpeg
How to Sail Around the World: Advice and Ideas for Voyaging Under Sail,Hal Roth,"{""Format:"": ""Hardcover"", ""Language:"": ""English"", ""ISBN:"": ""0071429514"", ""ISBN13:"": ""9780071429511"", ""Release Date:"": ""October 2003"", ""Publisher:"": ""International Marine Publishing"", ""Length:"": ""480 Pages"", ""Weight:"": ""2.20 lbs."", ""Dimensions:"": ""1.1\"" x 7.6\"" x 9.4\""""}",https://i.thriftbooks.com/api/imagehandler/m/1EF52C9E1E210B6D7851C8151C4F84253D3B4C14.jpeg
Start Sailing Right!: The National Standard for Quality Sailing Instruction,Derrick Fries,"{"""": """"}",https://i.thriftbooks.com/api/imagehandler/m/DED2C5B4E117693281D38A23759B173ABD9614BB.jpeg
100 Fast & Easy Boat Improvements,Don Casey,"{""Format:"": ""Hardcover"", ""Language:"": ""English"", ""ISBN:"": ""0070134022"", ""Release Date:"": ""March 1998"", ""Publisher:"": ""Intl Marine Pub"", ""Length:"": ""138 Pages"", ""Weight:"": ""1.10 lbs."", ""Dimensions:"": ""9.8\"" x 0.5\"" x 7.5\""""}",https://m.media-amazon.com/images/I/51aFSfnhLxL._SL350_.jpg
Winning in One-Designs,Dave Perry,"{""Format:"": ""Hardcover"", ""Language:"": ""English"", ""ISBN:"": ""0396081916"", ""ISBN13:"": ""9780396081913"", ""Release Date:"": ""January 1984"", ""Publisher:"": ""Dodd Mead"", ""Length:"": ""329 Pages"", ""Weight:"": ""1.15 lbs.""}",https://m.media-amazon.com/images/I/51Fw-Ba0ssL._SL350_.jpg
Buehler's Backyard Boatbuilding,George Buehler,"{""Format:"": ""Paperback"", ""Language:"": ""English"", ""ISBN:"": ""0877422575"", ""ISBN13:"": ""9780877422570"", ""Release Date:"": ""January 1991"", ""Publisher:"": ""International Marine Publishing"", ""Length:"": ""371 Pages"", ""Weight:"": ""1.80 lbs."", ""Dimensions:"": ""0.8\"" x 7.4\"" x 9.3\""""}",https://m.media-amazon.com/images/I/41T5zIXMOTL._SL350_.jpg
Building Classic Small Craft,John Gardner,"{""Format:"": ""Hardcover"", ""Language:"": ""English"", ""ISBN:"": ""0877420653"", ""ISBN13:"": ""9780877420651"", ""Release Date:"": ""January 1977"", ""Publisher:"": ""International Marine Publishing"", ""Length:"": ""2 Pages"", ""Weight:"": ""3.55 lbs.""}",https://m.media-amazon.com/images/I/51Gi4PAoQrL._SL350_.jpg
Chapman Piloting & Seamanship,Charles B. Husick,"{""Format:"": ""Hardcover"", ""Language:"": ""English"", ""ISBN:"": ""1588167445"", ""ISBN13:"": ""9781588167446"", ""Release Date:"": ""September 2009"", ""Publisher:"": ""Hearst Books"", ""Length:"": ""927 Pages"", ""Weight:"": ""6.95 lbs."", ""Dimensions:"": ""2.1\"" x 8.8\"" x 11.1\""""}",https://i.thriftbooks.com/api/imagehandler/m/9A158D25DD049F3CE9D86465C9D90CEA7C26A18F.jpeg
Advanced Racing Tactics (Norton Nautical Books),Stuart H. Walker,"{""Format:"": ""Paperback"", ""Language:"": ""English"", ""ISBN:"": ""0393303330"", ""Release Date:"": ""June 1986"", ""Publisher:"": ""W. W. Norton & Company"", ""Length:"": ""400 Pages"", ""Weight:"": ""1.38 lbs."", ""Dimensions:"": ""9.2\"" x 1.2\"" x 6.1\""""}",https://m.media-amazon.com/images/I/514Gk8aSMyL._SL350_.jpg
How to Build Wooden Boats: With 16 Small-Boat Designs,Edwin Monk,"{"""": """"}",https://i.thriftbooks.com/api/imagehandler/m/E541D10300B7DFA34D6F7FF38360836391FB9103.jpeg
"On the Edge of Survival: A Shipwreck, a Raging Storm, and the Harrowing Alaskan Rescue That Became a Legend",Spike Walker,"{""Format:"": ""Hardcover"", ""Language:"": ""English"", ""ISBN:"": ""0312286341"", ""ISBN13:"": ""9780312286347"", ""Release Date:"": ""September 2010"", ""Publisher:"": ""St. Martin's Press"", ""Length:"": ""279 Pages"", ""Weight:"": ""0.90 lbs."", ""Dimensions:"": ""1.1\"" x 5.8\"" x 8.2\""""}",https://i.thriftbooks.com/api/imagehandler/m/A89B453A2D7F9E6635A6FBBCC82A939A7D37047D.jpeg
Spurr's Boatbook,Daniel Spurr,"{""Format:"": ""Paperback"", ""Language:"": ""English"", ""ISBN:"": ""0070605548"", ""ISBN13:"": ""9780070605541"", ""Release Date:"": ""September 1993"", ""Publisher:"": ""International Marine Publishing"", ""Length:"": ""340 Pages"", ""Weight:"": ""1.65 lbs."", ""Dimensions:"": ""0.9\"" x 8.5\"" x 10.7\""""}",https://i.thriftbooks.com/api/imagehandler/m/34955BDE0DC64B62CC4C1228DD2E581A9A1AC328.jpeg
Flying Cloud: The True Story of America's Most Famous Clipper Ship and the Woman who Guided Her,David W. Shaw,"{""Format:"": ""Hardcover"", ""Language:"": ""English"", ""ISBN:"": ""0688167934"", ""ISBN13:"": ""9780688167936"", ""Release Date:"": ""June 2000"", ""Publisher:"": ""William Morrow"", ""Length:"": ""304 Pages"", ""Weight:"": ""0.80 lbs."", ""Dimensions:"": ""9.3\"" x 1.0\"" x 6.3\""""}",https://i.thriftbooks.com/api/imagehandler/m/3D41CD852B7D84B26FDF0F83328DF54149EA1BB7.jpeg
Boatbuilding: A Complete Handbook of Wooden Boat Construction (Revised),Howard Irving Chapelle,"{""Format:"": ""Hardcover"", ""Language:"": ""English"", ""ISBN:"": ""0393035549"", ""ISBN13:"": ""9780393035544"", ""Release Date:"": ""July 1994"", ""Publisher:"": ""W. W. Norton & Company"", ""Length:"": ""640 Pages"", ""Weight:"": ""1.90 lbs."", ""Dimensions:"": ""1.3\"" x 6.4\"" x 9.6\""""}",https://i.thriftbooks.com/api/imagehandler/m/8C581D06C8AF8DBB136A87B63B9F19935157D472.jpeg
"American Small Sailing Craft: Their Design, Development and Construction",Howard Irving Chapelle,"{"""": """"}",https://i.thriftbooks.com/api/imagehandler/m/656C8E83942645E310EF99D354C7B61655A783AC.jpeg
Principles of Yacht Design,Lars Larsson,"{""Format:"": ""Hardcover"", ""Language:"": ""English"", ""ISBN:"": ""0070364923"", ""ISBN13:"": ""9780070364929"", ""Release Date:"": ""January 1995"", ""Publisher:"": ""International Marine Publishing"", ""Length:"": ""302 Pages"", ""Weight:"": ""5.35 lbs."", ""Dimensions:"": ""1.1\"" x 8.0\"" x 10.7\""""}",https://i.thriftbooks.com/api/imagehandler/m/3975E4813CC5F2A30FB0CFCC00AE073509E0AADC.jpeg
Voyaging Under Power,Robert Beebe,"{"""": """"}",https://i.thriftbooks.com/api/imagehandler/m/EC18A5F303F18A2509C70BD38D1BB6C0D22E6CC6.jpeg
Ship Modeling from Scratch: Tips and Techniques for Building Without Kits,Edwin B. Leaf,"{""Format:"": ""Paperback"", ""Language:"": ""English"", ""ISBN:"": ""0070368171"", ""Release Date:"": ""October 1993"", ""Publisher:"": ""International Marine/Ragged Mountain Press"", ""Length:"": ""184 Pages"", ""Weight:"": ""0.85 lbs."", ""Dimensions:"": ""9.1\"" x 0.5\"" x 7.3\""""}",https://m.media-amazon.com/images/I/51rSsX2j0+L._SL350_.jpg
Kayak Craft,Ted Moores,"{""Format:"": ""Paperback"", ""Language:"": ""English"", ""ISBN:"": ""0937822566"", ""ISBN13:"": ""9780937822562"", ""Release Date:"": ""January 1999"", ""Publisher:"": ""Wooden Boat Publications"", ""Length:"": ""171 Pages"", ""Weight:"": ""1.25 lbs."", ""Dimensions:"": ""0.5\"" x 9.2\"" x 10.1\""""}",https://i.thriftbooks.com/api/imagehandler/m/D703EB5F985952BC3F53BE342AEB351DD1832ED8.jpeg
Skene's Elements of Yacht Design,Norman Locke Skene,"{""Format:"": ""Hardcover"", ""Language:"": ""English"", ""ISBN:"": ""0396065821"", ""ISBN13:"": ""9780396065821"", ""Release Date:"": ""January 1973"", ""Publisher:"": ""Dodd Mead"", ""Length:"": ""351 Pages"", ""Weight:"": ""2.30 lbs.""}",https://m.media-amazon.com/images/I/41ZQBA0J7wL._SL350_.jpg
Boat Navigation for the Rest of Us: Finding Your Way by Eye and Electronics,Bill Brogdon,"{""Format:"": ""Paperback"", ""Language:"": ""English"", ""ISBN:"": ""0070081646"", ""ISBN13:"": ""9780070081642"", ""Release Date:"": ""January 1995"", ""Publisher:"": ""International Marine Publishing"", ""Length:"": ""220 Pages"", ""Weight:"": ""1.05 lbs."", ""Dimensions:"": ""0.6\"" x 7.4\"" x 9.2\""""}",https://i.thriftbooks.com/api/imagehandler/m/D6504547AA61D973399EFDD2C144F21432E8C792.jpeg
Knight's Modern Seamanship,Austin M. Knight,"{""Format:"": ""Hardcover"", ""Language:"": ""English"", ""ISBN:"": ""0442260490"", ""ISBN13:"": ""9780442260491"", ""Release Date:"": ""January 1977"", ""Publisher:"": ""Van Nostrand Reinhold Company"", ""Length:"": ""676 Pages"", ""Weight:"": ""2.35 lbs.""}",https://m.media-amazon.com/images/I/51uM6D5sT-L._SL350_.jpg
Handbook of Trailer Sailing,Robert Forrest Burgess,"{""Format:"": ""Paperback"", ""Language:"": ""English"", ""ISBN:"": ""0877423431"", ""ISBN13:"": ""9780877423430"", ""Release Date:"": ""January 1992"", ""Publisher:"": ""International Marine Publishing"", ""Length:"": ""227 Pages"", ""Weight:"": ""1.10 lbs."", ""Dimensions:"": ""0.6\"" x 7.4\"" x 9.2\""""}",https://i.thriftbooks.com/api/imagehandler/m/8C235A627374B127AD09144429139C31780E6BB0.jpeg
Marine Electrical & Electronic,John C. Payne,"{""Format:"": ""Hardcover"", ""Language:"": ""English"", ""ISBN:"": ""0924486724"", ""ISBN13:"": ""9780924486722"", ""Release Date:"": ""January 1955"", ""Publisher:"": ""Sheridan House"", ""Length:"": ""405 Pages"", ""Weight:"": ""2.50 lbs."", ""Dimensions:"": ""1.2\"" x 7.3\"" x 10.3\""""}",https://m.media-amazon.com/images/I/512C0ynrexL._SL350_.jpg
Handmade Houseboats: Independent Living Afloat,Russell Conder,"{""Format:"": ""Paperback"", ""Language:"": ""English"", ""ISBN:"": ""0877423075"", ""ISBN13:"": ""9780877423072"", ""Release Date:"": ""January 1992"", ""Publisher:"": ""International Marine Publishing"", ""Length:"": ""230 Pages"", ""Weight:"": ""1.05 lbs."", ""Dimensions:"": ""0.6\"" x 7.4\"" x 9.2\""""}",https://m.media-amazon.com/images/I/4134WRsuAWL._SL350_.jpg
The Nature of Boats: Insights and Esoterica for the Nautically Obsessed,Dave Gerr,"{""Format:"": ""Paperback"", ""Language:"": ""English"", ""ISBN:"": ""007024233X"", ""ISBN13:"": ""9780070242333"", ""Release Date:"": ""September 1995"", ""Publisher:"": ""International Marine Publishing"", ""Length:"": ""432 Pages"", ""Weight:"": ""1.60 lbs."", ""Dimensions:"": ""1.1\"" x 7.4\"" x 9.2\""""}",https://i.thriftbooks.com/api/imagehandler/m/AD5AE37C2170993483EEA1C82A7CDE70F54D948D.jpeg
Runabout Renovation: How to Find and Fix Up an Old Fiberglass Speedboat,Jim Anderson,"{""Format:"": ""Paperback"", ""Language:"": ""English"", ""ISBN:"": ""0877422958"", ""ISBN13:"": ""9780877422952"", ""Release Date:"": ""January 1992"", ""Publisher:"": ""International Marine Publishing"", ""Length:"": ""152 Pages"", ""Weight:"": ""0.75 lbs."", ""Dimensions:"": ""0.4\"" x 7.3\"" x 9.2\""""}",https://i.thriftbooks.com/api/imagehandler/m/17D959D44D6CE0E98B414F3EC96440F20CD9BF57.jpeg
Clinker Boatbuilding,John Leather,"{""Format:"": ""Paperback"", ""Language:"": ""English"", ""ISBN:"": ""0229118186"", ""ISBN13:"": ""9780229118182"", ""Release Date:"": ""October 1987"", ""Publisher:"": ""Adlard Coles Nautical Press"", ""Length:"": ""244 Pages"", ""Weight:"": ""0.60 lbs.""}",https://m.media-amazon.com/images/I/51Z++E+gh1L._SL350_.jpg
"Johnson/Evinrude Outboards, 1-2 Cylinders, 1973-89",Joan Coles,"{"""": """"}",https://i.thriftbooks.com/api/imagehandler/m/3505D0D50D24C9BDD97099725840EE0953492932.jpeg
"Chapman Piloting & Seamanship 64th Edition: The Boating World's Most Respected Reference, Completely Updated & Revised with New Charts, Photographs &",Elbert S. Maloney,"{""Format:"": ""Hardcover"", ""Language:"": ""English"", ""ISBN:"": ""1588160890"", ""ISBN13:"": ""9781588160898"", ""Release Date:"": ""September 2003"", ""Publisher:"": ""Hearst Books"", ""Length:"": ""928 Pages"", ""Weight:"": ""7.30 lbs."", ""Dimensions:"": ""2.5\"" x 8.6\"" x 11.3\""""}",https://i.thriftbooks.com/api/imagehandler/m/F3A56783757F564A694CFCB9578529E6C60D87CE.jpeg
The Complete Canvasworker's Guide: How to Outfit Your Boat Using Natural or Synthetic Cloth,Jim Grant,"{""Format:"": ""Paperback"", ""Language:"": ""English"", ""ISBN:"": ""0070240809"", ""ISBN13:"": ""9780070240803"", ""Release Date:"": ""May 1992"", ""Publisher:"": ""International Marine Publishing"", ""Length:"": ""192 Pages"", ""Weight:"": ""1.15 lbs."", ""Dimensions:"": ""0.4\"" x 8.6\"" x 10.9\""""}",https://i.thriftbooks.com/api/imagehandler/m/9D72842A21641561F0FA43DED11BBD0D8F05B0BE.jpeg
Not Without Hope,Jere Longman,"{""Format:"": ""Hardcover"", ""Language:"": ""English"", ""ISBN:"": ""0061993999"", ""ISBN13:"": ""9780061993992"", ""Release Date:"": ""March 2010"", ""Publisher:"": ""William Morrow & Company"", ""Length:"": ""256 Pages"", ""Weight:"": ""1.00 lbs."", ""Dimensions:"": ""0.9\"" x 6.0\"" x 9.0\""""}",https://i.thriftbooks.com/api/imagehandler/m/266FD7FA876ACEE90BDB963C40BDF7B2A4AE564C.jpeg
Canoecraft: An Illustrated Guide to Fine Woodstrip Construction,Ted Moores,"{""Format:"": ""Paperback"", ""Language:"": ""English"", ""ISBN:"": ""1552093425"", ""ISBN13:"": ""9781552093429"", ""Release Date:"": ""November 2007"", ""Publisher:"": ""Firefly Books"", ""Length:"": ""240 Pages"", ""Weight:"": ""1.25 lbs."", ""Dimensions:"": ""0.8\"" x 10.7\"" x 8.0\""""}",https://i.thriftbooks.com/api/imagehandler/m/4F0F184EBD1FB677E5B37F97201CFEC752DC95BC.jpeg
Instant Weather Forecasting,Alan James Watts,"{""Format:"": ""Hardcover"", ""Language:"": ""English"", ""ISBN:"": ""0229973655"", ""Release Date:"": ""January 1968"", ""Publisher:"": ""Dodd, Mead, & Company"", ""Length:"": ""64 Pages"", ""Weight:"": ""0.55 lbs.""}",https://m.media-amazon.com/images/I/611Q9w3cH5L._SL350_.jpg
Power Boating for Dummies,Randy Vance,"{""Format:"": ""Paperback"", ""Language:"": ""English"", ""ISBN:"": ""0470409568"", ""ISBN13:"": ""9780470409565"", ""Release Date:"": ""March 2009"", ""Publisher:"": ""For Dummies"", ""Length:"": ""392 Pages"", ""Weight:"": ""0.70 lbs."", ""Dimensions:"": ""0.8\"" x 7.4\"" x 9.2\""""}",https://i.thriftbooks.com/api/imagehandler/m/45915729BF051FD1071C382D0A16E40650BDACB3.jpeg
Ship Modeling Simplified: Tips and Techniques for Model Construction from Kits,Frank Mastini,"{""Format:"": ""Paperback"", ""Language:"": ""English"", ""ISBN:"": ""0071558675"", ""ISBN13:"": ""9780071558679"", ""Release Date:"": ""March 1990"", ""Publisher:"": ""International Marine Publishing"", ""Length:"": ""176 Pages"", ""Weight:"": ""0.66 lbs."", ""Dimensions:"": ""0.4\"" x 7.3\"" x 9.1\""""}",https://i.thriftbooks.com/api/imagehandler/m/23CA7E0498FE3C99E02D8750C37F318F4675B741.jpeg
Brightwork: The Art of Finishing Wood,Rebecca J. Wittman,"{""Format:"": ""Hardcover"", ""Language:"": ""English"", ""ISBN:"": ""0877429847"", ""ISBN13:"": ""9780877429845"", ""Release Date:"": ""January 1990"", ""Publisher:"": ""International Marine Publishing"", ""Length:"": ""192 Pages"", ""Weight:"": ""1.90 lbs."", ""Dimensions:"": ""0.8\"" x 8.3\"" x 9.8\""""}",https://i.thriftbooks.com/api/imagehandler/m/4908E09F2579AB8EFDE6866FF0DD8400936A4D0F.jpeg
Boater's Guide to Lake Powell,Michael R. Kelsey,"{""Format:"": ""Paperback"", ""Language:"": ""English"", ""ISBN:"": ""0944510108"", ""ISBN13:"": ""9780944510100"", ""Release Date:"": ""August 1996"", ""Publisher:"": ""Treasure Chest Books"", ""Length:"": ""288 Pages"", ""Weight:"": ""0.90 lbs.""}",https://m.media-amazon.com/images/I/519Q27ZEXFL._SL350_.jpg
12volt Bible Fr Boats 2e,Edwin R. Sherman,"{""Format:"": ""Paperback"", ""Language:"": ""English"", ""ISBN:"": ""0071392335"", ""ISBN13:"": ""9780071392334"", ""Release Date:"": ""November 2002"", ""Publisher:"": ""International Marine Publishing"", ""Length:"": ""208 Pages"", ""Weight:"": ""1.10 lbs."", ""Dimensions:"": ""0.5\"" x 6.1\"" x 9.0\""""}",https://i.thriftbooks.com/api/imagehandler/m/C37E5E30EBE537572BC15A457072E6F439BFC117.jpeg
Coastal Navigation,Tom Cunliffe,"{"""": """"}",https://i.thriftbooks.com/api/imagehandler/m/6534043631E82B76DACE345F80EC87F094CEC29F.jpeg
Basic Coastal Navigation: An Introduction to Piloting for Sail and Power,Frank J. Larkin,"{""Format:"": ""Hardcover"", ""Language:"": ""English"", ""ISBN:"": ""1574090526"", ""ISBN13:"": ""9781574090529"", ""Release Date:"": ""January 1998"", ""Publisher:"": ""Sheridan House"", ""Length:"": ""288 Pages"", ""Weight:"": ""1.80 lbs."", ""Dimensions:"": ""0.9\"" x 7.2\"" x 10.3\""""}",https://i.thriftbooks.com/api/imagehandler/m/5F261BBA13A660B0AB0E2CE1FAA8911064391A55.jpeg
The Knot Handbook,Maria Costantino,"{""Format:"": ""Paperback"", ""Language:"": ""English"", ""ISBN:"": ""1402748043"", ""ISBN13:"": ""9781402748042"", ""Release Date:"": ""March 2007"", ""Publisher:"": ""Sterling Publishing (NY)"", ""Length:"": ""256 Pages"", ""Weight:"": ""1.50 lbs."", ""Dimensions:"": ""0.7\"" x 6.5\"" x 8.3\""""}",https://i.thriftbooks.com/api/imagehandler/m/BEE539421DEE7C0958DEAA7AD9067DB138D6ABEB.jpeg
"The Seaworthy Offshore Sailboat: A Guide to Essential Features, Gear, and Handling",John Vigor,"{""Format:"": ""Paperback"", ""Language:"": ""English"", ""ISBN:"": ""007137616X"", ""ISBN13:"": ""9780071376167"", ""Release Date:"": ""March 2001"", ""Publisher:"": ""International Marine Publishing"", ""Length:"": ""240 Pages"", ""Weight:"": ""1.10 lbs."", ""Dimensions:"": ""0.5\"" x 7.5\"" x 9.3\""""}",https://i.thriftbooks.com/api/imagehandler/m/BA316E8FC8AE10BF233C630A09513733D0E46AC6.jpeg
Understanding Rigs and Rigging,Richard Henderson,"{""Format:"": ""Paperback"", ""Language:"": ""English"", ""ISBN:"": ""0071563040"", ""ISBN13:"": ""9780071563048"", ""Release Date:"": ""November 1990"", ""Publisher:"": ""International Marine Publishing"", ""Length:"": ""272 Pages"", ""Weight:"": ""1.25 lbs."", ""Dimensions:"": ""0.7\"" x 7.0\"" x 10.0\""""}",https://i.thriftbooks.com/api/imagehandler/m/7B06541D4E382A5A9EB7EED6ED13C67B9DAD85A9.jpeg
Cork Boat: A True Story of the Unlikeliest Boat Ever Built,John Pollack,"{""Format:"": ""Paperback"", ""Language:"": ""English"", ""ISBN:"": ""1400034906"", ""ISBN13:"": ""9781400034901"", ""Release Date:"": ""April 2005"", ""Publisher:"": ""Knopf Publishing Group"", ""Length:"": ""291 Pages"", ""Weight:"": ""0.55 lbs."", ""Dimensions:"": ""0.7\"" x 5.1\"" x 7.1\""""}",https://i.thriftbooks.com/api/imagehandler/m/3D944776178C0D5D756924EEB7F978394CEF3656.jpeg
The Finely Fitted Yacht,Ferenc Máté,"{""Format:"": ""Hardcover"", ""Language:"": ""English"", ""ISBN:"": ""0920256058"", ""ISBN13:"": ""9780920256053"", ""Release Date:"": ""January 1979"", ""Publisher:"": ""Albatross Publishers"", ""Length:"": ""610 Pages"", ""Weight:"": ""2.40 lbs.""}",https://m.media-amazon.com/images/I/51D5TbWqByL._SL350_.jpg
Thirty Wooden Boats: A Second Catalog of Building Plans,Wooden Boat Magazine,"{""Format:"": ""Paperback"", ""Language:"": ""English"", ""ISBN:"": ""0937822159"", ""ISBN13:"": ""9780937822159"", ""Release Date:"": ""October 1988"", ""Publisher:"": ""Wooden Boat Publications"", ""Length:"": ""78 Pages"", ""Weight:"": ""0.60 lbs."", ""Dimensions:"": ""0.3\"" x 8.2\"" x 10.8\""""}",https://i.thriftbooks.com/api/imagehandler/m/8125849DB3F5BC27ECA7428F15B2EBC7950BF011.jpeg
The Complete Rigger's Apprentice: Tools and Techniques for Modern and Traditional Rigging,Brion Toss,"{""Format:"": ""Hardcover"", ""Language:"": ""English"", ""ISBN:"": ""0070648409"", ""ISBN13:"": ""9780070648401"", ""Release Date:"": ""August 1997"", ""Publisher:"": ""International Marine Publishing"", ""Length:"": ""392 Pages"", ""Weight:"": ""2.30 lbs."", ""Dimensions:"": ""1.3\"" x 7.6\"" x 9.5\""""}",https://i.thriftbooks.com/api/imagehandler/m/77F493BC5B260710D45B8EC430E49F2B1CABE289.jpeg
Ultralight Boatbuilding,Thomas J. Hill,"{""Format:"": ""Paperback"", ""Language:"": ""English"", ""ISBN:"": ""0877422443"", ""ISBN13:"": ""9780877422440"", ""Release Date:"": ""January 1987"", ""Publisher:"": ""International Marine Publishing"", ""Length:"": ""134 Pages"", ""Weight:"": ""0.85 lbs."", ""Dimensions:"": ""0.4\"" x 8.5\"" x 10.9\""""}",https://m.media-amazon.com/images/I/51rjds9R0lL._SL350_.jpg
The One-Minute Guide to the Nautical Rules of the Road,Charlie Wing,"{""Format:"": ""Paperback"", ""Language:"": ""English"", ""ISBN:"": ""0071479236"", ""ISBN13:"": ""9780071479233"", ""Release Date:"": ""August 2006"", ""Publisher:"": ""International Marine Publishing"", ""Length:"": ""160 Pages"", ""Weight:"": ""0.75 lbs."", ""Dimensions:"": ""0.3\"" x 7.3\"" x 9.1\""""}",https://i.thriftbooks.com/api/imagehandler/m/0EF3E23A58D618855FBA669E1889A6ABDDBD3012.jpeg
From a Bare Hull: How to Build a Sailboat,Ferenc Máté,"{""Format:"": ""Paperback"", ""Language:"": ""English"", ""ISBN:"": ""0920256317"", ""ISBN13:"": ""9780920256312"", ""Release Date:"": ""April 2000"", ""Publisher:"": ""Albatross"", ""Length:"": ""442 Pages"", ""Weight:"": ""0.65 lbs."", ""Dimensions:"": ""0.8\"" x 7.7\"" x 9.3\""""}",https://i.thriftbooks.com/api/imagehandler/m/E2A517F167C4805D8BA4911B97E22C695FB33435.jpeg
Breaking Into the Current: Boatwomen of the Grand Canyon,Louise Teal,"{""Format:"": ""Hardcover"", ""Language:"": ""English"", ""ISBN:"": ""0816514135"", ""ISBN13:"": ""9780816514137"", ""Release Date:"": ""February 1994"", ""Publisher:"": ""University of Arizona Press"", ""Length:"": ""178 Pages"", ""Weight:"": ""0.65 lbs.""}",https://m.media-amazon.com/images/I/511Ltp5YaEL._SL350_.jpg
Rowing Faster,"Nolte, Volker","{""Format:"": ""Paperback"", ""Language:"": ""English"", ""ISBN:"": ""0736044655"", ""ISBN13:"": ""9780736044653"", ""Release Date:"": ""October 2004"", ""Publisher:"": ""Human Kinetics Publishers"", ""Length:"": ""304 Pages"", ""Weight:"": ""1.45 lbs."", ""Dimensions:"": ""0.8\"" x 7.0\"" x 10.2\""""}",https://i.thriftbooks.com/api/imagehandler/m/B7C356FF8EE475718E7D6D30D69FE72ADD58FB7B.jpeg
Staying Alive,Maurice Bailey,"{""Format:"": ""Hardcover"", ""Language:"": ""English"", ""ISBN:"": ""0679504583"", ""ISBN13:"": ""9780679504580"", ""Release Date:"": ""January 1974"", ""Publisher:"": ""David McKay Company"", ""Length:"": ""192 Pages"", ""Weight:"": ""1.05 lbs.""}",https://m.media-amazon.com/images/I/51W+oV5jehL._SL350_.jpg
The Kayak Shop: Three Elegant Wooden Kayaks Anyone Can Build,Chris Kulczycki,"{""Format:"": ""Paperback"", ""Language:"": ""English"", ""ISBN:"": ""0877423679"", ""ISBN13:"": ""9780877423676"", ""Release Date:"": ""January 1993"", ""Publisher:"": ""Ragged Mountain Press"", ""Length:"": ""192 Pages"", ""Weight:"": ""1.35 lbs."", ""Dimensions:"": ""0.6\"" x 7.3\"" x 9.1\""""}",https://m.media-amazon.com/images/I/51U4ZkxkWpL._SL350_.jpg
Showtime: Inside the Lakers' Breakthrough Season,Pat Riley,"{""Format:"": ""Mass Market Paperback"", ""Language:"": ""English"", ""ISBN:"": ""0446353701"", ""ISBN13:"": ""9780446353700"", ""Release Date:"": ""December 1988"", ""Publisher:"": ""Grand Central Publishing"", ""Length:"": ""312 Pages"", ""Weight:"": ""0.33 lbs."", ""Dimensions:"": ""0.9\"" x 4.2\"" x 6.8\""""}",https://m.media-amazon.com/images/I/31fQKfMGkWL._SL350_.jpg
Saga of a Wayward Sailor,Tristan Jones,"{""Format:"": ""Paperback"", ""Language:"": ""English"", ""ISBN:"": ""0924486791"", ""ISBN13:"": ""9780924486791"", ""Release Date:"": ""January 1995"", ""Publisher:"": ""Sheridan House"", ""Length:"": ""272 Pages"", ""Weight:"": ""0.77 lbs."", ""Dimensions:"": ""0.8\"" x 5.4\"" x 8.3\""""}",https://i.thriftbooks.com/api/imagehandler/m/3943ABC0C1C11753AD3D3A0C44DE8885E8ECBF4D.jpeg
The Boating Bible: The Essential Handbook for Every Sailor,Jim Murrant,"{"""": """"}",https://i.thriftbooks.com/api/imagehandler/m/E5562D2A6DDF6819C56A529989A4271734233D1C.jpeg
Wooden Boat Renovation: New Life for Old Boats Using Modern Methods,Jim Trefethen,"{""Format:"": ""Hardcover"", ""Language:"": ""English"", ""ISBN:"": ""0070652392"", ""ISBN13:"": ""9780070652392"", ""Release Date:"": ""January 1993"", ""Publisher:"": ""International Marine Publishing"", ""Length:"": ""302 Pages"", ""Weight:"": ""1.80 lbs."", ""Dimensions:"": ""1.1\"" x 7.6\"" x 9.6\""""}",https://i.thriftbooks.com/api/imagehandler/m/265B05773F43A9F59CC25B6D503C767DDBFB0D16.jpeg
The Old Outboard Book,Peter Hunn,"{""Format:"": ""Paperback"", ""Language:"": ""English"", ""ISBN:"": ""0070312818"", ""ISBN13:"": ""9780070312814"", ""Release Date:"": ""January 1994"", ""Publisher:"": ""International Marine Publishing"", ""Length:"": ""278 Pages"", ""Weight:"": ""1.70 lbs."", ""Dimensions:"": ""0.6\"" x 7.4\"" x 9.2\""""}",https://i.thriftbooks.com/api/imagehandler/m/9DEDB426563E8434D5EE6FA3210B75CEBCE1D521.jpeg
Cruising GD N Eng REV,Robert C. Duncan,"{""Format:"": ""Hardcover"", ""Language:"": ""English"", ""ISBN:"": ""0399150234"", ""ISBN13:"": ""9780399150234"", ""Release Date:"": ""February 1990"", ""Publisher:"": ""Putnam Publishing Group"", ""Length:"": ""731 Pages"", ""Weight:"": ""2.70 lbs.""}",https://m.media-amazon.com/images/I/51S5hwBhRtL._SL350_.jpg
"Sailing Smart: Winning Techniques, Tactics, and Strategies",Charles Mason,"{""Format:"": ""Paperback"", ""Language:"": ""English"", ""ISBN:"": ""0805003517"", ""ISBN13:"": ""9780805003512"", ""Release Date:"": ""April 1987"", ""Publisher:"": ""St. Martins Press-3PL"", ""Length:"": ""208 Pages"", ""Weight:"": ""0.60 lbs."", ""Dimensions:"": ""0.6\"" x 6.0\"" x 8.9\""""}",https://i.thriftbooks.com/api/imagehandler/m/C2F42F8133CF021E1DB4AE1A2330EF8494A8BBFC.jpeg
The Best of Sail Trim,Sail Book,"{""Format:"": ""Hardcover"", ""Language:"": ""English"", ""ISBN:"": ""0914814036"", ""ISBN13:"": ""9780914814030"", ""Release Date:"": ""January 1975"", ""Publisher:"": ""Sail Magazine"", ""Length:"": ""280 Pages"", ""Weight:"": ""1.25 lbs.""}",https://m.media-amazon.com/images/I/41+U+B0pBqL._SL350_.jpg
The New Kayak Shop: More Elegant Wooden Kayaks Anyone Can Build,Chris Kulczycki,"{""Format:"": ""Paperback"", ""Language:"": ""English"", ""ISBN:"": ""0071357866"", ""ISBN13:"": ""9780071357869"", ""Release Date:"": ""October 2000"", ""Publisher:"": ""International Marine Publishing"", ""Length:"": ""194 Pages"", ""Weight:"": ""1.10 lbs."", ""Dimensions:"": ""0.4\"" x 7.4\"" x 9.4\""""}",https://i.thriftbooks.com/api/imagehandler/m/F70C2923EFCD11B9B57447B2129C5929BA095354.jpeg
"Powerboater's Guide to Electrical Systems: Maintenace, Troubleshooting, and Improvements",Edwin R. Sherman,"{""Format:"": ""Hardcover"", ""Language:"": ""English"", ""ISBN:"": ""0071343261"", ""ISBN13:"": ""9780071343268"", ""Release Date:"": ""May 2000"", ""Publisher:"": ""International Marine Publishing"", ""Length:"": ""212 Pages"", ""Weight:"": ""1.45 lbs."", ""Dimensions:"": ""0.8\"" x 7.5\"" x 9.5\""""}",https://i.thriftbooks.com/api/imagehandler/m/E54289F23B348210382A1D50E7D8E53557B118A8.jpeg
A Cruising Guide to the Maine Coast,Hank Taft,"{""Format:"": ""Hardcover"", ""Language:"": ""English"", ""ISBN:"": ""0877422826"", ""ISBN13:"": ""9780877422822"", ""Release Date:"": ""March 1991"", ""Publisher:"": ""International Marine Publishing"", ""Length:"": ""383 Pages"", ""Weight:"": ""3.18 lbs."", ""Dimensions:"": ""1.2\"" x 8.8\"" x 11.3\""""}",https://m.media-amazon.com/images/I/418So4K9YgL._SL350_.jpg
Wanderer: An Autobiography,Sterling Hayden,"{""Format:"": ""Hardcover"", ""Language:"": ""English"", ""ISBN:"": ""B0006AYW0I"", ""Release Date:"": ""January 1963"", ""Publisher:"": ""Alfred A Knopf"", ""Length:"": ""434 Pages"", ""Weight:"": ""1.22 lbs.""}",https://m.media-amazon.com/images/I/515RfmswlOL._SL350_.jpg
Sailboat Hull and Deck Repair,Don Casey,"{""Format:"": ""Hardcover"", ""Language:"": ""English"", ""ISBN:"": ""0070133697"", ""ISBN13:"": ""9780070133693"", ""Release Date:"": ""January 1996"", ""Publisher:"": ""International Marine Publishing"", ""Length:"": ""144 Pages"", ""Weight:"": ""0.95 lbs."", ""Dimensions:"": ""0.6\"" x 7.5\"" x 9.4\""""}",https://i.thriftbooks.com/api/imagehandler/m/A4650C28A0B7CB02B6BD121372F1410799A40C3F.jpeg
Storm Tactics Handbook: Modern Methods of Heaving-To for Survival in Extreme Conditions,Larry Pardey,"{""Format:"": ""Paperback"", ""Language:"": ""English"", ""ISBN:"": ""1929214472"", ""ISBN13:"": ""9781929214471"", ""Release Date:"": ""July 2008"", ""Publisher:"": ""Pardey Books"", ""Length:"": ""256 Pages"", ""Weight:"": ""0.95 lbs."", ""Dimensions:"": ""0.7\"" x 6.1\"" x 9.0\""""}",https://i.thriftbooks.com/api/imagehandler/m/FC18F093903F28FBF1FE7F823D538147E63D7525.jpeg
Fifty Places to Sail Before You Die: Sailing Experts Share the World's Greatest Destinations,Chris Santella,"{""Format:"": ""Hardcover"", ""Language:"": ""English"", ""ISBN:"": ""1584795670"", ""ISBN13:"": ""9781584795674"", ""Release Date:"": ""May 2007"", ""Publisher:"": ""Stewart, Tabori, & Chang"", ""Length:"": ""224 Pages"", ""Weight:"": ""1.24 lbs."", ""Dimensions:"": ""1.1\"" x 7.4\"" x 8.4\""""}",https://i.thriftbooks.com/api/imagehandler/m/CB5FE55956D6EB585B9511E7BCD63303E4A1BBEE.jpeg
Boatbuilding manual,Robert M. Steward,"{""Format:"": ""Hardcover"", ""Language:"": ""English"", ""ISBN:"": ""0877421307"", ""ISBN13:"": ""9780877421306"", ""Release Date:"": ""January 1980"", ""Publisher:"": ""International Marine Pub. Co"", ""Length:"": ""240 Pages"", ""Weight:"": ""1.60 lbs.""}",https://m.media-amazon.com/images/I/517XGcI2ABL._SL350_.jpg
The Marlinspike Sailor.,Hervey Garrett Smith,"{""Format:"": ""Hardcover"", ""Language:"": ""English"", ""ISBN:"": ""0828600449"", ""Release Date:"": ""January 1971"", ""Publisher:"": ""Intl Marine Pub Co"", ""Length:"": ""131 Pages"", ""Weight:"": ""1.65 lbs.""}",https://m.media-amazon.com/images/I/41H0keZqLxL._SL350_.jpg
The Capable Cruiser,Larry Pardey,"{""Format:"": ""Hardcover"", ""Language:"": ""English"", ""ISBN:"": ""039303321X"", ""ISBN13:"": ""9780393033212"", ""Release Date:"": ""January 1995"", ""Publisher:"": ""W. W. Norton & Company"", ""Length:"": ""388 Pages"", ""Weight:"": ""1.45 lbs."", ""Dimensions:"": ""1.5\"" x 6.0\"" x 8.5\""""}",https://m.media-amazon.com/images/I/41BOC36AWXL._SL350_.jpg
The Spirit of St. Andrews,Alister Mackenzie,"{""Format:"": ""Hardcover"", ""Language:"": ""English"", ""ISBN:"": ""1886947007"", ""ISBN13:"": ""9781886947009"", ""Release Date:"": ""April 1995"", ""Publisher:"": ""John Wiley & Sons"", ""Length:"": ""268 Pages"", ""Weight:"": ""1.46 lbs."", ""Dimensions:"": ""1.1\"" x 6.3\"" x 9.3\""""}",https://i.thriftbooks.com/api/imagehandler/m/2F9FDFBDD9655D5A8BC50F360D4475222E98A28F.jpeg
Celestial Navigation for Yachtsmen,Mary Blewitt,"{""Format:"": ""Paperback"", ""Language:"": ""English"", ""ISBN:"": ""0070059284"", ""ISBN13:"": ""9780070059283"", ""Release Date:"": ""November 1994"", ""Publisher:"": ""International Marine Publishing"", ""Length:"": ""80 Pages"", ""Weight:"": ""0.25 lbs."", ""Dimensions:"": ""0.2\"" x 5.5\"" x 8.5\""""}",https://i.thriftbooks.com/api/imagehandler/m/284033C6EC3E932A3FB2796DFC95107DADD6F0AF.jpeg
Canoecraft: A Harrowsmith Illustrated Guide to Fine Woodstrip Construction,Merilyn Mohr,"{""Format:"": ""Paperback"", ""Language:"": ""English"", ""ISBN:"": ""0920656242"", ""ISBN13:"": ""9780920656242"", ""Release Date:"": ""October 1983"", ""Publisher:"": ""Camden House (NY)"", ""Length:"": ""148 Pages"", ""Weight:"": ""0.95 lbs."", ""Dimensions:"": ""0.6\"" x 10.8\"" x 8.1\""""}",https://i.thriftbooks.com/api/imagehandler/m/5AD3D71B4EC29208045A58F75E6BED9D3FAB4837.jpeg
Understanding Boat Design,Ted Brewer,"{""Format:"": ""Paperback"", ""Language:"": ""English"", ""ISBN:"": ""087742392X"", ""ISBN13:"": ""9780877423928"", ""Release Date:"": ""January 1993"", ""Publisher:"": ""International Marine Publishing"", ""Length:"": ""147 Pages"", ""Weight:"": ""1.00 lbs."", ""Dimensions:"": ""0.5\"" x 7.3\"" x 9.2\""""}",https://m.media-amazon.com/images/I/51om9+2e07L._SL350_.jpg
Boatowner's Illustrated Handbook of Wiring,Charlie Wing,"{"""": """"}",https://m.media-amazon.com/images/I/51h2swzvj7L._SL350_.jpg
Inspecting the Aging Sailboat,Don Casey,"{""Format:"": ""Paperback"", ""Language:"": ""English"", ""ISBN:"": ""0071445455"", ""ISBN13:"": ""9780071445450"", ""Release Date:"": ""August 2004"", ""Publisher:"": ""International Marine Publishing"", ""Length:"": ""141 Pages"", ""Weight:"": ""1.65 lbs."", ""Dimensions:"": ""0.3\"" x 7.4\"" x 9.1\""""}",https://i.thriftbooks.com/api/imagehandler/m/82C2E4B892D702D5EF6D2D0FB67711D0D0E9569C.jpeg
Sailboat Refinishing,Don Casey,"{""Format:"": ""Hardcover"", ""Language:"": ""English"", ""ISBN:"": ""0070132259"", ""ISBN13:"": ""9780070132252"", ""Release Date:"": ""November 1995"", ""Publisher:"": ""International Marine Publishing"", ""Length:"": ""144 Pages"", ""Weight:"": ""1.05 lbs."", ""Dimensions:"": ""0.6\"" x 7.5\"" x 9.4\""""}",https://i.thriftbooks.com/api/imagehandler/m/B5F20B55097C7B496C5138662768566E4AFC4356.jpeg
Sunk Without a Sound: The Tragic Colorado River Honeymoon of Glen and Bessie Hyde,Brad Dimock,"{""Format:"": ""Paperback"", ""Language:"": ""English"", ""ISBN:"": ""1892327988"", ""ISBN13:"": ""9781892327987"", ""Release Date:"": ""February 2001"", ""Publisher:"": ""Fretwater Press"", ""Length:"": ""304 Pages"", ""Weight:"": ""1.11 lbs."", ""Dimensions:"": ""0.8\"" x 6.2\"" x 9.2\""""}",https://i.thriftbooks.com/api/imagehandler/m/CBC070C32A45DEF7C50B714F125219B0FB13CE0C.jpeg
The Splicing Handbook: Techniques for Modern and Traditional Ropes,Barbara Merry,"{""Format:"": ""Paperback"", ""Language:"": ""English"", ""ISBN:"": ""0877429529"", ""ISBN13:"": ""9780877429524"", ""Release Date:"": ""January 1987"", ""Publisher:"": ""International Marine Publishing"", ""Length:"": ""100 Pages"", ""Weight:"": ""0.40 lbs."", ""Dimensions:"": ""0.3\"" x 5.5\"" x 8.4\""""}",https://m.media-amazon.com/images/I/518fO6JSABL._SL350_.jpg
The Big Book of Boat Canvas: A Complete Guide to Fabric Work on Boats,Karen Lipe,"{""Format:"": ""Paperback"", ""Language:"": ""English"", ""ISBN:"": ""0915160358"", ""ISBN13:"": ""9780915160358"", ""Release Date:"": ""January 1991"", ""Publisher:"": ""International Marine Publishing"", ""Weight:"": ""1.00 lbs."", ""Dimensions:"": ""0.6\"" x 7.0\"" x 10.0\""""}",https://i.thriftbooks.com/api/imagehandler/m/5C2020C44AA37AC7BCB9F7832F7EAB91F9394CD2.jpeg
"The Strip-Built Sea Kayak: Three Rugged, Beautiful Boats You Can Build",Nick Schade,"{""Format:"": ""Paperback"", ""Language:"": ""English"", ""ISBN:"": ""007057989X"", ""ISBN13:"": ""9780070579897"", ""Release Date:"": ""April 1998"", ""Publisher:"": ""International Marine Publishing"", ""Length:"": ""216 Pages"", ""Weight:"": ""1.00 lbs."", ""Dimensions:"": ""0.5\"" x 7.3\"" x 9.3\""""}",https://i.thriftbooks.com/api/imagehandler/m/7FC17628541CDCB1B16EAEF42152215CA4119ADC.jpeg
The Voyager's Handbook: The Essential Guide to Bluewater Cruising,Beth A. Leonard,"{""Format:"": ""Hardcover"", ""Language:"": ""English"", ""ISBN:"": ""0070381437"", ""ISBN13:"": ""9780070381438"", ""Release Date:"": ""January 1998"", ""Publisher:"": ""International Marine Publishing"", ""Length:"": ""448 Pages"", ""Weight:"": ""2.41 lbs."", ""Dimensions:"": ""1.3\"" x 7.7\"" x 9.6\""""}",https://i.thriftbooks.com/api/imagehandler/m/127C237E76127F41D0BE8137BAAC69EBD0C0C39E.jpeg
Flirting with Mermaids: The Unpredictable Life of a Sailboat Delivery Skipper,John Kretschmer,"{""Format:"": ""Paperback"", ""Language:"": ""English"", ""ISBN:"": ""1574091646"", ""ISBN13:"": ""9781574091649"", ""Release Date:"": ""March 2003"", ""Publisher:"": ""Sheridan House"", ""Length:"": ""218 Pages"", ""Weight:"": ""0.79 lbs."", ""Dimensions:"": ""0.7\"" x 6.0\"" x 8.9\""""}",https://i.thriftbooks.com/api/imagehandler/m/81D8FD3C3309124E2CE160DE7D2A3326DB1203A0.jpeg
