Book Name,Authors,Info,Image URL
"The Big Book of Brain Games: 1,000 Playthinks of Art, Mathematics & Science",Ivan Moscovich,"{"""": """"}",https://i.thriftbooks.com/api/imagehandler/m/7ACD891F07D3CA4356003D3567767880B5BC0F8F.jpeg
My Best Mathematical and Logic Puzzles,Martin Gardner,"{""Format:"": ""Paperback"", ""Language:"": ""English"", ""ISBN:"": ""0486281523"", ""ISBN13:"": ""9780486281520"", ""Release Date:"": ""February 2016"", ""Publisher:"": ""Dover Publications"", ""Length:"": ""96 Pages"", ""Weight:"": ""0.26 lbs."", ""Dimensions:"": ""0.3\"" x 5.4\"" x 8.5\"""", ""Age Range:"": ""9 to 12 years"", ""Grade Range:"": ""Grades 4 to 7""}",https://i.thriftbooks.com/api/imagehandler/m/BFE4A3C6401CD8CBCF9FDC4EE89081C6A77EC423.jpeg
The Ultimate Book of Optical Illusions,Al Seckel,"{""Format:"": ""Paperback"", ""Language:"": ""English"", ""ISBN:"": ""1402734042"", ""Release Date:"": ""September 2006"", ""Publisher:"": ""Union Square & Co."", ""Length:"": ""368 Pages"", ""Weight:"": ""2.24 lbs."", ""Dimensions:"": ""8.0\"" x 1.0\"" x 8.0\""""}",https://m.media-amazon.com/images/I/51LU8fDkP5S._SL350_.jpg
USA Today Crossword: 200 Puzzles from the Nation's No. 1 Newspaper,USA Today,"{""Format:"": ""Paperback"", ""Language:"": ""English"", ""ISBN:"": ""0740770322"", ""ISBN13:"": ""9780740770326"", ""Release Date:"": ""May 2007"", ""Publisher:"": ""Andrews McMeel Publishing"", ""Length:"": ""448 Pages"", ""Weight:"": ""0.73 lbs."", ""Dimensions:"": ""1.3\"" x 5.0\"" x 8.0\""""}",https://i.thriftbooks.com/api/imagehandler/m/A5B27C74FF41B2AEE88D405AF55483EB7737D323.jpeg
Thinkertoys: A Handbook of Creative-Thinking Techniques (2nd Edition),Michael Michalko,"{""Format:"": ""Paperback"", ""Language:"": ""English"", ""ISBN:"": ""1580087736"", ""Release Date:"": ""June 2006"", ""Publisher:"": ""Ten Speed Press"", ""Length:"": ""416 Pages"", ""Weight:"": ""1.65 lbs."", ""Dimensions:"": ""9.1\"" x 1.0\"" x 7.3\""""}",https://m.media-amazon.com/images/I/41ZvLnZIg-L._SL350_.jpg
One-Minute Mysteries and Brain Teasers,Sandy Silverthorne,"{""Format:"": ""Paperback"", ""Language:"": ""English"", ""ISBN:"": ""0736919422"", ""ISBN13:"": ""9780736919425"", ""Release Date:"": ""September 2007"", ""Publisher:"": ""Harvest House Publishers"", ""Length:"": ""173 Pages"", ""Weight:"": ""0.40 lbs."", ""Dimensions:"": ""0.4\"" x 5.3\"" x 7.9\""""}",https://i.thriftbooks.com/api/imagehandler/m/358EA90C36B99B81D9D11E150C924F90C9CD9394.jpeg
Puzzle Baron's Logic Puzzles: Hours of Brain-Challenging Fun!,Puzzle Baron,"{""Format:"": ""Paperback"", ""Language:"": ""English"", ""ISBN:"": ""1615640320"", ""ISBN13:"": ""9781615640324"", ""Release Date:"": ""August 2010"", ""Publisher:"": ""DK Publishing (Dorling Kindersley)"", ""Length:"": ""224 Pages"", ""Weight:"": ""0.60 lbs."", ""Dimensions:"": ""0.5\"" x 6.0\"" x 8.9\"""", ""Age Range:"": ""18 years and up"", ""Grade Range:"": ""Postsecondary and higher""}",https://i.thriftbooks.com/api/imagehandler/m/82A1B218A5742A72B03B4A81F80344B0AE9DA438.jpeg
The Original Sudoku,Nikoli Publishing,"{""Format:"": ""Paperback"", ""Language:"": ""English"", ""ISBN:"": ""0761142150"", ""ISBN13:"": ""9780761142157"", ""Release Date:"": ""October 2005"", ""Publisher:"": ""Workman Publishing"", ""Length:"": ""405 Pages"", ""Weight:"": ""0.60 lbs."", ""Dimensions:"": ""1.0\"" x 4.0\"" x 6.0\""""}",https://i.thriftbooks.com/api/imagehandler/m/81BCB37FBCEC3AE047AEDDDB4A746272529FC245.jpeg
"The Total Brain Workout: 450 Puzzles to Sharpen Your Mind, Improve Your Memory & Keep Your Brain Fit",Marcel Danesi,"{""Format:"": ""Paperback"", ""Language:"": ""English"", ""ISBN:"": ""1335286004"", ""ISBN13:"": ""9781335286000"", ""Release Date:"": ""May 2020"", ""Publisher:"": ""Hanover Square Press"", ""Length:"": ""256 Pages"", ""Weight:"": ""0.55 lbs."", ""Dimensions:"": ""0.7\"" x 5.9\"" x 8.9\""""}",https://i.thriftbooks.com/api/imagehandler/m/783D7D82226981067D1E947FBC44EC9B688E6441.jpeg
What Is the Name of This Book?,Raymond M. Smullyan,"{""Format:"": ""Paperback"", ""Language:"": ""English"", ""ISBN:"": ""0671628321"", ""ISBN13:"": ""9780671628321"", ""Release Date:"": ""October 1986"", ""Publisher:"": ""Touchstone Books"", ""Length:"": ""241 Pages"", ""Weight:"": ""0.74 lbs."", ""Dimensions:"": ""0.7\"" x 5.4\"" x 8.3\""""}",https://m.media-amazon.com/images/I/51Dwx5dCx+L._SL350_.jpg
Doctor Ecco's Cyberpuzzles: 36 Puzzles for Hackers and Other Mathematical Detectives,Dennis E. Shasha,"{""Format:"": ""Paperback"", ""Language:"": ""English"", ""ISBN:"": ""0393325415"", ""ISBN13:"": ""9780393325416"", ""Release Date:"": ""February 2004"", ""Publisher:"": ""W. W. Norton & Company"", ""Length:"": ""250 Pages"", ""Weight:"": ""0.50 lbs."", ""Dimensions:"": ""0.7\"" x 5.5\"" x 8.2\""""}",https://i.thriftbooks.com/api/imagehandler/m/E5E686CF7C072952EF1263E8064E90B8C21BC4DD.jpeg
Do You Think What You Think You Think?: The Ultimate Philosophical Handbook,Julian Baggini,"{""Format:"": ""Paperback"", ""Language:"": ""English"", ""ISBN:"": ""0452288657"", ""Release Date:"": ""August 2007"", ""Publisher:"": ""Plume"", ""Length:"": ""192 Pages"", ""Weight:"": ""0.42 lbs."", ""Dimensions:"": ""8.0\"" x 0.4\"" x 5.2\""""}",https://m.media-amazon.com/images/I/41Tvlc70ccL._SL350_.jpg
Amazing Mazes 2,Rolf Heimann,"{""Format:"": ""Paperback"", ""Language:"": ""English"", ""ISBN:"": ""081673674X"", ""ISBN13:"": ""9780816736744"", ""Release Date:"": ""January 1996"", ""Publisher:"": ""Troll Communications"", ""Length:"": ""32 Pages"", ""Weight:"": ""0.25 lbs."", ""Dimensions:"": ""0.1\"" x 10.0\"" x 8.3\"""", ""Age Range:"": ""9 to 12 years"", ""Grade Range:"": ""Grades 4 to 7""}",https://i.thriftbooks.com/api/imagehandler/m/6B8E5FB9AD93361B22F00AEE7C42F7080B7203E9.jpeg
Test Your IQ,Kenneth A. Russell,"{""Format:"": ""Paperback"", ""Language:"": ""English"", ""ISBN:"": ""0706370597"", ""ISBN13:"": ""9780706370591"", ""Release Date:"": ""January 1996"", ""Publisher:"": ""Ward Lock Limited."", ""Length:"": ""127 Pages"", ""Weight:"": ""0.17 lbs."", ""Dimensions:"": ""0.4\"" x 4.4\"" x 7.0\""""}",https://i.thriftbooks.com/api/imagehandler/m/78DAF7CAC0707568E9DAFC184D6148557F7E3B67.jpeg
Clue Mysteries: 15 Whodunits to Solve in Minutes,Vicki Cameron,"{""Format:"": ""Paperback"", ""Language:"": ""English"", ""ISBN:"": ""0762412089"", ""ISBN13:"": ""9780762412082"", ""Release Date:"": ""March 2003"", ""Publisher:"": ""Running Press Book Publishers"", ""Length:"": ""224 Pages"", ""Weight:"": ""0.15 lbs."", ""Dimensions:"": ""0.5\"" x 5.3\"" x 8.5\""""}",https://i.thriftbooks.com/api/imagehandler/m/98EE1D55E7924422E212260DFA53DABF73D39BE6.jpeg
Match Wits with Mensa: The Complete Quiz Book,Abbie F. Salny,"{""Format:"": ""Paperback"", ""Language:"": ""English"", ""ISBN:"": ""0738202509"", ""ISBN13:"": ""9780738202501"", ""Release Date:"": ""November 1999"", ""Publisher:"": ""Da Capo Press"", ""Length:"": ""648 Pages"", ""Weight:"": ""1.25 lbs."", ""Dimensions:"": ""1.8\"" x 5.5\"" x 8.3\""""}",https://i.thriftbooks.com/api/imagehandler/m/B302BF0F64EC18A6ACC17953F5A124F891EF4B75.jpeg
"Exercises for the Whole Brain: Engaging, Intelligent Puzzles to Stimulate and Entertain Your Creative, Visual and Analytical Skills",Allen D. Bragdon,"{"""": """"}",https://i.thriftbooks.com/api/imagehandler/m/2ED40E15A1A88ACCEBC12C372A650A6537AAC32A.jpeg
Chess Mysteries of Sherlock Holmes: Fifty Tantalizing Problems of Chess Detection,Raymond M. Smullyan,"{""Format:"": ""Paperback"", ""Language:"": ""English"", ""ISBN:"": ""0812923898"", ""ISBN13:"": ""9780812923896"", ""Release Date:"": ""September 1994"", ""Publisher:"": ""Random House Puzzles & Games"", ""Length:"": ""192 Pages"", ""Weight:"": ""0.50 lbs."", ""Dimensions:"": ""0.5\"" x 5.0\"" x 8.5\""""}",https://i.thriftbooks.com/api/imagehandler/m/E8EA803B1746A436B64D6F3A35FA61FFE15B381D.jpeg
Teach Yourself Training Your Brain for the Over 50's,Simon Wootton,"{"""": """"}",https://i.thriftbooks.com/api/imagehandler/m/84633E86D42629D0C1B7393AC11DAF392BCAAA9E.jpeg
Optical Illusions: The Science of Visual Perception,Al Seckel,"{""Format:"": ""Paperback"", ""Language:"": ""English"", ""ISBN:"": ""1554071518"", ""ISBN13:"": ""9781554071517"", ""Release Date:"": ""January 2009"", ""Publisher:"": ""Firefly Books"", ""Length:"": ""312 Pages"", ""Weight:"": ""3.10 lbs."", ""Dimensions:"": ""0.8\"" x 8.9\"" x 9.9\""""}",https://i.thriftbooks.com/api/imagehandler/m/2860AB16F56350A992953B47F8A62A16743D9CCE.jpeg
Pumping Ions,Tom Wujec,"{""Format:"": ""Paperback"", ""Language:"": ""English"", ""ISBN:"": ""0385247494"", ""ISBN13:"": ""9780385247498"", ""Release Date:"": ""August 1988"", ""Publisher:"": ""Main Street Books"", ""Length:"": ""248 Pages"", ""Weight:"": ""0.85 lbs."", ""Dimensions:"": ""0.7\"" x 6.0\"" x 8.9\""""}",https://i.thriftbooks.com/api/imagehandler/m/20451D8D7A3EBF6C54F54A020AD9AFC9435703E2.jpeg
Can You Believe Your Eyes?: Over 250 Illusions and Other Visual Oddities,Harold Yuker,"{""Format:"": ""Hardcover"", ""Language:"": ""English"", ""ISBN:"": ""0898761638"", ""ISBN13:"": ""9780898761634"", ""Release Date:"": ""January 1989"", ""Publisher:"": ""Gardner Press, Incorporated"", ""Length:"": ""249 Pages"", ""Weight:"": ""1.50 lbs."", ""Dimensions:"": ""0.9\"" x 7.4\"" x 10.2\""""}",https://m.media-amazon.com/images/I/41IzaLtgmtL._SL350_.jpg
The Lady or the Tiger?,Raymond M. Smullyan,"{""Format:"": ""Hardcover"", ""Language:"": ""English"", ""ISBN:"": ""0394514661"", ""ISBN13:"": ""9780394514666"", ""Release Date:"": ""May 1982"", ""Publisher:"": ""Alfred A. Knopf"", ""Length:"": ""235 Pages"", ""Weight:"": ""1.00 lbs.""}",https://m.media-amazon.com/images/I/51HT+pi5DtL._SL350_.jpg
Playing Off the Rail: A Pool Hustler's Journey,David McCumber,"{""Format:"": ""Hardcover"", ""Language:"": ""English"", ""ISBN:"": ""0679423745"", ""ISBN13:"": ""9780679423744"", ""Release Date:"": ""January 1996"", ""Publisher:"": ""Random House (NY)"", ""Length:"": ""367 Pages"", ""Weight:"": ""1.45 lbs."", ""Dimensions:"": ""1.2\"" x 6.4\"" x 9.5\""""}",https://i.thriftbooks.com/api/imagehandler/m/2A536D5316030295D282B4A38CB3F7E604FA38EC.jpeg
Hands On Thinking Skills,Warren Hill,"{""Format:"": ""Paperback"", ""Language:"": ""English"", ""ISBN:"": ""0894553321"", ""ISBN13:"": ""9780894553325"", ""Release Date:"": ""January 1987"", ""Publisher:"": ""Critical Thinking Co"", ""Length:"": ""246 Pages"", ""Weight:"": ""1.40 lbs."", ""Dimensions:"": ""10.8\"" x 0.8\"" x 8.5\"""", ""Age Range:"": ""5 to 6 years"", ""Grade Range:"": ""Kindergarten to Grade 1""}",https://m.media-amazon.com/images/I/41k8PwybmyL._SL350_.jpg
"Succeed at IQ Tests: Improve Your Numerical, Verbal and Spatial Reasoning Skills",Philip J. Carter,"{"""": """"}",https://i.thriftbooks.com/api/imagehandler/m/DF2909FA1670AE495FAFA3856E5A553847D9AFCD.jpeg
"Test and Assess Your IQ: Numerical, Verbal and Spatial Aptitude Tests",Philip J. Carter,"{"""": """"}",https://i.thriftbooks.com/api/imagehandler/m/B49EE4DCA360B0915543DDA4EF8D4BB75A1FDDF6.jpeg
"Ultimate Psychometric Tests: Over 1,000 Verbal, Numerical, Diagrammatic and IQ Practice Tests",Mike Bryon,"{""Format:"": ""Paperback"", ""Language:"": ""English"", ""ISBN:"": ""074946349X"", ""ISBN13:"": ""9780749463496"", ""Release Date:"": ""February 2012"", ""Publisher:"": ""Kogan Page"", ""Length:"": ""282 Pages"", ""Weight:"": ""1.05 lbs."", ""Dimensions:"": ""0.7\"" x 6.8\"" x 9.4\""""}",https://i.thriftbooks.com/api/imagehandler/m/7DF15A2ABA08151C8B81CD47E3505F0A49B6F234.jpeg
EYE AND BRAIN,Richard Langton Gregory,"{""Format:"": ""Paperback"", ""ISBN:"": ""B000S5SBJ4"", ""Release Date:"": ""January 1995"", ""Publisher:"": ""Oxford University Press"", ""Weight:"": ""1.01 lbs.""}",https://static.thriftbooks.com/general/noimage-big_e3ec8833.jpg
How to Pass Advanced Aptitude Tests,Jim Barrett,"{"""": """"}",https://i.thriftbooks.com/api/imagehandler/m/ACF6B0B74C3A06ED3546ED9D5961E030D61BBAD3.jpeg
Cracking Codes and Cryptograms for Dummies,Denise Sutherland,"{""Format:"": ""Paperback"", ""Language:"": ""English"", ""ISBN:"": ""0470591005"", ""ISBN13:"": ""9780470591000"", ""Release Date:"": ""November 2009"", ""Publisher:"": ""For Dummies"", ""Length:"": ""336 Pages"", ""Weight:"": ""0.80 lbs."", ""Dimensions:"": ""0.7\"" x 5.6\"" x 8.5\""""}",https://i.thriftbooks.com/api/imagehandler/m/A76D7A386F56AB8FC6296EBAA03A692421D168C9.jpeg
Brain Games - Picture Puzzles: Amazing Places - How Many Differences Can You Spot While Boosting Your Travel Trivia?,Holli Fort,"{""Format:"": ""Spiral-bound"", ""Language:"": ""English"", ""ISBN:"": ""1412798051"", ""ISBN13:"": ""9781412798051"", ""Release Date:"": ""May 2009"", ""Publisher:"": ""Publications International, Ltd."", ""Length:"": ""192 Pages"", ""Weight:"": ""1.28 lbs."", ""Dimensions:"": ""0.5\"" x 7.1\"" x 9.0\""""}",https://i.thriftbooks.com/api/imagehandler/m/3CB33BA4FBC604B0B0A5D14C57FDDBF543132DB6.jpeg
USA Today Everyday Logic: 200 Puzzles from the Nation's No. 1 Newspaper,USA Today,"{"""": """"}",https://i.thriftbooks.com/api/imagehandler/m/58E17D847C305070054DABCB665C2C11FBA8C23D.jpeg
Getting Started in Hold 'em,Ed Miller,"{""Format:"": ""Paperback"", ""Language:"": ""English"", ""ISBN:"": ""1880685345"", ""ISBN13:"": ""9781880685341"", ""Release Date:"": ""March 2023"", ""Publisher:"": ""Two Plus Two Pub."", ""Length:"": ""206 Pages"", ""Weight:"": ""0.80 lbs."", ""Dimensions:"": ""0.6\"" x 5.6\"" x 8.5\""""}",https://i.thriftbooks.com/api/imagehandler/m/DA4479F46D88AC650EC4FA7BE1C5189633116661.jpeg
USA Today Logic 2: 200 Puzzles from the Nations No. 1 Newspaper,USA Today,"{""Format:"": ""Paperback"", ""Language:"": ""English"", ""ISBN:"": ""1449407307"", ""ISBN13:"": ""9781449407308"", ""Release Date:"": ""October 2011"", ""Publisher:"": ""Andrews McMeel Publishing"", ""Length:"": ""376 Pages"", ""Weight:"": ""0.35 lbs."", ""Dimensions:"": ""1.1\"" x 4.9\"" x 8.0\""""}",https://i.thriftbooks.com/api/imagehandler/m/EE7073A4B6A4387FACF9DE4150ED705956991D1E.jpeg
"Satan, Cantor, and Infinity and Other Mind-Bogglin",Raymond M. Smullyan,"{""Format:"": ""Hardcover"", ""Language:"": ""English"", ""ISBN:"": ""0679406883"", ""ISBN13:"": ""9780679406884"", ""Release Date:"": ""November 1992"", ""Publisher:"": ""Alfred A. Knopf"", ""Length:"": ""270 Pages"", ""Weight:"": ""1.15 lbs."", ""Dimensions:"": ""1.0\"" x 5.9\"" x 8.6\""""}",https://m.media-amazon.com/images/I/41q884FgjSL._SL350_.jpg
You Gotta Be Kidding!: The Crazy Book of Would You Rather...? Questions,Randy Horn,"{""Format:"": ""Paperback"", ""Language:"": ""English"", ""ISBN:"": ""0761143653"", ""ISBN13:"": ""9780761143659"", ""Release Date:"": ""October 2006"", ""Publisher:"": ""Workman Publishing"", ""Length:"": ""416 Pages"", ""Weight:"": ""0.58 lbs."", ""Dimensions:"": ""1.0\"" x 4.0\"" x 5.8\"""", ""Age Range:"": ""9 to 18 years"", ""Grade Range:"": ""Grade 4 to Postsecondary""}",https://i.thriftbooks.com/api/imagehandler/m/B9021726F93422F9718DFE8C1D2292DF410755E5.jpeg
The Great Book of Mind Teasers & Mind Puzzlers,George J. Summers,"{"""": """"}",https://i.thriftbooks.com/api/imagehandler/m/D9600620F52FEBB4824CB444D739C84996CB3756.jpeg
Uncle John's Bathroom Puzzler: 365 New Logic Puzzles,Bathroom Readers' Institute,"{""Format:"": ""Paperback"", ""Language:"": ""English"", ""ISBN:"": ""1607101823"", ""ISBN13:"": ""9781607101826"", ""Release Date:"": ""October 2010"", ""Publisher:"": ""Portable Press"", ""Length:"": ""276 Pages"", ""Weight:"": ""0.70 lbs."", ""Dimensions:"": ""0.7\"" x 5.0\"" x 7.0\""""}",https://i.thriftbooks.com/api/imagehandler/m/4C6C7C12366B304AEBFD97504C49A12BFD88BC88.jpeg
"Brain Games, Collection #9",Editors of Publications International Ltd.,"{""Format:"": ""Spiral-bound"", ""Language:"": ""English"", ""ISBN:"": ""1450802095"", ""ISBN13:"": ""9781450802093"", ""Release Date:"": ""August 2010"", ""Publisher:"": ""Publications International"", ""Length:"": ""192 Pages"", ""Weight:"": ""1.20 lbs."", ""Dimensions:"": ""1.0\"" x 7.9\"" x 9.0\""""}",https://i.thriftbooks.com/api/imagehandler/m/FF23024FB7F612EE273A96E63E95B5F1AB68CE43.jpeg
The World's Biggest Book of Brainteasers & Logic Puzzles,Des MacHale,"{""Format:"": ""Paperback"", ""Language:"": ""English"", ""ISBN:"": ""1402733720"", ""ISBN13:"": ""9781402733727"", ""Release Date:"": ""October 2006"", ""Publisher:"": ""Sterling"", ""Length:"": ""700 Pages"", ""Weight:"": ""2.10 lbs."", ""Dimensions:"": ""1.8\"" x 6.1\"" x 8.9\""""}",https://i.thriftbooks.com/api/imagehandler/m/10F60FBBA50DC8E69CBE5982A25D8A6919807610.jpeg
30 Second Mysteries: Case Files: The Book You Can Play! [With Spinner],Bob Moog,"{"""": """"}",https://i.thriftbooks.com/api/imagehandler/m/0350E6141B2E10B7EEB7DDD16DD248100E214B10.jpeg
Impossible Worlds: 2 in 1,Bruno Ernst,"{""Format:"": ""Hardcover"", ""Language:"": ""English"", ""ISBN:"": ""0681891203"", ""ISBN13:"": ""9780681891203"", ""Release Date:"": ""January 2002"", ""Publisher:"": ""Not Avail"", ""Length:"": ""79 Pages"", ""Weight:"": ""4.70 lbs.""}",https://m.media-amazon.com/images/I/519xTwGl7pL._SL350_.jpg
Brain Games,Publications International Ltd.,"{"""": """"}",https://i.thriftbooks.com/api/imagehandler/m/ECF5BED8DF27BBFD2801A39502AFA39C1F93E4CB.jpeg
Wicked Whodunits: Dr. Quicksolve Mini-Mysteries,Jim Sukach,"{""Format:"": ""Paperback"", ""Language:"": ""English"", ""ISBN:"": ""1402727933"", ""ISBN13:"": ""9781402727931"", ""Release Date:"": ""August 2005"", ""Publisher:"": ""Sterling Publishing (NY)"", ""Length:"": ""96 Pages"", ""Weight:"": ""0.30 lbs."", ""Dimensions:"": ""0.3\"" x 5.4\"" x 8.2\"""", ""Age Range:"": ""10 years and up"", ""Grade Range:"": ""Grade 5 and higher""}",https://i.thriftbooks.com/api/imagehandler/m/1FA5DA6A91902AE277BEA0D47A8F94B4F7E1AD58.jpeg
"Brain Candy: Science, Paradoxes, Puzzles, Logic, and Illogic to Nourish Your Neurons",Garth Sundem,"{""Format:"": ""Paperback"", ""Language:"": ""English"", ""ISBN:"": ""0307588033"", ""ISBN13:"": ""9780307588036"", ""Release Date:"": ""August 2010"", ""Publisher:"": ""Crown Publishing Group (NY)"", ""Length:"": ""288 Pages"", ""Weight:"": ""0.50 lbs."", ""Dimensions:"": ""0.6\"" x 5.3\"" x 8.1\""""}",https://i.thriftbooks.com/api/imagehandler/m/821AE083EE27F10437A1805D3A725F379E01F3F6.jpeg
Green Belt Kakuro: 150 Puzzles,Conceptis Puzzles,"{""Format:"": ""Paperback"", ""Language:"": ""English"", ""ISBN:"": ""1402739346"", ""ISBN13:"": ""9781402739347"", ""Release Date:"": ""August 2006"", ""Publisher:"": ""Puzzlewright"", ""Length:"": ""192 Pages"", ""Weight:"": ""0.62 lbs."", ""Dimensions:"": ""0.6\"" x 5.4\"" x 8.2\""""}",https://i.thriftbooks.com/api/imagehandler/m/37CD7E30E810F730D2826DD7C27BD8EECA219B0C.jpeg
Brain Games - Picture Puzzles #6: How Many Differences Can You Find?: Volume 6,Publications International Ltd,"{"""": """"}",https://i.thriftbooks.com/api/imagehandler/m/F0F0FC8A0071F7F6967154A17A17BEC7550F1C1F.jpeg
The Duck That Won the Lottery: 100 New Experiments for the Armchair Philosopher,Julian Baggini,"{""Format:"": ""Paperback"", ""Language:"": ""English"", ""ISBN:"": ""0452295416"", ""ISBN13:"": ""9780452295414"", ""Release Date:"": ""April 2009"", ""Publisher:"": ""Plume Books"", ""Length:"": ""336 Pages"", ""Weight:"": ""0.68 lbs."", ""Dimensions:"": ""0.8\"" x 5.2\"" x 7.9\"""", ""Age Range:"": ""18 years and up"", ""Grade Range:"": ""Postsecondary and higher""}",https://i.thriftbooks.com/api/imagehandler/m/9B56D242D4DCF89435B125E84B97755D92535A61.jpeg
Will Shortz Presents the Little Gift Book of Kenken: 250 Logic Puzzles That Make You Smarter,Will Shortz,"{""Format:"": ""Hardcover"", ""Language:"": ""English"", ""ISBN:"": ""0312558511"", ""ISBN13:"": ""9780312558512"", ""Release Date:"": ""October 2008"", ""Publisher:"": ""Griffin"", ""Length:"": ""304 Pages"", ""Weight:"": ""0.77 lbs."", ""Dimensions:"": ""1.0\"" x 5.3\"" x 7.2\""""}",https://i.thriftbooks.com/api/imagehandler/m/C36214D70E22CAC37EF9F48C8D0579CFFC58749B.jpeg
The Colossal Book of Short Puzzles and Problems,Martin Gardner,"{""Format:"": ""Hardcover"", ""Language:"": ""English"", ""ISBN:"": ""0393061140"", ""ISBN13:"": ""9780393061147"", ""Release Date:"": ""December 2005"", ""Publisher:"": ""W. W. Norton & Company"", ""Length:"": ""512 Pages"", ""Weight:"": ""2.20 lbs."", ""Dimensions:"": ""1.3\"" x 7.0\"" x 9.8\""""}",https://i.thriftbooks.com/api/imagehandler/m/6788D125AD05CD10A25D6C64A34B6F626416473A.jpeg
"The Official Book of Kakuro: Book 1: 150 Puzzles -- Easy, Medium, and Hard",Timothy E. Parker,"{""Format:"": ""Paperback"", ""Language:"": ""English"", ""ISBN:"": ""0452287529"", ""Release Date:"": ""December 2005"", ""Publisher:"": ""Penguin Publishing Group"", ""Length:"": ""240 Pages"", ""Weight:"": ""0.55 lbs."", ""Dimensions:"": ""9.0\"" x 0.6\"" x 6.0\""""}",https://m.media-amazon.com/images/I/41KSblk84sL._SL350_.jpg
The Big Book of Kakuro,Mark Huckvale,"{""Format:"": ""Paperback"", ""Language:"": ""English"", ""ISBN:"": ""1557047227"", ""ISBN13:"": ""9781557047229"", ""Release Date:"": ""February 2006"", ""Publisher:"": ""Newmarket Press"", ""Length:"": ""320 Pages"", ""Weight:"": ""0.50 lbs."", ""Dimensions:"": ""0.9\"" x 6.8\"" x 8.3\""""}",https://i.thriftbooks.com/api/imagehandler/m/321BD608A2B17793B324BD546525E544D920CC38.jpeg
Brown Belt Kakuro,Conceptis Puzzles,"{""Format:"": ""Paperback"", ""Language:"": ""English"", ""ISBN:"": ""1402739354"", ""ISBN13:"": ""9781402739354"", ""Release Date:"": ""August 2006"", ""Publisher:"": ""Puzzlewright"", ""Length:"": ""192 Pages"", ""Weight:"": ""1.28 lbs."", ""Dimensions:"": ""0.6\"" x 5.4\"" x 8.1\""""}",https://i.thriftbooks.com/api/imagehandler/m/F418B0AABC0108CDC3E1E151120D8EA8889950CE.jpeg
Black Belt Kakuro: 150 Puzzles,Conceptis Puzzles,"{"""": """"}",https://i.thriftbooks.com/api/imagehandler/m/2B84092D2FF10568E2A7F673BA2151B0819D1557.jpeg
Math Mind Games,Heinrich Hemme,"{""Format:"": ""Paperback"", ""Language:"": ""English"", ""ISBN:"": ""0806976918"", ""ISBN13:"": ""9780806976914"", ""Release Date:"": ""April 2002"", ""Publisher:"": ""Sterling"", ""Length:"": ""128 Pages"", ""Weight:"": ""0.70 lbs."", ""Dimensions:"": ""0.4\"" x 7.6\"" x 7.8\""""}",https://i.thriftbooks.com/api/imagehandler/m/EDA85B2FC2DD1EA18102D1E3A0B58766109FF9DD.jpeg
Math Puzzles for the Clever Mind,Derrick Niederman,"{"""": """"}",https://i.thriftbooks.com/api/imagehandler/m/3480B876AA4456B5F5F600DC2F0A93765945E7BA.jpeg
Kakuro: 100 Addictive Logic Puzzles,Will Shortz,"{""Format:"": ""Paperback"", ""Language:"": ""English"", ""ISBN:"": ""0312360428"", ""ISBN13:"": ""9780312360429"", ""Release Date:"": ""February 2006"", ""Publisher:"": ""Griffin"", ""Length:"": ""128 Pages"", ""Weight:"": ""0.40 lbs."", ""Dimensions:"": ""0.3\"" x 6.3\"" x 9.2\""""}",https://i.thriftbooks.com/api/imagehandler/m/4078AF3401F40C942DA63D00DBEE648E9E7DA6AE.jpeg
Dell Book of Logic Problems #4,Erica L. Rothstein,"{""Format:"": ""Paperback"", ""Language:"": ""English"", ""ISBN:"": ""0440501814"", ""ISBN13:"": ""9780440501817"", ""Release Date:"": ""November 1989"", ""Publisher:"": ""Dell Publishing Company"", ""Length:"": ""175 Pages"", ""Weight:"": ""0.65 lbs."", ""Dimensions:"": ""0.4\"" x 7.0\"" x 10.0\""""}",https://i.thriftbooks.com/api/imagehandler/m/ABA7EF051629AF51AA5A47F8D5BE9050C26DA321.jpeg
The Mammoth Book of Fun Brain Training,Gareth Moore,"{""Format:"": ""Paperback"", ""Language:"": ""English"", ""ISBN:"": ""0762440937"", ""ISBN13:"": ""9780762440931"", ""Release Date:"": ""March 2011"", ""Publisher:"": ""Running Press Book Publishers"", ""Length:"": ""352 Pages"", ""Weight:"": ""1.05 lbs."", ""Dimensions:"": ""1.0\"" x 5.1\"" x 7.7\""""}",https://i.thriftbooks.com/api/imagehandler/m/F59B3B357C03779C30DFFB4FE64C1B30C236911C.jpeg
The Official Book of Hanjie: 150 Puzzles -- Follow the Number Clues to Find a Picture,Timothy E. Parker,"{""Format:"": ""Paperback"", ""Language:"": ""English"", ""ISBN:"": ""0452287928"", ""ISBN13:"": ""9780452287921"", ""Release Date:"": ""August 2006"", ""Publisher:"": ""Penguin Adult Hc/Tr"", ""Length:"": ""146 Pages"", ""Weight:"": ""0.40 lbs."", ""Dimensions:"": ""0.3\"" x 7.5\"" x 9.3\"""", ""Age Range:"": ""18 years and up"", ""Grade Range:"": ""Postsecondary and higher""}",https://i.thriftbooks.com/api/imagehandler/m/10141D22D8C5BE1B3553B72C6FBF1D1E0B4039F9.jpeg
Brilliant Brain Teasers: Exercises to Keep Your Mind Sharp,Ian Livingstone,"{""Format:"": ""Paperback"", ""Language:"": ""English"", ""ISBN:"": ""1510775838"", ""ISBN13:"": ""9781510775831"", ""Release Date:"": ""August 2023"", ""Publisher:"": ""Skyhorse Publishing"", ""Length:"": ""256 Pages"", ""Weight:"": ""1.10 lbs."", ""Dimensions:"": ""0.8\"" x 5.4\"" x 8.7\""""}",https://i.thriftbooks.com/api/imagehandler/m/94578466FC74F88B823BBD84D190CFB06CFF589D.jpeg
The Magical Maze: Seeing the World Through Mathematical Eyes,Ian Stewart,"{""Format:"": ""Paperback"", ""Language:"": ""English"", ""ISBN:"": ""0471350656"", ""ISBN13:"": ""9780471350651"", ""Release Date:"": ""January 1998"", ""Publisher:"": ""Trade Paper Press"", ""Length:"": ""284 Pages"", ""Weight:"": ""0.70 lbs."", ""Dimensions:"": ""0.8\"" x 5.8\"" x 9.0\""""}",https://i.thriftbooks.com/api/imagehandler/m/CC557B23B7E606BFD23C15EC98E8EE6153D7C48E.jpeg
BrainMatics: Logic Puzzles,Ivan Moscovich,"{"""": """"}",https://i.thriftbooks.com/api/imagehandler/m/59383463C5AFFB98BA696C3D6D3DDBCDBD30FD81.jpeg
Increase Your Puzzle IQ: Tips and Tricks for Building Your Logic Power,Marcel Danesi,"{""Format:"": ""Paperback"", ""Language:"": ""English"", ""ISBN:"": ""0471157252"", ""ISBN13:"": ""9780471157250"", ""Release Date:"": ""April 1997"", ""Publisher:"": ""Trade Paper Press"", ""Length:"": ""201 Pages"", ""Weight:"": ""0.15 lbs."", ""Dimensions:"": ""0.7\"" x 7.0\"" x 9.9\""""}",https://i.thriftbooks.com/api/imagehandler/m/D2D7F8B4226DB5C0A7A08E1A24CEAAD22A9A22E5.jpeg
"Are You as Smart as You Think?: 150 Original Mathematical, Logical, and Spatial-Visual Puzzles for All Levels of Puzzle Solvers",Terry Stickels,"{""Format:"": ""Hardcover"", ""Language:"": ""English"", ""ISBN:"": ""0312209118"", ""ISBN13:"": ""9780312209117"", ""Release Date:"": ""March 2000"", ""Publisher:"": ""Thomas Dunne Books"", ""Length:"": ""111 Pages"", ""Weight:"": ""0.65 lbs."", ""Dimensions:"": ""0.6\"" x 5.7\"" x 8.5\""""}",https://i.thriftbooks.com/api/imagehandler/m/EBD30807D4D026A03AB138EF3CC2EB9692DBAE9B.jpeg
Kakuro and Other Fun Number Puzzles,Kjartan Poskitt,"{"""": """"}",https://i.thriftbooks.com/api/imagehandler/m/AF51B7A6F45C03410C0786225C889060A4C6F2DD.jpeg
The Kakuro Challenge,"Gordon, Peter","{"""": """"}",https://i.thriftbooks.com/api/imagehandler/m/A646AB71F36FEEA45DAB00A248364D77524E6ABA.jpeg
Will Shortz Presents Easy Kakuro: 100 Addictive Logic Puzzles,Will Shortz,"{""Format:"": ""Paperback"", ""Language:"": ""English"", ""ISBN:"": ""0312345410"", ""ISBN13:"": ""9780312345419"", ""Release Date:"": ""April 2006"", ""Publisher:"": ""Griffin"", ""Length:"": ""128 Pages"", ""Weight:"": ""0.50 lbs."", ""Dimensions:"": ""0.4\"" x 6.1\"" x 9.2\""""}",https://i.thriftbooks.com/api/imagehandler/m/28FDDBC4BD947E30C5D9712BE8704C546F685874.jpeg
Brain Busters! Mind-Stretching Puzzles in Math and Logic,Barry R. Clarke,"{""Format:"": ""Paperback"", ""Language:"": ""English"", ""ISBN:"": ""0486427552"", ""ISBN13:"": ""9780486427553"", ""Release Date:"": ""September 2003"", ""Publisher:"": ""Dover Publications"", ""Length:"": ""112 Pages"", ""Weight:"": ""0.38 lbs."", ""Dimensions:"": ""0.3\"" x 5.2\"" x 8.7\"""", ""Age Range:"": ""11 years and up"", ""Grade Range:"": ""Grade 6 and higher""}",https://i.thriftbooks.com/api/imagehandler/m/B687EB320DA2410EC7E643FD9A1CB9EF68BA4D94.jpeg
The Puzzlemaster Presents: 200 Mind-Bending Challenges,Will Shortz,"{""Format:"": ""Paperback"", ""Language:"": ""English"", ""ISBN:"": ""0812963865"", ""ISBN13:"": ""9780812963861"", ""Release Date:"": ""August 1996"", ""Publisher:"": ""Random House Puzzles & Games"", ""Length:"": ""128 Pages"", ""Weight:"": ""0.73 lbs."", ""Dimensions:"": ""0.4\"" x 7.4\"" x 9.2\""""}",https://i.thriftbooks.com/api/imagehandler/m/B8FEF5F3FDEAEBC8EA5ABD0CAA15578D43678ED9.jpeg
Will Shortz Presents the Ultimate Kenken Omnibus: 500 Easy to Hard Logic Puzzles That Make You Smarter,Will Shortz,"{"""": """"}",https://i.thriftbooks.com/api/imagehandler/m/9F9CA5DD8209543AA7F70E5A538DA8EE7BFDA82D.jpeg
Five-Minute Whodunits,Stan Smith,"{""Format:"": ""Paperback"", ""Language:"": ""English"", ""ISBN:"": ""0806994029"", ""ISBN13:"": ""9780806994024"", ""Release Date:"": ""June 1997"", ""Publisher:"": ""Sterling"", ""Length:"": ""96 Pages"", ""Weight:"": ""0.36 lbs."", ""Dimensions:"": ""0.4\"" x 5.3\"" x 8.2\""""}",https://i.thriftbooks.com/api/imagehandler/m/33106DE38969135B727E22F4A9BD4BF604CDFF10.jpeg
The Big Book of Sudoku for Dummies,Andrew Heron,"{""Format:"": ""Paperback"", ""Language:"": ""English"", ""ISBN:"": ""0470105380"", ""ISBN13:"": ""9780470105382"", ""Release Date:"": ""September 2006"", ""Publisher:"": ""For Dummies"", ""Length:"": ""494 Pages"", ""Weight:"": ""1.15 lbs."", ""Dimensions:"": ""1.1\"" x 5.6\"" x 8.6\""""}",https://i.thriftbooks.com/api/imagehandler/m/B35D04E4322D17458E9FDDCE8580D770C23408CB.jpeg
More Original Sudoku,Editors of Nikoli Publishing,"{""Format:"": ""Paperback"", ""Language:"": ""English"", ""ISBN:"": ""0761143971"", ""ISBN13:"": ""9780761143970"", ""Release Date:"": ""May 2006"", ""Publisher:"": ""Workman Publishing"", ""Length:"": ""430 Pages"", ""Weight:"": ""0.62 lbs."", ""Dimensions:"": ""1.1\"" x 4.0\"" x 5.9\""""}",https://i.thriftbooks.com/api/imagehandler/m/796E9CF60B71CA3419E76E075396D16807DAA7BE.jpeg
The Mammoth Book of Secret Code Puzzles,Elonka Dunin,"{""Format:"": ""Paperback"", ""Language:"": ""English"", ""ISBN:"": ""1845293258"", ""ISBN13:"": ""9781845293253"", ""Release Date:"": ""April 2006"", ""Publisher:"": ""Robinson Press"", ""Length:"": ""608 Pages"", ""Weight:"": ""0.95 lbs."", ""Dimensions:"": ""1.2\"" x 5.1\"" x 7.8\""""}",https://i.thriftbooks.com/api/imagehandler/m/422A8B59C7E8C41E2288821E455E8ACF59F7FC93.jpeg
Return of the One-Minute Mysteries and Brain Teasers,Sandy Silverthorne,"{"""": """"}",https://i.thriftbooks.com/api/imagehandler/m/C26BD5121067B497886C0C55C2E3CDE67099EB2F.jpeg
The Riddle of Scheherazade: And Other Amazing Puzzles,Raymond M. Smullyan,"{""Format:"": ""Paperback"", ""Language:"": ""English"", ""ISBN:"": ""0156006065"", ""ISBN13:"": ""9780156006064"", ""Release Date:"": ""November 1998"", ""Publisher:"": ""Harvest Publications"", ""Length:"": ""240 Pages"", ""Weight:"": ""0.80 lbs."", ""Dimensions:"": ""0.6\"" x 5.2\"" x 8.0\""""}",https://i.thriftbooks.com/api/imagehandler/m/9D992062ADE55BB9696590ED867FEF27734D0961.jpeg
Will Shortz Presents Every Day with Sudoku,"Shortz, Will","{"""": """"}",https://i.thriftbooks.com/api/imagehandler/m/2B720DEC0B3DD156994510B98FA6A798E6E9597B.jpeg
Will Shortz Presents Simply Sinister Sudoku,Will Shortz,"{""Format:"": ""Paperback"", ""Language:"": ""English"", ""ISBN:"": ""0312541635"", ""ISBN13:"": ""9780312541637"", ""Release Date:"": ""March 2009"", ""Publisher:"": ""St. Martins Press-3PL"", ""Length:"": ""320 Pages"", ""Weight:"": ""0.50 lbs."", ""Dimensions:"": ""0.8\"" x 5.0\"" x 7.1\""""}",https://i.thriftbooks.com/api/imagehandler/m/8F27A8F5B7AEFB7FF7EBD28A58F092F82FDFFD29.jpeg
Colossal Jumble(r): A Giant Collection of Puzzles,Tribune Media Services,"{"""": """"}",https://i.thriftbooks.com/api/imagehandler/m/1A16544D90D9B398FAC82C669B6561B05BE9638D.jpeg
The Dell Book of Logic Problems,Erica L. Rothstein,"{"""": """"}",https://i.thriftbooks.com/api/imagehandler/m/F7553A61151234B39A8B989C95A6F39E75B74683.jpeg
Mind-Boggling One-Minute Mysteries and Brain Teasers,Sandy Silverthorne,"{""Format:"": ""Paperback"", ""Language:"": ""English"", ""ISBN:"": ""0736930086"", ""ISBN13:"": ""9780736930086"", ""Release Date:"": ""July 2010"", ""Publisher:"": ""Harvest House Publishers"", ""Length:"": ""189 Pages"", ""Weight:"": ""0.40 lbs."", ""Dimensions:"": ""0.5\"" x 5.6\"" x 7.9\""""}",https://i.thriftbooks.com/api/imagehandler/m/F1755D2536989BC4FBF7D14EA4F7F0A8C5E17FED.jpeg
To Mock a Mocking Bird,Raymond M. Smullyan,"{""Format:"": ""Hardcover"", ""Language:"": ""English"", ""ISBN:"": ""0394534913"", ""ISBN13:"": ""9780394534916"", ""Release Date:"": ""June 1985"", ""Publisher:"": ""Alfred A. Knopf"", ""Length:"": ""246 Pages"", ""Weight:"": ""0.70 lbs.""}",https://m.media-amazon.com/images/I/51tMxAdWq6L._SL350_.jpg
Perplexing Lateral Thinking Puzzles,Paul Sloane,"{""Format:"": ""Paperback"", ""Language:"": ""English"", ""ISBN:"": ""0806997672"", ""ISBN13:"": ""9780806997674"", ""Release Date:"": ""June 1997"", ""Publisher:"": ""Sterling"", ""Length:"": ""96 Pages"", ""Weight:"": ""0.30 lbs."", ""Dimensions:"": ""0.3\"" x 5.3\"" x 8.2\""""}",https://i.thriftbooks.com/api/imagehandler/m/F266602724F6F037E5A342CE8F8D3E471FD3B690.jpeg
Fantastic Book of Logic Puzzles,Muriel Mandell,"{""Format:"": ""Paperback"", ""Language:"": ""English"", ""ISBN:"": ""080694756X"", ""ISBN13:"": ""9780806947563"", ""Release Date:"": ""March 1986"", ""Publisher:"": ""Sterling"", ""Length:"": ""128 Pages"", ""Weight:"": ""0.35 lbs."", ""Dimensions:"": ""0.4\"" x 5.2\"" x 8.2\"""", ""Age Range:"": ""9 to 12 years"", ""Grade Range:"": ""Grades 4 to 7""}",https://i.thriftbooks.com/api/imagehandler/m/F1AA054E965F1E2FDE884A3D21A4FCBA1FB1F31E.jpeg
The Original Sudoku Book 2,Editors of Nikoli Publishing,"{""Format:"": ""Paperback"", ""Language:"": ""English"", ""ISBN:"": ""0761142967"", ""ISBN13:"": ""9780761142966"", ""Release Date:"": ""December 2005"", ""Publisher:"": ""Workman Publishing"", ""Length:"": ""444 Pages"", ""Weight:"": ""0.35 lbs."", ""Dimensions:"": ""1.2\"" x 4.1\"" x 6.1\""""}",https://i.thriftbooks.com/api/imagehandler/m/E003DAC9DB0859139260A29EB6C74F707E141DC5.jpeg
Sudoku Mania #1,Sudoku Institute,"{""Format:"": ""Paperback"", ""Language:"": ""English"", ""ISBN:"": ""1476788340"", ""ISBN13:"": ""9781476788340"", ""Release Date:"": ""April 2014"", ""Publisher:"": ""Gallery Books"", ""Length:"": ""208 Pages"", ""Weight:"": ""0.64 lbs."", ""Dimensions:"": ""0.5\"" x 5.0\"" x 8.0\""""}",https://i.thriftbooks.com/api/imagehandler/m/AFECD8D3C7CEA90D8A7AF245FAB39E9BE7BEB5A9.jpeg
The Little Book of Bathroom Crime Puzzles: Two-Minute Forensic Mysteries to Challenge Even the Best Amateur Detectives!,M. Diane Vogt,"{""Format:"": ""Paperback"", ""Language:"": ""English"", ""ISBN:"": ""1592332064"", ""ISBN13:"": ""9781592332069"", ""Release Date:"": ""January 2006"", ""Publisher:"": ""Fair Winds Press (MA)"", ""Length:"": ""204 Pages"", ""Weight:"": ""0.05 lbs."", ""Dimensions:"": ""0.7\"" x 6.1\"" x 6.0\""""}",https://i.thriftbooks.com/api/imagehandler/m/C1BC73AF762BA1EF3029BE6AC6C42D75328EB39C.jpeg
White Belt Kakuro: 150 Puzzles,Conceptis Puzzles,"{""Format:"": ""Paperback"", ""Language:"": ""English"", ""ISBN:"": ""1402739338"", ""ISBN13:"": ""9781402739330"", ""Release Date:"": ""August 2006"", ""Publisher:"": ""Puzzlewright"", ""Length:"": ""192 Pages"", ""Weight:"": ""0.50 lbs."", ""Dimensions:"": ""0.6\"" x 5.3\"" x 8.1\""""}",https://i.thriftbooks.com/api/imagehandler/m/1EFD537BF0C032BA6862A035283477C8C81B1DDB.jpeg
"1,000 Playthinks: Puzzles, Paradoxes, Illusions & Games",Ivan Moscovich,"{""Format:"": ""Paperback"", ""Language:"": ""English"", ""ISBN:"": ""0761118268"", ""ISBN13:"": ""9780761118268"", ""Release Date:"": ""October 2001"", ""Publisher:"": ""Workman Publishing"", ""Length:"": ""432 Pages"", ""Weight:"": ""4.50 lbs."", ""Dimensions:"": ""1.3\"" x 11.1\"" x 11.8\""""}",https://i.thriftbooks.com/api/imagehandler/m/D2FD945AA4BBAE558C196559DDFEFB220C83D6D6.jpeg
Games of Strategy,Avinash K. Dixit,"{""Format:"": ""Hardcover"", ""Language:"": ""English"", ""ISBN:"": ""0393924998"", ""ISBN13:"": ""9780393924992"", ""Release Date:"": ""January 2004"", ""Publisher:"": ""W. W. Norton & Company"", ""Length:"": ""688 Pages"", ""Weight:"": ""2.85 lbs."", ""Dimensions:"": ""1.3\"" x 7.5\"" x 10.3\""""}",https://i.thriftbooks.com/api/imagehandler/m/146DB7D6725E4E60E423C4E3C6937B0C71EC7155.jpeg
Five-Minute Mini-Mysteries,Stan Smith,"{""Format:"": ""Paperback"", ""Language:"": ""English"", ""ISBN:"": ""1402700318"", ""Release Date:"": ""March 2003"", ""Publisher:"": ""Union Square Kids"", ""Length:"": ""96 Pages"", ""Weight:"": ""0.30 lbs."", ""Dimensions:"": ""8.3\"" x 0.3\"" x 5.4\""""}",https://m.media-amazon.com/images/I/51rTMAlPRIS._SL350_.jpg
Entertain Your Brain: More Than 850 Puzzles!,Terry Stickels,"{""Format:"": ""Paperback"", ""Language:"": ""English"", ""ISBN:"": ""1402747942"", ""ISBN13:"": ""9781402747946"", ""Release Date:"": ""August 2007"", ""Publisher:"": ""Union Square & Co."", ""Length:"": ""256 Pages"", ""Weight:"": ""2.00 lbs."", ""Dimensions:"": ""0.6\"" x 9.0\"" x 9.1\""""}",https://i.thriftbooks.com/api/imagehandler/m/9108AB3C12C391D57A48D047F5B99D60699E2181.jpeg
Book of Puzzles and Brain Teasers,Reader's Digest Association,"{""Format:"": ""Hardcover"", ""Language:"": ""English"", ""ISBN:"": ""0762103493"", ""ISBN13:"": ""9780762103492"", ""Release Date:"": ""October 2002"", ""Publisher:"": ""Reader's Digest Association"", ""Length:"": ""320 Pages"", ""Weight:"": ""3.15 lbs."", ""Dimensions:"": ""1.3\"" x 10.6\"" x 10.8\""""}",https://i.thriftbooks.com/api/imagehandler/m/A3311C5BCE7813A5F0826E4D3B0493E738583B74.jpeg
Brain Games - Picture Puzzles #5: How Many Differences Can You Find?: Volume 5,Publications International Ltd,"{""Format:"": ""Spiral-bound"", ""Language:"": ""English"", ""ISBN:"": ""1412716586"", ""ISBN13:"": ""9781412716581"", ""Release Date:"": ""January 2008"", ""Publisher:"": ""Publications International, Ltd."", ""Length:"": ""192 Pages"", ""Weight:"": ""1.30 lbs."", ""Dimensions:"": ""0.7\"" x 7.3\"" x 9.0\""""}",https://i.thriftbooks.com/api/imagehandler/m/D83F6C0F7D4AB62EF96C6BB954A4DD5FDE2565E2.jpeg
Challenging Logic Puzzles,Barry R. Clarke,"{""Format:"": ""Paperback"", ""Language:"": ""English"", ""ISBN:"": ""1402705417"", ""ISBN13:"": ""9781402705410"", ""Release Date:"": ""September 2003"", ""Publisher:"": ""Union Square & Co."", ""Length:"": ""95 Pages"", ""Weight:"": ""0.30 lbs."", ""Dimensions:"": ""0.3\"" x 5.6\"" x 8.4\""""}",https://i.thriftbooks.com/api/imagehandler/m/B2EA527E2538118F1B77111FC75C80FC6D95A0C7.jpeg
Brain Games #1: Lower Your Brain Age in Minutes a Day (Variety Puzzles): Volume 1,Publications International Ltd,"{""Format:"": ""Spiral-bound"", ""Language:"": ""English"", ""ISBN:"": ""1412714508"", ""ISBN13:"": ""9781412714501"", ""Release Date:"": ""December 2007"", ""Publisher:"": ""Publications International, Ltd."", ""Length:"": ""192 Pages"", ""Weight:"": ""0.95 lbs."", ""Dimensions:"": ""0.6\"" x 7.8\"" x 8.9\""""}",https://i.thriftbooks.com/api/imagehandler/m/FFAAEF3A94E2CFBF605C56723296F78CA30316E5.jpeg
"The Colossal Book of Mathematics: Classic Puzzles, Paradoxes, and Problems",Martin Gardner,"{""Format:"": ""Hardcover"", ""Language:"": ""English"", ""ISBN:"": ""0393020231"", ""ISBN13:"": ""9780393020236"", ""Release Date:"": ""September 2001"", ""Publisher:"": ""W. W. Norton & Company"", ""Length:"": ""736 Pages"", ""Weight:"": ""1.50 lbs."", ""Dimensions:"": ""1.6\"" x 7.3\"" x 9.2\""""}",https://i.thriftbooks.com/api/imagehandler/m/81484A700D21117DF8C9E68D279A1A21BA2A9624.jpeg
"Puzzle Baron's Logic Puzzles, Volume 2: More Hours of Brain-Challenging Fun!",Puzzle Baron,"{""Format:"": ""Paperback"", ""Language:"": ""English"", ""ISBN:"": ""1615641521"", ""ISBN13:"": ""9781615641529"", ""Release Date:"": ""February 2012"", ""Publisher:"": ""DK Publishing (Dorling Kindersley)"", ""Length:"": ""224 Pages"", ""Weight:"": ""0.55 lbs."", ""Dimensions:"": ""0.5\"" x 6.1\"" x 8.9\""""}",https://i.thriftbooks.com/api/imagehandler/m/E86001EB2336CFBECA058BECFA093EF19ED6DC53.jpeg
The Mammoth Book of Brain Teasers,Terry Stickels,"{""Format:"": ""Paperback"", ""Language:"": ""English"", ""ISBN:"": ""0762436247"", ""ISBN13:"": ""9780762436248"", ""Release Date:"": ""February 2009"", ""Publisher:"": ""Running Press Book Publishers"", ""Length:"": ""515 Pages"", ""Weight:"": ""0.85 lbs."", ""Dimensions:"": ""1.6\"" x 5.1\"" x 7.6\""""}",https://i.thriftbooks.com/api/imagehandler/m/28DA2068656618CC0E1B19E7155F5FD781BE172B.jpeg
The New York Times Will Shortz Presents Kenken: 300 Easy to Hard Puzzles That Make You Smarter,Will Shortz,"{""Format:"": ""Paperback"", ""Language:"": ""English"", ""ISBN:"": ""0312603215"", ""ISBN13:"": ""9780312603212"", ""Release Date:"": ""May 2009"", ""Publisher:"": ""St. Martin's Griffin"", ""Length:"": ""368 Pages"", ""Weight:"": ""0.55 lbs."", ""Dimensions:"": ""1.0\"" x 5.1\"" x 7.1\""""}",https://i.thriftbooks.com/api/imagehandler/m/B818E87531A32AE3A908F785938CB3C6ECA0DDE4.jpeg
Amazing Mazes 3,Rolf Heimann,"{""Format:"": ""Paperback"", ""Language:"": ""English"", ""ISBN:"": ""0816742189"", ""ISBN13:"": ""9780816742189"", ""Release Date:"": ""January 1997"", ""Publisher:"": ""Troll Communications"", ""Length:"": ""32 Pages"", ""Weight:"": ""0.20 lbs."", ""Dimensions:"": ""0.2\"" x 10.0\"" x 8.3\"""", ""Age Range:"": ""8 to 12 years"", ""Grade Range:"": ""Grades 3 to 7""}",https://i.thriftbooks.com/api/imagehandler/m/6EF854BF74D90753E33C0B49265301A0BC1E7BBB.jpeg
Brain Games - Picture Puzzles #2: How Many Differences Can You Find?: Volume 2,Publications International,"{""Format:"": ""Spiral-bound"", ""Language:"": ""English"", ""ISBN:"": ""141271608X"", ""ISBN13:"": ""9781412716086"", ""Release Date:"": ""March 2008"", ""Publisher:"": ""Publications International, Ltd."", ""Length:"": ""192 Pages"", ""Weight:"": ""1.28 lbs."", ""Dimensions:"": ""0.7\"" x 7.9\"" x 9.1\""""}",https://i.thriftbooks.com/api/imagehandler/m/D98032950F050494F1F24D8FF54BE31409C57DCD.jpeg
Brain Games - Picture Puzzles #1: How Many Differences Can You Find? (Volume 1),Publications International,"{"""": """"}",https://m.media-amazon.com/images/I/51TLsjQGdWL._SL350_.jpg
Games Magazine Presents Will Shortz's Best Brain Busters,Will Shortz,"{""Format:"": ""Paperback"", ""Language:"": ""English"", ""ISBN:"": ""0812919521"", ""ISBN13:"": ""9780812919523"", ""Release Date:"": ""September 1991"", ""Publisher:"": ""Random House Puzzles & Games"", ""Length:"": ""128 Pages"", ""Weight:"": ""0.75 lbs."", ""Dimensions:"": ""0.4\"" x 8.6\"" x 11.0\""""}",https://i.thriftbooks.com/api/imagehandler/m/77E469397FF1CD098FF4AC47ACF03FB7606CE380.jpeg
Alice in Puzzle-Land: A Carrollian Tale for Children Under Eighty,Raymond M. Smullyan,"{""Format:"": ""Paperback"", ""Language:"": ""English"", ""ISBN:"": ""0486482006"", ""ISBN13:"": ""9780486482002"", ""Release Date:"": ""December 2011"", ""Publisher:"": ""Dover Publications"", ""Length:"": ""192 Pages"", ""Weight:"": ""0.50 lbs."", ""Dimensions:"": ""0.4\"" x 5.4\"" x 8.4\"""", ""Age Range:"": ""12 years and up"", ""Grade Range:"": ""Grade 7 and higher""}",https://i.thriftbooks.com/api/imagehandler/m/0276EED723FE2EDFD35213FBBD71884849F2173F.jpeg
Crime Scene Whodunits: Dr. Quicksolve Mini-Mysteries,Jim Sukach,"{""Format:"": ""Paperback"", ""Language:"": ""English"", ""ISBN:"": ""140271355X"", ""ISBN13:"": ""9781402713552"", ""Release Date:"": ""May 2004"", ""Publisher:"": ""Sterling"", ""Length:"": ""96 Pages"", ""Weight:"": ""0.25 lbs."", ""Dimensions:"": ""0.3\"" x 5.5\"" x 8.3\"""", ""Age Range:"": ""10 years and up"", ""Grade Range:"": ""Grade 5 and higher""}",https://i.thriftbooks.com/api/imagehandler/m/CDB582D7B2AFC2A328DD5674D3A60FDCE9B322B3.jpeg
"The Little Book of Big Brain Games: 517 Ways to Stretch, Strengthen and Grow Your Brain",Ivan Moscovich,"{""Format:"": ""Paperback"", ""Language:"": ""English"", ""ISBN:"": ""0761161732"", ""ISBN13:"": ""9780761161738"", ""Release Date:"": ""November 2010"", ""Publisher:"": ""Workman Publishing"", ""Length:"": ""464 Pages"", ""Weight:"": ""0.88 lbs."", ""Dimensions:"": ""0.9\"" x 4.1\"" x 6.0\""""}",https://i.thriftbooks.com/api/imagehandler/m/AA6EA7841A698B5791F73661B0782C3C1F280722.jpeg
Will Shortz Presents Triple Threat Sudoku,"Shortz, Will","{""Format:"": ""Paperback"", ""Language:"": ""English"", ""ISBN:"": ""0312386303"", ""ISBN13:"": ""9780312386306"", ""Release Date:"": ""July 2008"", ""Publisher:"": ""Griffin"", ""Length:"": ""320 Pages"", ""Weight:"": ""0.56 lbs."", ""Dimensions:"": ""0.8\"" x 5.1\"" x 7.2\""""}",https://i.thriftbooks.com/api/imagehandler/m/94B1D35A4C26DCC53D69B91FD1F75F332862561C.jpeg
Will Shortz Presents Fascinatingly Fierce Sudoku: 200 Hard Puzzles,Will Shortz,"{"""": """"}",https://i.thriftbooks.com/api/imagehandler/m/3F5FCF33D9A7871904B79B2EDA43C86BC50049F2.jpeg
1001 Sudoku: A Huge Collection of the 21st Century's Hottest Puzzle,Puzzler Media,"{""Format:"": ""Paperback"", ""Language:"": ""English"", ""ISBN:"": ""1560258837"", ""ISBN13:"": ""9781560258834"", ""Release Date:"": ""January 2006"", ""Publisher:"": ""Running Press Book Publishers"", ""Length:"": ""768 Pages"", ""Weight:"": ""1.89 lbs."", ""Dimensions:"": ""1.9\"" x 6.8\"" x 8.5\""""}",https://i.thriftbooks.com/api/imagehandler/m/CB7AA10111A70CB73B4436272A970C3E5A931F96.jpeg
Will Shortz Presents Double Dip Sudoku: 200 Medium Puzzles,Will Shortz,"{""Format:"": ""Paperback"", ""Language:"": ""English"", ""ISBN:"": ""0312386311"", ""ISBN13:"": ""9780312386313"", ""Release Date:"": ""July 2008"", ""Publisher:"": ""St. Martin's Griffin"", ""Length:"": ""320 Pages"", ""Weight:"": ""0.35 lbs."", ""Dimensions:"": ""0.9\"" x 5.1\"" x 7.2\""""}",https://i.thriftbooks.com/api/imagehandler/m/0F6C3DB722E611CE8AEFFE7FC28BBF23CF1151A3.jpeg
The Official Book of Wordoku: Sudoku Puzzles for Word Lovers,Frank Longo,"{"""": """"}",https://i.thriftbooks.com/api/imagehandler/m/A7FA84E6BF970EB92CDC7BACA2279BE8053F8291.jpeg
Will Shortz Presents The Super-Colossal Book of Sudoku,Peter Ritmeester,"{""Format:"": ""Paperback"", ""Language:"": ""English"", ""ISBN:"": ""0312362706"", ""ISBN13:"": ""9780312362706"", ""Release Date:"": ""April 2006"", ""Publisher:"": ""St. Martins Press-3PL"", ""Length:"": ""368 Pages"", ""Weight:"": ""0.95 lbs."", ""Dimensions:"": ""0.9\"" x 6.5\"" x 9.2\""""}",https://i.thriftbooks.com/api/imagehandler/m/FB35BD7D22CD913FE40765218D41223A9AE09D78.jpeg
Sudoku Mania #2,Pete Sinden,"{""Format:"": ""Paperback"", ""Language:"": ""English"", ""ISBN:"": ""1501115332"", ""ISBN13:"": ""9781501115332"", ""Release Date:"": ""January 2015"", ""Publisher:"": ""Gallery Books"", ""Length:"": ""128 Pages"", ""Weight:"": ""0.15 lbs."", ""Dimensions:"": ""0.5\"" x 4.4\"" x 6.9\""""}",https://m.media-amazon.com/images/I/41PakYwSX7L._SL350_.jpg
The Mammoth Book of Sudoku & Kakuro,Alastair Chisholm,"{"""": """"}",https://i.thriftbooks.com/api/imagehandler/m/E666FE1ECAD88D73D0A0B54DDF0F1A5F17F7B91B.jpeg
Extreme Sudoku for Dummies,Andrew Heron,"{""Format:"": ""Paperback"", ""Language:"": ""English"", ""ISBN:"": ""0470116277"", ""ISBN13:"": ""9780470116272"", ""Release Date:"": ""November 2006"", ""Publisher:"": ""For Dummies"", ""Length:"": ""356 Pages"", ""Weight:"": ""0.60 lbs."", ""Dimensions:"": ""0.7\"" x 5.0\"" x 7.1\""""}",https://i.thriftbooks.com/api/imagehandler/m/CE210E106394ADA8FC3436B153240B9DA89DC2FD.jpeg
Will Shortz Presents Simply Scary Sudoku: 200 Medium Puzzles,Will Shortz,"{"""": """"}",https://i.thriftbooks.com/api/imagehandler/m/1E3C096CED4A31C671153903FABD39369B306F0E.jpeg
Big Book of Su Doku #1,Mark Huckvale,"{""Format:"": ""Paperback"", ""Language:"": ""English"", ""ISBN:"": ""1557047030"", ""ISBN13:"": ""9781557047038"", ""Release Date:"": ""August 2005"", ""Publisher:"": ""Newmarket Press"", ""Length:"": ""200 Pages"", ""Weight:"": ""0.55 lbs."", ""Dimensions:"": ""0.9\"" x 5.2\"" x 8.0\""""}",https://i.thriftbooks.com/api/imagehandler/m/793794E507F558259B8B8720FA5E0368C82F2B53.jpeg
ESPN Baseball Sudoku,ESPN Books,"{"""": """"}",https://i.thriftbooks.com/api/imagehandler/m/1163D90FF56B6AD580831A3473ACB297E8B84AA9.jpeg
Will Shortz Presents the Little Pink Book of Kenken: Easy to Hard Logic Puzzles That Make You Smarter,Tetsuya Miyamoto,"{""Format:"": ""Hardcover"", ""Language:"": ""English"", ""ISBN:"": ""0312654227"", ""ISBN13:"": ""9780312654221"", ""Release Date:"": ""August 2010"", ""Publisher:"": ""Griffin"", ""Length:"": ""384 Pages"", ""Weight:"": ""0.80 lbs."", ""Dimensions:"": ""1.2\"" x 6.6\"" x 7.4\""""}",https://i.thriftbooks.com/api/imagehandler/m/B7F0F69BA8665AD74EEDCB15699B619A18CDAA50.jpeg
Sudoku,Puzzler Media,"{"""": """"}",https://i.thriftbooks.com/api/imagehandler/m/FAC0528452333B50F6301C384054525691279668.jpeg
USA Today Sudoku: 200 Puzzles from the Nation's No. 1 Newspaper,USA Today,"{""Format:"": ""Paperback"", ""Language:"": ""English"", ""ISBN:"": ""0740762354"", ""ISBN13:"": ""9780740762352"", ""Release Date:"": ""June 2006"", ""Publisher:"": ""Andrews McMeel Publishing"", ""Length:"": ""240 Pages"", ""Weight:"": ""0.60 lbs."", ""Dimensions:"": ""0.7\"" x 5.1\"" x 8.0\""""}",https://i.thriftbooks.com/api/imagehandler/m/CA3C735B9031262D183D54BB7BD0425B82B4B181.jpeg
Sudoku Mania,Pete Sinden,"{"""": """"}",https://i.thriftbooks.com/api/imagehandler/m/02500169AB8E50C6DA3F4884D65745D49994E751.jpeg
The Official Book of Sudoku: Book 1: 150 All-New Puzzles,Plume,"{"""": """"}",https://i.thriftbooks.com/api/imagehandler/m/278C2BE38103988359DD80BED1BD9F6212183401.jpeg
