Book Name,Authors,Info,Image URL
Learn Calligraphy: The Complete Book of Lettering and Design,Margaret Shepherd,"{""Format:"": ""Paperback"", ""Language:"": ""English"", ""ISBN:"": ""B00A2P8D4I"", ""ISBN13:"": ""9780767907323"", ""Release Date:"": ""February 2001"", ""Publisher:"": ""Watson-Guptill"", ""Length:"": ""168 Pages"", ""Weight:"": ""1.20 lbs."", ""Dimensions:"": ""0.5\"" x 8.4\"" x 10.7\""""}",https://i.thriftbooks.com/api/imagehandler/m/A81EFFAF13164465AC922AF8F6CE59310D72293B.jpeg
The Book of Kells: An Illustrated Introduction to the Manuscript in Trinity College Dublin,Bernard Meehan,"{""Format:"": ""Paperback"", ""Language:"": ""English"", ""ISBN:"": ""0500480249"", ""ISBN13:"": ""9780500480243"", ""Release Date:"": ""March 2020"", ""Publisher:"": ""Thames & Hudson"", ""Length:"": ""96 Pages"", ""Weight:"": ""0.90 lbs."", ""Dimensions:"": ""0.4\"" x 7.4\"" x 9.7\""""}",https://i.thriftbooks.com/api/imagehandler/m/621766B5A72D044D2061D3DC3816502F0CEE26F2.jpeg
Calligraphy School,Anna Ravenscroft,"{""Format:"": ""Hardcover"", ""Language:"": ""English"", ""ISBN:"": ""0895775247"", ""ISBN13:"": ""9780895775245"", ""Release Date:"": ""May 1994"", ""Publisher:"": ""Reader's Digest Association"", ""Length:"": ""176 Pages"", ""Weight:"": ""1.13 lbs."", ""Dimensions:"": ""0.8\"" x 7.9\"" x 10.0\""""}",https://i.thriftbooks.com/api/imagehandler/m/787AC2E6ED76BB02656AC53E265520F4FBEDA1E4.jpeg
Lettering and Alphabets: 85 Complete Alphabets,J. Albert Cavanagh,"{""Format:"": ""Paperback"", ""Language:"": ""English"", ""ISBN:"": ""0486200531"", ""ISBN13:"": ""9780486200538"", ""Release Date:"": ""June 1955"", ""Publisher:"": ""Dover Publications"", ""Length:"": ""128 Pages"", ""Weight:"": ""0.65 lbs."", ""Dimensions:"": ""0.3\"" x 7.9\"" x 8.8\""""}",https://i.thriftbooks.com/api/imagehandler/m/70412D86499CEC44CA12EFEC24312B96B4CF98C2.jpeg
The Calligrapher's Bible: 100 Complete Alphabets and How to Draw Them,David Harris,"{""Format:"": ""Hardcover"", ""Language:"": ""English"", ""ISBN:"": ""0764156152"", ""ISBN13:"": ""9780764156151"", ""Release Date:"": ""September 2003"", ""Publisher:"": ""Sourcebooks"", ""Length:"": ""256 Pages"", ""Weight:"": ""1.52 lbs."", ""Dimensions:"": ""1.1\"" x 6.5\"" x 8.0\""""}",https://i.thriftbooks.com/api/imagehandler/m/63FA0DA68D0312C8E0CC50067E0FA9E1D492490D.jpeg
Celtic Art: The Methods of Construction,George Bain,"{"""": """"}",https://i.thriftbooks.com/api/imagehandler/m/8C1D4130856CDE544EE36052B0B6BFBC847F13C4.jpeg
The Art of Creative Lettering,Becky Higgins,"{""Format:"": ""Paperback"", ""Language:"": ""English"", ""ISBN:"": ""192918011X"", ""ISBN13:"": ""9781929180110"", ""Release Date:"": ""September 1999"", ""Publisher:"": ""Porch Swing Publishing"", ""Length:"": ""128 Pages"", ""Weight:"": ""1.10 lbs."", ""Dimensions:"": ""0.3\"" x 8.5\"" x 10.9\""""}",https://i.thriftbooks.com/api/imagehandler/m/9060945470C24207E4EE4EEFE7C33ED60CAFB845.jpeg
The Book of Hours,T. Davis Bunn,"{""Format:"": ""Paperback"", ""Language:"": ""English"", ""ISBN:"": ""0785270884"", ""ISBN13:"": ""9780785270881"", ""Release Date:"": ""March 2000"", ""Publisher:"": ""Thomas Nelson"", ""Length:"": ""324 Pages"", ""Weight:"": ""0.70 lbs."", ""Dimensions:"": ""0.9\"" x 5.2\"" x 8.0\""""}",https://i.thriftbooks.com/api/imagehandler/m/CBB0BA71C7D8F312886B7954FC8076955C35F0BD.jpeg
THE ENCYCLOPEDIA OF CALLIGRAPHY TECHNIQUES,Diana Hardy Wilson,"{""Format:"": ""Hardcover"", ""Language:"": ""English"", ""ISBN:"": ""0747201609"", ""ISBN13:"": ""9780747201601"", ""Release Date:"": ""January 1990"", ""Publisher:"": ""Guild Publishing"", ""Length:"": ""192 Pages"", ""Weight:"": ""1.85 lbs.""}",https://m.media-amazon.com/images/I/512NPSMC33L._SL350_.jpg
Calligraphy Alphabets Made Easy,Margaret Shepherd,"{""Format:"": ""Paperback"", ""Language:"": ""English"", ""ISBN:"": ""0399512578"", ""ISBN13:"": ""9780399512575"", ""Release Date:"": ""July 1986"", ""Publisher:"": ""Penguin Publishing Group"", ""Length:"": ""111 Pages"", ""Weight:"": ""0.65 lbs."", ""Dimensions:"": ""0.3\"" x 8.6\"" x 11.0\"""", ""Age Range:"": ""18 years and up"", ""Grade Range:"": ""Postsecondary and higher""}",https://i.thriftbooks.com/api/imagehandler/m/85A29D747807FB05BB8096EA5397B0E1DC754EF4.jpeg
Book of Medieval and Renaissance Alphabets,Graphic Arts Archives,"{"""": """"}",https://m.media-amazon.com/images/I/61wwyiJkicL._SL350_.jpg
Script Lettering for Artists,Tommy Thompson,"{""Format:"": ""Paperback"", ""Language:"": ""English"", ""ISBN:"": ""0486213110"", ""ISBN13:"": ""9780486213118"", ""Release Date:"": ""February 2012"", ""Publisher:"": ""Dover Publications"", ""Length:"": ""128 Pages"", ""Weight:"": ""0.55 lbs."", ""Dimensions:"": ""0.4\"" x 6.5\"" x 9.1\""""}",https://i.thriftbooks.com/api/imagehandler/m/A20EF8E334A15F8EC45A3C06CE079307F1C82287.jpeg
"Book of Victorian Alphabets and Designs: Original Artwork, Free for All to Use",Main Street Press,"{"""": """"}",https://m.media-amazon.com/images/I/51CZ4N0SmML._SL350_.jpg
Illuminated Alphabets,Patricia Carter,"{"""": """"}",https://i.thriftbooks.com/api/imagehandler/m/7EF42BECFCFF249290BA26E829557DFE953040A5.jpeg
The Decorated Letter,J.J.G. Alexander,"{""Format:"": ""Hardcover"", ""Language:"": ""English"", ""ISBN:"": ""0807608955"", ""ISBN13:"": ""9780807608951"", ""Release Date:"": ""January 1978"", ""Publisher:"": ""George Braziller"", ""Length:"": ""120 Pages"", ""Weight:"": ""1.20 lbs.""}",https://m.media-amazon.com/images/I/51mCJQXTQJL._SL350_.jpg
More Than Fine Writing,Donald Jackson,"{""Format:"": ""Hardcover"", ""Language:"": ""English"", ""ISBN:"": ""0879512695"", ""ISBN13:"": ""9780879512699"", ""Release Date:"": ""March 1987"", ""Publisher:"": ""Overlook Press"", ""Length:"": ""140 Pages"", ""Weight:"": ""2.05 lbs."", ""Dimensions:"": ""0.8\"" x 8.9\"" x 11.7\""""}",https://i.thriftbooks.com/api/imagehandler/m/E0FE410C5FB99462B2E6D28F4B218C240C07A15E.jpeg
The Calligrapher's Companion,Mary Noble,"{"""": """"}",https://m.media-amazon.com/images/I/51KU4rPPRQL._SL350_.jpg
Paint Your Own Illuminated Letters,Stefan Oliver,"{""Format:"": ""Hardcover"", ""Language:"": ""English"", ""ISBN:"": ""1577172183"", ""ISBN13:"": ""9781577172185"", ""Release Date:"": ""January 2001"", ""Publisher:"": ""Todtri Productions"", ""Length:"": ""277 Pages"", ""Weight:"": ""2.00 lbs."", ""Dimensions:"": ""0.6\"" x 9.4\"" x 11.3\""""}",https://m.media-amazon.com/images/I/41wSyTlKCHL._SL350_.jpg
The Ch'i of the Brush: Capturing the Spirit of Nature with Chinese Brush Painting Techniques,Nan Rae,"{""Format:"": ""Paperback"", ""Language:"": ""English"", ""ISBN:"": ""061527336X"", ""ISBN13:"": ""9780615273365"", ""Release Date:"": ""March 2009"", ""Publisher:"": ""Nan Rae"", ""Length:"": ""148 Pages"", ""Weight:"": ""0.90 lbs."", ""Dimensions:"": ""0.4\"" x 8.0\"" x 10.1\""""}",https://i.thriftbooks.com/api/imagehandler/m/865DDDEC921970BA6FE57B3C2BAAE9250AB0BF95.jpeg
Alphabet Abecedarium,Richard A. Firmage,"{""Format:"": ""Hardcover"", ""Language:"": ""English"", ""ISBN:"": ""0879239875"", ""ISBN13:"": ""9780879239879"", ""Release Date:"": ""January 1993"", ""Publisher:"": ""David R. Godine Publisher"", ""Length:"": ""320 Pages"", ""Weight:"": ""1.16 lbs.""}",https://m.media-amazon.com/images/I/51idNfNRqrL._SL350_.jpg
"Creative Lettering and Beyond: Inspiring Tips, Techniques, and Ideas for Hand Lettering Your Way to Beautiful Works of Art",Julie Manwaring,"{""Format:"": ""Paperback"", ""Language:"": ""English"", ""ISBN:"": ""1600583970"", ""ISBN13:"": ""9781600583971"", ""Release Date:"": ""November 2014"", ""Publisher:"": ""Walter Foster Publishing"", ""Length:"": ""144 Pages"", ""Weight:"": ""1.62 lbs."", ""Dimensions:"": ""0.6\"" x 8.7\"" x 11.6\""""}",https://i.thriftbooks.com/api/imagehandler/m/693F9C39CC413B614266023DFC039C89295F661A.jpeg
Hand Lettering for Relaxation: An Inspirational Workbook for Creating Beautiful Lettered Art,Amy Latta,"{""Format:"": ""Paperback"", ""Language:"": ""English"", ""ISBN:"": ""1624143857"", ""ISBN13:"": ""9781624143854"", ""Release Date:"": ""July 2017"", ""Publisher:"": ""Page Street Publishing"", ""Length:"": ""208 Pages"", ""Weight:"": ""2.00 lbs."", ""Dimensions:"": ""0.8\"" x 9.5\"" x 8.9\""""}",https://i.thriftbooks.com/api/imagehandler/m/6E0E1B54D25AF6CF1048DE3C3F5B830DF2B0BDDC.jpeg
Calligraphy for Kids: Volume 1,Eleanor Winters,"{""Format:"": ""Paperback"", ""Language:"": ""English"", ""ISBN:"": ""1402739125"", ""ISBN13:"": ""9781402739125"", ""Release Date:"": ""March 2007"", ""Publisher:"": ""Union Square Kids"", ""Length:"": ""128 Pages"", ""Weight:"": ""1.20 lbs."", ""Dimensions:"": ""0.4\"" x 8.5\"" x 11.0\"""", ""Age Range:"": ""8 to 14 years"", ""Grade Range:"": ""Grades 3 to 9""}",https://i.thriftbooks.com/api/imagehandler/m/FC9FBE02BD055936218C502B5CAE4FDCDA76EF4C.jpeg
Art of Calligraphy,David Harris,"{""Format:"": ""Hardcover"", ""Language:"": ""English"", ""ISBN:"": ""1564588491"", ""ISBN13:"": ""9781564588494"", ""Release Date:"": ""January 1995"", ""Publisher:"": ""DK Publishing (Dorling Kindersley)"", ""Length:"": ""128 Pages"", ""Weight:"": ""1.75 lbs."", ""Dimensions:"": ""0.7\"" x 8.7\"" x 11.2\"""", ""Age Range:"": ""18 to 17 years"", ""Grade Range:"": ""Postsecondary to Grade 12""}",https://i.thriftbooks.com/api/imagehandler/m/85E45EEB801E77E371BF39E1C28A716031CCB70E.jpeg
The Great Big Book of Amazing Creative Lettering,Blue Red Press,"{""Format:"": ""Paperback"", ""ISBN:"": ""1488912599"", ""ISBN13:"": ""9781488912597"", ""Release Date:"": ""January 1"", ""Weight:"": ""1.40 lbs."", ""Dimensions:"": ""11.3\"" x 0.7\"" x 8.6\""""}",https://i.thriftbooks.com/api/imagehandler/m/0479D21E6059D8D21B19EC9FB2CDF23104348181.jpeg
Mastering Copperplate Calligraphy: A Step-By-Step Manual,Eleanor Winters,"{""Format:"": ""Paperback"", ""Language:"": ""English"", ""ISBN:"": ""0486409511"", ""ISBN13:"": ""9780486409511"", ""Release Date:"": ""May 2000"", ""Publisher:"": ""Dover Publications"", ""Length:"": ""192 Pages"", ""Weight:"": ""1.20 lbs."", ""Dimensions:"": ""0.6\"" x 8.4\"" x 11.0\""""}",https://i.thriftbooks.com/api/imagehandler/m/8829754202CB9E78295F2116AEAFDF65C90BDEF2.jpeg
Modern Calligraphy: Everything You Need to Know to Get Started in Script Calligraphy,Molly Suber Thorpe,"{"""": """"}",https://i.thriftbooks.com/api/imagehandler/m/53F8411BEBD5EDBF1F4B5B3A480F474110E70CDC.jpeg
The Lady and the Monk: Four Seasons in Kyoto,Pico Iyer,"{""Format:"": ""Paperback"", ""Language:"": ""English"", ""ISBN:"": ""0679738347"", ""ISBN13:"": ""9780679738343"", ""Release Date:"": ""October 1992"", ""Publisher:"": ""Vintage"", ""Length:"": ""352 Pages"", ""Weight:"": ""0.58 lbs."", ""Dimensions:"": ""0.9\"" x 5.1\"" x 7.9\""""}",https://i.thriftbooks.com/api/imagehandler/m/04E3A35ADE05914406B321322F1B9DD119DA2C5A.jpeg
"Shady Characters: The Secret Life of Punctuation, Symbols, and Other Typographical Marks",Keith Houston,"{""Format:"": ""Paperback"", ""Language:"": ""English"", ""ISBN:"": ""0393349721"", ""ISBN13:"": ""9780393349726"", ""Release Date:"": ""October 2014"", ""Publisher:"": ""W. W. Norton & Company"", ""Length:"": ""352 Pages"", ""Weight:"": ""0.94 lbs."", ""Dimensions:"": ""1.0\"" x 5.4\"" x 8.0\""""}",https://i.thriftbooks.com/api/imagehandler/m/C285590B6220EB8A1842B6A36A244886E994A655.jpeg
Left-Handed Calligraphy,Vance Studley,"{""Format:"": ""Paperback"", ""Language:"": ""English"", ""ISBN:"": ""0486267024"", ""ISBN13:"": ""9780486267029"", ""Release Date:"": ""May 1991"", ""Publisher:"": ""Dover Publications"", ""Length:"": ""64 Pages"", ""Weight:"": ""0.25 lbs."", ""Dimensions:"": ""0.2\"" x 5.1\"" x 7.7\""""}",https://i.thriftbooks.com/api/imagehandler/m/5BD51B33C0B9E01654F38A9617C2D71F6789739B.jpeg
To Have and to Hold: An Intimate History of Collectors and Collecting,Philipp Blom,"{""Format:"": ""Paperback"", ""Language:"": ""English"", ""ISBN:"": ""158567561X"", ""ISBN13:"": ""9781585675616"", ""Release Date:"": ""June 2004"", ""Publisher:"": ""Harry N. Abrams"", ""Length:"": ""274 Pages"", ""Weight:"": ""0.80 lbs."", ""Dimensions:"": ""0.8\"" x 5.9\"" x 9.1\""""}",https://i.thriftbooks.com/api/imagehandler/m/1AE0246B93B59ED560540054BB7048503E9A6C7A.jpeg
Book of Psalms-NLT,Timothy R. Botts,"{"""": """"}",https://i.thriftbooks.com/api/imagehandler/m/971C663E7C07C5676793FCB4C8E97CFD8BBA9FA3.jpeg
Ancient Egyptian Calligraphy: A Beginner's Guide to Writing Hieroglyphs,Henry George Fischer,"{"""": """"}",https://m.media-amazon.com/images/I/41McQTizYgL._SL350_.jpg
How to Draw Celtic Key Patterns: A Practical Handbook,Andy Sloss,"{""Format:"": ""Paperback"", ""Language:"": ""English"", ""ISBN:"": ""0713726520"", ""ISBN13:"": ""9780713726527"", ""Release Date:"": ""January 1997"", ""Publisher:"": ""Blandford"", ""Length:"": ""192 Pages"", ""Weight:"": ""1.30 lbs."", ""Dimensions:"": ""0.6\"" x 7.5\"" x 9.7\""""}",https://i.thriftbooks.com/api/imagehandler/m/BF091002A50D919A8D33E0BA23555EB530EB2E3C.jpeg
Celtic Art In Pagan and Christian Times,J. Romilly Allen,"{""Format:"": ""Paperback"", ""Language:"": ""English"", ""ISBN:"": ""1859585019"", ""ISBN13:"": ""9781859585016"", ""Release Date:"": ""January 1997"", ""Publisher:"": ""Senate"", ""Length:"": ""432 Pages"", ""Weight:"": ""0.80 lbs."", ""Dimensions:"": ""8.5\"" x 0.8\"" x 5.3\""""}",https://i.thriftbooks.com/api/imagehandler/m/0FF46D1B05CF16A2372527353EE43D69FB797645.jpeg
Illuminations,Jonathan Hunt,"{""Format:"": ""Hardcover"", ""Language:"": ""English"", ""ISBN:"": ""0027457702"", ""ISBN13:"": ""9780027457704"", ""Release Date:"": ""August 1989"", ""Publisher:"": ""Bradbury Press"", ""Weight:"": ""1.20 lbs."", ""Dimensions:"": ""0.5\"" x 9.3\"" x 12.3\"""", ""Age Range:"": ""7 years and up"", ""Grade Range:"": ""Grade 2 and higher""}",https://m.media-amazon.com/images/I/51E47019RVL._SL350_.jpg
Furnishing Forward: A Practical Guide to Furnishing for a Lifetime,Sheila Bridges,"{""Format:"": ""Paperback"", ""Language:"": ""English"", ""ISBN:"": ""0821261800"", ""ISBN13:"": ""9780821261804"", ""Release Date:"": ""January 2005"", ""Publisher:"": ""Bulfinch Press"", ""Length:"": ""188 Pages"", ""Weight:"": ""1.95 lbs."", ""Dimensions:"": ""0.6\"" x 9.1\"" x 9.9\""""}",https://i.thriftbooks.com/api/imagehandler/m/FAFDA1EAC653DDFB1D386DEDF20240D35AF094D1.jpeg
American Barns and Covered Bridges,Eric Sloane,"{""Format:"": ""Hardcover"", ""Language:"": ""English"", ""ISBN:"": ""0308700406"", ""ISBN13:"": ""9780308700406"", ""Release Date:"": ""January 1954"", ""Publisher:"": ""Funk & Wagnalls Co"", ""Length:"": ""112 Pages"", ""Weight:"": ""0.95 lbs.""}",https://m.media-amazon.com/images/I/419A7b9lgHL._SL350_.jpg
Obey the Giant: Life in the Image World,Rene Roleff,"{""Format:"": ""Paperback"", ""Language:"": ""English"", ""ISBN:"": ""376436565X"", ""ISBN13:"": ""9783764365653"", ""Release Date:"": ""October 2001"", ""Publisher:"": ""Princeton Architectural Press"", ""Length:"": ""224 Pages"", ""Weight:"": ""1.60 lbs.""}",https://i.thriftbooks.com/api/imagehandler/m/CF09E1F78436879F0073FF0FC861BCF791CF4E47.jpeg
Daphnis and Chloe,Longus,"{""Format:"": ""Paperback"", ""Language:"": ""English"", ""ISBN:"": ""0140440593"", ""ISBN13:"": ""9780140440591"", ""Release Date:"": ""June 1989"", ""Publisher:"": ""Penguin Group"", ""Length:"": ""128 Pages"", ""Weight:"": ""0.25 lbs."", ""Dimensions:"": ""0.3\"" x 5.0\"" x 7.7\"""", ""Age Range:"": ""18 years and up"", ""Grade Range:"": ""Postsecondary and higher""}",https://i.thriftbooks.com/api/imagehandler/m/188CD35BB1A2C30CA39019B0B981B72A04BE3A4D.jpeg
Scribes and Illuminators,Christopher de Hamel,"{"""": """"}",https://i.thriftbooks.com/api/imagehandler/m/BFE67FA3C239571242E4DC1BC90C278CEA64EE09.jpeg
"Romanesque : Architecture, Sculpture, Painting",Rolf Toman,"{""Format:"": ""Hardcover"", ""Language:"": ""English"", ""ISBN:"": ""3833111925"", ""ISBN13:"": ""9783833111921"", ""Release Date:"": ""January 2005"", ""Publisher:"": ""Konemann"", ""Length:"": ""484 Pages"", ""Weight:"": ""6.70 lbs.""}",https://i.thriftbooks.com/api/imagehandler/m/F1F91ECCD5EAA16FC123DE8EBFB0A60451012CF3.jpeg
Teach Yourself Better Handwriting,Rosemary Sassoon,"{""Format:"": ""Paperback"", ""Language:"": ""English"", ""ISBN:"": ""0071419713"", ""ISBN13:"": ""9780071419710"", ""Release Date:"": ""January 2003"", ""Publisher:"": ""McGraw-Hill"", ""Length:"": ""192 Pages"", ""Weight:"": ""1.20 lbs."", ""Dimensions:"": ""0.6\"" x 5.2\"" x 7.8\""""}",https://i.thriftbooks.com/api/imagehandler/m/73BA712EB820AE4458962847D18507D031955355.jpeg
Proverbs,Timothy R. Botts,"{"""": """"}",https://i.thriftbooks.com/api/imagehandler/m/07DBDD3A580C99D26753144D79C5F1F46A9F463E.jpeg
A History of Illuminated Manuscripts,Christopher de Hamel,"{""Format:"": ""Paperback"", ""Language:"": ""English"", ""ISBN:"": ""0714834521"", ""ISBN13:"": ""9780714834528"", ""Release Date:"": ""September 1997"", ""Publisher:"": ""Phaidon Press"", ""Length:"": ""272 Pages"", ""Weight:"": ""3.65 lbs."", ""Dimensions:"": ""1.1\"" x 9.9\"" x 11.5\""""}",https://i.thriftbooks.com/api/imagehandler/m/A24EA142DD355868CFFFB407E7159304C51DCDC9.jpeg
Japanese Kana Workbook,P.G. O'Neill,"{""Format:"": ""Paperback"", ""Language:"": ""English"", ""ISBN:"": ""087011039X"", ""ISBN13:"": ""9780870110399"", ""Release Date:"": ""January 1957"", ""Publisher:"": ""Kodansha Amer Inc"", ""Length:"": ""128 Pages"", ""Weight:"": ""0.70 lbs."", ""Dimensions:"": ""10.3\"" x 0.5\"" x 7.5\""""}",https://m.media-amazon.com/images/I/41zGeJv+nyL._SL350_.jpg
Celtic Ornament: Art of the Scribe,Courtney Davis,"{""Format:"": ""Hardcover"", ""Language:"": ""English"", ""ISBN:"": ""0713726105"", ""ISBN13:"": ""9780713726107"", ""Release Date:"": ""January 1996"", ""Publisher:"": ""Blandford"", ""Length:"": ""96 Pages"", ""Weight:"": ""1.40 lbs."", ""Dimensions:"": ""0.6\"" x 8.9\"" x 11.3\""""}",https://i.thriftbooks.com/api/imagehandler/m/DF7AFC873FFCBC1A915189E863AAF3AD09793F11.jpeg
Chinese,Oliver Moore,"{""Format:"": ""Paperback"", ""Language:"": ""English"", ""ISBN:"": ""0520228448"", ""ISBN13:"": ""9780520228443"", ""Release Date:"": ""February 2001"", ""Publisher:"": ""University of California Press"", ""Length:"": ""80 Pages"", ""Weight:"": ""0.50 lbs."", ""Dimensions:"": ""0.2\"" x 6.7\"" x 9.4\""""}",https://i.thriftbooks.com/api/imagehandler/m/69B0D20ADB4ED861CC8E16D7BDD9C09B5621BC62.jpeg
Exploring the Book of Kells,George Otto Simms,"{""Format:"": ""Hardcover"", ""Language:"": ""English"", ""ISBN:"": ""0862781795"", ""ISBN13:"": ""9780862781798"", ""Release Date:"": ""March 1998"", ""Publisher:"": ""Irish American Book Company"", ""Length:"": ""72 Pages"", ""Weight:"": ""0.60 lbs."", ""Dimensions:"": ""0.5\"" x 5.8\"" x 8.8\""""}",https://i.thriftbooks.com/api/imagehandler/m/81F9ED57227B8EBF355517C8669CC0D3CCAD0D78.jpeg
The Celtic Art Source Book,Courtney Davis,"{""Format:"": ""Paperback"", ""Language:"": ""English"", ""ISBN:"": ""0713721448"", ""ISBN13:"": ""9780713721447"", ""Release Date:"": ""December 1989"", ""Publisher:"": ""Cassell Illustrated"", ""Length:"": ""128 Pages"", ""Weight:"": ""0.80 lbs."", ""Dimensions:"": ""0.3\"" x 7.5\"" x 9.8\""""}",https://i.thriftbooks.com/api/imagehandler/m/550DDBDF71202FAFB0D72640EBF3682333D4F3C1.jpeg
Japanese Style,Daniel Rozensztroch,"{""Format:"": ""Hardcover"", ""Language:"": ""English"", ""ISBN:"": ""0517560801"", ""ISBN13:"": ""9780517560808"", ""Release Date:"": ""April 1988"", ""Publisher:"": ""Clarkson Potter Publishers"", ""Length:"": ""287 Pages"", ""Weight:"": ""3.60 lbs."", ""Dimensions:"": ""1.2\"" x 10.3\"" x 10.2\""""}",https://i.thriftbooks.com/api/imagehandler/m/6E7893236A8E845192CB71665E9177FB77F80A8C.jpeg
Hand-Lettering for Everyone: A Creative Workbook,Cristina Vanko,"{""Format:"": ""Paperback"", ""Language:"": ""English"", ""ISBN:"": ""0399173013"", ""ISBN13:"": ""9780399173011"", ""Release Date:"": ""October 2015"", ""Publisher:"": ""Tarcherperigee"", ""Length:"": ""224 Pages"", ""Weight:"": ""1.03 lbs."", ""Dimensions:"": ""0.6\"" x 7.5\"" x 9.1\""""}",https://i.thriftbooks.com/api/imagehandler/m/57DF8F93548E5E6F7A598B25A86525B8F737F4A4.jpeg
Silent Music: A Story of Bagdad,James Rumford,"{""Format:"": ""Hardcover"", ""Language:"": ""English"", ""ISBN:"": ""1596432764"", ""ISBN13:"": ""9781596432765"", ""Release Date:"": ""March 2008"", ""Publisher:"": ""Roaring Brook Press"", ""Length:"": ""32 Pages"", ""Weight:"": ""0.80 lbs."", ""Dimensions:"": ""0.4\"" x 11.3\"" x 8.3\"""", ""Age Range:"": ""4 to 8 years"", ""Grade Range:"": ""Preschool to Grade 3""}",https://i.thriftbooks.com/api/imagehandler/m/11C30B246FB16C48E256B9BFAF7159A11E410D8B.jpeg
Japanese Art,Joan Stanley-Baker,"{""Format:"": ""Paperback"", ""Language:"": ""English"", ""ISBN:"": ""0500201927"", ""ISBN13:"": ""9780500201923"", ""Release Date:"": ""March 1984"", ""Publisher:"": ""Thames & Hudson"", ""Length:"": ""216 Pages"", ""Weight:"": ""1.05 lbs."", ""Dimensions:"": ""0.8\"" x 6.1\"" x 8.4\""""}",https://i.thriftbooks.com/api/imagehandler/m/A72D6882CEAC01EC8C1FD441AC8FEDF3FEF184D4.jpeg
How to Draw Lettering,Judy Tatchell,"{""Format:"": ""Paperback"", ""Language:"": ""English"", ""ISBN:"": ""0746006357"", ""ISBN13:"": ""9780746006351"", ""Release Date:"": ""January 1991"", ""Publisher:"": ""E.D.C. Publishing"", ""Length:"": ""32 Pages"", ""Weight:"": ""0.25 lbs."", ""Dimensions:"": ""0.2\"" x 7.7\"" x 8.0\"""", ""Age Range:"": ""9 to 12 years"", ""Grade Range:"": ""Grades 4 to 7""}",https://i.thriftbooks.com/api/imagehandler/m/0B7058E271F9C162D908B7841384B9D1BCBC1644.jpeg
Indian Art,Roy C. Craven,"{""Format:"": ""Paperback"", ""Language:"": ""English"", ""ISBN:"": ""0500203024"", ""ISBN13:"": ""9780500203026"", ""Release Date:"": ""October 1997"", ""Publisher:"": ""Thames & Hudson"", ""Length:"": ""258 Pages"", ""Weight:"": ""1.25 lbs."", ""Dimensions:"": ""0.6\"" x 5.8\"" x 8.2\""""}",https://i.thriftbooks.com/api/imagehandler/m/FB692808F14A3A526889FF7FC01E6D080188D3C0.jpeg
Zenspirations: Letters & Patterning,Joanne Fink,"{""Format:"": ""Paperback"", ""Language:"": ""English"", ""ISBN:"": ""1574216996"", ""ISBN13:"": ""9781574216998"", ""Release Date:"": ""August 2011"", ""Publisher:"": ""Design Originals"", ""Length:"": ""48 Pages"", ""Weight:"": ""0.45 lbs."", ""Dimensions:"": ""0.1\"" x 8.3\"" x 8.6\""""}",https://i.thriftbooks.com/api/imagehandler/m/9B361362B39A4DD36F8509659F3F89DA89828684.jpeg
The Arts of China (An Ahmanson Murphy Fine Arts Book),Michael Sullivan,"{""Format:"": ""Paperback"", ""Language:"": ""English"", ""ISBN:"": ""0520218779"", ""Release Date:"": ""February 2000"", ""Publisher:"": ""University of California Press"", ""Length:"": ""342 Pages"", ""Weight:"": ""2.20 lbs."", ""Dimensions:"": ""10.3\"" x 1.0\"" x 8.3\""""}",https://m.media-amazon.com/images/I/51pqJr9NEvL._SL350_.jpg
Bb-Hand Lettering,Megan Wells,"{"""": """"}",https://i.thriftbooks.com/api/imagehandler/m/C601B830D1F5E58E61D7C23B426B0FA8A6C4BCC0.jpeg
Pictures by J.R.R. Tolkien,J.R.R. Tolkien,"{""Format:"": ""Hardcover"", ""Language:"": ""English"", ""ISBN:"": ""0358653045"", ""ISBN13:"": ""9780358653042"", ""Release Date:"": ""November 2021"", ""Publisher:"": ""William Morrow & Company"", ""Length:"": ""104 Pages"", ""Weight:"": ""0.05 lbs."", ""Dimensions:"": ""0.8\"" x 10.4\"" x 10.5\""""}",https://i.thriftbooks.com/api/imagehandler/m/0518AB5D4DE4180E7D86C920A8BE675A5F82CBB8.jpeg
Spencerian Handwriting: The Complete Collection of Theory and Practical Workbooks for Perfect Cursive and Hand Lettering,Platt Rogers Spencer,"{"""": """"}",https://i.thriftbooks.com/api/imagehandler/m/8E0225FDEF9FD83269F751FFF53C915A100E65FA.jpeg
Cennino Cennini's Il Libro Dell'arte: A New English Language Translation and Commentary and Italian Transcription,Cennino Cennini,"{""Format:"": ""Paperback"", ""Language:"": ""English"", ""ISBN:"": ""1909492280"", ""ISBN13:"": ""9781909492288"", ""Release Date:"": ""July 2015"", ""Publisher:"": ""Archetype Publications"", ""Length:"": ""248 Pages"", ""Weight:"": ""1.70 lbs."", ""Dimensions:"": ""0.9\"" x 6.9\"" x 9.5\""""}",https://i.thriftbooks.com/api/imagehandler/m/C358581928E12176FB17AD95B89C608FD63687EF.jpeg
This Moment Is Full of Wonders: The Zen Calligraphy of Thich Nhat Hanh,Thich Nhat Hanh,"{"""": """"}",https://m.media-amazon.com/images/I/51ELM-wy+dL._SL350_.jpg
Calligraphy in 24 Hours,Veiko Kespersaks,"{""Format:"": ""Paperback"", ""Language:"": ""English"", ""ISBN:"": ""0764145061"", ""ISBN13:"": ""9780764145063"", ""Release Date:"": ""April 2011"", ""Publisher:"": ""B.E.S."", ""Length:"": ""160 Pages"", ""Weight:"": ""1.15 lbs."", ""Dimensions:"": ""0.5\"" x 7.4\"" x 9.6\""""}",https://i.thriftbooks.com/api/imagehandler/m/C3FF91BBDF6DEE52345BFC48E2BD2B439E658D93.jpeg
Art Studio - Chinese Brush Painting,Spicebox,"{"""": """"}",https://m.media-amazon.com/images/I/51H5wSptl9L._SL350_.jpg
Hand Lettering: Creative Alphabets for Any Occasion,Jill DeHaan,"{""Format:"": ""Paperback"", ""Language:"": ""English"", ""ISBN:"": ""1250122058"", ""ISBN13:"": ""9781250122056"", ""Release Date:"": ""February 2017"", ""Publisher:"": ""St. Martin's Griffin"", ""Length:"": ""144 Pages"", ""Weight:"": ""0.90 lbs."", ""Dimensions:"": ""0.8\"" x 7.2\"" x 9.0\""""}",https://i.thriftbooks.com/api/imagehandler/m/60CB909B2FAA112B8155C51D755D6AFF9F2E619C.jpeg
The Art of Illumination,Patricia Carter,"{"""": """"}",https://i.thriftbooks.com/api/imagehandler/m/5A9EE05885CFAE53CB3AD3C6AC3F34160B9D0F63.jpeg
Islamic Designs for Artists and Craftspeople,Eva Wilson,"{""Format:"": ""Paperback"", ""Language:"": ""English"", ""ISBN:"": ""048625819X"", ""ISBN13:"": ""9780486258195"", ""Release Date:"": ""December 1988"", ""Publisher:"": ""Dover Publications"", ""Length:"": ""128 Pages"", ""Weight:"": ""0.85 lbs."", ""Dimensions:"": ""0.4\"" x 8.4\"" x 11.2\""""}",https://i.thriftbooks.com/api/imagehandler/m/D05F36C369401DCCEE4CAFC6F0BF843AE2609D1E.jpeg
"Ink Essentials: Exciting Techniques for Embossing, Pearlizing, Dyeing, Stamping, Coloring, Glossing, Glitzing",Suzanne McNeill,"{""Format:"": ""Paperback"", ""Language:"": ""English"", ""ISBN:"": ""1574216082"", ""ISBN13:"": ""9781574216080"", ""Release Date:"": ""January 2006"", ""Publisher:"": ""Design Originals"", ""Length:"": ""51 Pages"", ""Weight:"": ""0.60 lbs."", ""Dimensions:"": ""0.1\"" x 8.6\"" x 11.0\""""}",https://i.thriftbooks.com/api/imagehandler/m/D62B56089702A780E32392DCD4BF249BA5664DC0.jpeg
Creative Lettering: Techniques & Tips from Top Artists,Jenny Doh,"{"""": """"}",https://i.thriftbooks.com/api/imagehandler/m/E3DF31C67B04124B0A5596E8856FA816B1B017B8.jpeg
Art & Technique of Sumi-E: Japanese Ink Painting as Taught by Ukai Uchiyama,Kay Morrissey Thompson,"{""Format:"": ""Hardcover"", ""Language:"": ""English"", ""ISBN:"": ""0804800316"", ""ISBN13:"": ""9780804800310"", ""Release Date:"": ""January 1960"", ""Publisher:"": ""Tuttle Publishing"", ""Length:"": ""72 Pages"", ""Weight:"": ""2.40 lbs.""}",https://m.media-amazon.com/images/I/41WQjuWlOAL._SL350_.jpg
Graphic Art of Tattoo Lettering: A Visual Guide to Contemporary Styles and Designs,Nicholas Schonberger,"{"""": """"}",https://i.thriftbooks.com/api/imagehandler/m/237DA50B5A3A51CA9BBD78EA285EA0AF33D468D9.jpeg
"Hand Lettering: Simple, Creative Styles for Cards, Scrapbooks & More",DeAnn Singh,"{"""": """"}",https://i.thriftbooks.com/api/imagehandler/m/6BB798BD11B4E7E3565C1A68CBCE8BF01051165A.jpeg
Illuminated Manuscripts: The Exquisite Art of the Medieval Masterpiece,D.M. Gill,"{""Format:"": ""Hardcover"", ""Language:"": ""English"", ""ISBN:"": ""0760702829"", ""ISBN13:"": ""9780760702826"", ""Release Date:"": ""January 1996"", ""Publisher:"": ""Methuen"", ""Length:"": ""80 Pages"", ""Weight:"": ""1.50 lbs.""}",https://m.media-amazon.com/images/I/41O+8PfDrAL._SL350_.jpg
The Art of Chinese Calligraphy,Jean Long,"{""Format:"": ""Paperback"", ""Language:"": ""English"", ""ISBN:"": ""0486417395"", ""ISBN13:"": ""9780486417394"", ""Release Date:"": ""June 2001"", ""Publisher:"": ""Dover Publications"", ""Length:"": ""128 Pages"", ""Weight:"": ""0.95 lbs."", ""Dimensions:"": ""0.3\"" x 8.4\"" x 11.2\""""}",https://i.thriftbooks.com/api/imagehandler/m/F59CB8048374CA90CDCAB929E9E0B3D41538F267.jpeg
Script and Cursive Alphabets: 100 Complete Fonts,Dan X. Solo,"{""Format:"": ""Paperback"", ""Language:"": ""English"", ""ISBN:"": ""0486253066"", ""ISBN13:"": ""9780486253060"", ""Release Date:"": ""March 1987"", ""Publisher:"": ""Dover Publications"", ""Length:"": ""112 Pages"", ""Weight:"": ""0.68 lbs."", ""Dimensions:"": ""0.4\"" x 8.0\"" x 10.9\""""}",https://i.thriftbooks.com/api/imagehandler/m/1FC66BF40EC54F2D4AE985BC214C4DA3C1FBA26F.jpeg
Calligraphy & Hand Lettering Notepad: Beginner Practice Workbook & Introduction to Lettering & Calligraphy,Gray & Gold Publishing,"{"""": """"}",https://i.thriftbooks.com/api/imagehandler/m/B35D3537CFA17C0310A37A84D6C00AC3FAA8E3E9.jpeg
Ornate Pictorial Calligraphy: Instructions and Over 150 Examples,E.A. Lupfer,"{"""": """"}",https://i.thriftbooks.com/api/imagehandler/m/076BF9F330EAA40987159DB6CFCC9C86CF7D7451.jpeg
The Bible of Illuminated Letters: A Treasury of Decorative Calligraphy,Margaret Morgan,"{""Format:"": ""Hardcover"", ""Language:"": ""English"", ""ISBN:"": ""0764158201"", ""ISBN13:"": ""9780764158209"", ""Release Date:"": ""March 2006"", ""Publisher:"": ""Sourcebooks"", ""Length:"": ""256 Pages"", ""Weight:"": ""0.05 lbs."", ""Dimensions:"": ""1.0\"" x 6.7\"" x 7.9\""""}",https://i.thriftbooks.com/api/imagehandler/m/20FCB52CEDCC5464663BA9C1770F9F2139C49102.jpeg
House Industries Lettering Manual,Ken Barber,"{"""": """"}",https://i.thriftbooks.com/api/imagehandler/m/A4458F88C2EBCA2314B525026699794232212494.jpeg
Hand Lettering and Contemporary Calligraphy,Lisa Engelbrecht,"{""Format:"": ""Hardcover"", ""Language:"": ""English"", ""ISBN:"": ""0785835253"", ""ISBN13:"": ""9780785835257"", ""Release Date:"": ""May 2017"", ""Publisher:"": ""Crestline"", ""Length:"": ""160 Pages"", ""Weight:"": ""2.07 lbs."", ""Dimensions:"": ""0.8\"" x 8.7\"" x 11.1\""""}",https://i.thriftbooks.com/api/imagehandler/m/65F2350988685FAE4F7AFE327AF870CB88F2FDCE.jpeg
The Book of Kells,Peter R.L. Brown,"{""Format:"": ""Paperback"", ""Language:"": ""English"", ""ISBN:"": ""0394739604"", ""ISBN13:"": ""9780394739601"", ""Release Date:"": ""November 1980"", ""Publisher:"": ""Alfred A. Knopf"", ""Length:"": ""96 Pages"", ""Weight:"": ""0.83 lbs.""}",https://m.media-amazon.com/images/I/511V-K1rkHL._SL350_.jpg
"The Art & Craft of Hand Lettering: Techniques, Projects, Inspiration",Annie Cicale,"{""Format:"": ""Hardcover"", ""Language:"": ""English"", ""ISBN:"": ""1579904033"", ""ISBN13:"": ""9781579904036"", ""Release Date:"": ""May 2004"", ""Publisher:"": ""Lark Books (NC)"", ""Length:"": ""192 Pages"", ""Weight:"": ""2.50 lbs."", ""Dimensions:"": ""0.8\"" x 10.3\"" x 10.3\""""}",https://i.thriftbooks.com/api/imagehandler/m/22718CCD95702BC76F15AEBD5408B75F5B5D23A6.jpeg
Chinese Brush Painting Step by Step,Kwan Jung,"{""Format:"": ""Hardcover"", ""Language:"": ""English"", ""ISBN:"": ""1581802072"", ""Release Date:"": ""January 2003"", ""Publisher:"": ""North Light Books"", ""Length:"": ""128 Pages"", ""Weight:"": ""1.90 lbs."", ""Dimensions:"": ""9.0\"" x 0.8\"" x 12.3\""""}",https://m.media-amazon.com/images/I/51Tn4yQdE6L._SL350_.jpg
Celtic Designs CD-ROM and Book [With CDROM],Dover Publications Inc.,"{"""": """"}",https://i.thriftbooks.com/api/imagehandler/m/F1083ABC3A2BB1D648274418BC1D9496A49E1991.jpeg
Painting for Calligraphers,Marie Angel,"{""Format:"": ""Hardcover"", ""Language:"": ""English"", ""ISBN:"": ""087951969X"", ""ISBN13:"": ""9780879519698"", ""Release Date:"": ""April 1984"", ""Publisher:"": ""Overlook Books"", ""Length:"": ""128 Pages"", ""Weight:"": ""1.60 lbs."", ""Age Range:"": ""18 years and up"", ""Grade Range:"": ""Grade 12 and higher""}",https://m.media-amazon.com/images/I/41qexCe0FfL._SL350_.jpg
"The Encyclopedia of Calligraphy Techniques: A Step-By-Step Visual Guide, with an Inspirational Gallery of Finished Works",Mary Noble,"{""Format:"": ""Hardcover"", ""Language:"": ""English"", ""ISBN:"": ""0762420448"", ""ISBN13:"": ""9780762420445"", ""Release Date:"": ""August 2005"", ""Publisher:"": ""Running Press Book Publishers"", ""Length:"": ""160 Pages"", ""Weight:"": ""1.75 lbs."", ""Dimensions:"": ""0.7\"" x 9.0\"" x 9.3\""""}",https://i.thriftbooks.com/api/imagehandler/m/659D1AB8A693828F7DD7DC2F31A019C21D862335.jpeg
George Bickham's Penmanship Made Easy (Young Clerks Assistant),George Bickham,"{"""": """"}",https://i.thriftbooks.com/api/imagehandler/m/6F8D4085310A73798C4A77D6CB2598D825263A1C.jpeg
The Art of Calligraphy & Lettering,John Stevens,"{""Format:"": ""Paperback"", ""Language:"": ""English"", ""ISBN:"": ""1600582001"", ""ISBN13:"": ""9781600582004"", ""Release Date:"": ""July 2011"", ""Publisher:"": ""Walter Foster Publishing"", ""Length:"": ""144 Pages"", ""Weight:"": ""1.35 lbs."", ""Dimensions:"": ""0.5\"" x 8.6\"" x 11.5\""""}",https://i.thriftbooks.com/api/imagehandler/m/9BA552F7C375D5EF936CC97B5ECF3AF756B1F45E.jpeg
Calligraphy Alphabets for Beginners: The Easy Way to Learn Lettering and Illumination Techniques,Janet Mehigan,"{"""": """"}",https://i.thriftbooks.com/api/imagehandler/m/E87950CD38E2BEA34DD9780A34006A67807F8FF4.jpeg
Illuminated Calligraphy,Patricia Carter,"{""Format:"": ""Paperback"", ""Language:"": ""English"", ""ISBN:"": ""0855326425"", ""Release Date:"": ""October 1990"", ""Publisher:"": ""Search Press"", ""Length:"": ""64 Pages"", ""Weight:"": ""0.60 lbs."", ""Dimensions:"": ""10.3\"" x 0.3\"" x 7.8\""""}",https://m.media-amazon.com/images/I/61kd5YFQA9L._SL350_.jpg
"Draw Your Own Alphabets: Thirty Fonts to Scribble, Sketch, and Make Your Own",Tony Seddon,"{"""": """"}",https://i.thriftbooks.com/api/imagehandler/m/AFDA6AD9EDF40F7353041F455DB3B15E01EB8122.jpeg
Calligraphy: A Course in Hand Lettering,Maryanne Grebenstein,"{""Format:"": ""Spiral-bound"", ""Language:"": ""English"", ""ISBN:"": ""0823005534"", ""Release Date:"": ""September 2006"", ""Publisher:"": ""Watson-Guptill"", ""Length:"": ""144 Pages"", ""Weight:"": ""1.55 lbs."", ""Dimensions:"": ""11.3\"" x 0.9\"" x 9.3\""""}",https://m.media-amazon.com/images/I/41w9ZrZnxJL._SL350_.jpg
Celtic Designs and Motifs,Courtney Davis,"{"""": """"}",https://i.thriftbooks.com/api/imagehandler/m/50D81026469765784716D7D79E77121C040D3810.jpeg
Draw Your Own Celtic Designs,David James,"{"""": """"}",https://i.thriftbooks.com/api/imagehandler/m/6A914E9DFA5CD462B694F3C261352F2DA2E1DF80.jpeg
Circus Alphabets,Dan X. Solo,"{""Format:"": ""Paperback"", ""Language:"": ""English"", ""ISBN:"": ""0486261557"", ""ISBN13:"": ""9780486261553"", ""Release Date:"": ""November 1989"", ""Publisher:"": ""Dover Publications"", ""Length:"": ""108 Pages"", ""Weight:"": ""0.70 lbs."", ""Dimensions:"": ""0.4\"" x 8.4\"" x 10.9\""""}",https://i.thriftbooks.com/api/imagehandler/m/C8683C8C4E1F861732C326705FB5625AFDA1F0F7.jpeg
Alphabets & Other Signs,Julian Rothenstein,"{""Format:"": ""Paperback"", ""Language:"": ""English"", ""ISBN:"": ""087773870X"", ""ISBN13:"": ""9780877738701"", ""Release Date:"": ""September 1993"", ""Publisher:"": ""Random House (NY)"", ""Length:"": ""183 Pages"", ""Weight:"": ""1.75 lbs."", ""Dimensions:"": ""0.6\"" x 8.4\"" x 11.7\""""}",https://i.thriftbooks.com/api/imagehandler/m/AD5AE33BD593674DFCF68B0C72E3F2AFF5FC1DF8.jpeg
"Chinese Calligraphy: An Introduction to Its Aesthetic and Technique, Third Revised and Enlarged Edition",Yee Chiang,"{""Format:"": ""Paperback"", ""Language:"": ""English"", ""ISBN:"": ""0674122267"", ""ISBN13:"": ""9780674122260"", ""Release Date:"": ""January 1974"", ""Publisher:"": ""Harvard University Press"", ""Length:"": ""304 Pages"", ""Weight:"": ""1.20 lbs."", ""Dimensions:"": ""0.9\"" x 6.1\"" x 9.2\""""}",https://i.thriftbooks.com/api/imagehandler/m/E745A303CA3C347092308953D14919FBCE59CFE0.jpeg
Illuminated Initials in Full Color: 548 Designs,Carol Belanger Grafton,"{""Format:"": ""Paperback"", ""Language:"": ""English"", ""ISBN:"": ""0486285014"", ""ISBN13:"": ""9780486285016"", ""Release Date:"": ""April 1995"", ""Publisher:"": ""Dover Publications"", ""Length:"": ""48 Pages"", ""Weight:"": ""0.60 lbs."", ""Dimensions:"": ""0.2\"" x 9.2\"" x 12.3\""""}",https://i.thriftbooks.com/api/imagehandler/m/9DD7D5C51DBB637044175ADE164C0BD46B670ED0.jpeg
Celtic Spirals and Other Designs,Sheila Sturrock,"{""Format:"": ""Paperback"", ""Language:"": ""English"", ""ISBN:"": ""1861081596"", ""ISBN13:"": ""9781861081599"", ""Release Date:"": ""October 2000"", ""Publisher:"": ""GMC Publications"", ""Length:"": ""167 Pages"", ""Weight:"": ""1.15 lbs."", ""Dimensions:"": ""0.4\"" x 7.4\"" x 9.8\""""}",https://i.thriftbooks.com/api/imagehandler/m/1CCBBE8C4A00D855BE52E118963D99CBB1AB3EC3.jpeg
Celtic and Medieval Alphabets: 53 Complete Fonts,Dan X. Solo,"{"""": """"}",https://i.thriftbooks.com/api/imagehandler/m/8DEAACB9C0CA84D119C3800B47051E42274D275A.jpeg
The Encyclopaedia of Fonts,Gwyn Headley,"{"""": """"}",https://i.thriftbooks.com/api/imagehandler/m/5EFFD534504A89C89DDC649C4C20CE8EBD87E269.jpeg
850 Calligraphic Ornaments for Designers and Craftsmen,Kiyoshi Takahashi,"{"""": """"}",https://i.thriftbooks.com/api/imagehandler/m/05C8DF3E0B87710106F94948D37EDED61394E9B4.jpeg
Speck: A Curious Collection of Uncommon Things,Peter Buchanan-Smith,"{"""": """"}",https://i.thriftbooks.com/api/imagehandler/m/88C0B53945C769880AA0A440BF8E47B959A6B304.jpeg
Letter Forms: 110 Complete Alphabets,Frederick Lambert,"{"""": """"}",https://i.thriftbooks.com/api/imagehandler/m/175BC06C600A65367B68FB38FDF9E5998F4C05FD.jpeg
Treasury of Alphabets and Lettering,Jan Tschichold,"{""Format:"": ""Hardcover"", ""Language:"": ""English"", ""ISBN:"": ""1850070075"", ""ISBN13:"": ""9781850070078"", ""Release Date:"": ""January 1985"", ""Publisher:"": ""Omega Books"", ""Length:"": ""236 Pages"", ""Weight:"": ""0.10 lbs.""}",https://m.media-amazon.com/images/I/41-bUH2YfNL._SL350_.jpg
Calligraphy (Calligraphia Latina),Johann Georg Schwandner,"{""Format:"": ""Paperback"", ""Language:"": ""English"", ""ISBN:"": ""0486204758"", ""ISBN13:"": ""9780486204758"", ""Release Date:"": ""June 1958"", ""Publisher:"": ""Dover Publications"", ""Length:"": ""192 Pages"", ""Weight:"": ""1.54 lbs."", ""Dimensions:"": ""0.5\"" x 9.0\"" x 13.0\""""}",https://i.thriftbooks.com/api/imagehandler/m/67E24DF86B609FE1F15076493D9C12F068B3F125.jpeg
3-D and Shaded Alphabets,Dan X. Solo,"{"""": """"}",https://i.thriftbooks.com/api/imagehandler/m/9D11F7A2CDD68EAEBC836852F8EC1DC4C436A715.jpeg
The Art of Color Calligraphy: A Complete Sourcebook of Color Calligraphy Techniques,Mary Noble,"{""Format:"": ""Hardcover"", ""Language:"": ""English"", ""ISBN:"": ""0762400005"", ""ISBN13:"": ""9780762400003"", ""Release Date:"": ""January 1997"", ""Publisher:"": ""Running Press Book Publishers"", ""Length:"": ""176 Pages"", ""Weight:"": ""1.80 lbs."", ""Dimensions:"": ""0.8\"" x 9.3\"" x 9.1\""""}",https://i.thriftbooks.com/api/imagehandler/m/9EA92EC67110A9B1EF8698573CBB891EDE55E394.jpeg
159 Celtic Designs,Amy Lusebrink,"{"""": """"}",https://i.thriftbooks.com/api/imagehandler/m/7F0050E1DA8B3551117FD045A68959F01711CB97.jpeg
The Universal Penman,George Bickham,"{""Format:"": ""Paperback"", ""Language:"": ""English"", ""ISBN:"": ""1607967553"", ""ISBN13:"": ""9781607967552"", ""Release Date:"": ""October 2014"", ""Publisher:"": ""www.bnpublishing.com"", ""Length:"": ""222 Pages"", ""Weight:"": ""1.44 lbs."", ""Dimensions:"": ""0.5\"" x 8.5\"" x 11.0\""""}",https://i.thriftbooks.com/api/imagehandler/m/F4B7C07E44CE32C2E8BFA23C0AB42432C4B8292F.jpeg
The Sailor Who Captured the Sea: A Story of the Book of Kells,Deborah Nourse Lattimore,"{""Format:"": ""Hardcover"", ""Language:"": ""English"", ""ISBN:"": ""0060237104"", ""ISBN13:"": ""9780060237103"", ""Release Date:"": ""January 1991"", ""Publisher:"": ""HarperCollins Publishers"", ""Length:"": ""32 Pages"", ""Weight:"": ""0.90 lbs."", ""Dimensions:"": ""0.4\"" x 8.3\"" x 10.3\"""", ""Age Range:"": ""9 to 12 years"", ""Grade Range:"": ""Grades 4 to 7""}",https://m.media-amazon.com/images/I/51bdtI+dDqL._SL350_.jpg
Historic Alphabets and Initials: Woodcut and Ornamental,"Grafton, Carol Belanger","{""Format:"": ""Paperback"", ""Language:"": ""English"", ""ISBN:"": ""0486234800"", ""ISBN13:"": ""9780486234809"", ""Release Date:"": ""June 1977"", ""Publisher:"": ""Dover Publications"", ""Length:"": ""168 Pages"", ""Weight:"": ""1.25 lbs."", ""Dimensions:"": ""0.4\"" x 8.4\"" x 11.1\""""}",https://i.thriftbooks.com/api/imagehandler/m/BF768CF41B3D233AD19C297014022007BE4F8648.jpeg
Writing: The Stories of Alphabets and Scripts,Georges Jean,"{""Format:"": ""Paperback"", ""Language:"": ""English"", ""ISBN:"": ""0810928930"", ""ISBN13:"": ""9780810928930"", ""Release Date:"": ""March 1992"", ""Publisher:"": ""Harry N. Abrams"", ""Length:"": ""207 Pages"", ""Weight:"": ""0.70 lbs."", ""Dimensions:"": ""0.4\"" x 4.9\"" x 7.0\""""}",https://i.thriftbooks.com/api/imagehandler/m/2103326FB8454355A90B1C35477C8768A8E20505.jpeg
Nature Illuminated: Flora and Fauna from the Court of Emperor Rudolf II,Thea Vignau-Wilberg,"{""Format:"": ""Hardcover"", ""Language:"": ""English"", ""ISBN:"": ""0892364726"", ""ISBN13:"": ""9780892364725"", ""Release Date:"": ""July 1997"", ""Publisher:"": ""J. Paul Getty Museum"", ""Length:"": ""64 Pages"", ""Weight:"": ""0.50 lbs."", ""Dimensions:"": ""0.5\"" x 5.5\"" x 7.3\""""}",https://i.thriftbooks.com/api/imagehandler/m/49D9A233F0F3A2467415168E7E3ED29DAA46BF18.jpeg
The Practical Encyclopedia of Calligraphy,Janet Mehigan,"{""Format:"": ""Paperback"", ""Language:"": ""English"", ""ISBN:"": ""1846815738"", ""ISBN13:"": ""9781846815737"", ""Release Date:"": ""January 2009"", ""Publisher:"": ""Hermes House"", ""Weight:"": ""1.40 lbs.""}",https://m.media-amazon.com/images/I/51EEPHcOw4L._SL350_.jpg
Lettering Tips,Bill Gray,"{""Format:"": ""Paperback"", ""Language:"": ""English"", ""ISBN:"": ""0671608029"", ""ISBN13:"": ""9780671608026"", ""Release Date:"": ""January 1980"", ""Publisher:"": ""Van Nostrand Reinhold Company"", ""Weight:"": ""0.70 lbs.""}",https://m.media-amazon.com/images/I/51QbWFtunkL._SL350_.jpg
Stencil Alphabets,Dan X. Solo,"{""Format:"": ""Paperback"", ""Language:"": ""English"", ""ISBN:"": ""0486256863"", ""ISBN13:"": ""9780486256863"", ""Release Date:"": ""February 2012"", ""Publisher:"": ""Dover Publications"", ""Length:"": ""112 Pages"", ""Weight:"": ""0.75 lbs."", ""Dimensions:"": ""0.3\"" x 8.4\"" x 11.0\""""}",https://i.thriftbooks.com/api/imagehandler/m/36389B1D5A30FE1401843ECBCB7DC515019406DB.jpeg
Victorian Display Alphabets,Dan X. Solo,"{"""": """"}",https://i.thriftbooks.com/api/imagehandler/m/41486976BE610723BCA8F3DD2581742A8B1C15A8.jpeg
Swash Letter Alphabets,Dan X. Solo,"{""Format:"": ""Paperback"", ""Language:"": ""English"", ""ISBN:"": ""0486293327"", ""ISBN13:"": ""9780486293325"", ""Release Date:"": ""December 1996"", ""Publisher:"": ""Dover Publications"", ""Length:"": ""112 Pages"", ""Weight:"": ""0.75 lbs."", ""Dimensions:"": ""0.3\"" x 8.4\"" x 10.9\""""}",https://i.thriftbooks.com/api/imagehandler/m/D698892FE2E48F4BB4105FF11DD7CBF4D9CC1D96.jpeg
Bookbinding: Its Background and Technique,Edith Diehl,"{""Format:"": ""Paperback"", ""Language:"": ""English"", ""ISBN:"": ""0486240207"", ""ISBN13:"": ""9780486240206"", ""Release Date:"": ""October 1980"", ""Publisher:"": ""Dover Publications"", ""Length:"": ""768 Pages"", ""Weight:"": ""1.65 lbs."", ""Dimensions:"": ""1.4\"" x 5.4\"" x 8.4\""""}",https://i.thriftbooks.com/api/imagehandler/m/9F91C4183F9A8989F465C98D6693158AF049A42C.jpeg
Monograms and Alphabetic Devices,Tiffany Clarke Harrison,"{""Format:"": ""Paperback"", ""Language:"": ""English"", ""ISBN:"": ""0486223302"", ""ISBN13:"": ""9780486223308"", ""Release Date:"": ""December 2011"", ""Publisher:"": ""Dover Publications"", ""Length:"": ""240 Pages"", ""Weight:"": ""1.45 lbs."", ""Dimensions:"": ""0.6\"" x 8.1\"" x 10.9\""""}",https://i.thriftbooks.com/api/imagehandler/m/FD51AF4ECD7F1F2FF088C88F3F65528627E0BAD3.jpeg
"2,100 Victorian Monograms",Karl Klimsch,"{""Format:"": ""Paperback"", ""Language:"": ""English"", ""ISBN:"": ""0486283011"", ""ISBN13:"": ""9780486283012"", ""Release Date:"": ""December 1994"", ""Publisher:"": ""Dover Publications"", ""Length:"": ""80 Pages"", ""Weight:"": ""0.65 lbs."", ""Dimensions:"": ""0.3\"" x 9.0\"" x 12.0\""""}",https://i.thriftbooks.com/api/imagehandler/m/FF2A8C3ABFA8A483269AA34BEAFD70CAF437A617.jpeg
800 Classic Ornaments and Designs,Ernst Günther,"{"""": """"}",https://i.thriftbooks.com/api/imagehandler/m/A1B2E2E4A4E2A76DB4E73AB1CAE8D7AE9162E901.jpeg
Outline Alphabets: 100 Complete Fonts,Dan X. Solo,"{""Format:"": ""Paperback"", ""Language:"": ""English"", ""ISBN:"": ""0486258246"", ""ISBN13:"": ""9780486258249"", ""Release Date:"": ""November 2011"", ""Publisher:"": ""Dover Publications"", ""Length:"": ""120 Pages"", ""Weight:"": ""0.80 lbs."", ""Dimensions:"": ""0.3\"" x 8.4\"" x 11.0\""""}",https://i.thriftbooks.com/api/imagehandler/m/874ABEDCBF5DCF285F086CC5213F202E72B681B5.jpeg
Art Nouveau Display Alphabets,Dan X. Solo,"{"""": """"}",https://i.thriftbooks.com/api/imagehandler/m/E66CFDAC641E10431C5355B63CDF21B505334C70.jpeg
The Story of Writing,Andrew Robinson,"{""Format:"": ""Paperback"", ""Language:"": ""English"", ""ISBN:"": ""0500281564"", ""ISBN13:"": ""9780500281567"", ""Release Date:"": ""September 1999"", ""Publisher:"": ""Thames & Hudson"", ""Length:"": ""232 Pages"", ""Weight:"": ""0.75 lbs."", ""Dimensions:"": ""0.7\"" x 7.6\"" x 10.0\""""}",https://i.thriftbooks.com/api/imagehandler/m/041E1C9C729759E543FBCDB53D84D882A29C86DB.jpeg
Decorative Alphabets and Initials,Alexander Nesbitt,"{""Format:"": ""Paperback"", ""Language:"": ""English"", ""ISBN:"": ""0486205444"", ""ISBN13:"": ""9780486205441"", ""Release Date:"": ""June 1959"", ""Publisher:"": ""Dover Publications"", ""Length:"": ""192 Pages"", ""Weight:"": ""1.20 lbs."", ""Dimensions:"": ""0.5\"" x 8.4\"" x 10.9\""""}",https://i.thriftbooks.com/api/imagehandler/m/2948F4186466AE90EA258A36C98548132443154F.jpeg
Gothic and Old English Alphabets: 100 Complete Fonts,Dan X. Solo,"{""Format:"": ""Paperback"", ""Language:"": ""English"", ""ISBN:"": ""0486246957"", ""ISBN13:"": ""9780486246956"", ""Release Date:"": ""July 1984"", ""Publisher:"": ""Dover Publications"", ""Length:"": ""112 Pages"", ""Weight:"": ""0.68 lbs."", ""Dimensions:"": ""0.3\"" x 8.4\"" x 11.0\""""}",https://i.thriftbooks.com/api/imagehandler/m/361EAF727BAF4B0A3338E122C3714445EDF0A135.jpeg
"Italic Way to Beautiful Handwriting, Cursive and Calligraphic",Fred Eager,"{""Format:"": ""Paperback"", ""Language:"": ""English"", ""ISBN:"": ""002079990X"", ""ISBN13:"": ""9780020799900"", ""Release Date:"": ""January 1974"", ""Publisher:"": ""Collier Books"", ""Length:"": ""113 Pages"", ""Weight:"": ""0.83 lbs."", ""Dimensions:"": ""0.4\"" x 8.4\"" x 11.0\""""}",https://i.thriftbooks.com/api/imagehandler/m/A3C289DE169A6512ECE960B87AC93A145CF29D2B.jpeg
Celtic Design,Aidan Meehan,"{""Format:"": ""Paperback"", ""Language:"": ""English"", ""ISBN:"": ""0500276293"", ""ISBN13:"": ""9780500276297"", ""Release Date:"": ""June 1991"", ""Publisher:"": ""Thames & Hudson"", ""Length:"": ""162 Pages"", ""Weight:"": ""0.70 lbs."", ""Dimensions:"": ""0.5\"" x 5.2\"" x 7.8\""""}",https://i.thriftbooks.com/api/imagehandler/m/FC54324ED1C94C528B9D8993E8280DC9C1A48C18.jpeg
Writing & Illuminating & Lettering,Edward Johnston,"{""Format:"": ""Paperback"", ""Language:"": ""English"", ""ISBN:"": ""0486285340"", ""ISBN13:"": ""9780486285344"", ""Release Date:"": ""July 2017"", ""Publisher:"": ""Dover Publications"", ""Length:"": ""464 Pages"", ""Weight:"": ""1.20 lbs."", ""Dimensions:"": ""1.0\"" x 4.9\"" x 7.2\""""}",https://i.thriftbooks.com/api/imagehandler/m/3E4BA670816C0E02561D40B690DCBDF3B7BB34F6.jpeg
"Logo, Font & Lettering Bible: A Comprehensive Guide to the Design, Construction and Usage of Alphabets and Symbols",Leslie Cabarga,"{""Format:"": ""Hardcover"", ""Language:"": ""English"", ""ISBN:"": ""1581804369"", ""ISBN13:"": ""9781581804362"", ""Release Date:"": ""March 2004"", ""Publisher:"": ""How Design Books"", ""Length:"": ""240 Pages"", ""Weight:"": ""2.75 lbs."", ""Dimensions:"": ""1.0\"" x 8.6\"" x 11.1\""""}",https://i.thriftbooks.com/api/imagehandler/m/E3EC13C0CAA12F8F58318F61B131E50A7A242200.jpeg
Japanese Ink Painting: Beginner's Guide to Sumi-E,Susan Frame,"{"""": """"}",https://i.thriftbooks.com/api/imagehandler/m/B90A8C2E088634D8FCAF072DCBE08078EE70FB1F.jpeg
The Illuminated Alphabet: Creative Decorative Calligraphy,Timothy Noad,"{""Format:"": ""Paperback"", ""Language:"": ""English"", ""ISBN:"": ""0806990740"", ""ISBN13:"": ""9780806990743"", ""Release Date:"": ""December 2001"", ""Publisher:"": ""Sterling Publishing (NY)"", ""Length:"": ""160 Pages"", ""Weight:"": ""1.25 lbs."", ""Dimensions:"": ""0.5\"" x 8.8\"" x 8.8\""""}",https://i.thriftbooks.com/api/imagehandler/m/0EA42349881B247F8CDF8E807D6945E0B1615F94.jpeg
Medieval Calligraphy: Its History and Technique,Marc Drogin,"{""Format:"": ""Paperback"", ""Language:"": ""English"", ""ISBN:"": ""0486261425"", ""ISBN13:"": ""9780486261423"", ""Release Date:"": ""November 1989"", ""Publisher:"": ""Dover Publications"", ""Length:"": ""224 Pages"", ""Weight:"": ""1.45 lbs."", ""Dimensions:"": ""0.5\"" x 8.4\"" x 11.2\""""}",https://i.thriftbooks.com/api/imagehandler/m/7D4BC87A2EEAC5A3A3CE14FDE5BA5ACFEE34B19F.jpeg
Calligraphy for the Beginner,Tom Gourdie,"{""Format:"": ""Paperback"", ""Language:"": ""English"", ""ISBN:"": ""0800811887"", ""ISBN13:"": ""9780800811884"", ""Release Date:"": ""January 1979"", ""Publisher:"": ""Taplinger Publishing Company"", ""Length:"": ""60 Pages"", ""Weight:"": ""0.45 lbs."", ""Dimensions:"": ""0.3\"" x 7.5\"" x 11.0\""""}",https://i.thriftbooks.com/api/imagehandler/m/3A27398C9F01BF40B388219C2835914296ADA0A0.jpeg
Brush Lettering: Step by Step,Bobbie Gray,"{"""": """"}",https://i.thriftbooks.com/api/imagehandler/m/06F70B4DF0E7498D862720C8937890505C8412A3.jpeg
Lettering for Architects and Designers,Martha Sutherland,"{""Format:"": ""Paperback"", ""Language:"": ""English"", ""ISBN:"": ""0442282141"", ""ISBN13:"": ""9780442282141"", ""Release Date:"": ""January 1989"", ""Publisher:"": ""Van Nostrand Reinhold Company"", ""Length:"": ""139 Pages"", ""Weight:"": ""1.00 lbs."", ""Dimensions:"": ""0.4\"" x 10.9\"" x 8.3\""""}",https://m.media-amazon.com/images/I/21RYJKeUVQL._SL350_.jpg
Calligraphy for Dummies,Jim Bennett,"{"""": """"}",https://i.thriftbooks.com/api/imagehandler/m/F91A49303EB902ECDCE4B550BE6FDACC898D3AC2.jpeg
Doorposts,Timothy R. Botts,"{""Format:"": ""Hardcover"", ""Language:"": ""English"", ""ISBN:"": ""0842305955"", ""Release Date:"": ""January 1998"", ""Publisher:"": ""Tyndale House Publishers"", ""Length:"": ""62 Pages"", ""Weight:"": ""1.87 lbs."", ""Dimensions:"": ""10.9\"" x 0.6\"" x 8.8\""""}",https://m.media-amazon.com/images/I/417jGSFF8fL._SL350_.jpg
The Lindisfarne Gospels,Janet Backhouse,"{""Format:"": ""Paperback"", ""Language:"": ""English"", ""ISBN:"": ""0714824615"", ""ISBN13:"": ""9780714824611"", ""Release Date:"": ""January 1994"", ""Publisher:"": ""Phaidon Press"", ""Length:"": ""96 Pages"", ""Weight:"": ""0.95 lbs."", ""Dimensions:"": ""0.4\"" x 8.5\"" x 11.0\""""}",https://i.thriftbooks.com/api/imagehandler/m/447657D9995D1DFBAFAD09DD5F796678431F0F5D.jpeg
Art of Hand-Lettering Its Mastery and Practice,Helm Wotzkow,"{""Format:"": ""Paperback"", ""Language:"": ""English"", ""ISBN:"": ""0486217973"", ""Release Date:"": ""January 1978"", ""Publisher:"": ""Dover Pubns"", ""Length:"": ""320 Pages"", ""Weight:"": ""1.06 lbs."", ""Dimensions:"": ""8.8\"" x 1.0\"" x 5.5\""""}",https://m.media-amazon.com/images/I/41FbgvN1QsL._SL350_.jpg
"The Art of the Saint John's Bible: A Reader's Guide to Pentateuch, Psalms, Gospels and Acts",Susan Sink,"{"""": """"}",https://i.thriftbooks.com/api/imagehandler/m/EB8D3A1D04AD7FED22C1CB7588755FF08CFFEAB0.jpeg
Papermaking,Dard Hunter,"{""Format:"": ""Paperback"", ""Language:"": ""English"", ""ISBN:"": ""0486236196"", ""ISBN13:"": ""9780486236193"", ""Release Date:"": ""March 2011"", ""Publisher:"": ""Dover Publications"", ""Length:"": ""688 Pages"", ""Weight:"": ""1.55 lbs."", ""Dimensions:"": ""1.5\"" x 5.5\"" x 8.4\""""}",https://i.thriftbooks.com/api/imagehandler/m/F4DE4DAF2DA3FAC173397CE6A1ACDD70C916DE43.jpeg
Understanding Illuminated Manuscripts: A Guide to Technical Terms,Michelle P. Brown,"{""Format:"": ""Paperback"", ""Language:"": ""English"", ""ISBN:"": ""0892362170"", ""ISBN13:"": ""9780892362172"", ""Release Date:"": ""July 1994"", ""Publisher:"": ""Oxford University Press, USA"", ""Length:"": ""128 Pages"", ""Weight:"": ""0.75 lbs."", ""Dimensions:"": ""0.4\"" x 6.3\"" x 9.3\""""}",https://i.thriftbooks.com/api/imagehandler/m/CA1D80A5344994A03947408F4E38E4E8EFC51EC9.jpeg
