Book Name,Authors,Info,Image URL
"The Backpacker's Field Manual, Revised and Updated: A Comprehensive Guide to Mastering Backcountry Skills",Rick Curtis,"{""Format:"": ""Paperback"", ""Language:"": ""English"", ""ISBN:"": ""1400053099"", ""ISBN13:"": ""9781400053094"", ""Release Date:"": ""May 2005"", ""Publisher:"": ""Crown Publishing Group (NY)"", ""Length:"": ""448 Pages"", ""Weight:"": ""1.09 lbs."", ""Dimensions:"": ""0.9\"" x 5.1\"" x 8.1\""""}",https://i.thriftbooks.com/api/imagehandler/m/417885E0A653E6CCFEE8FEC95F328505ACC745DD.jpeg
"SAS Survival Handbook, Revised Edition: For Any Climate, in Any Situation",John Wiseman,"{""Format:"": ""Paperback"", ""Language:"": ""English"", ""ISBN:"": ""0061733199"", ""Release Date:"": ""March 2009"", ""Publisher:"": ""William Morrow Paperbacks"", ""Length:"": ""676 Pages"", ""Weight:"": ""2.05 lbs."", ""Dimensions:"": ""8.3\"" x 1.4\"" x 5.3\""""}",https://m.media-amazon.com/images/I/51ZJnQonH8L._SL350_.jpg
Roughing It Easy,Dian Thomas,"{""Format:"": ""Paperback"", ""Language:"": ""English"", ""ISBN:"": ""0962125733"", ""ISBN13:"": ""9780962125737"", ""Release Date:"": ""January 1994"", ""Publisher:"": ""Dian Thomas Co."", ""Length:"": ""240 Pages"", ""Weight:"": ""1.02 lbs."", ""Dimensions:"": ""0.7\"" x 6.0\"" x 9.0\""""}",https://i.thriftbooks.com/api/imagehandler/m/4DCFFB4756346D6B7D063D83C81D350985EBE403.jpeg
Camping & Wilderness Survival,Paul Tawrell,"{""Format:"": ""Paperback"", ""Language:"": ""English"", ""ISBN:"": ""1896713009"", ""ISBN13:"": ""9781896713007"", ""Release Date:"": ""January 1996"", ""Publisher:"": ""Falcon Distribution"", ""Length:"": ""350 Pages"", ""Weight:"": ""0.80 lbs."", ""Dimensions:"": ""1.2\"" x 8.5\"" x 10.9\""""}",https://i.thriftbooks.com/api/imagehandler/m/E480FF01A3BF5428F5067392DED28E021F7DD59C.jpeg
"How to Stay Alive in the Woods: A Complete Guide to Food, Shelter, and Self-Preservation That Makes Starvation in the Wilderness Next to Impossible",Bradford Angier,"{""Format:"": ""Paperback"", ""Language:"": ""English"", ""ISBN:"": ""0684831015"", ""ISBN13:"": ""9780684831015"", ""Release Date:"": ""March 1998"", ""Publisher:"": ""Touchstone Books"", ""Length:"": ""288 Pages"", ""Weight:"": ""0.36 lbs."", ""Dimensions:"": ""0.7\"" x 5.0\"" x 7.9\""""}",https://i.thriftbooks.com/api/imagehandler/m/7F4709C4B5EB6A05D37D4628E90F49D2178EFA67.jpeg
The Kids Campfire Book,Ann Love,"{""Format:"": ""Paperback"", ""Language:"": ""English"", ""ISBN:"": ""1550745395"", ""ISBN13:"": ""9781550745399"", ""Release Date:"": ""June 1996"", ""Publisher:"": ""Kids Can Press"", ""Length:"": ""128 Pages"", ""Weight:"": ""0.55 lbs."", ""Dimensions:"": ""0.5\"" x 8.5\"" x 9.5\"""", ""Age Range:"": ""6 to 10 years"", ""Grade Range:"": ""Grades 1 to 5""}",https://i.thriftbooks.com/api/imagehandler/m/8F3BAA4CEC991B5C75DBF0D7C58214B6D5D6A742.jpeg
"The Boys' Book of Survival: How to Survive Anything, Anywhere",Guy Campbell,"{""Format:"": ""Hardcover"", ""Language:"": ""English"", ""ISBN:"": ""0545085365"", ""ISBN13:"": ""9780545085366"", ""Release Date:"": ""January 2009"", ""Publisher:"": ""Scholastic"", ""Length:"": ""125 Pages"", ""Weight:"": ""0.70 lbs."", ""Dimensions:"": ""0.6\"" x 5.3\"" x 7.9\"""", ""Age Range:"": ""8 to 12 years"", ""Grade Range:"": ""Grades 3 to 7""}",https://i.thriftbooks.com/api/imagehandler/m/6B6B1167BED8EC76989375A89DE8724E7BEC2035.jpeg
Edible Wild Plants and Useful Herbs,Jim Meuninck,"{""Format:"": ""Paperback"", ""Language:"": ""English"", ""ISBN:"": ""0934802416"", ""ISBN13:"": ""9780934802413"", ""Release Date:"": ""January 1988"", ""Publisher:"": ""ICS Books"", ""Length:"": ""66 Pages"", ""Weight:"": ""0.23 lbs."", ""Dimensions:"": ""0.2\"" x 6.0\"" x 9.0\""""}",https://i.thriftbooks.com/api/imagehandler/m/C84C573A846B3D522ADF51070ABEB248BC9EB787.jpeg
Bushcraft: A Serious Guide to Survival and Camping,Richard H. Graves,"{""Format:"": ""Paperback"", ""Language:"": ""English"", ""ISBN:"": ""0805203338"", ""Release Date:"": ""January 1987"", ""Publisher:"": ""Schocken"", ""Length:"": ""354 Pages"", ""Weight:"": ""0.65 lbs.""}",https://m.media-amazon.com/images/I/41c8-jD+NrL._SL350_.jpg
The Outdoor Dutch Oven Cookbook,Sheila Mills,"{""Format:"": ""Paperback"", ""Language:"": ""English"", ""ISBN:"": ""0070430233"", ""ISBN13:"": ""9780070430235"", ""Release Date:"": ""May 1997"", ""Publisher:"": ""International Marine Publishing"", ""Length:"": ""170 Pages"", ""Weight:"": ""0.50 lbs."", ""Dimensions:"": ""0.6\"" x 7.0\"" x 7.0\""""}",https://i.thriftbooks.com/api/imagehandler/m/24AF5AAB129CAAE3057A511089476F1684C6136E.jpeg
The Well-Fed Backpacker,June Fleming,"{""Format:"": ""Paperback"", ""Language:"": ""English"", ""ISBN:"": ""0394738047"", ""ISBN13:"": ""9780394738048"", ""Release Date:"": ""February 1986"", ""Publisher:"": ""Vintage"", ""Length:"": ""181 Pages"", ""Weight:"": ""0.40 lbs."", ""Dimensions:"": ""0.6\"" x 5.2\"" x 8.0\""""}",https://i.thriftbooks.com/api/imagehandler/m/582125EBFB994B39CA1710CADE82EB204B76BF52.jpeg
Just Camping Out,Mercer Mayer,"{""Format:"": ""Paperback"", ""Language:"": ""English"", ""ISBN:"": ""0307117146"", ""ISBN13:"": ""9780307117144"", ""Release Date:"": ""December 2000"", ""Publisher:"": ""Golden Books"", ""Length:"": ""24 Pages"", ""Weight:"": ""0.10 lbs."", ""Dimensions:"": ""0.2\"" x 5.5\"" x 6.0\"""", ""Age Range:"": ""3 to 8 years"", ""Grade Range:"": ""Preschool to Grade 3""}",https://i.thriftbooks.com/api/imagehandler/m/04C427064869B9353B64BB2F62CFE60936BAD214.jpeg
Backpacking: A Woman's Guide,Adrienne Hall,"{"""": """"}",https://i.thriftbooks.com/api/imagehandler/m/3B2CDEEA08524593153C651A9CEFA363A140AE37.jpeg
Knots,Kenneth S. Burton Jr.,"{"""": """"}",https://i.thriftbooks.com/api/imagehandler/m/62DB7052679C5AD4F0DFADC25ECCEBCF31E3FF0C.jpeg
Peppa Pig and the Camping Trip,Candlewick Press,"{""Format:"": ""Hardcover"", ""Language:"": ""English"", ""ISBN:"": ""0763687413"", ""ISBN13:"": ""9780763687410"", ""Release Date:"": ""April 2016"", ""Publisher:"": ""Candlewick Press (MA)"", ""Length:"": ""32 Pages"", ""Weight:"": ""1.00 lbs."", ""Dimensions:"": ""0.4\"" x 11.4\"" x 9.3\"""", ""Age Range:"": ""2 to 5 years"", ""Grade Range:"": ""Preschool to Kindergarten""}",https://i.thriftbooks.com/api/imagehandler/m/6C1CCB2ED6A7109B72B55A93ECE39FBEC02206F1.jpeg
The Essential Backpacker: A Complete Guide for the Foot Traveler,Adrienne Hall,"{""Format:"": ""Paperback"", ""Language:"": ""English"", ""ISBN:"": ""0071354379"", ""ISBN13:"": ""9780071354370"", ""Release Date:"": ""December 2000"", ""Publisher:"": ""International Marine Publishing"", ""Length:"": ""122 Pages"", ""Weight:"": ""0.75 lbs."", ""Dimensions:"": ""0.3\"" x 7.3\"" x 9.1\""""}",https://i.thriftbooks.com/api/imagehandler/m/32BE368CC0034AD35E3B6348059D97705E597147.jpeg
Backpacker's Magazine Guide to the Appalachian Trail,Jim Chase,"{""Format:"": ""Paperback"", ""Language:"": ""English"", ""ISBN:"": ""0811722376"", ""ISBN13:"": ""9780811722377"", ""Release Date:"": ""January 1989"", ""Publisher:"": ""Stackpole Books"", ""Length:"": ""253 Pages"", ""Weight:"": ""0.85 lbs."", ""Dimensions:"": ""0.8\"" x 6.0\"" x 9.0\""""}",https://i.thriftbooks.com/api/imagehandler/m/294EF819501731B35D9BD06C5482068783298CED.jpeg
The Complete Idiot's Guide to Hiking and Camping,Michael Mouland,"{""Format:"": ""Paperback"", ""Language:"": ""English"", ""ISBN:"": ""0028611004"", ""ISBN13:"": ""9780028611006"", ""Release Date:"": ""January 1996"", ""Publisher:"": ""Alpha Books"", ""Length:"": ""332 Pages"", ""Weight:"": ""0.20 lbs."", ""Dimensions:"": ""1.1\"" x 7.3\"" x 9.0\""""}",https://i.thriftbooks.com/api/imagehandler/m/AE5C249D01ADF5149029DED89D214B9F40D7323E.jpeg
The Adventurous Boy's Handbook: For Ages 9 to 99,Finn Brennan,"{""Format:"": ""Hardcover"", ""Language:"": ""English"", ""ISBN:"": ""1602392226"", ""ISBN13:"": ""9781602392229"", ""Release Date:"": ""June 2008"", ""Publisher:"": ""Skyhorse Publishing"", ""Length:"": ""196 Pages"", ""Weight:"": ""0.60 lbs."", ""Dimensions:"": ""0.9\"" x 6.1\"" x 9.2\"""", ""Age Range:"": ""8 to 12 years"", ""Grade Range:"": ""Grades 3 to 7""}",https://i.thriftbooks.com/api/imagehandler/m/CA76AEA9D912EDFAA088452D99ADB0A0AF74E557.jpeg
"Backpack Gourmet: Good Hot Grub You Can Make at Home, Dehydrate, and Pack for Quick, Easy, and Healthy Eating on the Trail",Linda Frederick Yaffe,"{"""": """"}",https://i.thriftbooks.com/api/imagehandler/m/9AFBFB380E195566579E86EB8636DBE39E52011E.jpeg
The American Boy's Handy Book: What to Do and How Do It,Daniel Carter Beard,"{""Format:"": ""Paperback"", ""Language:"": ""English"", ""ISBN:"": ""0879234490"", ""ISBN13:"": ""9780879234492"", ""Release Date:"": ""July 2010"", ""Publisher:"": ""David R. Godine Publisher"", ""Length:"": ""441 Pages"", ""Weight:"": ""1.15 lbs."", ""Dimensions:"": ""1.5\"" x 5.5\"" x 7.6\"""", ""Age Range:"": ""9 to 13 years"", ""Grade Range:"": ""Grades 4 to 8""}",https://i.thriftbooks.com/api/imagehandler/m/A24F1CB8F09CCA3082463B0472EC36A639F2396F.jpeg
The Curse Of Camp Old Lake (Goosebumps),R.L. Stine,"{""Format:"": ""Paperback"", ""Language:"": ""English"", ""ISBN:"": ""0590568930"", ""ISBN13:"": ""9780590212458"", ""Release Date:"": ""June 1997"", ""Publisher:"": ""Scholastic"", ""Length:"": ""116 Pages"", ""Weight:"": ""1.71 lbs."", ""Dimensions:"": ""1.0\"" x 5.9\"" x 8.7\""""}",https://m.media-amazon.com/images/I/51jnpyndDSL._SL350_.jpg
"A Camping Spree with Mr. Magee: (Read Aloud Books, Series Books for Kids, Books for Early Readers)",Chris Van Dusen,"{""Format:"": ""Hardcover"", ""Language:"": ""English"", ""ISBN:"": ""0811836037"", ""ISBN13:"": ""9780811836036"", ""Release Date:"": ""May 2003"", ""Publisher:"": ""Chronicle Books"", ""Length:"": ""36 Pages"", ""Weight:"": ""0.70 lbs."", ""Dimensions:"": ""0.4\"" x 7.6\"" x 9.5\"""", ""Age Range:"": ""12 years and under"", ""Grade Range:"": ""Preschool to Grade 7""}",https://i.thriftbooks.com/api/imagehandler/m/77C98033062EBA1E84613E133337DE49A7505204.jpeg
Amelia Bedelia Goes Camping,Peggy Parish,"{""Format:"": ""Paperback"", ""Language:"": ""English"", ""ISBN:"": ""0060511060"", ""ISBN13:"": ""9780060511067"", ""Release Date:"": ""April 2003"", ""Publisher:"": ""Greenwillow Books"", ""Length:"": ""64 Pages"", ""Weight:"": ""0.30 lbs."", ""Dimensions:"": ""0.2\"" x 6.1\"" x 9.1\"""", ""Age Range:"": ""4 to 8 years"", ""Grade Range:"": ""Preschool to Grade 3""}",https://i.thriftbooks.com/api/imagehandler/m/99BEA2FE161E392890F3853161B3C2F786FA46B8.jpeg
A Fine and Pleasant Misery,Patrick F. McManus,"{""Format:"": ""Paperback"", ""Language:"": ""English"", ""ISBN:"": ""0805000321"", ""ISBN13:"": ""9780805000320"", ""Release Date:"": ""April 1981"", ""Publisher:"": ""Holt Paperbacks"", ""Length:"": ""209 Pages"", ""Weight:"": ""0.50 lbs."", ""Dimensions:"": ""0.6\"" x 5.4\"" x 8.4\""""}",https://i.thriftbooks.com/api/imagehandler/m/DC19A1B1736181FF533567DDF49234E409264F70.jpeg
U.S. Army Survival Manual: FM 21-76,Peter T Underwood,"{""Format:"": ""Paperback"", ""Language:"": ""English"", ""ISBN:"": ""1566190223"", ""ISBN13:"": ""9781566190220"", ""Release Date:"": ""January 1992"", ""Publisher:"": ""Dorset House Publishing"", ""Length:"": ""285 Pages"", ""Weight:"": ""0.95 lbs."", ""Dimensions:"": ""9.0\"" x 5.5\""""}",https://image-plz.thriftbooks.com/m/76F6EA862A4E4A02947DA6E1DC1671EB.png
Complete Wilderness Training Manual (Boy Scouts of America),Hugh McManners,"{""Format:"": ""Leather Bound"", ""Language:"": ""English"", ""ISBN:"": ""1435142969"", ""ISBN13:"": ""9781435142961"", ""Release Date:"": ""January 2012"", ""Publisher:"": ""Sterling"", ""Length:"": ""192 Pages"", ""Weight:"": ""0.66 lbs.""}",https://m.media-amazon.com/images/I/31Uq5r2uuaL._SL350_.jpg
"They Shoot Canoes, Don't They?",Patrick F. McManus,"{""Format:"": ""Paperback"", ""Language:"": ""English"", ""ISBN:"": ""0805000305"", ""ISBN13:"": ""9780805000306"", ""Release Date:"": ""September 1982"", ""Publisher:"": ""Holt McDougal"", ""Length:"": ""240 Pages"", ""Weight:"": ""0.85 lbs."", ""Dimensions:"": ""0.9\"" x 5.4\"" x 8.2\""""}",https://i.thriftbooks.com/api/imagehandler/m/F48C206E53F6F80B648918FD8128992311265A38.jpeg
Just Me and My Dad (Little Critter),Mercer Mayer,"{""Format:"": ""Paperback"", ""Language:"": ""English"", ""ISBN:"": ""0307118398"", ""Release Date:"": ""March 2001"", ""Publisher:"": ""Random House Books for Young Readers"", ""Length:"": ""24 Pages"", ""Weight:"": ""0.15 lbs."", ""Dimensions:"": ""8.0\"" x 0.1\"" x 8.0\""""}",https://m.media-amazon.com/images/I/61LnLMKBS1L._SL350_.jpg
Boy Scout Handbook,Boy Scouts of America,"{""Format:"": ""Hardcover"", ""Language:"": ""English"", ""ISBN:"": ""0839531028"", ""ISBN13:"": ""9780839531029"", ""Release Date:"": ""January 2009"", ""Publisher:"": ""Naturegraph Publishers"", ""Length:"": ""480 Pages"", ""Weight:"": ""1.04 lbs.""}",https://i.thriftbooks.com/api/imagehandler/m/93D0903EF96C450ADEAD24A0F613692D20DC6D6B.jpeg
How I Spent My Summer Vacation,Mark Teague,"{""Format:"": ""Paperback"", ""Language:"": ""English"", ""ISBN:"": ""0517885565"", ""ISBN13:"": ""9780517885567"", ""Release Date:"": ""July 1997"", ""Publisher:"": ""Dragonfly Books"", ""Length:"": ""32 Pages"", ""Weight:"": ""0.35 lbs."", ""Dimensions:"": ""0.1\"" x 10.0\"" x 8.1\"""", ""Age Range:"": ""3 to 7 years"", ""Grade Range:"": ""Preschool to Grade 2""}",https://i.thriftbooks.com/api/imagehandler/m/0E655D67C0D37FD2B0AA46230900648A12A837D9.jpeg
Curious George Goes Camping,Margret Rey,"{""Format:"": ""Paperback"", ""Language:"": ""English"", ""ISBN:"": ""0395978351"", ""ISBN13:"": ""9780395978351"", ""Release Date:"": ""October 1999"", ""Publisher:"": ""Clarion Books"", ""Length:"": ""24 Pages"", ""Weight:"": ""0.20 lbs."", ""Dimensions:"": ""0.3\"" x 8.0\"" x 8.0\"""", ""Age Range:"": ""4 to 7 years"", ""Grade Range:"": ""Preschool to Grade 2""}",https://i.thriftbooks.com/api/imagehandler/m/2A52B00BF0380F0BCACA9B81EE53160DBE90A041.jpeg
How to Amuse Yourself and Others: The American Girl's Handy Book,Lina Beard,"{""Format:"": ""Paperback"", ""Language:"": ""English"", ""ISBN:"": ""1016671423"", ""ISBN13:"": ""9781016671422"", ""Release Date:"": ""October 2022"", ""Publisher:"": ""Legare Street Press"", ""Length:"": ""488 Pages"", ""Weight:"": ""1.49 lbs."", ""Dimensions:"": ""1.0\"" x 6.1\"" x 9.2\""""}",https://m.media-amazon.com/images/I/41N-nkT98VL._SL350_.jpg
Desolation Wilderness and the South Lake Tahoe Basin,Jeffrey P. Schaffer,"{""Format:"": ""Paperback"", ""Language:"": ""English"", ""ISBN:"": ""0899970508"", ""ISBN13:"": ""9780899970509"", ""Release Date:"": ""January 1985"", ""Publisher:"": ""Wilderness Press"", ""Length:"": ""154 Pages"", ""Weight:"": ""0.45 lbs."", ""Dimensions:"": ""0.6\"" x 4.8\"" x 7.6\""""}",https://m.media-amazon.com/images/I/513TCkHNlVL._SL350_.jpg
Flesh,Richard Laymon,"{""Format:"": ""Mass Market Paperback"", ""Language:"": ""English"", ""ISBN:"": ""0843961392"", ""ISBN13:"": ""9780843961393"", ""Release Date:"": ""January 2009"", ""Publisher:"": ""Leisure Books"", ""Length:"": ""355 Pages"", ""Weight:"": ""0.40 lbs."", ""Dimensions:"": ""1.0\"" x 4.2\"" x 6.6\""""}",https://i.thriftbooks.com/api/imagehandler/m/4F06903D68B7E81F0A77574C1109F37F7C4D2061.jpeg
"Americans on the Road: From Autocamp to Motel, 1910-1945",Warren Belasco,"{""Format:"": ""Hardcover"", ""Language:"": ""English"", ""ISBN:"": ""0262021234"", ""ISBN13:"": ""9780262021234"", ""Release Date:"": ""January 1979"", ""Publisher:"": ""MIT Press (MA)"", ""Length:"": ""288 Pages"", ""Weight:"": ""1.20 lbs.""}",https://m.media-amazon.com/images/I/51zJh8yH-qL._SL350_.jpg
Freddy Goes Camping,Walter R. Brooks,"{""Format:"": ""Paperback"", ""Language:"": ""English"", ""ISBN:"": ""0394876024"", ""ISBN13:"": ""9780394876023"", ""Release Date:"": ""March 1986"", ""Publisher:"": ""Alfred A. Knopf Books for Young Readers"", ""Length:"": ""258 Pages"", ""Weight:"": ""0.72 lbs."", ""Age Range:"": ""9 to 12 years"", ""Grade Range:"": ""Grades 4 to 7""}",https://m.media-amazon.com/images/I/51iC3IiWGXL._SL350_.jpg
Simon and Schuster's Pocket Guide to Wilderness Medicine,Paul G. Gill Jr.,"{""Format:"": ""Paperback"", ""Language:"": ""English"", ""ISBN:"": ""0671706152"", ""ISBN13:"": ""9780671706159"", ""Release Date:"": ""January 1991"", ""Publisher:"": ""Simon & Schuster"", ""Length:"": ""204 Pages"", ""Weight:"": ""0.40 lbs."", ""Dimensions:"": ""0.7\"" x 3.6\"" x 7.4\""""}",https://m.media-amazon.com/images/I/41HEOfdgNNL._SL350_.jpg
The Camping Caper,Gail Herman,"{""Format:"": ""Paperback"", ""Language:"": ""English"", ""ISBN:"": ""0439809428"", ""ISBN13:"": ""9780439809429"", ""Release Date:"": ""January 2006"", ""Publisher:"": ""Scholastic"", ""Length:"": ""32 Pages"", ""Weight:"": ""0.15 lbs."", ""Dimensions:"": ""0.1\"" x 6.3\"" x 8.9\"""", ""Age Range:"": ""4 to 8 years"", ""Grade Range:"": ""Preschool to Grade 3""}",https://i.thriftbooks.com/api/imagehandler/m/A12955A2849C55CF0B65EAF10CC99FC2245A1523.jpeg
Trail Mates,Bonnie Bryant,"{""Format:"": ""Paperback"", ""Language:"": ""English"", ""ISBN:"": ""0553157035"", ""ISBN13:"": ""9780553157031"", ""Release Date:"": ""May 1989"", ""Publisher:"": ""Yearling Books"", ""Length:"": ""133 Pages"", ""Weight:"": ""0.25 lbs."", ""Dimensions:"": ""0.4\"" x 5.2\"" x 7.6\"""", ""Age Range:"": ""9 to 12 years"", ""Grade Range:"": ""Grades 4 to 7""}",https://i.thriftbooks.com/api/imagehandler/m/A72F0472236B593BDFD8F70F98C9B855DED5765B.jpeg
Outward Bound Wilderness First-Aid Handbook,Jeffrey Isaac,"{""Format:"": ""Paperback"", ""Language:"": ""English"", ""ISBN:"": ""076277858X"", ""ISBN13:"": ""9780762778584"", ""Release Date:"": ""January 2013"", ""Publisher:"": ""Falcon Press Publishing"", ""Length:"": ""256 Pages"", ""Weight:"": ""0.95 lbs."", ""Dimensions:"": ""0.8\"" x 6.0\"" x 8.9\""""}",https://i.thriftbooks.com/api/imagehandler/m/281701908EABB54DA10F73493806AF2C61F3C783.jpeg
The Killer Bear: Volume 2,Paul Hutchens,"{""Format:"": ""Paperback"", ""Language:"": ""English"", ""ISBN:"": ""0802470068"", ""ISBN13:"": ""9780802470065"", ""Release Date:"": ""June 1997"", ""Publisher:"": ""Moody Publishers"", ""Length:"": ""96 Pages"", ""Weight:"": ""0.15 lbs."", ""Dimensions:"": ""0.3\"" x 4.3\"" x 7.0\"""", ""Age Range:"": ""8 to 12 years"", ""Grade Range:"": ""Grades 3 to 7""}",https://i.thriftbooks.com/api/imagehandler/m/21BF1C022B8691D6860B6DF15D0AEF3032EF9747.jpeg
Cache Lake Country: Life in the North Woods,John J. Rowlands,"{""Format:"": ""Paperback"", ""Language:"": ""English"", ""ISBN:"": ""0881504211"", ""ISBN13:"": ""9780881504217"", ""Release Date:"": ""September 1998"", ""Publisher:"": ""Countryman Press"", ""Length:"": ""280 Pages"", ""Weight:"": ""0.82 lbs."", ""Dimensions:"": ""0.8\"" x 5.6\"" x 8.3\""""}",https://i.thriftbooks.com/api/imagehandler/m/8DFFF811AEDECF30D38D8F6E729067D0B51114D3.jpeg
The Berenstain Bear Scouts Ghost vs. Ghost,Stan Berenstain,"{""Format:"": ""Paperback"", ""Language:"": ""English"", ""ISBN:"": ""0590603868"", ""ISBN13:"": ""9780590603867"", ""Release Date:"": ""January 1996"", ""Publisher:"": ""Scholastic"", ""Length:"": ""97 Pages"", ""Weight:"": ""0.30 lbs."", ""Dimensions:"": ""0.3\"" x 5.3\"" x 7.7\"""", ""Age Range:"": ""7 to 10 years"", ""Grade Range:"": ""Grades 2 to 5""}",https://i.thriftbooks.com/api/imagehandler/m/134B019CF3D84A4AEB552309BF13EFDA786D3939.jpeg
Hiking Olympic National Park: A Guide to the Park's Greatest Hiking Adventures,Erik Molvar,"{""Format:"": ""Paperback"", ""Language:"": ""English"", ""ISBN:"": ""0762741198"", ""ISBN13:"": ""9780762741199"", ""Release Date:"": ""April 2008"", ""Publisher:"": ""FalconGuide"", ""Length:"": ""251 Pages"", ""Weight:"": ""0.85 lbs."", ""Dimensions:"": ""0.5\"" x 6.0\"" x 9.0\""""}",https://i.thriftbooks.com/api/imagehandler/m/B38E5043985E92A383E8FC863947FDB37D700A26.jpeg
Long Way Down: An Epic Journey by Motorcycle from Scotland to South Africa,Charley Boorman,"{""Format:"": ""Hardcover"", ""Language:"": ""English"", ""ISBN:"": ""1416577459"", ""ISBN13:"": ""9781416577454"", ""Release Date:"": ""July 2008"", ""Publisher:"": ""Atria Books"", ""Length:"": ""341 Pages"", ""Weight:"": ""1.40 lbs."", ""Dimensions:"": ""1.3\"" x 6.3\"" x 9.5\""""}",https://i.thriftbooks.com/api/imagehandler/m/A91539DB8CA7AF8D8233B9397A643905B5214D2A.jpeg
Sugar Creek Gang #10: Screams in the Night,Paul Hutchens,"{""Format:"": ""Paperback"", ""Language:"": ""English"", ""ISBN:"": ""0802448127"", ""ISBN13:"": ""9780802448125"", ""Release Date:"": ""January 1967"", ""Publisher:"": ""Moody Publishers"", ""Weight:"": ""0.24 lbs."", ""Dimensions:"": ""0.4\"" x 4.3\"" x 6.8\"""", ""Age Range:"": ""7 to 12 years"", ""Grade Range:"": ""Grades 2 to 7""}",https://i.thriftbooks.com/api/imagehandler/m/61B869F498FB2880104B8ECBD6A158D4B48D69C4.jpeg
Of Men and Mountains,William O. Douglas,"{""Format:"": ""Hardcover"", ""Language:"": ""English"", ""ISBN:"": ""0877017123"", ""ISBN13:"": ""9780877017127"", ""Release Date:"": ""May 1990"", ""Publisher:"": ""Chronicle Books"", ""Length:"": ""360 Pages"", ""Weight:"": ""1.10 lbs."", ""Dimensions:"": ""1.0\"" x 1.0\"" x 1.0\"""", ""Age Range:"": ""13 years and up"", ""Grade Range:"": ""Grade 8 to Postsecondary""}",https://m.media-amazon.com/images/I/61mg5L10o9L._SL350_.jpg
Letters to the Valley: A Harvest of Memories,David Mas Masumoto,"{""Format:"": ""Hardcover"", ""Language:"": ""English"", ""ISBN:"": ""1890771864"", ""ISBN13:"": ""9781890771867"", ""Release Date:"": ""August 2004"", ""Publisher:"": ""Heyday Books"", ""Length:"": ""134 Pages"", ""Weight:"": ""0.65 lbs."", ""Dimensions:"": ""0.7\"" x 5.3\"" x 7.3\""""}",https://i.thriftbooks.com/api/imagehandler/m/85E1AFCA50901FA52AD292D27F09418AE8E4796F.jpeg
The Graves Family Goes Camping,Patricia Polacco,"{""Format:"": ""Hardcover"", ""Language:"": ""English"", ""ISBN:"": ""0399243690"", ""ISBN13:"": ""9780399243691"", ""Release Date:"": ""May 2005"", ""Publisher:"": ""Philomel Books"", ""Length:"": ""48 Pages"", ""Weight:"": ""1.88 lbs."", ""Dimensions:"": ""0.5\"" x 8.8\"" x 11.5\"""", ""Age Range:"": ""5 to 10 years"", ""Grade Range:"": ""Preschool to Grade 5""}",https://i.thriftbooks.com/api/imagehandler/m/22906D1B711AB932F9BCE29C6DDF486A2D4C33C7.jpeg
Improve Your Survival Skills,Lucy Smith,"{""Format:"": ""Paperback"", ""Language:"": ""English"", ""ISBN:"": ""0794522181"", ""ISBN13:"": ""9780794522186"", ""Release Date:"": ""January 2008"", ""Publisher:"": ""Usborne Books"", ""Length:"": ""48 Pages"", ""Weight:"": ""0.11 lbs."", ""Dimensions:"": ""0.1\"" x 5.7\"" x 8.2\""""}",https://i.thriftbooks.com/api/imagehandler/m/362B7BDA47BD193E7D0FCAD03C77A5B192C8DF46.jpeg
Survivor Kid: A Practical Guide to Wilderness Survival,Denise Long,"{""Format:"": ""Paperback"", ""Language:"": ""English"", ""ISBN:"": ""1569767084"", ""ISBN13:"": ""9781569767085"", ""Release Date:"": ""May 2011"", ""Publisher:"": ""Chicago Review Press"", ""Length:"": ""240 Pages"", ""Weight:"": ""0.50 lbs."", ""Dimensions:"": ""0.5\"" x 5.0\"" x 7.0\"""", ""Age Range:"": ""9 to 12 years"", ""Grade Range:"": ""Grades 4 to 7""}",https://i.thriftbooks.com/api/imagehandler/m/89AAA56678D180D31FF3B2BAFE01A2CEAF527860.jpeg
The Complete Idiot's Guide to RVing,Brent Peterson,"{""Format:"": ""Paperback"", ""Language:"": ""English"", ""ISBN:"": ""1615641890"", ""ISBN13:"": ""9781615641895"", ""Release Date:"": ""June 2012"", ""Publisher:"": ""Alpha Books"", ""Length:"": ""384 Pages"", ""Weight:"": ""1.30 lbs."", ""Dimensions:"": ""1.0\"" x 7.3\"" x 9.0\""""}",https://i.thriftbooks.com/api/imagehandler/m/698879781403D3F3562FDE00F14AA77EF4D3B4D0.jpeg
Fieldbook,Boy Scouts of America,"{""Format:"": ""Hardcover"", ""Language:"": ""English"", ""ISBN:"": ""0839531044"", ""ISBN13:"": ""9780839531043"", ""Release Date:"": ""January 2004"", ""Publisher:"": ""Boy Scouts of America"", ""Length:"": ""614 Pages"", ""Weight:"": ""1.70 lbs.""}",https://m.media-amazon.com/images/I/41JhViy1t8L._SL350_.jpg
Hemingway on Fishing,Ernest Hemingway,"{""Format:"": ""Hardcover"", ""Language:"": ""English"", ""ISBN:"": ""1585741442"", ""ISBN13:"": ""9781585741441"", ""Release Date:"": ""September 2000"", ""Publisher:"": ""Lyons Press"", ""Length:"": ""308 Pages"", ""Weight:"": ""1.99 lbs."", ""Dimensions:"": ""1.3\"" x 7.3\"" x 9.5\""""}",https://i.thriftbooks.com/api/imagehandler/m/8DB6018A7AD1A369F9D618218E8FD33A374C419A.jpeg
The Natural Navigator: A Watchful Explorer S Guide to a Nearly Forgotten Skill,Tristan Gooley,"{""Format:"": ""Hardcover"", ""Language:"": ""English"", ""ISBN:"": ""1615190295"", ""ISBN13:"": ""9781615190294"", ""Release Date:"": ""February 2011"", ""Publisher:"": ""Experiment"", ""Length:"": ""304 Pages"", ""Weight:"": ""1.35 lbs."", ""Dimensions:"": ""1.2\"" x 5.5\"" x 8.3\""""}",https://i.thriftbooks.com/api/imagehandler/m/1AB617100A9374A008EFF50741D496BDFFC09E6A.jpeg
Girl Scout Badges and Signs,Girl Scouts of the U.S.A.,"{""Format:"": ""Paperback"", ""Language:"": ""English"", ""ISBN:"": ""0884413268"", ""ISBN13:"": ""9780884413264"", ""Release Date:"": ""January 1980"", ""Publisher:"": ""Girl Scouts of USA"", ""Length:"": ""208 Pages"", ""Weight:"": ""0.79 lbs."", ""Age Range:"": ""9 to 11 years"", ""Grade Range:"": ""Grades 4 to 6""}",https://m.media-amazon.com/images/I/51NXf3nfDsL._SL350_.jpg
Camping and Woodcraft: A Handbook for Vacation Campers and Travelers in the Woods,Horace Kephart,"{""Format:"": ""Paperback"", ""Language:"": ""English"", ""ISBN:"": ""1510722602"", ""ISBN13:"": ""9781510722606"", ""Release Date:"": ""September 2017"", ""Publisher:"": ""Skyhorse Publishing"", ""Length:"": ""368 Pages"", ""Weight:"": ""0.70 lbs."", ""Dimensions:"": ""1.1\"" x 5.0\"" x 7.0\""""}",https://i.thriftbooks.com/api/imagehandler/m/CC27B75B0DA2E193814E49CDCEBE7FE5382B8F51.jpeg
Campfire Stories: Tales from America's National Parks,Dave Kyu,"{""Format:"": ""Hardcover"", ""Language:"": ""English"", ""ISBN:"": ""1680511440"", ""ISBN13:"": ""9781680511444"", ""Release Date:"": ""June 2018"", ""Publisher:"": ""Mountaineers Books"", ""Length:"": ""224 Pages"", ""Weight:"": ""1.10 lbs."", ""Dimensions:"": ""0.8\"" x 6.2\"" x 8.5\""""}",https://i.thriftbooks.com/api/imagehandler/m/2735030B5FA21142CB9E1FC5E93375F9CA5383A2.jpeg
Junior Girl Scout Handbook,Girl Scouts of the U.S.A.,"{""Format:"": ""Hardcover"", ""Language:"": ""English"", ""ISBN:"": ""0884416194"", ""ISBN13:"": ""9780884416197"", ""Release Date:"": ""January 2001"", ""Publisher:"": ""Girl Scouts of USA"", ""Length:"": ""208 Pages"", ""Weight:"": ""1.35 lbs.""}",https://m.media-amazon.com/images/I/51++3nr7xFL._SL350_.jpg
Trail Food: Drying and Cooking Food for Backpacking and Paddling,Alan S. Kesselheim,"{""Format:"": ""Paperback"", ""Language:"": ""English"", ""ISBN:"": ""0070344361"", ""ISBN13:"": ""9780070344365"", ""Release Date:"": ""February 1998"", ""Publisher:"": ""International Marine Publishing"", ""Length:"": ""112 Pages"", ""Weight:"": ""0.30 lbs."", ""Dimensions:"": ""0.3\"" x 4.7\"" x 8.0\""""}",https://i.thriftbooks.com/api/imagehandler/m/B0CD5B25DBE440372668FA34CE71BEC996E37219.jpeg
Willy Whitefeather's Outdoor Survival Handbook for Kids,Willy Whitefeather,"{""Format:"": ""Paperback"", ""Language:"": ""English"", ""ISBN:"": ""0943173477"", ""ISBN13:"": ""9780943173474"", ""Release Date:"": ""March 1991"", ""Publisher:"": ""Roberts Rinehart Publishers"", ""Length:"": ""104 Pages"", ""Weight:"": ""0.60 lbs."", ""Dimensions:"": ""0.3\"" x 8.2\"" x 10.9\"""", ""Age Range:"": ""6 to 12 years"", ""Grade Range:"": ""Grades 1 to 7""}",https://i.thriftbooks.com/api/imagehandler/m/1B1917056197559911158D950339352979966610.jpeg
Woodcraft and Camping,George Washington Sears,"{""Format:"": ""Paperback"", ""Language:"": ""English"", ""ISBN:"": ""0486211452"", ""ISBN13:"": ""9780486211459"", ""Release Date:"": ""June 1963"", ""Publisher:"": ""Dover Publications"", ""Length:"": ""128 Pages"", ""Weight:"": ""0.35 lbs."", ""Dimensions:"": ""0.4\"" x 5.4\"" x 8.3\"""", ""Age Range:"": ""10 years and up"", ""Grade Range:"": ""Grade 5 and higher""}",https://i.thriftbooks.com/api/imagehandler/m/F879A14855351D2EB11760AE260AD2E36A1D37E8.jpeg
"Bear Grylls Survival Camp ""The Ultimate All-terrain Training Manual""",Bear Grylls,"{""Format:"": ""Unknown Binding"", ""ISBN:"": ""1610677552"", ""Release Date:"": ""January 1"", ""Publisher:"": ""Kane Miller, a Division of EDC Publishing"", ""Weight:"": ""1.80 lbs.""}",https://m.media-amazon.com/images/I/415YFPvhpcL._SL350_.jpg
Primitive Wilderness Living & Survival Skills: Naked into the Wilderness,John McPherson,"{"""": """"}",https://i.thriftbooks.com/api/imagehandler/m/78DD29025DB4BADD409237ADD13D7B505FB2A377.jpeg
My First Book of Knots: A Beginner's Picture Guide (180 Color Illustrations),Berndt Sundsten,"{""Format:"": ""Paperback"", ""Language:"": ""English"", ""ISBN:"": ""1629146544"", ""ISBN13:"": ""9781629146546"", ""Release Date:"": ""September 2014"", ""Publisher:"": ""Sky Pony"", ""Length:"": ""48 Pages"", ""Weight:"": ""0.52 lbs."", ""Dimensions:"": ""0.2\"" x 7.4\"" x 10.2\"""", ""Age Range:"": ""7 to 10 years"", ""Grade Range:"": ""Grades 2 to 5""}",https://i.thriftbooks.com/api/imagehandler/m/168882CDD01D7CA6075B466E318E32DBD5153BC2.jpeg
Song of the Paddle,Bill Mason,"{""Format:"": ""Paperback"", ""Language:"": ""English"", ""ISBN:"": ""155013082X"", ""ISBN13:"": ""9781550130829"", ""Release Date:"": ""January 1988"", ""Publisher:"": ""Key Porter Books"", ""Length:"": ""186 Pages"", ""Weight:"": ""1.25 lbs."", ""Dimensions:"": ""0.6\"" x 10.2\"" x 8.5\""""}",https://i.thriftbooks.com/api/imagehandler/m/5AEA8D72FA943812491E9526F523B8E32FA29FA6.jpeg
It's Great to Be a Guy!: God Has a Plan for You...and Your Body!,Bob Gresh,"{""Format:"": ""Paperback"", ""Language:"": ""English"", ""ISBN:"": ""0736962786"", ""ISBN13:"": ""9780736962780"", ""Release Date:"": ""April 2016"", ""Publisher:"": ""Harvest Kids"", ""Length:"": ""128 Pages"", ""Weight:"": ""0.30 lbs."", ""Dimensions:"": ""0.4\"" x 5.2\"" x 7.8\"""", ""Age Range:"": ""8 to 11 years"", ""Grade Range:"": ""Grades 3 to 6""}",https://i.thriftbooks.com/api/imagehandler/m/38C7AD62A104721F661FA4D14CAD4E16FAF62FEB.jpeg
Our Great Big Backyard,Laura Bush,"{""Format:"": ""Hardcover"", ""Language:"": ""English"", ""ISBN:"": ""0062468359"", ""ISBN13:"": ""9780062468352"", ""Release Date:"": ""May 2016"", ""Publisher:"": ""HarperCollins"", ""Length:"": ""40 Pages"", ""Weight:"": ""0.90 lbs."", ""Dimensions:"": ""0.6\"" x 9.2\"" x 11.1\"""", ""Age Range:"": ""4 to 8 years"", ""Grade Range:"": ""Preschool to Grade 3""}",https://i.thriftbooks.com/api/imagehandler/m/E133921179E00C774A287C1F4A39B84F38276AC1.jpeg
The Grasshopper Trap,Patrick F. McManus,"{""Format:"": ""Paperback"", ""Language:"": ""English"", ""ISBN:"": ""0805001115"", ""Release Date:"": ""September 1986"", ""Publisher:"": ""Holt Paperbacks"", ""Length:"": ""224 Pages"", ""Weight:"": ""0.60 lbs."", ""Dimensions:"": ""8.3\"" x 0.5\"" x 5.6\""""}",https://m.media-amazon.com/images/I/51OhMQGVWgL._SL350_.jpg
Survive!: Essential Skills and Tactics to Get You Out of Anywhere - Alive,Les Stroud,"{""Format:"": ""Paperback"", ""Language:"": ""English"", ""ISBN:"": ""0002008866"", ""ISBN13:"": ""9780002008860"", ""Release Date:"": ""January 2008"", ""Publisher:"": ""Harpercollins Canada"", ""Length:"": ""373 Pages"", ""Weight:"": ""1.04 lbs."", ""Dimensions:"": ""8.5\"" x 1.0\"" x 5.5\""""}",https://i.thriftbooks.com/api/imagehandler/m/B8374F85857C844FEADA4DE9D812BD219BDA700F.jpeg
Kerplunk!: Stories,Patrick F. McManus,"{""Format:"": ""Hardcover"", ""Language:"": ""English"", ""ISBN:"": ""0743280490"", ""ISBN13:"": ""9780743280495"", ""Release Date:"": ""November 2007"", ""Publisher:"": ""Simon & Schuster"", ""Length:"": ""227 Pages"", ""Weight:"": ""0.75 lbs."", ""Dimensions:"": ""0.9\"" x 5.7\"" x 8.7\""""}",https://i.thriftbooks.com/api/imagehandler/m/D01BFB19EB5ED4A13D71C1FFFA083BB483972352.jpeg
U.S. Army Survival Manual Fm 21-76,U.S. Department of Defense,"{""Format:"": ""Hardcover"", ""Language:"": ""English"", ""ISBN:"": ""0760749884"", ""ISBN13:"": ""9780760749883"", ""Release Date:"": ""September 2004"", ""Publisher:"": ""Barnes & Noble Inc."", ""Length:"": ""392 Pages"", ""Weight:"": ""1.60 lbs.""}",https://image-plz.thriftbooks.com/m/4E8E7D93931348688C5ABE36D771B061.png
Knots and How to Tie Them,Walter B. Gibson,"{""Format:"": ""Hardcover"", ""Language:"": ""English"", ""ISBN:"": ""0517093693"", ""ISBN13:"": ""9780517093696"", ""Release Date:"": ""July 1993"", ""Publisher:"": ""Gramercy Books"", ""Length:"": ""131 Pages"", ""Weight:"": ""0.55 lbs."", ""Dimensions:"": ""0.6\"" x 5.7\"" x 8.5\""""}",https://i.thriftbooks.com/api/imagehandler/m/3513FE53D34665C2FA1FC657926FFF81205CB11C.jpeg
The Field and Forest Handy Book: New Ideas for Out of Doors,Daniel Carter Beard,"{""Format:"": ""Paperback"", ""Language:"": ""English"", ""ISBN:"": ""1567921655"", ""ISBN13:"": ""9781567921656"", ""Release Date:"": ""January 2001"", ""Publisher:"": ""David R. Godine Publisher"", ""Length:"": ""448 Pages"", ""Weight:"": ""1.05 lbs."", ""Dimensions:"": ""1.1\"" x 5.5\"" x 7.6\"""", ""Age Range:"": ""10 to 13 years"", ""Grade Range:"": ""Grades 5 to 8""}",https://i.thriftbooks.com/api/imagehandler/m/B7125630157CD8792F59C32D959D36C298B6E0C6.jpeg
"Foghorn West Coast RV Camping: The Complete Guide to More Than 1,800 RV Parks and Campgrounds in California, Oregon, and Washington",Tom Stienstra,"{""Format:"": ""Paperback"", ""Language:"": ""English"", ""ISBN:"": ""1566916712"", ""ISBN13:"": ""9781566916714"", ""Release Date:"": ""April 2004"", ""Publisher:"": ""Avalon Travel Publishing"", ""Length:"": ""917 Pages"", ""Weight:"": ""2.30 lbs."", ""Dimensions:"": ""1.6\"" x 6.2\"" x 9.3\""""}",https://i.thriftbooks.com/api/imagehandler/m/37822F58D13A36C9DF1B91EBC20958440B6447AB.jpeg
Cooking the Dutch Oven Way,Woody Woodruff,"{""Format:"": ""Spiral-bound"", ""Language:"": ""English"", ""ISBN:"": ""0934802513"", ""ISBN13:"": ""9780934802512"", ""Release Date:"": ""January 1989"", ""Publisher:"": ""ICS Books"", ""Length:"": ""167 Pages"", ""Weight:"": ""0.55 lbs."", ""Dimensions:"": ""0.5\"" x 6.0\"" x 9.0\""""}",https://i.thriftbooks.com/api/imagehandler/m/23EA7ECD12CF861ED1063B19058CEE4AB41042B6.jpeg
Utah's National Parks: Hiking Camping and Vacationing in Utah's Canyon Country,Ron Adkison,"{""Format:"": ""Paperback"", ""Language:"": ""English"", ""ISBN:"": ""089997242X"", ""ISBN13:"": ""9780899972428"", ""Release Date:"": ""March 2001"", ""Publisher:"": ""Wilderness Press"", ""Length:"": ""422 Pages"", ""Weight:"": ""1.48 lbs."", ""Dimensions:"": ""0.8\"" x 6.1\"" x 9.1\""""}",https://i.thriftbooks.com/api/imagehandler/m/853A3382376FD2F4AE8B8DDBB53D92A32284E452.jpeg
Scout's Outdoor Cookbook,Christine Conners,"{""Format:"": ""Paperback"", ""Language:"": ""English"", ""ISBN:"": ""0762740671"", ""ISBN13:"": ""9780762740673"", ""Release Date:"": ""May 2008"", ""Publisher:"": ""Falcon Press Publishing"", ""Length:"": ""400 Pages"", ""Weight:"": ""1.45 lbs."", ""Dimensions:"": ""1.0\"" x 6.5\"" x 8.9\""""}",https://i.thriftbooks.com/api/imagehandler/m/D2604361F184667B09AF2B1BD4C9720E3387F48F.jpeg
"Lipsmackin' Backpackin': Lightweight, Trail-Tested Recipes for Backcountry Trips",Christine Conners,"{""Format:"": ""Paperback"", ""Language:"": ""English"", ""ISBN:"": ""0762781327"", ""ISBN13:"": ""9780762781324"", ""Release Date:"": ""June 2013"", ""Publisher:"": ""Falcon Press Publishing"", ""Length:"": ""287 Pages"", ""Weight:"": ""2.30 lbs."", ""Dimensions:"": ""0.7\"" x 6.2\"" x 8.8\""""}",https://i.thriftbooks.com/api/imagehandler/m/0482853638D12ADB270E552E738E9ED210637A5A.jpeg
Allen & Mike's Really Cool Backpackin' Book: Traveling & Camping Skills For A Wilderness Environment (Allen & Mike's Series),Allen O'Bannon,"{""Format:"": ""Paperback"", ""Language:"": ""English"", ""ISBN:"": ""1560449128"", ""Release Date:"": ""April 2001"", ""Publisher:"": ""Falcon Guides"", ""Length:"": ""168 Pages"", ""Weight:"": ""0.20 lbs."", ""Dimensions:"": ""9.1\"" x 0.6\"" x 6.0\""""}",https://m.media-amazon.com/images/I/51k9UDxmCnL._SL350_.jpg
Nols Cookery: 4th Edition,Mike Clelland,"{""Format:"": ""Paperback"", ""Language:"": ""English"", ""ISBN:"": ""0811728609"", ""ISBN13:"": ""9780811728607"", ""Release Date:"": ""July 1997"", ""Publisher:"": ""Stackpole Books"", ""Length:"": ""149 Pages"", ""Weight:"": ""0.45 lbs."", ""Dimensions:"": ""0.5\"" x 5.4\"" x 8.3\""""}",https://i.thriftbooks.com/api/imagehandler/m/27FB9922CF918F1DCA83813368485950796D53C3.jpeg
Camp Out!: The Ultimate Kids' Guide from the Backyard to the Backwoods,Lynn Brunelle,"{""Format:"": ""Paperback"", ""Language:"": ""English"", ""ISBN:"": ""0761141227"", ""ISBN13:"": ""9780761141228"", ""Release Date:"": ""July 2007"", ""Publisher:"": ""Workman Publishing"", ""Length:"": ""256 Pages"", ""Weight:"": ""0.70 lbs."", ""Dimensions:"": ""0.9\"" x 8.0\"" x 8.0\"""", ""Age Range:"": ""7 to 12 years"", ""Grade Range:"": ""Grades 2 to 7""}",https://i.thriftbooks.com/api/imagehandler/m/F546115567D32F53AE490BC606F93C92D69A7771.jpeg
THE BACKPACKER'S HANDBOOK,Chris Townsend,"{""Format:"": ""Paperback"", ""Language:"": ""English"", ""ISBN:"": ""0071423206"", ""Release Date:"": ""September 2004"", ""Publisher:"": ""International Marine/Ragged Mountain Press"", ""Length:"": ""448 Pages"", ""Weight:"": ""2.00 lbs."", ""Dimensions:"": ""9.1\"" x 0.7\"" x 7.3\""""}",https://m.media-amazon.com/images/I/51tO+N56BjL._SL350_.jpg
Beyond Backpacking: Ray Jardine's Guide to Lightweight Hiking,Ray Jardine,"{""Format:"": ""Paperback"", ""Language:"": ""English"", ""ISBN:"": ""0963235931"", ""ISBN13:"": ""9780963235930"", ""Release Date:"": ""January 1999"", ""Publisher:"": ""Adventurelore Press"", ""Length:"": ""510 Pages"", ""Weight:"": ""1.58 lbs."", ""Dimensions:"": ""1.0\"" x 6.1\"" x 9.0\""""}",https://i.thriftbooks.com/api/imagehandler/m/CA4C635C95619DAADA354EFE3D6F769E88EF2CEE.jpeg
Kid Camping from Aaaaiii! to Zip,Patrick F. McManus,"{""Format:"": ""Hardcover"", ""Language:"": ""English"", ""ISBN:"": ""0688419100"", ""ISBN13:"": ""9780688419103"", ""Release Date:"": ""January 1979"", ""Publisher:"": ""Lothrop, Lee and Shepard Books"", ""Length:"": ""125 Pages"", ""Weight:"": ""1.00 lbs."", ""Dimensions:"": ""0.6\"" x 6.8\"" x 9.6\"""", ""Age Range:"": ""4 to 8 years"", ""Grade Range:"": ""Grade 3""}",https://m.media-amazon.com/images/I/51GSJ--uFkL._SL350_.jpg
Guide to the Superior Hiking Trail,Superior Hiking Trail Association,"{""Format:"": ""Paperback"", ""Language:"": ""English"", ""ISBN:"": ""0963659863"", ""ISBN13:"": ""9780963659866"", ""Release Date:"": ""April 2010"", ""Publisher:"": ""Ridgeline Pr"", ""Weight:"": ""0.78 lbs.""}",https://m.media-amazon.com/images/I/51MTa3v+dfL._SL350_.jpg
The Complete Book of Knots,Geoffrey Budworth,"{""Format:"": ""Unknown Binding"", ""ISBN:"": ""0760716501"", ""ISBN13:"": ""9780760716502"", ""Release Date:"": ""January 1999"", ""Publisher:"": ""Barnes & Noble"", ""Length:"": ""160 Pages"", ""Weight:"": ""1.60 lbs.""}",https://image-plz.thriftbooks.com/m/80F85C67F6D34A5FAC27ED2A471F269A.png
Scouting for Boys: A Handbook for Instruction in Good Citizenship,Robert Baden-Powell,"{""Format:"": ""Paperback"", ""Language:"": ""English"", ""ISBN:"": ""0198900341"", ""ISBN13:"": ""9780198900344"", ""Release Date:"": ""August 2024"", ""Publisher:"": ""Oxford University Press, USA"", ""Length:"": ""448 Pages""}",https://i.thriftbooks.com/api/imagehandler/m/F5A037B48D3648B3C8FD8469C8A886FB8BA90D4B.jpeg
The Down and Dirty Guide to Camping with Kids: How to Plan Memorable Family Adventures & Connect Kids to Nature,Helen Olsson,"{""Format:"": ""Paperback"", ""Language:"": ""English"", ""ISBN:"": ""1590309553"", ""ISBN13:"": ""9781590309551"", ""Release Date:"": ""April 2012"", ""Publisher:"": ""Roost Books"", ""Length:"": ""253 Pages"", ""Weight:"": ""0.85 lbs."", ""Dimensions:"": ""0.6\"" x 6.4\"" x 7.9\""""}",https://i.thriftbooks.com/api/imagehandler/m/D14A6CB5C1BAE10F8D7E6BDDDE558DCAEB8BC5F9.jpeg
Moon California Hiking,Tom Stienstra,"{""Format:"": ""Paperback"", ""Language:"": ""English"", ""ISBN:"": ""1612381634"", ""ISBN13:"": ""9781612381633"", ""Release Date:"": ""March 2012"", ""Publisher:"": ""Avalon Travel Publishing"", ""Length:"": ""849 Pages"", ""Weight:"": ""1.70 lbs."", ""Dimensions:"": ""1.4\"" x 5.4\"" x 8.3\""""}",https://i.thriftbooks.com/api/imagehandler/m/BCAF04794EC4904973A88B5871DC744D9D027CF3.jpeg
The Book of Knots - How to Tie 200 Practical Knots by Geoffrey Budworth (2003-05-03),Geoffrey Budworth,"{"""": """"}",https://m.media-amazon.com/images/I/51aj+QJtlxL._SL350_.jpg
Will to Live: Dispatches from the Edge of Survival,Les Stroud,"{""Format:"": ""Paperback"", ""Language:"": ""English"", ""ISBN:"": ""0062026577"", ""ISBN13:"": ""9780062026576"", ""Release Date:"": ""February 2011"", ""Publisher:"": ""William Morrow & Company"", ""Length:"": ""240 Pages"", ""Weight:"": ""0.70 lbs."", ""Dimensions:"": ""0.7\"" x 5.6\"" x 8.4\""""}",https://i.thriftbooks.com/api/imagehandler/m/C19FE7C4650EEF9E5D344E601CF94DD6ACD7743F.jpeg
The Knot Handbook,Maria Costantino,"{""Format:"": ""Paperback"", ""Language:"": ""English"", ""ISBN:"": ""1402748043"", ""ISBN13:"": ""9781402748042"", ""Release Date:"": ""March 2007"", ""Publisher:"": ""Sterling Publishing (NY)"", ""Length:"": ""256 Pages"", ""Weight:"": ""1.50 lbs."", ""Dimensions:"": ""0.7\"" x 6.5\"" x 8.3\""""}",https://i.thriftbooks.com/api/imagehandler/m/BEE539421DEE7C0958DEAA7AD9067DB138D6ABEB.jpeg
The Secret Worlds of Colin Fletcher,Colin Fletcher,"{""Format:"": ""Hardcover"", ""Language:"": ""English"", ""ISBN:"": ""0394562836"", ""ISBN13:"": ""9780394562834"", ""Release Date:"": ""June 1989"", ""Publisher:"": ""Knopf Publishing Group"", ""Length:"": ""268 Pages"", ""Weight:"": ""1.30 lbs."", ""Dimensions:"": ""1.1\"" x 5.9\"" x 8.6\""""}",https://m.media-amazon.com/images/I/41zNLtXcASL._SL350_.jpg
The Best of Field & Stream: 100 Years of Great Writing,J.I. Merritt,"{""Format:"": ""Hardcover"", ""Language:"": ""English"", ""ISBN:"": ""1558212884"", ""ISBN13:"": ""9781558212886"", ""Release Date:"": ""January 1995"", ""Publisher:"": ""Lyons Press"", ""Length:"": ""320 Pages"", ""Weight:"": ""1.70 lbs."", ""Dimensions:"": ""1.2\"" x 7.3\"" x 9.6\""""}",https://i.thriftbooks.com/api/imagehandler/m/257EFDD9AE186084ABCC9491542EB1AB05B6214A.jpeg
"The Essential Wilderness Navigator: How to Find Your Way in the Great Outdoors, Second Edition",David Seidman,"{""Format:"": ""Paperback"", ""Language:"": ""English"", ""ISBN:"": ""0071361103"", ""Release Date:"": ""December 2000"", ""Publisher:"": ""International Marine/Ragged Mountain Press"", ""Length:"": ""176 Pages"", ""Weight:"": ""0.60 lbs."", ""Dimensions:"": ""9.3\"" x 0.3\"" x 7.5\""""}",https://m.media-amazon.com/images/I/5117EB4cdVL._SL350_.jpg
"Canoeing & Camping Beyond the Basics, 2nd",Cliff Jacobson,"{""Format:"": ""Paperback"", ""Language:"": ""English"", ""ISBN:"": ""0762706686"", ""ISBN13:"": ""9780762706686"", ""Release Date:"": ""January 2000"", ""Publisher:"": ""Globe Pequot Press"", ""Length:"": ""162 Pages"", ""Weight:"": ""1.10 lbs."", ""Dimensions:"": ""0.4\"" x 7.4\"" x 9.3\""""}",https://i.thriftbooks.com/api/imagehandler/m/9E98C663D87C61704C428C1E1A4AD09B4C78703A.jpeg
Camp Cookery,Horace Kephart,"{""Format:"": ""Paperback"", ""Language:"": ""English"", ""ISBN:"": ""1894572718"", ""ISBN13:"": ""9781894572712"", ""Release Date:"": ""January 2003"", ""Publisher:"": ""ALGROVE PUB. LTD."", ""Weight:"": ""0.32 lbs.""}",https://m.media-amazon.com/images/I/41mb9ZLH3TL._SL350_.jpg
Lipsmackin' Vegetarian Backpackin': Lightweight Trail-Tested Vegetarian Recipes for Backcountry Trips,Christine Conners,"{"""": """"}",https://i.thriftbooks.com/api/imagehandler/m/6D96668DCD7479EE369F892AD8DAF94C6A2D1237.jpeg
Packin' in,Bill Brown,"{""Format:"": ""Paperback"", ""Language:"": ""English"", ""ISBN:"": ""0878421270"", ""ISBN13:"": ""9780878421275"", ""Release Date:"": ""January 1980"", ""Publisher:"": ""Mountain Press"", ""Length:"": ""158 Pages"", ""Weight:"": ""1.10 lbs."", ""Dimensions:"": ""0.4\"" x 11.0\"" x 8.4\""""}",https://i.thriftbooks.com/api/imagehandler/m/D8F9FDBF76B261F0AE6086FAC5A8EBF70B2C4E0B.jpeg
The New Way of the Wilderness,Calvin Rutstrum,"{""Format:"": ""Hardcover"", ""ISBN:"": ""B000H7OH6E"", ""Release Date:"": ""January 1960"", ""Publisher:"": ""The MacMillan Company"", ""Weight:"": ""1.49 lbs.""}",https://image-plz.thriftbooks.com/m/C9DB5085E4C64E9C98905143EFADEBE5.png
"Knots You Need: Step-By-Step Instructions for More Than 100 of the Best Sailing, Fishing, Climbing, Camping, and Decorative Knots",Buck Tilton,"{""Format:"": ""Paperback"", ""Language:"": ""English"", ""ISBN:"": ""1599213958"", ""ISBN13:"": ""9781599213958"", ""Release Date:"": ""September 2008"", ""Publisher:"": ""Globe Pequot Press"", ""Length:"": ""208 Pages"", ""Weight:"": ""1.05 lbs."", ""Dimensions:"": ""0.6\"" x 8.4\"" x 7.9\""""}",https://i.thriftbooks.com/api/imagehandler/m/1A287177C432EDD26394F107A058E2AF8F6EFD51.jpeg
"Basic Wilderness Survival Skills, Revised and Updated",Bradford Angier,"{"""": """"}",https://i.thriftbooks.com/api/imagehandler/m/0FE759492DBABBADDC03FEA86114EFB1DB0F1F7F.jpeg
A Trailside Guide: Hiking & Backpacking,Karen Berger,"{""Format:"": ""Paperback"", ""Language:"": ""English"", ""ISBN:"": ""0393313344"", ""ISBN13:"": ""9780393313345"", ""Release Date:"": ""January 2003"", ""Publisher:"": ""W. W. Norton & Company"", ""Length:"": ""224 Pages"", ""Weight:"": ""0.85 lbs."", ""Dimensions:"": ""0.7\"" x 5.5\"" x 8.4\""""}",https://i.thriftbooks.com/api/imagehandler/m/278FDCFF62F1C94AA1C236738A3361A4944D34B0.jpeg
Participating in Nature: Thomas J. Elpel's Field Guide to Primitive Living Skills,Thomas J. Elpel,"{"""": """"}",https://i.thriftbooks.com/api/imagehandler/m/C0077AF8C9EB918F2E312207503E975AC44518BE.jpeg
The Backpacker's Handbook,Hugh McManners,"{""Format:"": ""Paperback"", ""Language:"": ""English"", ""ISBN:"": ""1564588521"", ""ISBN13:"": ""9781564588524"", ""Release Date:"": ""January 1995"", ""Publisher:"": ""DK Publishing (Dorling Kindersley)"", ""Length:"": ""160 Pages"", ""Weight:"": ""0.95 lbs."", ""Dimensions:"": ""0.5\"" x 5.3\"" x 8.8\""""}",https://i.thriftbooks.com/api/imagehandler/m/F17CF159BF345F89F1F2217047450B246AC78F1E.jpeg
"Primitive Wilderness Skills, Applied & Advanced",John McPherson,"{"""": """"}",https://m.media-amazon.com/images/I/51vV29PoztL._SL350_.jpg
"The Ultimate Desert Handbook: A Manual for Desert Hikers, Campers and Travelers",G. Mark Johnson,"{""Format:"": ""Paperback"", ""Language:"": ""English"", ""ISBN:"": ""007139303X"", ""ISBN13:"": ""9780071393034"", ""Release Date:"": ""April 2003"", ""Publisher:"": ""International Marine Publishing"", ""Length:"": ""304 Pages"", ""Weight:"": ""1.40 lbs."", ""Dimensions:"": ""0.5\"" x 7.3\"" x 9.1\""""}",https://i.thriftbooks.com/api/imagehandler/m/9345EE483BE7C216B8CD7D52F0E99D133270E9D6.jpeg
Moon Handbooks Glacier National Park,Becky Lomax,"{""Format:"": ""Paperback"", ""Language:"": ""English"", ""ISBN:"": ""1598807501"", ""ISBN13:"": ""9781598807509"", ""Release Date:"": ""April 2011"", ""Publisher:"": ""Avalon Travel Publishing"", ""Length:"": ""313 Pages"", ""Weight:"": ""0.70 lbs."", ""Dimensions:"": ""1.1\"" x 5.5\"" x 7.4\""""}",https://i.thriftbooks.com/api/imagehandler/m/4C2DD59D3B9D2364E6068CFC5DFFCE67CE2EB18D.jpeg
Lonely Planet Zion & Bryce Canyon National Parks,Lonely Planet,"{""Format:"": ""Paperback"", ""Language:"": ""English"", ""ISBN:"": ""1742202012"", ""ISBN13:"": ""9781742202013"", ""Release Date:"": ""April 2016"", ""Publisher:"": ""Lonely Planet"", ""Length:"": ""288 Pages"", ""Weight:"": ""0.70 lbs."", ""Dimensions:"": ""0.7\"" x 5.1\"" x 7.8\""""}",https://m.media-amazon.com/images/I/61nafHmMTRL._SL350_.jpg
Joshua Tree: The Complete Guide: Joshua Tree National Park,James Kaiser,"{""Format:"": ""Paperback"", ""Language:"": ""English"", ""ISBN:"": ""0982517238"", ""ISBN13:"": ""9780982517239"", ""Release Date:"": ""October 2010"", ""Publisher:"": ""Destination Press"", ""Length:"": ""212 Pages"", ""Weight:"": ""0.90 lbs."", ""Dimensions:"": ""0.6\"" x 5.4\"" x 8.3\""""}",https://i.thriftbooks.com/api/imagehandler/m/9FDB035D879C4B5116F7513B7F2AFF0478B2FF4B.jpeg
California State Parks: A Complete Recreation Guide,George Ostertag,"{""Format:"": ""Paperback"", ""Language:"": ""English"", ""ISBN:"": ""0898864194"", ""ISBN13:"": ""9780898864199"", ""Release Date:"": ""January 1995"", ""Publisher:"": ""Mountaineers Books"", ""Length:"": ""383 Pages"", ""Weight:"": ""1.35 lbs."", ""Dimensions:"": ""0.9\"" x 5.9\"" x 9.0\""""}",https://i.thriftbooks.com/api/imagehandler/m/CE7CEE967E3C42E1E854A3801EA725D20989CB41.jpeg
Washington State Parks: A Complete Recreation Guide,Ted Mueller,"{""Format:"": ""Paperback"", ""Language:"": ""English"", ""ISBN:"": ""0898863244"", ""ISBN13:"": ""9780898863246"", ""Release Date:"": ""January 1993"", ""Publisher:"": ""Mountaineers Books"", ""Length:"": ""287 Pages"", ""Weight:"": ""1.00 lbs."", ""Dimensions:"": ""1.0\"" x 5.9\"" x 9.0\""""}",https://i.thriftbooks.com/api/imagehandler/m/988E928118D96CB43EBE0CBB3911C50F967417E3.jpeg
Campfire Cuisine: Gourmet Recipes for the Great Outdoors,Robin Donovan,"{""Format:"": ""Paperback"", ""Language:"": ""English"", ""ISBN:"": ""1594746281"", ""ISBN13:"": ""9781594746284"", ""Release Date:"": ""April 2013"", ""Publisher:"": ""Quirk Books"", ""Length:"": ""192 Pages"", ""Weight:"": ""1.75 lbs."", ""Dimensions:"": ""0.6\"" x 5.6\"" x 7.4\""""}",https://i.thriftbooks.com/api/imagehandler/m/F9B9BE476E62BF75676DB0057E47F77A20F8E861.jpeg
National Parks of America,James R. Udall,"{"""": """"}",https://i.thriftbooks.com/api/imagehandler/m/3791D0A645CC7E299975E58D9FF18FBA438E07ED.jpeg
The Complete RV Handbook: A Guide to Getting the Most Out of Life on the Road,Jayne Freeman,"{""Format:"": ""Paperback"", ""Language:"": ""English"", ""ISBN:"": ""0071443398"", ""ISBN13:"": ""9780071443395"", ""Release Date:"": ""August 2005"", ""Publisher:"": ""International Marine Publishing"", ""Length:"": ""240 Pages"", ""Weight:"": ""1.10 lbs."", ""Dimensions:"": ""0.4\"" x 7.4\"" x 9.2\""""}",https://i.thriftbooks.com/api/imagehandler/m/E0E1387C3F56D4DB3396257E337B5DF366190DF1.jpeg
Traveler's Guide to Alaskan Camping: Explore Alaska and the Yukon with Your RV or Tent,Terri Church,"{""Format:"": ""Paperback"", ""Language:"": ""English"", ""ISBN:"": ""0965296873"", ""ISBN13:"": ""9780965296878"", ""Release Date:"": ""April 2002"", ""Publisher:"": ""Rolling Homes Press"", ""Length:"": ""416 Pages"", ""Weight:"": ""1.28 lbs."", ""Dimensions:"": ""0.9\"" x 6.4\"" x 8.7\""""}",https://i.thriftbooks.com/api/imagehandler/m/C14F5D776257B6BF5C1433AAD38D8C84890F2ED8.jpeg
Rocky Mountain National Park: The Complete Hiking Guide,Lisa Foster,"{""Format:"": ""Paperback"", ""Language:"": ""English"", ""ISBN:"": ""1565795504"", ""ISBN13:"": ""9781565795501"", ""Release Date:"": ""November 2005"", ""Publisher:"": ""Westcliffe Publishers"", ""Length:"": ""400 Pages"", ""Weight:"": ""1.24 lbs."", ""Dimensions:"": ""0.9\"" x 6.6\"" x 8.9\""""}",https://i.thriftbooks.com/api/imagehandler/m/B2485DAFB23B4D68733B5B7F9D63DD737E06DB95.jpeg
Moon Pacific Northwest Camping: The Complete Guide to Tent and RV Camping in Washington and Oregon,Tom Stienstra,"{""Format:"": ""Paperback"", ""Language:"": ""English"", ""ISBN:"": ""161238773X"", ""ISBN13:"": ""9781612387734"", ""Release Date:"": ""May 2014"", ""Publisher:"": ""Moon Travel"", ""Length:"": ""776 Pages"", ""Weight:"": ""1.55 lbs."", ""Dimensions:"": ""1.4\"" x 5.5\"" x 8.3\""""}",https://i.thriftbooks.com/api/imagehandler/m/F03DCE88AFD1C7D2EFA228AFE7EEF54D5311292D.jpeg
Camping with the Corps of Engineers,S.L. Hinkle,"{""Format:"": ""Paperback"", ""Language:"": ""English"", ""ISBN:"": ""0937877425"", ""ISBN13:"": ""9780937877425"", ""Release Date:"": ""January 2002"", ""Publisher:"": ""Cottage Publications (IN)"", ""Length:"": ""246 Pages"", ""Weight:"": ""0.40 lbs."", ""Dimensions:"": ""0.5\"" x 5.4\"" x 8.4\""""}",https://i.thriftbooks.com/api/imagehandler/m/971026407DE15476EECAA86F45BE6DC963257BCF.jpeg
Hey Ranger 2: More True Tales of Humor & Misadventure from the Great Outdoors,Jim Burnett,"{""Format:"": ""Paperback"", ""Language:"": ""English"", ""ISBN:"": ""1589793293"", ""ISBN13:"": ""9781589793293"", ""Release Date:"": ""April 2007"", ""Publisher:"": ""Taylor Trade Publishing"", ""Length:"": ""270 Pages"", ""Weight:"": ""0.92 lbs."", ""Dimensions:"": ""0.8\"" x 7.1\"" x 8.9\""""}",https://i.thriftbooks.com/api/imagehandler/m/400D0E2AF9272C2971A10529A36D19CA0A5090DE.jpeg
Explore! Glacier National Park and Montana's Flathead Valley,Bert Gildart,"{""Format:"": ""Paperback"", ""Language:"": ""English"", ""ISBN:"": ""0762736445"", ""ISBN13:"": ""9780762736447"", ""Release Date:"": ""March 2007"", ""Publisher:"": ""Falcon Press Publishing"", ""Length:"": ""161 Pages"", ""Weight:"": ""1.10 lbs."", ""Dimensions:"": ""0.4\"" x 6.5\"" x 9.0\""""}",https://i.thriftbooks.com/api/imagehandler/m/1C85FEFBF08D9DA1DDA6265270AB845F573C68FA.jpeg
Camping with the Corps of Engineers: The Complete Guide to Campgrounds Built and Operated by the U.S. Army Corps of Engineers,Micah Wright,"{""Format:"": ""Paperback"", ""Language:"": ""English"", ""ISBN:"": ""0937877514"", ""ISBN13:"": ""9780937877517"", ""Release Date:"": ""April 2011"", ""Publisher:"": ""Cottage Publications (UK)"", ""Length:"": ""368 Pages"", ""Weight:"": ""0.90 lbs."", ""Dimensions:"": ""1.1\"" x 5.5\"" x 8.5\""""}",https://i.thriftbooks.com/api/imagehandler/m/B88DCD8EF83EEB9926D235237CBCE733BB82052C.jpeg
Camping Arizona,Bruce Grubbs,"{""Format:"": ""Paperback"", ""Language:"": ""English"", ""ISBN:"": ""1560447125"", ""ISBN13:"": ""9781560447122"", ""Release Date:"": ""January 1999"", ""Publisher:"": ""Falcon Press Publishing"", ""Length:"": ""145 Pages"", ""Weight:"": ""0.55 lbs."", ""Dimensions:"": ""0.4\"" x 6.0\"" x 8.9\""""}",https://i.thriftbooks.com/api/imagehandler/m/2988F2E5313EBABA22BE2F0E55028A3E3A65DAC9.jpeg
Colorado Campgrounds: The 100 Best and All the Rest,Gil Folsom,"{""Format:"": ""Paperback"", ""Language:"": ""English"", ""ISBN:"": ""156579334X"", ""ISBN13:"": ""9781565793347"", ""Release Date:"": ""January 2000"", ""Publisher:"": ""Westcliffe Publishers"", ""Length:"": ""294 Pages"", ""Weight:"": ""1.25 lbs."", ""Dimensions:"": ""0.7\"" x 5.8\"" x 8.2\""""}",https://i.thriftbooks.com/api/imagehandler/m/DA044A0EFFAFC612F808F3DE54C048FDC7FCB1A4.jpeg
"Pacific Northwest Camping Destinations: RV and Car Camping Destinations in Oregon, Washington, and British Columbia",Terri Church,"{""Format:"": ""Paperback"", ""Language:"": ""English"", ""ISBN:"": ""0982310129"", ""ISBN13:"": ""9780982310120"", ""Release Date:"": ""March 2012"", ""Publisher:"": ""Rolling Homes Press"", ""Length:"": ""608 Pages"", ""Weight:"": ""2.15 lbs."", ""Dimensions:"": ""1.5\"" x 6.0\"" x 9.0\""""}",https://i.thriftbooks.com/api/imagehandler/m/620888A07A3F2B3AF5C5835192B50A2F3BCDF06A.jpeg
"Moon Outdoors Montana, Wyoming & Idaho Camping: Including Yellowstone, Grand Teton, and Glacier National Parks",Becky Lomax,"{""Format:"": ""Paperback"", ""Language:"": ""English"", ""ISBN:"": ""1598803735"", ""ISBN13:"": ""9781598803730"", ""Release Date:"": ""June 2010"", ""Publisher:"": ""Avalon Travel Publishing"", ""Length:"": ""493 Pages"", ""Weight:"": ""1.25 lbs."", ""Dimensions:"": ""1.2\"" x 5.3\"" x 8.3\""""}",https://i.thriftbooks.com/api/imagehandler/m/D4D3DEE72D11B12EA963C3E51B28AA2A3A88CEB6.jpeg
Canoe Country Camping: Wilderness Skills for the Boundary Waters and Quetico,Michael Furtman,"{""Format:"": ""Paperback"", ""Language:"": ""English"", ""ISBN:"": ""0938586661"", ""ISBN13:"": ""9780938586661"", ""Release Date:"": ""January 1992"", ""Publisher:"": ""University of Minnesota Press"", ""Length:"": ""199 Pages"", ""Weight:"": ""1.10 lbs."", ""Dimensions:"": ""0.5\"" x 8.1\"" x 9.0\""""}",https://m.media-amazon.com/images/I/514DFTSQY2L._SL350_.jpg
The Berenstain Bears Go to Camp,Stan Berenstain,"{""Format:"": ""Paperback"", ""Language:"": ""English"", ""ISBN:"": ""0394851315"", ""ISBN13:"": ""9780394851310"", ""Release Date:"": ""March 1982"", ""Publisher:"": ""Random House Books for Young Readers"", ""Length:"": ""32 Pages"", ""Weight:"": ""0.25 lbs."", ""Dimensions:"": ""0.2\"" x 7.8\"" x 7.8\"""", ""Age Range:"": ""3 to 7 years"", ""Grade Range:"": ""Preschool to Grade 2""}",https://i.thriftbooks.com/api/imagehandler/m/B79FF67F1D23BB9FD117B118D541804B2C090151.jpeg
The Bear in the Attic,Patrick F. McManus,"{""Format:"": ""Hardcover"", ""Language:"": ""English"", ""ISBN:"": ""0805070788"", ""ISBN13:"": ""9780805070781"", ""Release Date:"": ""June 2002"", ""Publisher:"": ""Henry Holt & Company"", ""Length:"": ""240 Pages"", ""Weight:"": ""1.05 lbs."", ""Dimensions:"": ""0.9\"" x 5.7\"" x 8.6\""""}",https://i.thriftbooks.com/api/imagehandler/m/CDCB2BDD89F954EE211710E1963CE0624596019D.jpeg
"Shelters, Shacks & Shanties: And How to Build Them",Daniel Carter Beard,"{""Format:"": ""Paperback"", ""Language:"": ""English"", ""ISBN:"": ""1558219528"", ""ISBN13:"": ""9781558219526"", ""Release Date:"": ""January 1999"", ""Publisher:"": ""Lyons Press"", ""Length:"": ""264 Pages"", ""Weight:"": ""0.50 lbs."", ""Dimensions:"": ""0.7\"" x 4.6\"" x 7.3\""""}",https://i.thriftbooks.com/api/imagehandler/m/9A0BEC9E4688C53FFD313D5BF580F4DE67042132.jpeg
The Camp-Out Mystery,Gertrude Chandler Warner,"{""Format:"": ""Paperback"", ""Language:"": ""English"", ""ISBN:"": ""0807510521"", ""ISBN13:"": ""9780807510520"", ""Release Date:"": ""January 1992"", ""Publisher:"": ""Random House Books for Young Readers"", ""Length:"": ""128 Pages"", ""Weight:"": ""0.26 lbs."", ""Dimensions:"": ""0.3\"" x 5.3\"" x 7.8\"""", ""Age Range:"": ""7 to 10 years"", ""Grade Range:"": ""Grades 2 to 5""}",https://i.thriftbooks.com/api/imagehandler/m/6A607FC9CA20023D0EE36533AF246ED98F2D9510.jpeg
Froggy Goes to Camp,Jonathan London,"{""Format:"": ""Paperback"", ""Language:"": ""English"", ""ISBN:"": ""0142416045"", ""ISBN13:"": ""9780142416044"", ""Release Date:"": ""April 2010"", ""Publisher:"": ""Puffin Books"", ""Length:"": ""32 Pages"", ""Weight:"": ""0.22 lbs."", ""Dimensions:"": ""0.1\"" x 8.9\"" x 7.1\"""", ""Age Range:"": ""3 to 5 years""}",https://i.thriftbooks.com/api/imagehandler/m/3E7FD9582F38B1C5F4353DC692BB70D9EB78D020.jpeg
S Is for s'Mores: A Camping Alphabet,Helen Foster James,"{""Format:"": ""Hardcover"", ""Language:"": ""English"", ""ISBN:"": ""1585363022"", ""ISBN13:"": ""9781585363025"", ""Release Date:"": ""May 2007"", ""Publisher:"": ""Sleeping Bear Press"", ""Length:"": ""40 Pages"", ""Weight:"": ""1.15 lbs."", ""Dimensions:"": ""0.4\"" x 11.3\"" x 10.1\"""", ""Age Range:"": ""6 to 9 years"", ""Grade Range:"": ""Grades 1 to 4""}",https://i.thriftbooks.com/api/imagehandler/m/973405254A10D1BE559A65DCD9F87B3B848D006C.jpeg
Three Days on a River in a Red Canoe,Vera B. Williams,"{""Format:"": ""Library Binding"", ""Language:"": ""English"", ""ISBN:"": ""0688843077"", ""ISBN13:"": ""9780688843076"", ""Release Date:"": ""April 1981"", ""Publisher:"": ""Greenwillow Books"", ""Length:"": ""32 Pages"", ""Weight:"": ""0.90 lbs."", ""Dimensions:"": ""0.4\"" x 10.1\"" x 8.4\"""", ""Age Range:"": ""2 to 5 years""}",https://i.thriftbooks.com/api/imagehandler/m/4E02577625A419D940C0B5DC2B76ABB91094687A.jpeg
"The Handy Box of Knots: Useful Knots for Every Situation, Indoors and Out",Randy Penn,"{""Format:"": ""Paperback"", ""Language:"": ""English"", ""ISBN:"": ""1435106253"", ""ISBN13:"": ""9781435106253"", ""Release Date:"": ""August 2008"", ""Publisher:"": ""Fall River Press"", ""Length:"": ""288 Pages"", ""Weight:"": ""0.67 lbs."", ""Dimensions:"": ""2.1\"" x 5.5\"" x 7.6\""""}",https://i.thriftbooks.com/api/imagehandler/m/5A643802E573079B5D6EA8C5FF693308A9ACDBA4.jpeg
Kids' Outdoor Adventure Book: 448 Great Things to Do in Nature Before You Grow Up,Stacy Tornio,"{""Format:"": ""Paperback"", ""Language:"": ""English"", ""ISBN:"": ""0762783524"", ""ISBN13:"": ""9780762783526"", ""Release Date:"": ""April 2013"", ""Publisher:"": ""Falcon Press Publishing"", ""Length:"": ""224 Pages"", ""Weight:"": ""1.24 lbs."", ""Dimensions:"": ""0.6\"" x 7.5\"" x 9.3\"""", ""Age Range:"": ""2 to 9 years"", ""Grade Range:"": ""Preschool to Grade 4""}",https://i.thriftbooks.com/api/imagehandler/m/4BDCBA2E76D735F902F156763223411510FA37E9.jpeg
One-Dog Canoe,Mary Casanova,"{""Format:"": ""Hardcover"", ""Language:"": ""English"", ""ISBN:"": ""0374356386"", ""ISBN13:"": ""9780374356385"", ""Release Date:"": ""March 2003"", ""Publisher:"": ""Farrar, Straus and Giroux (Byr)"", ""Length:"": ""32 Pages"", ""Weight:"": ""0.80 lbs."", ""Dimensions:"": ""0.4\"" x 7.8\"" x 10.3\"""", ""Age Range:"": ""3 to 6 years"", ""Grade Range:"": ""Preschool to Grade 1""}",https://i.thriftbooks.com/api/imagehandler/m/A101F16DCE304D8D7A3441B68D3C81E8D8B4DB75.jpeg
How to Read Nature: Awaken Your Senses to the Outdoors You've Never Noticed,Tristan Gooley,"{""Format:"": ""Hardcover"", ""Language:"": ""English"", ""ISBN:"": ""1615194290"", ""ISBN13:"": ""9781615194292"", ""Release Date:"": ""October 2017"", ""Publisher:"": ""Experiment"", ""Length:"": ""176 Pages"", ""Weight:"": ""0.55 lbs."", ""Dimensions:"": ""0.6\"" x 5.3\"" x 7.5\"""", ""Age Range:"": ""18 years and up"", ""Grade Range:"": ""Postsecondary and higher""}",https://i.thriftbooks.com/api/imagehandler/m/62D2F4DE3DA8F6AAC05DF942B23F032F3DECD2A3.jpeg
The Bears' Vacation,Jan Berenstain,"{""Format:"": ""Hardcover"", ""Language:"": ""English"", ""ISBN:"": ""0394800524"", ""ISBN13:"": ""9780394800523"", ""Release Date:"": ""August 1968"", ""Publisher:"": ""Random House Books for Young Readers"", ""Length:"": ""72 Pages"", ""Weight:"": ""0.45 lbs."", ""Dimensions:"": ""0.4\"" x 6.7\"" x 9.3\"""", ""Age Range:"": ""3 to 7 years"", ""Grade Range:"": ""Preschool to Grade 2""}",https://i.thriftbooks.com/api/imagehandler/m/829E166839C5E0FDE56EDF046726D7C9D8B17947.jpeg
The Berenstain Bears Blaze a Trail,Jan Berenstain,"{""Format:"": ""Paperback"", ""Language:"": ""English"", ""ISBN:"": ""0394891325"", ""ISBN13:"": ""9780394891323"", ""Release Date:"": ""October 1987"", ""Publisher:"": ""Random House Books for Young Readers"", ""Length:"": ""32 Pages"", ""Weight:"": ""0.25 lbs."", ""Dimensions:"": ""0.3\"" x 7.8\"" x 7.8\"""", ""Age Range:"": ""3 to 7 years"", ""Grade Range:"": ""Preschool to Grade 2""}",https://i.thriftbooks.com/api/imagehandler/m/4F3518F5E790389DF1C16464731A111CD0B11904.jpeg
Cub Scout Wolf Handbook,Boy Scouts of America,"{""Format:"": ""Paperback"", ""ISBN:"": ""B00WT5AO9Q"", ""ISBN13:"": ""9780839500407"", ""Release Date:"": ""May 2015"", ""Publisher:"": ""Boy Scouts of America"", ""Length:"": ""318 Pages"", ""Weight:"": ""0.82 lbs.""}",https://m.media-amazon.com/images/I/51FvrzbypiL._SL350_.jpg
Toasting Marshmallows: Camping Poems,Kristine O'Connell George,"{""Format:"": ""Hardcover"", ""Language:"": ""English"", ""ISBN:"": ""061804597X"", ""ISBN13:"": ""9780618045976"", ""Release Date:"": ""April 2001"", ""Publisher:"": ""Clarion Books"", ""Length:"": ""48 Pages"", ""Weight:"": ""1.05 lbs."", ""Dimensions:"": ""0.4\"" x 8.5\"" x 10.3\"""", ""Age Range:"": ""4 to 7 years"", ""Grade Range:"": ""Preschool to Grade 2""}",https://i.thriftbooks.com/api/imagehandler/m/838E08FC72ECA3326D6033C5AC52E4CFF694A462.jpeg
Pocket Guide to the Outdoors: Based on My Side of the Mountain,Twig C. George,"{"""": """"}",https://i.thriftbooks.com/api/imagehandler/m/7808E943506FE54D7C4BD762EFD6195E9A56C91B.jpeg
I Took a Walk,Henry Cole,"{""Format:"": ""Hardcover"", ""Language:"": ""English"", ""ISBN:"": ""0688151159"", ""ISBN13:"": ""9780688151157"", ""Release Date:"": ""March 1998"", ""Publisher:"": ""Greenwillow Books"", ""Length:"": ""28 Pages"", ""Weight:"": ""0.68 lbs."", ""Dimensions:"": ""0.3\"" x 9.1\"" x 9.4\"""", ""Age Range:"": ""4 to 8 years"", ""Grade Range:"": ""Preschool to Grade 3""}",https://i.thriftbooks.com/api/imagehandler/m/24521DAD9246E6F146B3E1121F34C208AA5A1160.jpeg
Camping America's Guide to Free and Low-Cost Campgrounds: Includes Campgrounds $12 and Under in the United States,Don Wright,"{"""": """"}",https://i.thriftbooks.com/api/imagehandler/m/9DD5707E43A006F2303021C84B013DF05BE2C8D6.jpeg
A Woman's Guide to the Wild: Your Complete Outdoor Handbook,Ruby McConnell,"{""Format:"": ""Paperback"", ""Language:"": ""English"", ""ISBN:"": ""1632170051"", ""ISBN13:"": ""9781632170057"", ""Release Date:"": ""March 2016"", ""Publisher:"": ""Sasquatch Books"", ""Length:"": ""304 Pages"", ""Weight:"": ""0.70 lbs."", ""Dimensions:"": ""0.8\"" x 5.4\"" x 7.3\""""}",https://i.thriftbooks.com/api/imagehandler/m/EBDFA429661A373AF894E781F14288528BDA8FBD.jpeg
Trout Madness,John D.Voelker,"{""Format:"": ""Paperback"", ""Language:"": ""English"", ""ISBN:"": ""0671661957"", ""ISBN13:"": ""9780671661953"", ""Release Date:"": ""March 1989"", ""Publisher:"": ""Simon & Schuster"", ""Length:"": ""192 Pages"", ""Weight:"": ""0.80 lbs."", ""Dimensions:"": ""0.6\"" x 5.5\"" x 8.4\""""}",https://i.thriftbooks.com/api/imagehandler/m/4B4F5CDCAE13CBB293CD1E74B5998E2B40CDD5EA.jpeg
Another Lousy Day in Paradise,John Gierach,"{""Format:"": ""Hardcover"", ""Language:"": ""English"", ""ISBN:"": ""0684824248"", ""ISBN13:"": ""9780684824246"", ""Release Date:"": ""May 1996"", ""Publisher:"": ""Simon & Schuster"", ""Length:"": ""233 Pages"", ""Weight:"": ""0.85 lbs."", ""Dimensions:"": ""1.0\"" x 5.8\"" x 8.8\""""}",https://i.thriftbooks.com/api/imagehandler/m/2369B4F795556A39F0516CF6F6E2252D325D9F32.jpeg
Where Should We Camp Next?: A 50-State Guide to Amazing Campgrounds and Other Unique Outdoor Accommodations,Jeremy Puglisi,"{""Format:"": ""Paperback"", ""Language:"": ""English"", ""ISBN:"": ""1728221692"", ""ISBN13:"": ""9781728221694"", ""Release Date:"": ""March 2021"", ""Publisher:"": ""Sourcebooks"", ""Length:"": ""384 Pages"", ""Weight:"": ""1.10 lbs."", ""Dimensions:"": ""1.0\"" x 6.0\"" x 7.9\""""}",https://i.thriftbooks.com/api/imagehandler/m/FCCC0E71F885FF3E2089C49DF5E86F79821D88F7.jpeg
Camping for Dummies,Michael Hodgson,"{""Format:"": ""Paperback"", ""Language:"": ""English"", ""ISBN:"": ""076455221X"", ""ISBN13:"": ""9780764552212"", ""Release Date:"": ""May 2000"", ""Publisher:"": ""For Dummies"", ""Length:"": ""384 Pages"", ""Weight:"": ""1.65 lbs."", ""Dimensions:"": ""0.9\"" x 7.5\"" x 9.3\""""}",https://i.thriftbooks.com/api/imagehandler/m/0B69DA24D15983BE28E6DB3A433E078C3ED088CE.jpeg
"Wilderness First Responder: How to Recognize, Treat, and Prevent Emergencies in the Backcountry",Buck Tilton,"{""Format:"": ""Paperback"", ""Language:"": ""English"", ""ISBN:"": ""0762728019"", ""ISBN13:"": ""9780762728015"", ""Release Date:"": ""January 2004"", ""Publisher:"": ""Falcon Press Publishing"", ""Length:"": ""304 Pages"", ""Weight:"": ""1.72 lbs."", ""Dimensions:"": ""0.7\"" x 6.6\"" x 10.9\""""}",https://i.thriftbooks.com/api/imagehandler/m/4F483011993FF25A89FFFC395171335C3E1C6A56.jpeg
"Feast by Firelight: Simple Recipes for Camping, Cabins, and the Great Outdoors [A Cookbook]",Emma Frisch,"{"""": """"}",https://i.thriftbooks.com/api/imagehandler/m/F0C1EBC6A28DA917A9FCBFF8515F1F463198D358.jpeg
"Hook, Line, and Seeker: A Beginner's Guide to Fishing, Boating, and Watching Water Wildlife",Jim Arnosky,"{""Format:"": ""Paperback"", ""Language:"": ""English"", ""ISBN:"": ""0439455847"", ""ISBN13:"": ""9780439455848"", ""Release Date:"": ""May 2005"", ""Publisher:"": ""Scholastic"", ""Length:"": ""192 Pages"", ""Weight:"": ""1.75 lbs."", ""Dimensions:"": ""0.5\"" x 6.5\"" x 8.6\"""", ""Age Range:"": ""9 to 12 years"", ""Grade Range:"": ""Grades 4 to 7""}",https://i.thriftbooks.com/api/imagehandler/m/75E3B1C0E0FA821EC1493FC5A079CB2505369617.jpeg
The Complete Book of Boondock RVing: Camping Off the Beaten Path,Bill Moeller,"{""Format:"": ""Paperback"", ""Language:"": ""English"", ""ISBN:"": ""0071490655"", ""ISBN13:"": ""9780071490658"", ""Release Date:"": ""November 2007"", ""Publisher:"": ""International Marine Publishing"", ""Length:"": ""176 Pages"", ""Weight:"": ""0.70 lbs."", ""Dimensions:"": ""0.3\"" x 7.4\"" x 9.2\""""}",https://i.thriftbooks.com/api/imagehandler/m/BA9A06702412D6B49E5D41D87944CA40792DA3AA.jpeg
Should the Tent Be Burning Like That?: A Professional Amateur's Guide to the Outdoors,Bill Heavey,"{""Format:"": ""Hardcover"", ""Language:"": ""English"", ""ISBN:"": ""080212710X"", ""ISBN13:"": ""9780802127105"", ""Release Date:"": ""December 2017"", ""Publisher:"": ""Atlantic Monthly Press"", ""Length:"": ""240 Pages"", ""Weight:"": ""1.15 lbs."", ""Dimensions:"": ""1.3\"" x 6.4\"" x 9.1\""""}",https://i.thriftbooks.com/api/imagehandler/m/5FD4342DBA79878A2B1C582513350B12391C83C1.jpeg
Lonely Planet Trekking in the Patagonian Andes,Clem Lindenmayer,"{""Format:"": ""Paperback"", ""Language:"": ""English"", ""ISBN:"": ""186450059X"", ""ISBN13:"": ""9781864500592"", ""Release Date:"": ""January 2003"", ""Publisher:"": ""Lonely Planet"", ""Length:"": ""296 Pages"", ""Weight:"": ""0.65 lbs."", ""Dimensions:"": ""0.6\"" x 5.1\"" x 7.3\""""}",https://i.thriftbooks.com/api/imagehandler/m/094B5D3285920EA2F28AF7E528E80E709E7253D3.jpeg
Boundary Waters Canoe Camping,Cliff Jacobson,"{""Format:"": ""Paperback"", ""Language:"": ""English"", ""ISBN:"": ""0762706678"", ""ISBN13:"": ""9780762706679"", ""Release Date:"": ""January 2000"", ""Publisher:"": ""Globe Pequot Press"", ""Length:"": ""192 Pages"", ""Weight:"": ""1.00 lbs."", ""Dimensions:"": ""0.5\"" x 5.5\"" x 8.5\""""}",https://i.thriftbooks.com/api/imagehandler/m/A687716E47F42907EF05B35FF500D0D2D7A47DD2.jpeg
"The Ultimate Book of Everyday Knots: (Over 15,000 Copies Sold)",Geoffrey Budworth,"{"""": """"}",https://i.thriftbooks.com/api/imagehandler/m/A9A5BA85CE42685B1B50507BEE8B90C880C7A650.jpeg
Traveler's Guide to Camping Mexico's Baja: Explore Baja and Puerto Penasco with Your RV or Tent,Mike Church,"{""Format:"": ""Paperback"", ""Language:"": ""English"", ""ISBN:"": ""0965296857"", ""ISBN13:"": ""9780965296854"", ""Release Date:"": ""January 2001"", ""Publisher:"": ""Rolling Homes Press"", ""Length:"": ""224 Pages"", ""Weight:"": ""0.85 lbs."", ""Dimensions:"": ""0.6\"" x 5.9\"" x 9.0\""""}",https://i.thriftbooks.com/api/imagehandler/m/934A1F2E83A1EC51E8439AB730C39D4B58D35F2A.jpeg
Isle Royale National Park: Foot Trails & Water Routes,Jim Dufresne,"{""Format:"": ""Paperback"", ""Language:"": ""English"", ""ISBN:"": ""0898867924"", ""ISBN13:"": ""9780898867923"", ""Release Date:"": ""September 2002"", ""Publisher:"": ""Mountaineers Books"", ""Length:"": ""174 Pages"", ""Weight:"": ""0.55 lbs."", ""Dimensions:"": ""0.5\"" x 5.4\"" x 8.3\""""}",https://i.thriftbooks.com/api/imagehandler/m/CA1975E04CA726610AB07BABB1C77CB0909EAFC1.jpeg
Knots: The Complete Visual Guide: A Practical Step-By-Step Guide to Tying and Using Over 100 Knots,Des Pawson,"{""Format:"": ""Paperback"", ""Language:"": ""English"", ""ISBN:"": ""0756690544"", ""ISBN13:"": ""9780756690540"", ""Release Date:"": ""March 2012"", ""Publisher:"": ""DK Publishing (Dorling Kindersley)"", ""Length:"": ""400 Pages"", ""Weight:"": ""1.65 lbs."", ""Dimensions:"": ""1.1\"" x 5.3\"" x 8.5\""""}",https://i.thriftbooks.com/api/imagehandler/m/7A276C619EFDDBEC30E408C439279E3913ECC93F.jpeg
Medicine for the Outdoors: A Guide to Emergency Medical Procedures and First Aid,Paul S. Auerbach,"{""Format:"": ""Paperback"", ""Language:"": ""English"", ""ISBN:"": ""0316059315"", ""ISBN13:"": ""9780316059312"", ""Release Date:"": ""January 1991"", ""Publisher:"": ""Little Brown and Company"", ""Length:"": ""360 Pages"", ""Weight:"": ""1.22 lbs."", ""Dimensions:"": ""1.2\"" x 5.5\"" x 8.2\""""}",https://m.media-amazon.com/images/I/41Y-YMOBdtL._SL350_.jpg
The Campout Cookbook: Inspired Recipes for Cooking Around the Fire and Under the Stars,Marnie Hanel,"{""Format:"": ""Hardcover"", ""Language:"": ""English"", ""ISBN:"": ""1579657990"", ""ISBN13:"": ""9781579657994"", ""Release Date:"": ""May 2018"", ""Publisher:"": ""Artisan Publishers"", ""Length:"": ""224 Pages"", ""Weight:"": ""1.55 lbs."", ""Dimensions:"": ""0.8\"" x 6.3\"" x 9.6\""""}",https://i.thriftbooks.com/api/imagehandler/m/74885D77AEB14CCBC31D4E657587B569937A0E65.jpeg
Hiking Shenandoah National Park,Bert Gildart,"{""Format:"": ""Paperback"", ""Language:"": ""English"", ""ISBN:"": ""0762734140"", ""ISBN13:"": ""9780762734146"", ""Release Date:"": ""January 2006"", ""Publisher:"": ""Falcon Press Publishing"", ""Length:"": ""189 Pages"", ""Weight:"": ""3.05 lbs."", ""Dimensions:"": ""0.6\"" x 7.0\"" x 9.0\""""}",https://i.thriftbooks.com/api/imagehandler/m/6F856A779258D70C7DC4C02AB70DD76405B1E3CE.jpeg
You're Not Lost If You Can Still See the Truck: The Further Adventures of America's Everyman Outdoorsman,Bill Heavey,"{""Format:"": ""Hardcover"", ""Language:"": ""English"", ""ISBN:"": ""0802123023"", ""ISBN13:"": ""9780802123022"", ""Release Date:"": ""December 2014"", ""Publisher:"": ""Atlantic Monthly Press"", ""Length:"": ""304 Pages"", ""Weight:"": ""1.20 lbs."", ""Dimensions:"": ""1.2\"" x 6.0\"" x 9.0\""""}",https://i.thriftbooks.com/api/imagehandler/m/D98AFFD46F6CF15629BE04355F8A85C605C08294.jpeg
"Backpacking California: Mountain, Foothill, Coastal and Desert Adventures in the Golden State",Wilderness Adventures Press,"{""Format:"": ""Paperback"", ""Language:"": ""English"", ""ISBN:"": ""0899974465"", ""ISBN13:"": ""9780899974460"", ""Release Date:"": ""July 2008"", ""Publisher:"": ""Wilderness Press"", ""Length:"": ""490 Pages"", ""Weight:"": ""1.80 lbs."", ""Dimensions:"": ""1.2\"" x 6.0\"" x 8.8\""""}",https://i.thriftbooks.com/api/imagehandler/m/FAB5DCF8845A8BA20F0B4F2AF4A48E9241B03EDD.jpeg
"The National Outdoor Leadership School's Wilderness Guide: The Classic Handbook, Revised and Updated",Mark W.T. Harvey,"{""Format:"": ""Paperback"", ""Language:"": ""English"", ""ISBN:"": ""0684859092"", ""ISBN13:"": ""9780684859095"", ""Release Date:"": ""June 1999"", ""Publisher:"": ""Touchstone Books"", ""Length:"": ""272 Pages"", ""Weight:"": ""1.00 lbs."", ""Dimensions:"": ""0.9\"" x 6.1\"" x 9.1\""""}",https://i.thriftbooks.com/api/imagehandler/m/A03CA62905052C2059844C52B428E899DE4CC585.jpeg
