Book Name,Authors,Info,Image URL
Parade's End,Ford Madox Ford,"{""Format:"": ""Paperback"", ""Language:"": ""English"", ""ISBN:"": ""0394741080"", ""ISBN13:"": ""9780394741086"", ""Release Date:"": ""August 1979"", ""Publisher:"": ""Vintage Books USA"", ""Length:"": ""836 Pages"", ""Weight:"": ""1.75 lbs."", ""Dimensions:"": ""1.7\"" x 5.2\"" x 8.0\""""}",https://m.media-amazon.com/images/I/41+-uDx9g0L._SL350_.jpg
The Memoirs of Sherlock Holmes (The World's Best Reading),Arthur Conan Doyle,"{""Format:"": ""Hardcover"", ""Language:"": ""English"", ""ISBN:"": ""0895773201"", ""ISBN13:"": ""9780895773203"", ""Release Date:"": ""January 1988"", ""Publisher:"": ""Reader's Digest Association"", ""Length:"": ""256 Pages"", ""Weight:"": ""1.56 lbs.""}",https://i.thriftbooks.com/api/imagehandler/m/A91B2AFAAE3C8013042F43841137A4915AF86B0D.jpeg
A Tale of Two Cities (Penguin Classics),Charles Dickens,"{""Format:"": ""Paperback"", ""Language:"": ""English"", ""ISBN:"": ""0141439602"", ""Release Date:"": ""May 2003"", ""Publisher:"": ""Penguin Classics"", ""Length:"": ""544 Pages"", ""Weight:"": ""0.88 lbs."", ""Dimensions:"": ""7.8\"" x 0.9\"" x 5.1\""""}",https://m.media-amazon.com/images/I/51u0-HaQzVL._SL350_.jpg
THE LEGEND OF SLEEPY HALLOW,Washington Irving,"{""Format:"": ""Paperback"", ""ISBN:"": ""1338346407"", ""Release Date:"": ""January 2001"", ""Publisher:"": ""Scholastic"", ""Weight:"": ""0.15 lbs.""}",https://m.media-amazon.com/images/I/414HuAyWx4S._SL350_.jpg
The Jungle Book,Rudyard Kipling,"{""Format:"": ""Hardcover"", ""Language:"": ""English"", ""ISBN:"": ""0062370871"", ""ISBN13:"": ""9780062370877"", ""Release Date:"": ""March 2016"", ""Publisher:"": ""HarperCollins"", ""Length:"": ""32 Pages"", ""Weight:"": ""0.85 lbs."", ""Dimensions:"": ""0.3\"" x 10.4\"" x 10.3\"""", ""Age Range:"": ""4 to 8 years"", ""Grade Range:"": ""Preschool to Grade 3""}",https://m.media-amazon.com/images/I/61d4098TmQL._SL350_.jpg
A Tree Grows in Brooklyn,Betty Smith,"{""Format:"": ""Paperback"", ""Language:"": ""English"", ""ISBN:"": ""006092988X"", ""ISBN13:"": ""9780060929886"", ""Release Date:"": ""September 1998"", ""Publisher:"": ""Harper Perennial"", ""Length:"": ""496 Pages"", ""Weight:"": ""0.92 lbs."", ""Dimensions:"": ""1.3\"" x 5.3\"" x 8.1\""""}",https://i.thriftbooks.com/api/imagehandler/m/CE896D19EE5FE2801EF26E2355DCDF7D42FC41EA.jpeg
Animal Farm: A Fairy Story,George Orwell,"{""Format:"": ""Paperback"", ""Language:"": ""English"", ""ISBN:"": ""0452284244"", ""ISBN13:"": ""9780452284241"", ""Release Date:"": ""January 2003"", ""Publisher:"": ""Berkley Books"", ""Length:"": ""128 Pages"", ""Weight:"": ""0.35 lbs."", ""Dimensions:"": ""0.5\"" x 5.5\"" x 8.1\"""", ""Age Range:"": ""18 years and up"", ""Grade Range:"": ""Postsecondary and higher""}",https://i.thriftbooks.com/api/imagehandler/m/A35DA8D82A47F8D2C6D65521026E9018B7932BCC.jpeg
Lord of the Flies,William Golding,"{""Format:"": ""Mass Market Paperback"", ""Language:"": ""English"", ""ISBN:"": ""0399501487"", ""Release Date:"": ""December 2003"", ""Publisher:"": ""Penguin Books"", ""Length:"": ""224 Pages"", ""Weight:"": ""0.36 lbs."", ""Dimensions:"": ""7.5\"" x 0.6\"" x 4.3\""""}",https://m.media-amazon.com/images/I/51eeAWItwbL._SL350_.jpg
The Great Gatsby,F. Scott Fitzgerald,"{""Format:"": ""Paperback"", ""Language:"": ""English"", ""ISBN:"": ""0743273567"", ""Release Date:"": ""September 2004"", ""Publisher:"": ""Scribner"", ""Length:"": ""180 Pages"", ""Weight:"": ""0.52 lbs."", ""Dimensions:"": ""8.0\"" x 0.6\"" x 5.3\""""}",https://m.media-amazon.com/images/I/41IkR2Ml51L._SL350_.jpg
Wuthering Heights,Emily Brontë,"{""Format:"": ""Mass Market Paperback"", ""Language:"": ""English"", ""ISBN:"": ""1593080441"", ""ISBN13:"": ""9781593080440"", ""Release Date:"": ""August 2005"", ""Publisher:"": ""Barnes & Noble Classics"", ""Length:"": ""368 Pages"", ""Weight:"": ""0.50 lbs."", ""Dimensions:"": ""1.1\"" x 4.2\"" x 6.8\""""}",https://i.thriftbooks.com/api/imagehandler/m/682723F93924BC31ED782A3A7AF791A5439277BB.jpeg
1984: 75th Anniversary,George Orwell,"{""Format:"": ""Paperback"", ""Language:"": ""English"", ""ISBN:"": ""0451524934"", ""Release Date:"": ""January 1961"", ""Publisher:"": ""Signet Classic"", ""Length:"": ""328 Pages"", ""Weight:"": ""0.46 lbs."", ""Dimensions:"": ""7.5\"" x 0.8\"" x 4.2\""""}",https://m.media-amazon.com/images/I/41sjzA8EGhL._SL350_.jpg
To Kill a Mockingbird,Harper Lee,"{""Format:"": ""Mass Market Paperback"", ""Language:"": ""English"", ""ISBN:"": ""0446310786"", ""ISBN13:"": ""9780446310789"", ""Release Date:"": ""October 1988"", ""Publisher:"": ""Grand Central Publishing"", ""Length:"": ""288 Pages"", ""Weight:"": ""0.39 lbs."", ""Dimensions:"": ""1.1\"" x 4.1\"" x 6.7\""""}",https://i.thriftbooks.com/api/imagehandler/m/DB4854583331B76620DCC8F063EFF2A9A2C1992A.jpeg
"Fahrenheit 451: The Temperature at Which Book Paper Catches Fire, and Burns",Ray Bradbury,"{""Format:"": ""Mass Market Paperback"", ""Language:"": ""English"", ""ISBN:"": ""0345342968"", ""ISBN13:"": ""9780345342966"", ""Release Date:"": ""January 1987"", ""Publisher:"": ""Del Rey Books"", ""Length:"": ""190 Pages"", ""Weight:"": ""0.54 lbs."", ""Dimensions:"": ""0.6\"" x 5.1\"" x 6.8\""""}",https://i.thriftbooks.com/api/imagehandler/m/BE32C86A5B3A37B138DC8AB21C8375B5996746CB.jpeg
Pride and Prejudice (Barnes & Noble Classics Series),Jane Austen,"{""Format:"": ""Paperback"", ""Language:"": ""English"", ""ISBN:"": ""1593082010"", ""ISBN13:"": ""9781593082017"", ""Release Date:"": ""May 2004"", ""Publisher:"": ""Barnes & Noble Classics"", ""Length:"": ""432 Pages"", ""Weight:"": ""0.80 lbs."", ""Dimensions:"": ""1.3\"" x 5.2\"" x 8.0\""""}",https://i.thriftbooks.com/api/imagehandler/m/1CD49C653F9992797106C545CBAEEC8476FB870A.jpeg
The Hobbit: The Enchanting Prelude to the Lord of the Rings,J.R.R. Tolkien,"{""Format:"": ""Mass Market Paperback"", ""Language:"": ""English"", ""ISBN:"": ""0345339681"", ""ISBN13:"": ""9780345339683"", ""Release Date:"": ""July 1986"", ""Publisher:"": ""Del Rey Books"", ""Length:"": ""320 Pages"", ""Weight:"": ""0.51 lbs."", ""Dimensions:"": ""0.9\"" x 4.1\"" x 6.8\"""", ""Age Range:"": ""12 to 17 years"", ""Grade Range:"": ""Grades 7 to 12""}",https://i.thriftbooks.com/api/imagehandler/m/ACEA43017E0B5CA3964D97BD27CBF83E5A8F91A6.jpeg
Charlotte's Web: A Newbery Honor Award Winner (Trophy Newbery),E.B. White,"{""Format:"": ""Paperback"", ""Language:"": ""English"", ""ISBN:"": ""0064400557"", ""Release Date:"": ""April 2012"", ""Publisher:"": ""HarperCollins"", ""Length:"": ""184 Pages"", ""Weight:"": ""0.36 lbs."", ""Dimensions:"": ""7.6\"" x 0.4\"" x 5.1\""""}",https://m.media-amazon.com/images/I/61ccl4tmOaL._SL350_.jpg
"The Lion, the Witch, and the Wardrobe",C.S. Lewis,"{""Format:"": ""Mass Market Paperback"", ""Language:"": ""English"", ""ISBN:"": ""0064471047"", ""Release Date:"": ""March 2002"", ""Publisher:"": ""HarperCollins"", ""Length:"": ""224 Pages"", ""Weight:"": ""0.31 lbs."", ""Dimensions:"": ""6.8\"" x 0.5\"" x 4.2\""""}",https://m.media-amazon.com/images/I/41HKZpU5DxL._SL350_.jpg
Brave New World,Aldous Huxley,"{""Format:"": ""Paperback"", ""Language:"": ""English"", ""ISBN:"": ""0060929871"", ""ISBN13:"": ""9780060929879"", ""Release Date:"": ""January 1998"", ""Publisher:"": ""Harper Perennial"", ""Length:"": ""288 Pages"", ""Weight:"": ""0.59 lbs."", ""Dimensions:"": ""0.7\"" x 5.5\"" x 7.9\""""}",https://i.thriftbooks.com/api/imagehandler/m/FAEB234314160E5281FCE31F195D8E0186EFFD76.jpeg
Dune,Frank Herbert,"{""Format:"": ""Mass Market Paperback"", ""Language:"": ""English"", ""ISBN:"": ""0441172717"", ""ISBN13:"": ""9780441172719"", ""Release Date:"": ""September 1990"", ""Publisher:"": ""Ace Books"", ""Length:"": ""896 Pages"", ""Weight:"": ""0.82 lbs."", ""Dimensions:"": ""2.0\"" x 4.2\"" x 7.5\"""", ""Age Range:"": ""18 years and up"", ""Grade Range:"": ""Postsecondary and higher""}",https://i.thriftbooks.com/api/imagehandler/m/CA26FF1403E4C461DD6F711C7AC344528CD0970C.jpeg
Where the Sidewalk Ends: Poems and Drawings,Shel Silverstein,"{""Format:"": ""Hardcover"", ""Language:"": ""English"", ""ISBN:"": ""0060256672"", ""ISBN13:"": ""9780060256678"", ""Release Date:"": ""February 2014"", ""Publisher:"": ""HarperCollins"", ""Length:"": ""176 Pages"", ""Weight:"": ""1.38 lbs."", ""Dimensions:"": ""0.9\"" x 7.0\"" x 9.1\"""", ""Age Range:"": ""4 to 8 years"", ""Grade Range:"": ""Preschool to Grade 3""}",https://i.thriftbooks.com/api/imagehandler/m/A379DA6A5EECE400904DB2DA8F69CDBA050E1323.jpeg
Tell My Horse: Voodoo and Life in Haiti and Jamaica,Zora Neale Hurston,"{""Format:"": ""Paperback"", ""Language:"": ""English"", ""ISBN:"": ""0061695130"", ""ISBN13:"": ""9780061695131"", ""Release Date:"": ""December 2008"", ""Publisher:"": ""Amistad Press"", ""Length:"": ""336 Pages"", ""Weight:"": ""0.70 lbs."", ""Dimensions:"": ""0.9\"" x 5.3\"" x 7.9\""""}",https://i.thriftbooks.com/api/imagehandler/m/9675B3ACFABA64AE47DB26C4764417C4A1385473.jpeg
Lincoln: Speeches and Writings 1832-1858 (Library of America),Abraham Lincoln,"{""Format:"": ""Hardcover"", ""Language:"": ""English"", ""ISBN:"": ""0940450437"", ""Release Date:"": ""October 1989"", ""Publisher:"": ""Library of America"", ""Length:"": ""898 Pages"", ""Weight:"": ""1.33 lbs."", ""Dimensions:"": ""8.2\"" x 1.6\"" x 5.2\""""}",https://m.media-amazon.com/images/I/410FLDsHJYL._SL350_.jpg
"Dancing at the Edge of the World: Thoughts on Words, Women, Places",Ursula K. Le Guin,"{""Format:"": ""Paperback"", ""Language:"": ""English"", ""ISBN:"": ""0802135293"", ""ISBN13:"": ""9780802135292"", ""Release Date:"": ""January 1997"", ""Publisher:"": ""Grove Press"", ""Length:"": ""320 Pages"", ""Weight:"": ""0.70 lbs."", ""Dimensions:"": ""0.9\"" x 5.5\"" x 8.2\""""}",https://i.thriftbooks.com/api/imagehandler/m/DDBE45CF3D2CF8B8D359F00A8B87498763999803.jpeg
Critical Essays: Gay and Lesbian Writers of Color,Emmanuel S. Nelson,"{"""": """"}",https://i.thriftbooks.com/api/imagehandler/m/4D96FF59A3BA4FBAF31F5A6DC951BFB91098D073.jpeg
Not Without Laughter,Langston Hughes,"{""Format:"": ""Paperback"", ""Language:"": ""English"", ""ISBN:"": ""0486454487"", ""ISBN13:"": ""9780486454481"", ""Release Date:"": ""April 2008"", ""Publisher:"": ""Dover Publications"", ""Length:"": ""224 Pages"", ""Weight:"": ""0.40 lbs."", ""Dimensions:"": ""0.6\"" x 5.3\"" x 8.2\""""}",https://i.thriftbooks.com/api/imagehandler/m/911F3D08AD0C06DA19B02BA90FA3611D890C87F8.jpeg
The Hobbit: An Illustrated Edition of the Fantasy Classic,J.R.R. Tolkien,"{""Format:"": ""Paperback"", ""ISBN:"": ""0385365322"", ""ISBN13:"": ""9780385365321"", ""Release Date:"": ""January 2016"", ""Publisher:"": ""Ballantine Books - Del Rey"", ""Length:"": ""144 Pages"", ""Weight:"": ""1.15 lbs.""}",https://m.media-amazon.com/images/I/51WCd9A9yPL._SL350_.jpg
About This Life: Journeys on the Threshold of Memory,Barry Lopez,"{""Format:"": ""Paperback"", ""Language:"": ""English"", ""ISBN:"": ""0679754474"", ""ISBN13:"": ""9780679754473"", ""Release Date:"": ""April 1999"", ""Publisher:"": ""Knopf Publishing Group"", ""Length:"": ""288 Pages"", ""Weight:"": ""0.45 lbs."", ""Dimensions:"": ""0.6\"" x 5.2\"" x 8.1\""""}",https://i.thriftbooks.com/api/imagehandler/m/9A2B37014774F0DF0F32EEDBE8FC9AB81E7EAC3F.jpeg
A Guide for Grown-Ups: Essential Wisdom from the Collected Works of Antoine de Saint-Exupéry,Antoine de Saint-Exupéry,"{""Format:"": ""Hardcover"", ""Language:"": ""English"", ""ISBN:"": ""0152167110"", ""ISBN13:"": ""9780152167110"", ""Release Date:"": ""May 2002"", ""Publisher:"": ""Clarion Books"", ""Length:"": ""96 Pages"", ""Weight:"": ""0.40 lbs."", ""Dimensions:"": ""0.6\"" x 4.8\"" x 6.8\"""", ""Age Range:"": ""12 years and up"", ""Grade Range:"": ""Grade 7 and higher""}",https://i.thriftbooks.com/api/imagehandler/m/285D124F6F36C4A25C4CB3710794C90518F9BBF1.jpeg
A Very Easy Death: A Memoir,Simone de Beauvoir,"{""Format:"": ""Paperback"", ""Language:"": ""English"", ""ISBN:"": ""0394728998"", ""ISBN13:"": ""9780394728995"", ""Release Date:"": ""February 1985"", ""Publisher:"": ""Pantheon Books"", ""Length:"": ""112 Pages"", ""Weight:"": ""3.05 lbs."", ""Dimensions:"": ""0.3\"" x 5.1\"" x 8.0\""""}",https://i.thriftbooks.com/api/imagehandler/m/64A4AF53182C7AB3106A9243B42E428145E62EDC.jpeg
"To Marry an Indian: The Marriage of Harriett Gold and Elias Boudinot in Letters, 1823-1839",Harriett Gold Boudinot,"{""Format:"": ""Paperback"", ""Language:"": ""English"", ""ISBN:"": ""0807856029"", ""ISBN13:"": ""9780807856024"", ""Release Date:"": ""April 2005"", ""Publisher:"": ""University of North Carolina Press"", ""Length:"": ""240 Pages"", ""Weight:"": ""0.65 lbs."", ""Dimensions:"": ""0.6\"" x 5.6\"" x 8.4\""""}",https://i.thriftbooks.com/api/imagehandler/m/0B62380AA9473986BFD984E1531AE7F5822245C1.jpeg
Tis: A Memoir,Frank McCourt,"{""Format:"": ""Hardcover"", ""Language:"": ""English"", ""ISBN:"": ""0684848783"", ""ISBN13:"": ""9780684848785"", ""Release Date:"": ""September 1999"", ""Publisher:"": ""Scribner Book Company"", ""Length:"": ""368 Pages"", ""Weight:"": ""0.50 lbs."", ""Dimensions:"": ""1.1\"" x 6.1\"" x 9.3\""""}",https://i.thriftbooks.com/api/imagehandler/m/DC0F941F7D5A365DB2A518726AA5B631426BA8BB.jpeg
The Answer/La Respuesta: Including a Selection of Poems,Juana Inés de la Cruz,"{""Format:"": ""Paperback"", ""Language:"": ""English"", ""ISBN:"": ""1558610774"", ""ISBN13:"": ""9781558610774"", ""Release Date:"": ""May 1994"", ""Publisher:"": ""Feminist Press"", ""Length:"": ""196 Pages"", ""Weight:"": ""0.40 lbs."", ""Dimensions:"": ""0.6\"" x 5.5\"" x 8.4\""""}",https://i.thriftbooks.com/api/imagehandler/m/DF3885F3788F7E79DCD095C086B83D6D4394063C.jpeg
Medieval Women's Visionary Literature,Petroff,"{""Format:"": ""Paperback"", ""Language:"": ""English"", ""ISBN:"": ""019503712X"", ""ISBN13:"": ""9780195037128"", ""Release Date:"": ""March 1986"", ""Publisher:"": ""Oxford University Press, USA"", ""Length:"": ""416 Pages"", ""Weight:"": ""1.20 lbs."", ""Dimensions:"": ""0.8\"" x 6.5\"" x 9.2\""""}",https://i.thriftbooks.com/api/imagehandler/m/CE29FC3966140998883941030F030F79A1DE573F.jpeg
The Falcon: A Narrative of the Captivity and Adventures of John Tanner,John Tanner,"{""Format:"": ""Paperback"", ""Language:"": ""English"", ""ISBN:"": ""0142437514"", ""ISBN13:"": ""9780142437513"", ""Release Date:"": ""May 2003"", ""Publisher:"": ""Penguin Publishing Group"", ""Length:"": ""304 Pages"", ""Weight:"": ""0.50 lbs."", ""Dimensions:"": ""0.6\"" x 5.0\"" x 7.8\"""", ""Age Range:"": ""18 years and up"", ""Grade Range:"": ""Postsecondary and higher""}",https://i.thriftbooks.com/api/imagehandler/m/8BB892630F6464C7A50646706AC549CF51EC3EA6.jpeg
Cliffsnotes on Homer's the Odyssey,Stanley P. Baldwin,"{""Format:"": ""Paperback"", ""Language:"": ""English"", ""ISBN:"": ""0764585991"", ""ISBN13:"": ""9780764585999"", ""Release Date:"": ""May 2000"", ""Publisher:"": ""Houghton Mifflin"", ""Length:"": ""112 Pages"", ""Weight:"": ""0.30 lbs."", ""Dimensions:"": ""0.3\"" x 5.3\"" x 8.4\""""}",https://i.thriftbooks.com/api/imagehandler/m/8FCC07D74C190AC8AA44671F2F6C508515471F01.jpeg
The Face of War,Martha Gellhorn,"{""Format:"": ""Paperback"", ""Language:"": ""English"", ""ISBN:"": ""0802128742"", ""ISBN13:"": ""9780802128744"", ""Release Date:"": ""October 2018"", ""Publisher:"": ""Grove Press"", ""Length:"": ""352 Pages"", ""Weight:"": ""1.00 lbs."", ""Dimensions:"": ""1.6\"" x 5.4\"" x 8.2\""""}",https://i.thriftbooks.com/api/imagehandler/m/0517B57E3F8E7345E0CB07CE03C98779C379D738.jpeg
The Fire Next Time,James Baldwin,"{""Format:"": ""Paperback"", ""Language:"": ""English"", ""ISBN:"": ""067974472X"", ""ISBN13:"": ""9780679744726"", ""Release Date:"": ""December 1992"", ""Publisher:"": ""Vintage"", ""Length:"": ""128 Pages"", ""Weight:"": ""0.33 lbs."", ""Dimensions:"": ""0.4\"" x 5.2\"" x 7.9\"""", ""Age Range:"": ""14 years and up"", ""Grade Range:"": ""Grade 9""}",https://i.thriftbooks.com/api/imagehandler/m/553ECAAE4DA135378545EF45A9985326EE4756EA.jpeg
Anything We Love Can Be Saved:: A Writer's Activism,Alice Walker,"{""Format:"": ""Hardcover"", ""Language:"": ""English"", ""ISBN:"": ""0679455841"", ""ISBN13:"": ""9780679455844"", ""Release Date:"": ""April 1997"", ""Publisher:"": ""Random House (NY)"", ""Length:"": ""225 Pages"", ""Weight:"": ""1.21 lbs."", ""Dimensions:"": ""1.0\"" x 6.5\"" x 9.6\""""}",https://i.thriftbooks.com/api/imagehandler/m/AF7771B2A903A3D083536000031B77525D7F9E8B.jpeg
"Skin: Talking about Sex, Class and Literature",Dorothy Allison,"{""Format:"": ""Paperback"", ""Language:"": ""English"", ""ISBN:"": ""1563410443"", ""ISBN13:"": ""9781563410444"", ""Release Date:"": ""April 1994"", ""Publisher:"": ""Firebrand Books"", ""Length:"": ""261 Pages"", ""Weight:"": ""1.60 lbs."", ""Dimensions:"": ""0.6\"" x 5.5\"" x 8.5\""""}",https://i.thriftbooks.com/api/imagehandler/m/BB1D8126A12A920F5137E87737A7FAF9C715A090.jpeg
The Classic Slave Narratives,Henry Louis Gates Jr.,"{""Format:"": ""Mass Market Paperback"", ""Language:"": ""English"", ""ISBN:"": ""0451627261"", ""ISBN13:"": ""9780451627261"", ""Release Date:"": ""September 1987"", ""Publisher:"": ""Mentor Books"", ""Length:"": ""517 Pages"", ""Weight:"": ""0.55 lbs."", ""Dimensions:"": ""1.3\"" x 4.2\"" x 6.8\""""}",https://i.thriftbooks.com/api/imagehandler/m/A293D85BB1004294F7BBF6E74A20AAA5369B8889.jpeg
The Great Divorce,"Lewis, C. S.","{""Format:"": ""Paperback"", ""Language:"": ""English"", ""ISBN:"": ""0684823764"", ""Release Date:"": ""January 1996"", ""Publisher:"": ""Touchstone Books"", ""Length:"": ""125 Pages"", ""Weight:"": ""0.30 lbs."", ""Dimensions:"": ""8.5\"" x 0.3\"" x 5.8\""""}",https://m.media-amazon.com/images/I/51SjSbeJckL._SL350_.jpg
What the Dog Saw: And Other Adventures,Malcolm Gladwell,"{""Format:"": ""Hardcover"", ""Language:"": ""English"", ""ISBN:"": ""0316075841"", ""Release Date:"": ""October 2009"", ""Publisher:"": ""Little, Brown and Company"", ""Length:"": ""410 Pages"", ""Weight:"": ""1.15 lbs."", ""Dimensions:"": ""8.3\"" x 1.7\"" x 5.8\""""}",https://m.media-amazon.com/images/I/418+6zOfVsL._SL350_.jpg
One Day in the Life of Ivan Denisovich,Aleksandr Solzhenitsyn,"{""Format:"": ""Mass Market Paperback"", ""Language:"": ""English"", ""ISBN:"": ""B003HFPWF8"", ""Release Date:"": ""January 1970"", ""Publisher:"": ""Bantam Books"", ""Length:"": ""204 Pages"", ""Weight:"": ""0.30 lbs.""}",https://m.media-amazon.com/images/I/51QIhGBruML._SL350_.jpg
In Search of Our Mothers' Gardens: Womanist Prose,Alice Walker,"{""Format:"": ""Paperback"", ""Language:"": ""English"", ""ISBN:"": ""0156445441"", ""Release Date:"": ""January 1984"", ""Publisher:"": ""Harvest Books"", ""Length:"": ""420 Pages"", ""Weight:"": ""0.55 lbs."", ""Dimensions:"": ""8.0\"" x 5.5\"" x 1.0\""""}",https://m.media-amazon.com/images/I/51ujtC3P9iL._SL350_.jpg
Playing in the Dark: Whiteness and the Literary Imagination,Toni Morrison,"{""Format:"": ""Paperback"", ""Language:"": ""English"", ""ISBN:"": ""0679745424"", ""ISBN13:"": ""9780679745426"", ""Release Date:"": ""July 1993"", ""Publisher:"": ""Vintage"", ""Length:"": ""112 Pages"", ""Weight:"": ""0.60 lbs."", ""Dimensions:"": ""0.4\"" x 5.1\"" x 7.9\""""}",https://i.thriftbooks.com/api/imagehandler/m/8DBD440D3F962ABF6508E1605F9B856940CFD576.jpeg
The Gift: Creativity and the Artist in the Modern World,Lewis Hyde,"{""Format:"": ""Paperback"", ""Language:"": ""English"", ""ISBN:"": ""0307279502"", ""ISBN13:"": ""9780307279507"", ""Release Date:"": ""December 2007"", ""Publisher:"": ""Vintage"", ""Length:"": ""435 Pages"", ""Weight:"": ""0.78 lbs."", ""Dimensions:"": ""1.0\"" x 5.0\"" x 8.3\""""}",https://i.thriftbooks.com/api/imagehandler/m/D367AE6D883B74FA7B50C8C2A0BC7956A22EC418.jpeg
Stranger Than Fiction: True Stories,Chuck Palahniuk,"{""Format:"": ""Hardcover"", ""Language:"": ""English"", ""ISBN:"": ""0385504489"", ""ISBN13:"": ""9780385504485"", ""Release Date:"": ""June 2004"", ""Publisher:"": ""Doubleday Books"", ""Length:"": ""233 Pages"", ""Weight:"": ""0.96 lbs."", ""Dimensions:"": ""0.8\"" x 5.8\"" x 8.3\""""}",https://i.thriftbooks.com/api/imagehandler/m/594283C113E9720BCF71F09401A005DC0733633B.jpeg
"A Journal of the Plague Year: Being Observations or Memorials of the Most Remarkable Occurrences, As Well Public as Private, Which Happened in London ... Great Visitation in 1665 (Penguin Classics)",Daniel Defoe,"{""Format:"": ""Paperback"", ""Language:"": ""English"", ""ISBN:"": ""0140430156"", ""Release Date:"": ""November 1966"", ""Publisher:"": ""Penguin Classics"", ""Length:"": ""256 Pages"", ""Weight:"": ""0.35 lbs."", ""Dimensions:"": ""7.8\"" x 0.6\"" x 5.1\""""}",https://m.media-amazon.com/images/I/51jylWOOmxL._SL350_.jpg
Death in the Afternoon,Ernest Hemingway,"{""Format:"": ""Paperback"", ""Language:"": ""English"", ""ISBN:"": ""0684801450"", ""Release Date:"": ""April 1996"", ""Publisher:"": ""Scribner"", ""Length:"": ""496 Pages"", ""Weight:"": ""1.10 lbs."", ""Dimensions:"": ""8.0\"" x 1.2\"" x 5.3\""""}",https://m.media-amazon.com/images/I/41R11Lr8QQL._SL350_.jpg
Old Friend from Far Away: The Practice of Writing Memoir,Natalie Goldberg,"{""Format:"": ""Paperback"", ""Language:"": ""English"", ""ISBN:"": ""1416535039"", ""ISBN13:"": ""9781416535034"", ""Release Date:"": ""March 2009"", ""Publisher:"": ""Atria Books"", ""Length:"": ""336 Pages"", ""Weight:"": ""0.70 lbs."", ""Dimensions:"": ""0.9\"" x 5.4\"" x 8.2\""""}",https://i.thriftbooks.com/api/imagehandler/m/60750C27328AA2F157D58CDD11940FC1D5EE0D78.jpeg
The Portable Beat Reader,Various,"{""Format:"": ""Paperback"", ""Language:"": ""English"", ""ISBN:"": ""0140151028"", ""ISBN13:"": ""9780140151022"", ""Release Date:"": ""November 1992"", ""Publisher:"": ""Penguin Group"", ""Length:"": ""681 Pages"", ""Weight:"": ""1.08 lbs."", ""Dimensions:"": ""1.3\"" x 5.1\"" x 7.7\""""}",https://i.thriftbooks.com/api/imagehandler/m/5F06BF884CF215BB94D87AEA620A701A6F97C30C.jpeg
Arguably: Essays by Christopher Hitchens,Christopher Hitchens,"{""Format:"": ""Hardcover"", ""Language:"": ""English"", ""ISBN:"": ""1455502774"", ""ISBN13:"": ""9781455502776"", ""Release Date:"": ""September 2011"", ""Publisher:"": ""Twelve"", ""Length:"": ""816 Pages"", ""Weight:"": ""1.35 lbs."", ""Dimensions:"": ""2.8\"" x 6.5\"" x 9.5\""""}",https://i.thriftbooks.com/api/imagehandler/m/BBCFBFBF1EAF16C5E19BFC4E6EAC63C40E055069.jpeg
Josephus: The Essential Works,Paul L. Maier,"{""Format:"": ""Hardcover"", ""Language:"": ""English"", ""ISBN:"": ""082543260X"", ""ISBN13:"": ""9780825432606"", ""Release Date:"": ""May 1995"", ""Publisher:"": ""Kregel Academic & Professional"", ""Length:"": ""416 Pages"", ""Weight:"": ""2.05 lbs."", ""Dimensions:"": ""1.2\"" x 6.4\"" x 9.2\""""}",https://i.thriftbooks.com/api/imagehandler/m/A45E01748EBBCF958CADC7C327867BA7B3048669.jpeg
Up in the Old Hotel,Joseph Mitchell,"{""Format:"": ""Paperback"", ""Language:"": ""English"", ""ISBN:"": ""0679746315"", ""ISBN13:"": ""9780679746317"", ""Release Date:"": ""June 1993"", ""Publisher:"": ""Vintage"", ""Length:"": ""736 Pages"", ""Weight:"": ""1.45 lbs."", ""Dimensions:"": ""1.3\"" x 5.3\"" x 8.1\""""}",https://i.thriftbooks.com/api/imagehandler/m/D6FF78F86B9ECF2BA8604FE48294A2238A60137E.jpeg
Essays of E. B. White,E.B. White,"{""Format:"": ""Paperback"", ""Language:"": ""English"", ""ISBN:"": ""0060932236"", ""ISBN13:"": ""9780060932237"", ""Release Date:"": ""December 2006"", ""Publisher:"": ""Harper Perennial"", ""Length:"": ""384 Pages"", ""Weight:"": ""0.70 lbs."", ""Dimensions:"": ""0.9\"" x 5.3\"" x 8.0\""""}",https://i.thriftbooks.com/api/imagehandler/m/1BA01E0B001DBBAF0D48E83B60506B7B25233E5F.jpeg
The Rhetoric and Poetics of Aristotle,Aristotle,"{""Format:"": ""Paperback"", ""Language:"": ""English"", ""ISBN:"": ""0075546027"", ""ISBN13:"": ""9780075546023"", ""Release Date:"": ""March 1984"", ""Publisher:"": ""McGraw-Hill Education"", ""Length:"": ""336 Pages"", ""Weight:"": ""0.48 lbs.""}",https://m.media-amazon.com/images/I/41Ifrmw4HYL._SL350_.jpg
Brave New World Revisited,Aldous Huxley,"{""Format:"": ""Hardcover"", ""Language:"": ""English"", ""ISBN:"": ""B0007EAS06"", ""Release Date:"": ""January 1958"", ""Publisher:"": ""Harper & Brothers"", ""Weight:"": ""0.90 lbs.""}",https://m.media-amazon.com/images/I/41ZmQeXW9DL._SL350_.jpg
Albion's Seed: Four British Folkways in America,David Hackett Fischer,"{""Format:"": ""Hardcover"", ""Language:"": ""English"", ""ISBN:"": ""0195037944"", ""ISBN13:"": ""9780195037944"", ""Release Date:"": ""October 1989"", ""Publisher:"": ""Oxford University Press, USA"", ""Length:"": ""970 Pages"", ""Weight:"": ""1.10 lbs."", ""Dimensions:"": ""2.1\"" x 6.5\"" x 9.6\""""}",https://i.thriftbooks.com/api/imagehandler/m/AE5D4DBF948C07D02073864F4E44844485A5C620.jpeg
This Bridge Called My Back,Cherríe L. Moraga,"{""Format:"": ""Paperback"", ""Language:"": ""English"", ""ISBN:"": ""091317503X"", ""ISBN13:"": ""9780913175033"", ""Release Date:"": ""January 1983"", ""Publisher:"": ""Kitchen Table--Women of Color Press"", ""Length:"": ""261 Pages"", ""Weight:"": ""0.90 lbs."", ""Dimensions:"": ""0.8\"" x 5.4\"" x 8.5\""""}",https://i.thriftbooks.com/api/imagehandler/m/A432B94CE0FB4BFCC11800C89644FEBB17D5040B.jpeg
Paradise Screwed: Selected Columns of Carl Hiaasen,Carl Hiaasen,"{""Format:"": ""Hardcover"", ""Language:"": ""English"", ""ISBN:"": ""0399147918"", ""ISBN13:"": ""9780399147913"", ""Release Date:"": ""October 2001"", ""Publisher:"": ""Putnam Adult"", ""Length:"": ""418 Pages"", ""Weight:"": ""1.58 lbs."", ""Dimensions:"": ""1.4\"" x 6.3\"" x 9.3\""""}",https://i.thriftbooks.com/api/imagehandler/m/8D04CA7DFB28148BADC067DE4F6CBE50FD041DA6.jpeg
Little Women,Louisa May Alcott,"{""Format:"": ""Paperback"", ""Language:"": ""English"", ""ISBN:"": ""1503280292"", ""ISBN13:"": ""9781503280298"", ""Release Date:"": ""November 2018"", ""Publisher:"": ""Createspace Independent Publishing Platform"", ""Length:"": ""282 Pages"", ""Weight:"": ""1.15 lbs."", ""Dimensions:"": ""0.6\"" x 6.7\"" x 9.6\""""}",https://m.media-amazon.com/images/I/511D9s5xSFL._SL350_.jpg
Green Eggs and Ham,Dr. Seuss,"{""Format:"": ""Hardcover"", ""Language:"": ""English"", ""ISBN:"": ""0394800168"", ""Release Date:"": ""August 1960"", ""Publisher:"": ""Beginner Books/Random House"", ""Length:"": ""65 Pages"", ""Weight:"": ""0.85 lbs."", ""Dimensions:"": ""9.3\"" x 0.4\"" x 6.8\""""}",https://m.media-amazon.com/images/I/414L6zUaq5L._SL350_.jpg
How the Grinch Stole Christmas,Dr. Seuss,"{""Format:"": ""Hardcover"", ""Language:"": ""English"", ""ISBN:"": ""0394800796"", ""Release Date:"": ""October 1957"", ""Publisher:"": ""Random House Books for Young Readers"", ""Length:"": ""64 Pages"", ""Weight:"": ""0.70 lbs."", ""Dimensions:"": ""11.4\"" x 0.4\"" x 8.3\""""}",https://m.media-amazon.com/images/I/41vPLPUgHsL._SL350_.jpg
The Outsiders,S.E. Hinton,"{""Format:"": ""Paperback"", ""Language:"": ""English"", ""ISBN:"": ""014240733X"", ""ISBN13:"": ""9780142407332"", ""Release Date:"": ""April 2006"", ""Publisher:"": ""Viking Books for Young Readers"", ""Length:"": ""224 Pages"", ""Weight:"": ""0.54 lbs."", ""Dimensions:"": ""0.8\"" x 5.6\"" x 8.2\"""", ""Age Range:"": ""12 years and up"", ""Grade Range:"": ""Grade 7 and higher""}",https://i.thriftbooks.com/api/imagehandler/m/B2F1440E88221392A54070BEBC877A5AB162A39F.jpeg
The Catcher in the Rye,J.D. Salinger,"{""Format:"": ""Paperback"", ""Language:"": ""English"", ""ISBN:"": ""0316769177"", ""ISBN13:"": ""9780316769174"", ""Release Date:"": ""January 2001"", ""Publisher:"": ""Back Bay Books"", ""Length:"": ""288 Pages"", ""Weight:"": ""0.58 lbs."", ""Dimensions:"": ""0.8\"" x 5.2\"" x 8.0\""""}",https://i.thriftbooks.com/api/imagehandler/m/A802999F669CD1CF0ABDDCF84209FD35B3C5599F.jpeg
The Giving Tree,Shel Silverstein,"{""Format:"": ""Hardcover"", ""Language:"": ""English"", ""ISBN:"": ""0060256664"", ""Release Date:"": ""April 2003"", ""Publisher:"": ""HarperCollins"", ""Length:"": ""64 Pages"", ""Weight:"": ""0.68 lbs."", ""Dimensions:"": ""9.0\"" x 0.5\"" x 7.3\""""}",https://m.media-amazon.com/images/I/41vv0Io8n+L._SL350_.jpg
The Perks of Being a Wallflower,Stephen Chbosky,"{""Format:"": ""Paperback"", ""Language:"": ""English"", ""ISBN:"": ""0671027344"", ""ISBN13:"": ""9780671027346"", ""Release Date:"": ""February 1999"", ""Publisher:"": ""MTV Books"", ""Length:"": ""240 Pages"", ""Weight:"": ""0.57 lbs."", ""Dimensions:"": ""0.8\"" x 5.0\"" x 6.9\"""", ""Age Range:"": ""14 to 17 years"", ""Grade Range:"": ""Grades 9 to 12""}",https://i.thriftbooks.com/api/imagehandler/m/49916F0BA5F09B2BCC1D1B3000CA3EE86FAF99E8.jpeg
The Little Prince,Antoine de Saint-Exupéry,"{""Format:"": ""Hardcover"", ""Language:"": ""English"", ""ISBN:"": ""0152465030"", ""ISBN13:"": ""9780152465032"", ""Release Date:"": ""January 1943"", ""Publisher:"": ""Houghton Mifflin Harcourt P"", ""Length:"": ""97 Pages"", ""Weight:"": ""0.94 lbs."", ""Dimensions:"": ""0.6\"" x 7.3\"" x 9.1\"""", ""Age Range:"": ""9 to 12 years"", ""Grade Range:"": ""Grades 4 to 7""}",https://i.thriftbooks.com/api/imagehandler/m/80BD238490A2F4F76EAA712A38214A88A6022D90.jpeg
Slaughterhouse-Five (Modern Library 100 Best Novels),Kurt Vonnegut Jr.,"{""Format:"": ""Mass Market Paperback"", ""Language:"": ""English"", ""ISBN:"": ""0440180295"", ""Release Date:"": ""November 1991"", ""Publisher:"": ""Dell"", ""Length:"": ""215 Pages"", ""Weight:"": ""0.48 lbs."", ""Dimensions:"": ""6.9\"" x 0.6\"" x 4.2\""""}",https://m.media-amazon.com/images/I/31nwlOInC7L._SL350_.jpg
East of Eden,John Steinbeck,"{""Format:"": ""Paperback"", ""Language:"": ""English"", ""ISBN:"": ""0140186395"", ""ISBN13:"": ""9780140186390"", ""Release Date:"": ""January 1952"", ""Publisher:"": ""Penguin Group"", ""Length:"": ""640 Pages"", ""Weight:"": ""1.07 lbs."", ""Dimensions:"": ""1.1\"" x 5.0\"" x 7.8\"""", ""Age Range:"": ""18 years and up"", ""Grade Range:"": ""Postsecondary and higher""}",https://i.thriftbooks.com/api/imagehandler/m/50C1A66AEA185E09F8F0A768E3EDA12FDBE24469.jpeg
"The Old Man and The Sea, Book Cover May Vary",Ernest Hemingway,"{""Format:"": ""Paperback"", ""Language:"": ""English"", ""ISBN:"": ""0684801221"", ""Release Date:"": ""May 1995"", ""Publisher:"": ""Scribner"", ""Length:"": ""128 Pages"", ""Weight:"": ""0.32 lbs."", ""Dimensions:"": ""8.0\"" x 0.3\"" x 5.3\""""}",https://m.media-amazon.com/images/I/41x6069+8wL._SL350_.jpg
One Hundred Years of Solitude,Gabriel García Márquez,"{""Format:"": ""Paperback"", ""Language:"": ""English"", ""ISBN:"": ""0060919655"", ""ISBN13:"": ""9780060919658"", ""Release Date:"": ""January 1991"", ""Publisher:"": ""HarperCollins Publishers"", ""Length:"": ""422 Pages"", ""Weight:"": ""0.71 lbs."", ""Dimensions:"": ""1.1\"" x 5.3\"" x 8.0\""""}",https://i.thriftbooks.com/api/imagehandler/m/9546594BCCB87A743A69DF1E978FF5A704B36350.jpeg
Frankstein,Mary Wollstonecraft Shelley,"{""Format:"": ""Paperback"", ""Language:"": ""English"", ""ISBN:"": ""B0CNHZBS35"", ""ISBN13:"": ""9788194862628"", ""Release Date:"": ""December 2020"", ""Publisher:"": ""Unbound Script"", ""Length:"": ""250 Pages"", ""Weight:"": ""0.55 lbs."", ""Dimensions:"": ""0.6\"" x 5.1\"" x 7.8\""""}",https://i.thriftbooks.com/api/imagehandler/m/AEFA3649FFC96E9DDED41A7B952F88FE573DAD45.jpeg
Grapes of Wrath,John Steinbeck,"{""Format:"": ""Hardcover"", ""ISBN:"": ""B0083X0HAE"", ""Release Date:"": ""January 1978"", ""Publisher:"": ""Franklin Library"", ""Weight:"": ""2.50 lbs.""}",https://image-plz.thriftbooks.com/m/2D9512DEBC3542ADA7006BCEE40EEF2E.png
"Oh, the Thinks You Can Think!",Dr. Seuss,"{""Format:"": ""Hardcover"", ""Language:"": ""English"", ""ISBN:"": ""0394831292"", ""ISBN13:"": ""9780394831299"", ""Release Date:"": ""August 1975"", ""Publisher:"": ""Random House Books for Young Readers"", ""Length:"": ""48 Pages"", ""Weight:"": ""0.48 lbs."", ""Dimensions:"": ""0.3\"" x 6.8\"" x 9.3\"""", ""Age Range:"": ""3 to 7 years"", ""Grade Range:"": ""Preschool to Grade 2""}",https://i.thriftbooks.com/api/imagehandler/m/81E2F0CFCE776AD89C71F4495233771817472209.jpeg
Of Mice and Men,John Steinbeck,"{""Format:"": ""Mass Market Paperback"", ""Language:"": ""English"", ""ISBN:"": ""0140177396"", ""Release Date:"": ""September 1993"", ""Publisher:"": ""Penguin Books"", ""Length:"": ""107 Pages"", ""Weight:"": ""0.17 lbs."", ""Dimensions:"": ""0.3\"" x 5.4\"" x 8.5\""""}",https://m.media-amazon.com/images/I/31XjwMnEnvL._SL350_.jpg
I Know Why the Caged Bird Sings,Maya Angelou,"{""Format:"": ""Paperback"", ""Language:"": ""English"", ""ISBN:"": ""0553108425"", ""ISBN13:"": ""9780553108422"", ""Release Date:"": ""January 1971"", ""Publisher:"": ""Bantam Doubleday Dell"", ""Length:"": ""246 Pages"", ""Weight:"": ""0.36 lbs.""}",https://m.media-amazon.com/images/I/41q-wX15IOL._SL350_.jpg
Secret Garden (Children's Classics Series),Frances Hodgson Burnett,"{""Format:"": ""Hardcover"", ""Language:"": ""English"", ""ISBN:"": ""051763225X"", ""Release Date:"": ""December 1988"", ""Publisher:"": ""Children's Classics"", ""Length:"": ""288 Pages"", ""Weight:"": ""1.59 lbs."", ""Dimensions:"": ""9.8\"" x 1.3\"" x 7.8\""""}",https://m.media-amazon.com/images/I/51LHAQpajbL._SL350_.jpg
"The Fellowship of the Ring (The Lord of the Rings, Part 1)",J.R.R. Tolkien,"{""Format:"": ""Mass Market Paperback"", ""Language:"": ""English"", ""ISBN:"": ""0345339703"", ""Release Date:"": ""August 1986"", ""Publisher:"": ""Del Rey"", ""Length:"": ""480 Pages"", ""Weight:"": ""0.61 lbs."", ""Dimensions:"": ""6.9\"" x 1.0\"" x 4.2\""""}",https://m.media-amazon.com/images/I/51phhD0CaKL._SL350_.jpg
Where the Red Fern Grows,Wilson Rawls,"{""Format:"": ""Mass Market Paperback"", ""Language:"": ""English"", ""ISBN:"": ""0553274295"", ""Release Date:"": ""August 1984"", ""Publisher:"": ""Laurel Leaf"", ""Length:"": ""249 Pages"", ""Weight:"": ""0.78 lbs."", ""Dimensions:"": ""6.9\"" x 0.7\"" x 4.2\""""}",https://m.media-amazon.com/images/I/51Swo0Tx-AL._SL350_.jpg
Jane Eyre,Charlotte Brontë,"{""Format:"": ""Paperback"", ""Language:"": ""English"", ""ISBN:"": ""1516992342"", ""ISBN13:"": ""9781516992348"", ""Release Date:"": ""August 2015"", ""Publisher:"": ""Createspace Independent Publishing Platform"", ""Length:"": ""422 Pages"", ""Weight:"": ""1.24 lbs."", ""Dimensions:"": ""0.9\"" x 6.0\"" x 9.0\"""", ""Age Range:"": ""18 years and up"", ""Grade Range:"": ""Postsecondary and higher""}",https://i.thriftbooks.com/api/imagehandler/m/A0841FC5021A9617AF6D42DA81E24970CAE11B6E.jpeg
Their Eyes Were Watching God Ri,Zora Neale Hurston,"{""Format:"": ""Paperback"", ""Language:"": ""English"", ""ISBN:"": ""0060916508"", ""ISBN13:"": ""9780060916503"", ""Release Date:"": ""January 1900"", ""Publisher:"": ""Harpperen"", ""Length:"": ""207 Pages"", ""Weight:"": ""0.42 lbs."", ""Dimensions:"": ""0.6\"" x 5.4\"" x 8.0\""""}",https://i.thriftbooks.com/api/imagehandler/m/3A218F1A1E129D190B777B7F3E7B682D4960C684.jpeg
Crime and Punishment (Bantam Classics),Fyodor Dostoevsky,"{""Format:"": ""Mass Market Paperback"", ""Language:"": ""English"", ""ISBN:"": ""0553211757"", ""Release Date:"": ""July 1984"", ""Publisher:"": ""Bantam Classics"", ""Length:"": ""576 Pages"", ""Weight:"": ""0.61 lbs."", ""Dimensions:"": ""6.9\"" x 0.9\"" x 4.2\""""}",https://m.media-amazon.com/images/I/41NJbq-iRNL._SL350_.jpg
The Screwtape Letters (The C.S. Lewis Signature Classics),C.S. Lewis,"{""Format:"": ""Paperback"", ""Language:"": ""English"", ""ISBN:"": ""0060652934"", ""Release Date:"": ""April 2015"", ""Publisher:"": ""HarperOne"", ""Length:"": ""224 Pages"", ""Weight:"": ""0.45 lbs."", ""Dimensions:"": ""8.0\"" x 0.5\"" x 5.3\""""}",https://m.media-amazon.com/images/I/41NRIlfqwwL._SL350_.jpg
The Stranger,Albert Camus,"{""Format:"": ""Paperback"", ""Language:"": ""English"", ""ISBN:"": ""0679720200"", ""Release Date:"": ""March 1989"", ""Publisher:"": ""Vintage"", ""Length:"": ""123 Pages"", ""Weight:"": ""0.39 lbs."", ""Dimensions:"": ""7.9\"" x 0.5\"" x 5.1\""""}",https://m.media-amazon.com/images/I/517eqjeVDzL._SL350_.jpg
Color Purple,Alice Walker,"{""Format:"": ""Paperback"", ""Language:"": ""English"", ""ISBN:"": ""0671526022"", ""ISBN13:"": ""9780671526023"", ""Release Date:"": ""June 1983"", ""Publisher:"": ""Washington Square Press"", ""Length:"": ""251 Pages"", ""Weight:"": ""0.63 lbs.""}",https://m.media-amazon.com/images/I/51NSry1GcFL._SL350_.jpg
The Picture of Dorian gray,Oscar Wilde,"{""Format:"": ""Hardcover"", ""Language:"": ""English"", ""ISBN:"": ""8119214412"", ""ISBN13:"": ""9788119214419"", ""Release Date:"": ""May 2022"", ""Publisher:"": ""Adhyaya Books House Llp"", ""Length:"": ""232 Pages"", ""Weight:"": ""0.98 lbs."", ""Dimensions:"": ""0.7\"" x 5.5\"" x 8.5\""""}",https://i.thriftbooks.com/api/imagehandler/m/088DD4753B3177E545F2DBD199C24DE209461585.jpeg
Anna Karenina: (Penguin Classics Deluxe Edition),Leo Tolstoy,"{""Format:"": ""Paperback"", ""Language:"": ""English"", ""ISBN:"": ""0143035002"", ""ISBN13:"": ""9780143035008"", ""Release Date:"": ""May 2004"", ""Publisher:"": ""Penguin Group"", ""Length:"": ""864 Pages"", ""Weight:"": ""2.14 lbs."", ""Dimensions:"": ""2.0\"" x 5.7\"" x 8.4\"""", ""Age Range:"": ""18 years and up"", ""Grade Range:"": ""Postsecondary and higher""}",https://i.thriftbooks.com/api/imagehandler/m/74A16D8C6D2C9B22E40E0D912B7E54FADB371DE4.jpeg
Catch-22,Joseph Heller,"{""Format:"": ""Paperback"", ""Language:"": ""English"", ""ISBN:"": ""0684833395"", ""ISBN13:"": ""9780684833392"", ""Release Date:"": ""September 1996"", ""Publisher:"": ""Simon & Schuster"", ""Length:"": ""464 Pages"", ""Weight:"": ""1.03 lbs."", ""Dimensions:"": ""1.2\"" x 5.4\"" x 8.4\"""", ""Age Range:"": ""14 to 18 years"", ""Grade Range:"": ""Grade 9 to Postsecondary""}",https://i.thriftbooks.com/api/imagehandler/m/C58B11546BDE45BF49BD250BDF4F060864B45E87.jpeg
"The Two Towers (The Lord of the Rings, Part 2)",J.R.R. Tolkien,"{""Format:"": ""Mass Market Paperback"", ""Language:"": ""English"", ""ISBN:"": ""0345339711"", ""Release Date:"": ""August 1986"", ""Publisher:"": ""Del Rey"", ""Length:"": ""416 Pages"", ""Weight:"": ""0.49 lbs."", ""Dimensions:"": ""6.9\"" x 1.0\"" x 4.1\""""}",https://m.media-amazon.com/images/I/41iVds1WliL._SL350_.jpg
Lolita,Vladimir Nabokov,"{""Format:"": ""Paperback"", ""Language:"": ""English"", ""ISBN:"": ""0679723161"", ""Release Date:"": ""March 1989"", ""Publisher:"": ""Knopf Doubleday Publishing Group"", ""Length:"": ""317 Pages"", ""Weight:"": ""0.61 lbs."", ""Dimensions:"": ""8.0\"" x 0.7\"" x 5.2\""""}",https://m.media-amazon.com/images/I/318WjmV06SL._SL350_.jpg
One Flew Over the Cuckoo's Nest,Ken Kesey,"{""Format:"": ""Mass Market Paperback"", ""Language:"": ""English"", ""ISBN:"": ""0451163966"", ""Release Date:"": ""February 1963"", ""Publisher:"": ""Berkley"", ""Length:"": ""272 Pages"", ""Weight:"": ""0.37 lbs."", ""Dimensions:"": ""7.4\"" x 0.9\"" x 4.2\""""}",https://m.media-amazon.com/images/I/41iNMfQkUrL._SL350_.jpg
Moby Dick,Herman Melville,"{""Format:"": ""Paperback"", ""Language:"": ""English"", ""ISBN:"": ""1615341919"", ""ISBN13:"": ""9781615341917"", ""Release Date:"": ""February 2010"", ""Publisher:"": ""Ezreads Publications, LLC"", ""Length:"": ""668 Pages"", ""Weight:"": ""2.13 lbs."", ""Dimensions:"": ""1.5\"" x 6.0\"" x 9.0\""""}",https://i.thriftbooks.com/api/imagehandler/m/91131B00D36AD079E484D8EF8938C929C8D9966D.jpeg
The Silmarillion,J.R.R. Tolkien,"{""Format:"": ""Hardcover"", ""Language:"": ""English"", ""ISBN:"": ""0395257301"", ""ISBN13:"": ""9780395257302"", ""Release Date:"": ""January 1977"", ""Publisher:"": ""Houghton Mifflin"", ""Length:"": ""365 Pages"", ""Weight:"": ""1.51 lbs.""}",https://m.media-amazon.com/images/I/51Qsd46W5xL._SL350_.jpg
Atlas Shrugged,Ayn Rand,"{""Format:"": ""Mass Market Paperback"", ""Language:"": ""English"", ""ISBN:"": ""0451191145"", ""ISBN13:"": ""9780451191144"", ""Release Date:"": ""September 1996"", ""Publisher:"": ""Signet Book"", ""Length:"": ""1088 Pages"", ""Weight:"": ""1.06 lbs."", ""Dimensions:"": ""1.7\"" x 4.2\"" x 6.9\"""", ""Age Range:"": ""18 years and up"", ""Grade Range:"": ""Postsecondary and higher""}",https://i.thriftbooks.com/api/imagehandler/m/8AD3A7797417983B105F90B16A420E3715B28878.jpeg
"The Return of the King (The Lord of the Rings, Part 3)",J.R.R. Tolkien,"{""Format:"": ""Mass Market Paperback"", ""Language:"": ""English"", ""ISBN:"": ""0345339738"", ""Release Date:"": ""July 1986"", ""Publisher:"": ""Del Rey"", ""Length:"": ""512 Pages"", ""Weight:"": ""0.57 lbs."", ""Dimensions:"": ""6.8\"" x 1.1\"" x 4.1\""""}",https://m.media-amazon.com/images/I/41xUhOmPJRL._SL350_.jpg
Dracula,Bram Stoker,"{""Format:"": ""Mass Market Paperback"", ""Language:"": ""English"", ""ISBN:"": ""0451523377"", ""ISBN13:"": ""9780451523372"", ""Release Date:"": ""August 1986"", ""Publisher:"": ""Signet Classics"", ""Length:"": ""382 Pages"", ""Weight:"": ""0.42 lbs."", ""Dimensions:"": ""0.7\"" x 4.2\"" x 6.9\""""}",https://i.thriftbooks.com/api/imagehandler/m/240F2840413B6B0091D728A51FA6F931CACB2F68.jpeg
The Sun Also Rises,Ernest Hemingway,"{""Format:"": ""Paperback"", ""ISBN:"": ""B001ROG07A"", ""Release Date:"": ""January 2006"", ""Publisher:"": ""Scribner"", ""Weight:"": ""0.65 lbs.""}",https://m.media-amazon.com/images/I/41Xpr7wUtIL._SL350_.jpg
The Wind in the Willows,Kenneth Grahame,"{""Format:"": ""Paperback"", ""Language:"": ""English"", ""ISBN:"": ""1454956763"", ""ISBN13:"": ""9781454956761"", ""Release Date:"": ""September 2024"", ""Publisher:"": ""Union Square Kids"", ""Length:"": ""192 Pages"", ""Age Range:"": ""10 to 14 years"", ""Grade Range:"": ""Grades 5 to 9""}",https://static.thriftbooks.com/general/noimage-big_e3ec8833.jpg
Emma (Bantam Classics) by Jane Austen (1984-02-01),Jane Austen,"{""Format:"": ""Paperback"", ""ISBN:"": ""B01FIWUK7M"", ""Release Date:"": ""January 1"", ""Publisher:"": ""Bantam Classics"", ""Weight:"": ""0.70 lbs.""}",https://m.media-amazon.com/images/I/41gIoYSrvBL._SL350_.jpg
Flowers for Algernon,Daniel Keyes,"{""Format:"": ""Mass Market Paperback"", ""Language:"": ""English"", ""ISBN:"": ""015603008X"", ""ISBN13:"": ""9780156030083"", ""Release Date:"": ""June 2004"", ""Publisher:"": ""Mariner Books"", ""Length:"": ""311 Pages"", ""Weight:"": ""0.49 lbs."", ""Dimensions:"": ""0.9\"" x 4.1\"" x 6.8\"""", ""Age Range:"": ""14 years and up"", ""Grade Range:"": ""Grade 9 and higher""}",https://i.thriftbooks.com/api/imagehandler/m/40B7E53868A7473BD2EB917F7B7EFDC27B84680C.jpeg
The Brothers Karamazov: A New Translation by Michael R. Katz,Fyodor Dostoevsky,"{""Format:"": ""Paperback"", ""Language:"": ""English"", ""ISBN:"": ""1324095105"", ""ISBN13:"": ""9781324095101"", ""Release Date:"": ""July 2024"", ""Publisher:"": ""Liveright Publishing Corporation"", ""Length:"": ""928 Pages""}",https://i.thriftbooks.com/api/imagehandler/m/E784E93C002054F158C062FCAE0F60E14B876954.jpeg
On the Road,Jack Kerouac,"{""Format:"": ""Audio CD"", ""ISBN:"": ""B000EHNETS"", ""ISBN13:"": ""0011707526724"", ""Release Date:"": ""January 1"", ""Weight:"": ""0.19 lbs.""}",https://m.media-amazon.com/images/I/511FY7QS0RL._SL350_.jpg
Uncle Tom's Cabin (Barnes & Noble Classics Series),Harriet Beecher Stowe,"{""Format:"": ""Mass Market Paperback"", ""Language:"": ""English"", ""ISBN:"": ""1593080387"", ""Release Date:"": ""July 2003"", ""Publisher:"": ""Barnes & Noble Classics"", ""Length:"": ""576 Pages"", ""Weight:"": ""0.83 lbs."", ""Dimensions:"": ""6.8\"" x 1.4\"" x 4.1\""""}",https://m.media-amazon.com/images/I/517e92reyoL._SL350_.jpg
Watership Down,Richard Adams,"{""Format:"": ""Mass Market Paperback"", ""Language:"": ""English"", ""ISBN:"": ""0380002930"", ""ISBN13:"": ""9780380002931"", ""Release Date:"": ""April 1975"", ""Publisher:"": ""Avon Books"", ""Length:"": ""496 Pages"", ""Weight:"": ""0.54 lbs."", ""Dimensions:"": ""1.1\"" x 4.4\"" x 6.9\""""}",https://i.thriftbooks.com/api/imagehandler/m/FD2435E388B39EDAAF5FA559802FF65E7A9903CC.jpeg
Great Expectations,Charles Dickens,"{""Format:"": ""Paperback"", ""Language:"": ""English"", ""ISBN:"": ""0140434895"", ""ISBN13:"": ""9780140434897"", ""Release Date:"": ""December 1998"", ""Publisher:"": ""Penguin Group"", ""Length:"": ""512 Pages"", ""Weight:"": ""0.70 lbs."", ""Dimensions:"": ""0.8\"" x 5.1\"" x 7.8\""""}",https://i.thriftbooks.com/api/imagehandler/m/FFE7E884728F3524AA7C9FD6E5ADE53A84959F00.jpeg
A Farewell to Arms,Ernest Hemingway,"{""Format:"": ""Paperback"", ""Language:"": ""English"", ""ISBN:"": ""0812034120"", ""ISBN13:"": ""9780812034127"", ""Release Date:"": ""January 1984"", ""Publisher:"": ""Barron's Educational Series"", ""Length:"": ""89 Pages"", ""Weight:"": ""0.20 lbs."", ""Dimensions:"": ""0.3\"" x 4.2\"" x 7.0\""""}",https://i.thriftbooks.com/api/imagehandler/m/D63E14EC5A8BDA8582CF381B0488B31A7A680A15.jpeg
Mrs. Dalloway,Virginia Woolf,"{""Format:"": ""Paperback"", ""Language:"": ""English"", ""ISBN:"": ""0156628708"", ""ISBN13:"": ""9780156628709"", ""Release Date:"": ""January 1990"", ""Publisher:"": ""Mariner Books Classics"", ""Length:"": ""224 Pages"", ""Weight:"": ""0.50 lbs."", ""Dimensions:"": ""0.6\"" x 5.2\"" x 7.9\"""", ""Age Range:"": ""14 years and up"", ""Grade Range:"": ""Grade 9 and higher""}",https://i.thriftbooks.com/api/imagehandler/m/6979FE3F371566FAE82BB2CC14068520FA402973.jpeg
For Whom the Bell Tolls,Ernest Hemingway,"{""Format:"": ""Paperback"", ""Language:"": ""English"", ""ISBN:"": ""0684803356"", ""ISBN13:"": ""9780684803357"", ""Release Date:"": ""December 1986"", ""Publisher:"": ""Scribner Book Company"", ""Length:"": ""480 Pages"", ""Weight:"": ""1.04 lbs."", ""Dimensions:"": ""1.0\"" x 5.3\"" x 8.0\""""}",https://i.thriftbooks.com/api/imagehandler/m/5664815AEB508FB0268AE69A3BE2D18C3837D5FF.jpeg
Persuasion,Jane Austen,"{""Format:"": ""Hardcover"", ""Language:"": ""English"", ""ISBN:"": ""B001K7HC30"", ""Release Date:"": ""January 1964"", ""Publisher:"": ""The New American Library"", ""Weight:"": ""0.45 lbs.""}",https://m.media-amazon.com/images/I/41lP6c7MQfL._SL350_.jpg
The Crucible,Arthur Miller,"{""Format:"": ""Paperback"", ""Language:"": ""English"", ""ISBN:"": ""0140481389"", ""ISBN13:"": ""9780140481389"", ""Release Date:"": ""October 1976"", ""Publisher:"": ""Penguin Books"", ""Length:"": ""160 Pages"", ""Weight:"": ""0.31 lbs."", ""Dimensions:"": ""0.3\"" x 5.0\"" x 8.0\"""", ""Age Range:"": ""18 years and up"", ""Grade Range:"": ""Postsecondary and higher""}",https://i.thriftbooks.com/api/imagehandler/m/0897EC03A06832527FC20FB432D64D3C110B4E25.jpeg
Sense and Sensibility,Jane Austen,"{""Format:"": ""Paperback"", ""Language:"": ""English"", ""ISBN:"": ""0375756736"", ""ISBN13:"": ""9780375756733"", ""Release Date:"": ""January 2001"", ""Publisher:"": ""Modern Library"", ""Length:"": ""304 Pages"", ""Weight:"": ""0.50 lbs."", ""Dimensions:"": ""0.7\"" x 5.2\"" x 8.0\""""}",https://i.thriftbooks.com/api/imagehandler/m/53517E4DF9C6E1BE9247F3F2237BC64A90746637.jpeg
The Remains of the Day: Winner of the Nobel Prize in Literature,Kazuo Ishiguro,"{""Format:"": ""Paperback"", ""Language:"": ""English"", ""ISBN:"": ""0679731725"", ""Release Date:"": ""September 1990"", ""Publisher:"": ""Vintage International"", ""Length:"": ""245 Pages"", ""Weight:"": ""0.73 lbs."", ""Dimensions:"": ""8.0\"" x 0.5\"" x 5.2\""""}",https://m.media-amazon.com/images/I/41pIimtMIKL._SL350_.jpg
Love in the Time of Cholera (Oprah's Book Club),Gabriel García Márquez,"{""Format:"": ""Paperback"", ""Language:"": ""English"", ""ISBN:"": ""0307389731"", ""Release Date:"": ""October 2007"", ""Publisher:"": ""Vintage"", ""Length:"": ""368 Pages"", ""Weight:"": ""0.85 lbs."", ""Dimensions:"": ""8.0\"" x 0.8\"" x 5.2\""""}",https://m.media-amazon.com/images/I/41-3cZSfttL._SL350_.jpg
The Scarlet Letter,Nathaniel Hawthorne,"{""Format:"": ""Paperback"", ""Language:"": ""English"", ""ISBN:"": ""0486280489"", ""ISBN13:"": ""9780486280486"", ""Release Date:"": ""May 1994"", ""Publisher:"": ""Dover Publications"", ""Length:"": ""192 Pages"", ""Weight:"": ""0.35 lbs."", ""Dimensions:"": ""0.5\"" x 5.3\"" x 8.4\"""", ""Age Range:"": ""11 years and up"", ""Grade Range:"": ""Grade 6 and higher""}",https://i.thriftbooks.com/api/imagehandler/m/0866EB5CECE0431372EA9BF7BB6007205F935BC6.jpeg
A Confederacy of Dunces,John Kennedy Toole,"{""Format:"": ""Paperback"", ""Language:"": ""English"", ""ISBN:"": ""0802130208"", ""ISBN13:"": ""9780802130204"", ""Release Date:"": ""January 1987"", ""Publisher:"": ""Grove Press"", ""Length:"": ""416 Pages"", ""Weight:"": ""0.90 lbs."", ""Dimensions:"": ""1.2\"" x 5.4\"" x 8.2\"""", ""Age Range:"": ""12 years and up"", ""Grade Range:"": ""Grade 7 and higher""}",https://i.thriftbooks.com/api/imagehandler/m/C7CA3F3878F98E7239A1CB70D69EE55166B88A1B.jpeg
A Room of One's Own,Virginia Woolf,"{""Format:"": ""Paperback"", ""Language:"": ""English"", ""ISBN:"": ""0156787334"", ""Release Date:"": ""December 1989"", ""Publisher:"": ""Mariner Books Classics"", ""Length:"": ""128 Pages"", ""Weight:"": ""0.43 lbs."", ""Dimensions:"": ""8.0\"" x 0.3\"" x 5.3\""""}",https://m.media-amazon.com/images/I/51bbMM0883L._SL350_.jpg
As I lay dying,William Faulkner,"{""Format:"": ""Paperback"", ""Language:"": ""English"", ""ISBN:"": ""9391270786"", ""ISBN13:"": ""9789391270780"", ""Release Date:"": ""February 2023"", ""Publisher:"": ""Mjp Publishers"", ""Length:"": ""246 Pages"", ""Weight:"": ""0.64 lbs."", ""Dimensions:"": ""0.5\"" x 5.5\"" x 8.5\""""}",https://i.thriftbooks.com/api/imagehandler/m/10A295896FC897E16B2329C20BEC63DFFC8E3290.jpeg
The Plague,Albert Camus,"{""Format:"": ""Paperback"", ""Language:"": ""English"", ""ISBN:"": ""0679720219"", ""ISBN13:"": ""9780679720218"", ""Release Date:"": ""May 1991"", ""Publisher:"": ""Vintage"", ""Length:"": ""320 Pages"", ""Weight:"": ""0.69 lbs."", ""Dimensions:"": ""0.7\"" x 5.2\"" x 8.1\""""}",https://i.thriftbooks.com/api/imagehandler/m/1BEBA474395BD7AFFF253CFF150BF37CC7780E07.jpeg
The Unbearable Lightness of Being,Milan Kundera,"{""Format:"": ""Paperback"", ""Language:"": ""English"", ""ISBN:"": ""0060914653"", ""ISBN13:"": ""9780060914653"", ""Release Date:"": ""February 1988"", ""Publisher:"": ""HarperCollins Publishers"", ""Length:"": ""314 Pages"", ""Weight:"": ""0.71 lbs."", ""Dimensions:"": ""0.8\"" x 5.3\"" x 8.0\""""}",https://i.thriftbooks.com/api/imagehandler/m/8A737313CF5537047B7EB4AC9787BD2EF1416AB1.jpeg
Beowulf: A Dual-Language Edition,Ernest J. B Kirtlan,"{""Format:"": ""Paperback"", ""Language:"": ""English"", ""ISBN:"": ""1400096227"", ""ISBN13:"": ""9781400096220"", ""Release Date:"": ""February 2006"", ""Publisher:"": ""Anchor Books"", ""Length:"": ""464 Pages"", ""Weight:"": ""0.79 lbs."", ""Dimensions:"": ""1.0\"" x 5.1\"" x 8.0\""""}",https://i.thriftbooks.com/api/imagehandler/m/8821FC4C448924EBE824A8DDBD6A19980302EFD6.jpeg
Death of a Salesman,Arthur Miller,"{""Format:"": ""Paperback"", ""Language:"": ""English"", ""ISBN:"": ""0140481346"", ""ISBN13:"": ""9780140481341"", ""Release Date:"": ""January 1976"", ""Publisher:"": ""Penguin Books"", ""Length:"": ""144 Pages"", ""Weight:"": ""0.23 lbs."", ""Dimensions:"": ""0.4\"" x 5.0\"" x 7.6\""""}",https://i.thriftbooks.com/api/imagehandler/m/FAB09F9AF27DC97D034CD4141B30978C213B954D.jpeg
Collected Poems of Emily Dickinson,Emily Dickinson,"{""Format:"": ""Hardcover"", ""Language:"": ""English"", ""ISBN:"": ""1566190304"", ""ISBN13:"": ""9781566190305"", ""Release Date:"": ""January 1993"", ""Publisher:"": ""Barnes Noble"", ""Length:"": ""330 Pages"", ""Weight:"": ""1.02 lbs."", ""Dimensions:"": ""5.9\"" x 1.2\"" x 8.5\""""}",https://m.media-amazon.com/images/I/41Az9xsVjYL._SL350_.jpg
The Canterbury Tales,Geoffrey Chaucer,"{""Format:"": ""Paperback"", ""Language:"": ""English"", ""ISBN:"": ""0192815970"", ""ISBN13:"": ""9780192815972"", ""Release Date:"": ""June 1986"", ""Publisher:"": ""Oxford University Press, USA"", ""Length:"": ""510 Pages"", ""Weight:"": ""0.60 lbs."", ""Dimensions:"": ""0.9\"" x 4.6\"" x 7.3\""""}",https://i.thriftbooks.com/api/imagehandler/m/33D94D4D083CADCF96AA9EC8927431F3C0C3067D.jpeg
Gilgamesh: A New Rendering in English Verse,Anonymous,"{""Format:"": ""Paperback"", ""Language:"": ""English"", ""ISBN:"": ""0374523835"", ""ISBN13:"": ""9780374523831"", ""Release Date:"": ""June 1993"", ""Publisher:"": ""Farrar, Straus and Giroux"", ""Length:"": ""112 Pages"", ""Weight:"": ""0.25 lbs."", ""Dimensions:"": ""0.3\"" x 5.5\"" x 8.3\""""}",https://i.thriftbooks.com/api/imagehandler/m/9CB3E59FBD5B64FC5A1E651235129671CD2E0810.jpeg
Six by Seuss,Dr. Seuss,"{""Format:"": ""Hardcover"", ""Language:"": ""English"", ""ISBN:"": ""0679821481"", ""ISBN13:"": ""9780679821489"", ""Release Date:"": ""September 2007"", ""Publisher:"": ""Random House Books for Young Readers"", ""Length:"": ""352 Pages"", ""Weight:"": ""2.75 lbs."", ""Dimensions:"": ""1.0\"" x 8.1\"" x 10.9\"""", ""Age Range:"": ""5 to 9 years"", ""Grade Range:"": ""Preschool to Grade 4""}",https://i.thriftbooks.com/api/imagehandler/m/BBCBFA7D65EF6D0E6B35CA643DC5E627726D3BD3.jpeg
"The C. S. Lewis Signature Classics: An Anthology of 8 C. S. Lewis Titles: Mere Christianity, the Screwtape Letters, Miracles, the Great Divorce, the P",C.S. Lewis,"{""Format:"": ""Paperback"", ""Language:"": ""English"", ""ISBN:"": ""0062572547"", ""ISBN13:"": ""9780062572547"", ""Release Date:"": ""February 2017"", ""Publisher:"": ""HarperOne"", ""Length:"": ""864 Pages"", ""Weight:"": ""2.30 lbs."", ""Dimensions:"": ""1.7\"" x 6.0\"" x 9.0\""""}",https://i.thriftbooks.com/api/imagehandler/m/789BE838AF07B78C18E90D2D43E3183D918069EC.jpeg
A Streetcar Named Desire (New Directions Paperbook),Tennessee Williams,"{""Format:"": ""Paperback"", ""Language:"": ""English"", ""ISBN:"": ""0811216020"", ""Release Date:"": ""September 2004"", ""Publisher:"": ""New Directions"", ""Length:"": ""224 Pages"", ""Weight:"": ""0.55 lbs."", ""Dimensions:"": ""8.0\"" x 0.6\"" x 5.2\""""}",https://m.media-amazon.com/images/I/41XViTSK+ZL._SL350_.jpg
The White Album,Joan Didion,"{""Format:"": ""Paperback"", ""Language:"": ""English"", ""ISBN:"": ""0374532079"", ""ISBN13:"": ""9780374532079"", ""Release Date:"": ""November 2009"", ""Publisher:"": ""Farrar, Straus and Giroux"", ""Length:"": ""224 Pages"", ""Weight:"": ""0.45 lbs."", ""Dimensions:"": ""0.6\"" x 5.4\"" x 8.2\""""}",https://i.thriftbooks.com/api/imagehandler/m/A1DCAC273CF1A10901E2313773929CD45D4805AA.jpeg
A Man Without a Country,Kurt Vonnegut Jr.,"{""Format:"": ""Paperback"", ""Language:"": ""English"", ""ISBN:"": ""081297736X"", ""ISBN13:"": ""9780812977363"", ""Release Date:"": ""January 2007"", ""Publisher:"": ""Random House Trade"", ""Length:"": ""160 Pages"", ""Weight:"": ""0.31 lbs."", ""Dimensions:"": ""0.4\"" x 5.4\"" x 7.9\""""}",https://i.thriftbooks.com/api/imagehandler/m/9FA56D2BA2D4AEB3DF07640476A2E4C43C324AE3.jpeg
The Fall,Albert Camus,"{""Format:"": ""Paperback"", ""Language:"": ""English"", ""ISBN:"": ""0679720227"", ""Release Date:"": ""May 1991"", ""Publisher:"": ""Vintage Books"", ""Length:"": ""147 Pages"", ""Weight:"": ""0.33 lbs."", ""Dimensions:"": ""8.0\"" x 0.4\"" x 5.2\""""}",https://m.media-amazon.com/images/I/41fTgRUHrGL._SL350_.jpg
"The Outlandish Companion: In Which Much is Revealed Regarding Claire and Jamie Fraser, Their Lives and Times, Antecedents, Adventures, Companion",Diana Gabaldon,"{""Format:"": ""Hardcover"", ""Language:"": ""English"", ""ISBN:"": ""0385324138"", ""ISBN13:"": ""9780385324137"", ""Release Date:"": ""June 1999"", ""Publisher:"": ""Delacorte Press"", ""Length:"": ""608 Pages"", ""Weight:"": ""2.53 lbs."", ""Dimensions:"": ""1.8\"" x 7.3\"" x 9.6\""""}",https://i.thriftbooks.com/api/imagehandler/m/812B639271CE09B74AB939F9C3EBE7C551D107C1.jpeg
Four Great Tragedies: Hamlet; Othello; King Lear; Macbeth,William Shakespeare,"{""Format:"": ""Mass Market Paperback"", ""Language:"": ""English"", ""ISBN:"": ""0451527291"", ""ISBN13:"": ""9780451527295"", ""Release Date:"": ""June 1998"", ""Publisher:"": ""Signet Book"", ""Length:"": ""592 Pages"", ""Weight:"": ""0.65 lbs."", ""Dimensions:"": ""1.0\"" x 4.1\"" x 6.8\"""", ""Age Range:"": ""18 years and up"", ""Grade Range:"": ""Postsecondary and higher""}",https://i.thriftbooks.com/api/imagehandler/m/27831C501DF93944609D0E7EBC39B2F428A67538.jpeg
Down and Out in Paris and London,George Orwell,"{""Format:"": ""Paperback"", ""Language:"": ""English"", ""ISBN:"": ""015626224X"", ""Release Date:"": ""March 1972"", ""Publisher:"": ""Mariner Books Classics"", ""Length:"": ""224 Pages"", ""Weight:"": ""0.58 lbs."", ""Dimensions:"": ""8.0\"" x 0.5\"" x 5.3\""""}",https://m.media-amazon.com/images/I/412J1n1DoSL._SL350_.jpg
WALDEN AND OTHER WRITINGS,Henry David Thoreau,"{""Format:"": ""Hardcover"", ""Language:"": ""English"", ""ISBN:"": ""1566190258"", ""ISBN13:"": ""9781566190251"", ""Release Date:"": ""January 1993"", ""Publisher:"": ""Barnes & Noble"", ""Length:"": ""368 Pages"", ""Weight:"": ""1.45 lbs.""}",https://m.media-amazon.com/images/I/51KRkaxXupL._SL350_.jpg
Alice's Adventures in Wonderland and Other Stories,Lewis Carroll,"{""Format:"": ""Leather Bound"", ""Language:"": ""English"", ""ISBN:"": ""1607109336"", ""ISBN13:"": ""9781607109334"", ""Release Date:"": ""November 2013"", ""Publisher:"": ""Canterbury Classics"", ""Length:"": ""544 Pages"", ""Weight:"": ""1.90 lbs."", ""Dimensions:"": ""1.3\"" x 6.4\"" x 9.1\"""", ""Age Range:"": ""8 to 12 years"", ""Grade Range:"": ""Grades 3 to 7""}",https://i.thriftbooks.com/api/imagehandler/m/37BEBCD25A7D26388B107EB002A60699D6A37900.jpeg
Labyrinths,Jorge Luis Borges,"{""Format:"": ""Paperback"", ""Language:"": ""English"", ""ISBN:"": ""0811200124"", ""ISBN13:"": ""9780811200127"", ""Release Date:"": ""January 1964"", ""Publisher:"": ""New Directions Publishing Corporation"", ""Length:"": ""256 Pages"", ""Weight:"": ""0.65 lbs."", ""Dimensions:"": ""0.7\"" x 5.0\"" x 9.1\""""}",https://i.thriftbooks.com/api/imagehandler/m/95FA7DDE68C04C7C00ACE2C078882738559FF8B3.jpeg
The Best American Short Stories of the Century,"KATRINA (EDITORS). UPDIKE, JOHN; KENISON","{""Format:"": ""Hardcover"", ""Language:"": ""English"", ""ISBN:"": ""0395843685"", ""ISBN13:"": ""9780395843680"", ""Release Date:"": ""January 1999"", ""Publisher:"": ""Houghton Mifflin"", ""Length:"": ""768 Pages"", ""Weight:"": ""2.70 lbs."", ""Dimensions:"": ""2.5\"" x 6.5\"" x 9.3\""""}",https://i.thriftbooks.com/api/imagehandler/m/F26B296E8FF90D38D7F97D602CDE862F43F0E51F.jpeg
Consider the Lobster: And Other Essays,David Foster Wallace,"{""Format:"": ""Hardcover"", ""Language:"": ""English"", ""ISBN:"": ""0316156116"", ""ISBN13:"": ""9780316156110"", ""Release Date:"": ""December 2005"", ""Publisher:"": ""Little Brown and Company"", ""Length:"": ""352 Pages"", ""Weight:"": ""1.33 lbs."", ""Dimensions:"": ""1.1\"" x 6.7\"" x 9.4\""""}",https://i.thriftbooks.com/api/imagehandler/m/41A628C5F297E19FED0AA2C9AA5FAC157C137B76.jpeg
The Legend of Sleepy Hollow and Other Tales,Washington Irving,"{""Format:"": ""Hardcover"", ""Language:"": ""English"", ""ISBN:"": ""0895772558"", ""ISBN13:"": ""9780895772558"", ""Release Date:"": ""January 1987"", ""Publisher:"": ""Random House Children's Books"", ""Length:"": ""256 Pages"", ""Weight:"": ""1.38 lbs.""}",https://i.thriftbooks.com/api/imagehandler/m/0512FB3C7BBE54B05F587313D13B38D978F077C2.jpeg
A Wrinkle in Time (Time Quintet),Madeleine L'Engle,"{""Format:"": ""Paperback"", ""Language:"": ""English"", ""ISBN:"": ""0312367546"", ""Release Date:"": ""May 2007"", ""Publisher:"": ""Square Fish"", ""Length:"": ""256 Pages"", ""Weight:"": ""0.53 lbs."", ""Dimensions:"": ""7.7\"" x 0.7\"" x 5.3\""""}",https://m.media-amazon.com/images/I/51JByNA2CZL._SL350_.jpg
The Bell Jar,Sylvia Plath,"{""Format:"": ""Paperback"", ""Language:"": ""English"", ""ISBN:"": ""0060930187"", ""ISBN13:"": ""9780060930189"", ""Release Date:"": ""February 2000"", ""Publisher:"": ""Harper Perennial"", ""Length:"": ""288 Pages"", ""Weight:"": ""0.48 lbs."", ""Dimensions:"": ""0.7\"" x 5.3\"" x 8.0\""""}",https://i.thriftbooks.com/api/imagehandler/m/74AD3F0F2762F27AB7C665F50FAAF156EE4CC6D7.jpeg
The Phantom Tollbooth,Norton Juster,"{""Format:"": ""Paperback"", ""Language:"": ""English"", ""ISBN:"": ""0394820371"", ""Release Date:"": ""October 1988"", ""Publisher:"": ""Bullseye Books"", ""Length:"": ""272 Pages"", ""Weight:"": ""0.60 lbs."", ""Dimensions:"": ""0.4\"" x 5.1\"" x 7.8\""""}",https://m.media-amazon.com/images/I/51Wk9AYRlTL._SL350_.jpg
Matilda,Roald Dahl,"{""Format:"": ""Paperback"", ""Language:"": ""English"", ""ISBN:"": ""0142410373"", ""Release Date:"": ""August 2007"", ""Publisher:"": ""Penguin Young Readers Group"", ""Length:"": ""240 Pages"", ""Weight:"": ""0.58 lbs."", ""Dimensions:"": ""0.6\"" x 5.4\"" x 7.2\""""}",https://m.media-amazon.com/images/I/51Mqi15hbLL._SL350_.jpg
Corduroy 40th Anniversary Edition,Don Freeman,"{""Format:"": ""Hardcover"", ""Language:"": ""English"", ""ISBN:"": ""0670063363"", ""ISBN13:"": ""9780670063369"", ""Release Date:"": ""March 2008"", ""Publisher:"": ""Viking Books for Young Readers"", ""Length:"": ""48 Pages"", ""Weight:"": ""1.03 lbs."", ""Dimensions:"": ""0.4\"" x 10.9\"" x 9.8\"""", ""Age Range:"": ""2 to 5 years""}",https://i.thriftbooks.com/api/imagehandler/m/9E1171878978E222284B4793EE958D16DED7FA77.jpeg
The Velveteen Rabbit: Or How Toys Became Real,Margery Williams Bianco,"{""Format:"": ""Paperback"", ""Language:"": ""English"", ""ISBN:"": ""1662522193"", ""ISBN13:"": ""9781662522192"", ""Release Date:"": ""January 2025"", ""Publisher:"": ""Two Lions"", ""Length:"": ""49 Pages"", ""Age Range:"": ""6 to 8 years"", ""Grade Range:"": ""Grades 1 to 3""}",https://m.media-amazon.com/images/I/41hWl7ikjkL._SL350_.jpg
Island of the Blue Dolphins,Scott O'Dell,"{""Format:"": ""Paperback"", ""Language:"": ""English"", ""ISBN:"": ""0440439884"", ""ISBN13:"": ""9780440439882"", ""Release Date:"": ""February 1987"", ""Publisher:"": ""Yearling Books"", ""Length:"": ""192 Pages"", ""Weight:"": ""0.34 lbs."", ""Dimensions:"": ""0.9\"" x 5.2\"" x 7.7\"""", ""Age Range:"": ""10 years and up"", ""Grade Range:"": ""Grade 5 and higher""}",https://i.thriftbooks.com/api/imagehandler/m/92227E222B2D7AEA3D7A952E1AB29C64FCB84C67.jpeg
James and the Giant Peach,Roald Dahl,"{""Format:"": ""Paperback"", ""Language:"": ""English"", ""ISBN:"": ""0142410365"", ""Release Date:"": ""August 2007"", ""Publisher:"": ""Penguin Young Readers Group"", ""Length:"": ""146 Pages"", ""Weight:"": ""0.30 lbs."", ""Dimensions:"": ""0.5\"" x 5.0\"" x 7.6\""""}",https://m.media-amazon.com/images/I/51cHrLMCvkL._SL350_.jpg
Hop on Pop (I Can Read It All By Myself),Dr. Seuss,"{""Format:"": ""Hardcover"", ""Language:"": ""English"", ""ISBN:"": ""039480029X"", ""Release Date:"": ""February 1963"", ""Publisher:"": ""Random House Books for Young Readers"", ""Length:"": ""72 Pages"", ""Weight:"": ""0.62 lbs."", ""Dimensions:"": ""9.3\"" x 0.4\"" x 6.8\""""}",https://m.media-amazon.com/images/I/41Y3MQH+90L._SL350_.jpg
Polar Express 30th Anniversary Edition: A Christmas Holiday Book for Kids,Chris Van Allsburg,"{""Format:"": ""Hardcover"", ""Language:"": ""English"", ""ISBN:"": ""0544580141"", ""ISBN13:"": ""9780544580145"", ""Release Date:"": ""September 2015"", ""Publisher:"": ""Clarion Books"", ""Length:"": ""32 Pages"", ""Weight:"": ""1.15 lbs."", ""Dimensions:"": ""0.5\"" x 11.6\"" x 9.2\"""", ""Age Range:"": ""4 to 7 years"", ""Grade Range:"": ""Preschool to Grade 2""}",https://i.thriftbooks.com/api/imagehandler/m/9B88ADEFE54CEBCC3672BA13B892A8D4F76D2070.jpeg
Charlie and the Chocolate Factory,Roald Dahl,"{""Format:"": ""Paperback"", ""Language:"": ""English"", ""ISBN:"": ""0141301155"", ""ISBN13:"": ""9780141301150"", ""Release Date:"": ""June 1998"", ""Publisher:"": ""Puffin Books"", ""Length:"": ""155 Pages"", ""Weight:"": ""0.33 lbs."", ""Dimensions:"": ""0.5\"" x 5.1\"" x 7.8\"""", ""Age Range:"": ""8 to 12 years"", ""Grade Range:"": ""Grades 3 to 7""}",https://i.thriftbooks.com/api/imagehandler/m/F1FA7C0BD744C8728CFBAE3D9E6AC8E01E2FE0C0.jpeg
Harold and the Purple Crayon,Crockett Johnson,"{""Format:"": ""Board book"", ""Language:"": ""English"", ""ISBN:"": ""0062086529"", ""Release Date:"": ""September 2015"", ""Publisher:"": ""HarperFestival"", ""Length:"": ""34 Pages"", ""Weight:"": ""0.50 lbs."", ""Dimensions:"": ""6.3\"" x 0.8\"" x 5.5\""""}",https://m.media-amazon.com/images/I/41R0N8bH1vL._SL350_.jpg
Anne of Green Gables,L.M. Montgomery,"{""Format:"": ""Mass Market Paperback"", ""Language:"": ""English"", ""ISBN:"": ""055321313X"", ""Release Date:"": ""May 1982"", ""Publisher:"": ""Bantam Books (Classics)"", ""Length:"": ""336 Pages"", ""Weight:"": ""0.41 lbs."", ""Dimensions:"": ""6.9\"" x 0.9\"" x 4.1\""""}",https://m.media-amazon.com/images/I/41NphiwLSHL._SL350_.jpg
Winnie-The-Pooh,A.A. Milne,"{""Format:"": ""Hardcover"", ""Language:"": ""English"", ""ISBN:"": ""0525444432"", ""ISBN13:"": ""9780525444435"", ""Release Date:"": ""October 1988"", ""Publisher:"": ""Dutton Books for Young Readers"", ""Length:"": ""176 Pages"", ""Weight:"": ""0.55 lbs."", ""Dimensions:"": ""0.9\"" x 5.3\"" x 7.4\"""", ""Age Range:"": ""7 to 9 years"", ""Grade Range:"": ""Grades 2 to 4""}",https://i.thriftbooks.com/api/imagehandler/m/124825C9D43EDA7CCC739A38114335979B4F8A39.jpeg
Rebecca T,Daphne du Maurier,"{""Format:"": ""Paperback"", ""Language:"": ""English"", ""ISBN:"": ""0380730405"", ""Release Date:"": ""November 1997"", ""Publisher:"": ""William Morrow Paperbacks"", ""Length:"": ""416 Pages"", ""Weight:"": ""0.72 lbs."", ""Dimensions:"": ""8.0\"" x 0.9\"" x 5.3\""""}",https://m.media-amazon.com/images/I/51lJtCKRBoL._SL350_.jpg
"Oh, the Places You'll Go!",Dr. Seuss,"{""Format:"": ""Hardcover"", ""Language:"": ""English"", ""ISBN:"": ""0679805273"", ""ISBN13:"": ""9780679805274"", ""Release Date:"": ""January 1990"", ""Publisher:"": ""Random House Books for Young Readers"", ""Length:"": ""56 Pages"", ""Weight:"": ""0.78 lbs."", ""Dimensions:"": ""0.5\"" x 8.3\"" x 11.1\"""", ""Age Range:"": ""7 years and up"", ""Grade Range:"": ""Grade 2 and higher""}",https://i.thriftbooks.com/api/imagehandler/m/BFB02A3E0B65177E5C3F475DEA20056B96AE429E.jpeg
Owl Moon,Jane Yolen,"{""Format:"": ""Hardcover"", ""Language:"": ""English"", ""ISBN:"": ""0399214577"", ""Release Date:"": ""October 1987"", ""Publisher:"": ""Philomel Books"", ""Length:"": ""32 Pages"", ""Weight:"": ""0.93 lbs."", ""Dimensions:"": ""11.3\"" x 0.4\"" x 8.9\""""}",https://m.media-amazon.com/images/I/41MnRhLexXL._SL350_.jpg
The Secret History,Donna Tartt,"{""Format:"": ""Paperback"", ""Language:"": ""English"", ""ISBN:"": ""1400031702"", ""Release Date:"": ""September 1992"", ""Publisher:"": ""Alfred A Knopf"", ""Length:"": ""576 Pages"", ""Weight:"": ""0.89 lbs."", ""Dimensions:"": ""8.0\"" x 1.0\"" x 5.1\""""}",https://m.media-amazon.com/images/I/41mAQMQlEiL._SL350_.jpg
Adventures of Huckleberry Finn,Mark Twain,"{""Format:"": ""Paperback"", ""Language:"": ""English"", ""ISBN:"": ""1580495834"", ""ISBN13:"": ""9781580495837"", ""Release Date:"": ""December 2004"", ""Publisher:"": ""Prestwick House"", ""Length:"": ""280 Pages"", ""Weight:"": ""0.40 lbs."", ""Age Range:"": ""8 to 12 years"", ""Grade Range:"": ""Grades 3 to 7""}",https://i.thriftbooks.com/api/imagehandler/m/8B2C1D7587DCD694B12078002E5B5DD84D902FCB.jpeg
The Mouse and the Motorcycle,Beverly Cleary,"{""Format:"": ""Paperback"", ""Language:"": ""English"", ""ISBN:"": ""0380709244"", ""Release Date:"": ""June 2021"", ""Publisher:"": ""HarperCollins"", ""Length:"": ""176 Pages"", ""Weight:"": ""0.28 lbs."", ""Dimensions:"": ""7.6\"" x 0.4\"" x 5.1\""""}",https://m.media-amazon.com/images/I/51q6UlEfEsL._SL350_.jpg
