Book Name,Authors,Info,Image URL
The Book of Kells: An Illustrated Introduction to the Manuscript in Trinity College Dublin,Bernard Meehan,"{""Format:"": ""Paperback"", ""Language:"": ""English"", ""ISBN:"": ""0500480249"", ""ISBN13:"": ""9780500480243"", ""Release Date:"": ""March 2020"", ""Publisher:"": ""Thames & Hudson"", ""Length:"": ""96 Pages"", ""Weight:"": ""0.90 lbs."", ""Dimensions:"": ""0.4\"" x 7.4\"" x 9.7\""""}",https://i.thriftbooks.com/api/imagehandler/m/621766B5A72D044D2061D3DC3816502F0CEE26F2.jpeg
"Women, Art, and Society",Whitney Chadwick,"{""Format:"": ""Paperback"", ""Language:"": ""English"", ""ISBN:"": ""0500202931"", ""ISBN13:"": ""9780500202937"", ""Release Date:"": ""February 1997"", ""Publisher:"": ""Thames & Hudson"", ""Length:"": ""448 Pages"", ""Weight:"": ""0.80 lbs."", ""Dimensions:"": ""1.0\"" x 5.8\"" x 8.2\""""}",https://i.thriftbooks.com/api/imagehandler/m/34328FD857B04CA8C2DDFEB68635A429E31E2EA9.jpeg
Audubon's Birds of America: The National Audubon Society Baby Elephant Folio (Tiny Folio),Virginia Marie Peterson,"{""Format:"": ""Hardcover"", ""Language:"": ""English"", ""ISBN:"": ""0789208148"", ""ISBN13:"": ""9780789208149"", ""Release Date:"": ""April 2005"", ""Publisher:"": ""Abbeville Press"", ""Length:"": ""435 Pages"", ""Weight:"": ""0.95 lbs."", ""Dimensions:"": ""1.5\"" x 4.5\"" x 5.0\""""}",https://i.thriftbooks.com/api/imagehandler/m/736EF78644AB64EAA55DED8D3B7F367460644E4C.jpeg
Living the Creative Life: Ideas and Inspiration from Working Artists,Ricë Freeman-Zachery,"{""Format:"": ""Paperback"", ""Language:"": ""English"", ""ISBN:"": ""1581809948"", ""Release Date:"": ""August 2007"", ""Publisher:"": ""North Light Books"", ""Length:"": ""144 Pages"", ""Weight:"": ""0.95 lbs."", ""Dimensions:"": ""8.0\"" x 0.4\"" x 8.0\""""}",https://m.media-amazon.com/images/I/61-MlmAjDkL._SL350_.jpg
Dinner Party,Judy Chicago,"{""Format:"": ""Paperback"", ""Language:"": ""English"", ""ISBN:"": ""0385145675"", ""ISBN13:"": ""9780385145671"", ""Release Date:"": ""March 1979"", ""Publisher:"": ""Anchor Books"", ""Length:"": ""255 Pages"", ""Weight:"": ""2.25 lbs.""}",https://m.media-amazon.com/images/I/41w9J3SbD+L._SL350_.jpg
Colleen Moore's Doll House,Terry Ann R. Neff,"{""Format:"": ""Hardcover"", ""Language:"": ""English"", ""ISBN:"": ""0385135335"", ""ISBN13:"": ""9780385135337"", ""Release Date:"": ""January 1979"", ""Publisher:"": ""Doubleday Books"", ""Length:"": ""96 Pages"", ""Weight:"": ""1.70 lbs.""}",https://m.media-amazon.com/images/I/41bLeK7MO4L._SL350_.jpg
"Art Making, Collections, and Obsessions",Lynne Perrella,"{""Format:"": ""Hardcover"", ""Language:"": ""English"", ""ISBN:"": ""1592533639"", ""ISBN13:"": ""9781592533633"", ""Release Date:"": ""February 2008"", ""Publisher:"": ""Quarry Books (MN)"", ""Length:"": ""160 Pages"", ""Weight:"": ""2.25 lbs."", ""Dimensions:"": ""0.8\"" x 9.5\"" x 11.3\""""}",https://i.thriftbooks.com/api/imagehandler/m/A3CF0530661CBA69F4AE8CA94ABEA4210A3BC2D9.jpeg
The Celtic Art Source Book,Courtney Davis,"{""Format:"": ""Paperback"", ""Language:"": ""English"", ""ISBN:"": ""0713721448"", ""ISBN13:"": ""9780713721447"", ""Release Date:"": ""December 1989"", ""Publisher:"": ""Cassell Illustrated"", ""Length:"": ""128 Pages"", ""Weight:"": ""0.80 lbs."", ""Dimensions:"": ""0.3\"" x 7.5\"" x 9.8\""""}",https://i.thriftbooks.com/api/imagehandler/m/550DDBDF71202FAFB0D72640EBF3682333D4F3C1.jpeg
Beatrix Potter: The Artist and Her World 1866-1943,Anne Stevenson Hobbs,"{""Format:"": ""Paperback"", ""Language:"": ""English"", ""ISBN:"": ""0723235619"", ""ISBN13:"": ""9780723235613"", ""Release Date:"": ""May 1988"", ""Publisher:"": ""Frederick Warne and Company"", ""Length:"": ""224 Pages"", ""Weight:"": ""1.78 lbs."", ""Dimensions:"": ""0.7\"" x 7.7\"" x 10.2\"""", ""Age Range:"": ""14 years and up"", ""Grade Range:"": ""Grade 9 and higher""}",https://i.thriftbooks.com/api/imagehandler/m/DCD3DAA1605FE506B201FEB853D39E7D34D976B1.jpeg
Miniature Rooms: The Thorne Rooms at the Art Institute of Chicago,Michael Anderson,"{""Format:"": ""Hardcover"", ""Language:"": ""English"", ""ISBN:"": ""0896594076"", ""ISBN13:"": ""9780896594074"", ""Release Date:"": ""March 1984"", ""Publisher:"": ""Abbeville Press"", ""Length:"": ""168 Pages"", ""Weight:"": ""2.22 lbs."", ""Dimensions:"": ""0.9\"" x 8.8\"" x 11.4\""""}",https://i.thriftbooks.com/api/imagehandler/m/636640A4915395E872508C0BC12F71EFA8FE3000.jpeg
Museum: Behind the Scenes at the Metropolitan Museum of Art,Danny Danziger,"{""Format:"": ""Hardcover"", ""Language:"": ""English"", ""ISBN:"": ""067003861X"", ""ISBN13:"": ""9780670038619"", ""Release Date:"": ""June 2007"", ""Publisher:"": ""Viking Books"", ""Length:"": ""277 Pages"", ""Weight:"": ""1.10 lbs."", ""Dimensions:"": ""1.0\"" x 6.1\"" x 8.6\"""", ""Age Range:"": ""18 years and up"", ""Grade Range:"": ""Postsecondary and higher""}",https://i.thriftbooks.com/api/imagehandler/m/73A950E5593E3A7443A7C862A470496DDD3F2979.jpeg
"Lone Stars, Volume I: A Legacy of Texas Quilts, 1836-1936",Karoline Patterson Bresenhan,"{""Format:"": ""Paperback"", ""Language:"": ""English"", ""ISBN:"": ""0292746490"", ""ISBN13:"": ""9780292746497"", ""Release Date:"": ""January 1986"", ""Publisher:"": ""University of Texas Press"", ""Length:"": ""156 Pages"", ""Weight:"": ""1.87 lbs."", ""Dimensions:"": ""0.5\"" x 8.3\"" x 11.7\""""}",https://i.thriftbooks.com/api/imagehandler/m/B8C74303B86B918AEDD691EF8C548CF126C18B1F.jpeg
Judith Leiber,Enid Nemy,"{""Format:"": ""Hardcover"", ""Language:"": ""English"", ""ISBN:"": ""0810935716"", ""ISBN13:"": ""9780810935716"", ""Release Date:"": ""February 1995"", ""Publisher:"": ""Harry N. Abrams"", ""Length:"": ""159 Pages"", ""Weight:"": ""2.48 lbs."", ""Dimensions:"": ""1.0\"" x 9.0\"" x 10.3\""""}",https://i.thriftbooks.com/api/imagehandler/m/A1D6F1DEC889BD6CB21DB66D4111B4347F4B5C63.jpeg
Worlds of Thomas Jefferson at Monticello,Susan R. Stein,"{""Format:"": ""Hardcover"", ""Language:"": ""English"", ""ISBN:"": ""0810939673"", ""ISBN13:"": ""9780810939677"", ""Release Date:"": ""May 1993"", ""Publisher:"": ""Harry N. Abrams"", ""Length:"": ""464 Pages"", ""Weight:"": ""5.40 lbs."", ""Dimensions:"": ""1.6\"" x 9.0\"" x 11.3\""""}",https://i.thriftbooks.com/api/imagehandler/m/F60A2A4A1135FCA13CFD1F59A6F0AC2D5819C411.jpeg
Glorious American Quilts: The Quilt Collection of the Museum of American Folk Art,Elizabeth V. Warren,"{"""": """"}",https://i.thriftbooks.com/api/imagehandler/m/C7A03F795A0801472C4FC2ABED8D670A09D8DA39.jpeg
Great Women Collectors,Marina Vaizey,"{""Format:"": ""Hardcover"", ""Language:"": ""English"", ""ISBN:"": ""0810963930"", ""ISBN13:"": ""9780810963931"", ""Release Date:"": ""November 1999"", ""Publisher:"": ""Harry N. Abrams"", ""Length:"": ""202 Pages"", ""Weight:"": ""2.60 lbs."", ""Dimensions:"": ""0.9\"" x 8.4\"" x 11.0\""""}",https://i.thriftbooks.com/api/imagehandler/m/B07522AFD3FA253338F22AECC06C0BAB3A22EEEE.jpeg
Quilts in a Material World: Selections from the Winterthur Collection,Linda Eaton,"{""Format:"": ""Hardcover"", ""Language:"": ""English"", ""ISBN:"": ""0810930129"", ""ISBN13:"": ""9780810930124"", ""Release Date:"": ""February 2007"", ""Publisher:"": ""Harry N. Abrams"", ""Length:"": ""208 Pages"", ""Weight:"": ""2.80 lbs."", ""Dimensions:"": ""0.8\"" x 10.3\"" x 10.3\""""}",https://i.thriftbooks.com/api/imagehandler/m/4E32DB0929957351A31BC6C368780AA77518DDA5.jpeg
Kremlin Gold: 1000 Years of Russian Gems and Jewels,Joel A. Bartsch,"{"""": """"}",https://i.thriftbooks.com/api/imagehandler/m/0F43A01D3A5A788F82F89980653BAFF44BC7CBD7.jpeg
Masks: Faces of Culture,John W. Nunley,"{""Format:"": ""Hardcover"", ""Language:"": ""English"", ""ISBN:"": ""0810943794"", ""ISBN13:"": ""9780810943797"", ""Release Date:"": ""October 1999"", ""Publisher:"": ""Harry N. Abrams"", ""Length:"": ""344 Pages"", ""Weight:"": ""4.75 lbs."", ""Dimensions:"": ""1.5\"" x 10.0\"" x 12.3\""""}",https://i.thriftbooks.com/api/imagehandler/m/773EE6DF00317D55AECC9806C37945F79DF96F48.jpeg
Pearls: A Natural History,Paula M. Mikkelsen,"{""Format:"": ""Hardcover"", ""Language:"": ""English"", ""ISBN:"": ""0810944952"", ""ISBN13:"": ""9780810944954"", ""Release Date:"": ""October 2001"", ""Publisher:"": ""Harry N. Abrams"", ""Length:"": ""232 Pages"", ""Weight:"": ""3.20 lbs."", ""Dimensions:"": ""1.0\"" x 9.5\"" x 11.3\""""}",https://i.thriftbooks.com/api/imagehandler/m/9D815042DE5C017126175CAAC3D157E6D3AB1008.jpeg
Carl and Karin Larsson: Creators of the Swedish Style,Elisabet Hidemark,"{""Format:"": ""Hardcover"", ""Language:"": ""English"", ""ISBN:"": ""0821224816"", ""ISBN13:"": ""9780821224816"", ""Release Date:"": ""April 1998"", ""Publisher:"": ""Bulfinch Press"", ""Length:"": ""242 Pages"", ""Weight:"": ""2.90 lbs."", ""Dimensions:"": ""0.9\"" x 8.8\"" x 11.3\""""}",https://i.thriftbooks.com/api/imagehandler/m/56A5DBB79C788B3ADDAF14C913072CAB5D3E1865.jpeg
Grace Kelly: Icon of Style to Royal Bride,H. Kristina Haugland,"{"""": """"}",https://i.thriftbooks.com/api/imagehandler/m/33D303B75319490024B54743390F70AB1A424061.jpeg
Los Caprichos,Francisco de Goya,"{""Format:"": ""Paperback"", ""Language:"": ""English"", ""ISBN:"": ""0486223841"", ""ISBN13:"": ""9780486223841"", ""Release Date:"": ""June 1969"", ""Publisher:"": ""Dover Publications"", ""Length:"": ""192 Pages"", ""Weight:"": ""0.75 lbs."", ""Dimensions:"": ""0.5\"" x 6.6\"" x 9.3\""""}",https://i.thriftbooks.com/api/imagehandler/m/E100C3D069B5866197BD320DF1DB450075D2986C.jpeg
A Passion for Collecting: Decorating with Your Favorite Objects,Caroline Clifton-Mogg,"{""Format:"": ""Hardcover"", ""Language:"": ""English"", ""ISBN:"": ""0821227785"", ""ISBN13:"": ""9780821227787"", ""Release Date:"": ""November 2002"", ""Publisher:"": ""Bulfinch Press"", ""Length:"": ""192 Pages"", ""Weight:"": ""2.70 lbs."", ""Dimensions:"": ""0.9\"" x 9.5\"" x 11.5\""""}",https://i.thriftbooks.com/api/imagehandler/m/6D8E5882D5990545AB84F6D3C04A31F0DA6DFB6A.jpeg
Fly Now!: The Poster Collection of the Smithsonian National Air and Space Museum,Joanne Gernstein London,"{""Format:"": ""Paperback"", ""Language:"": ""English"", ""ISBN:"": ""1426202903"", ""ISBN13:"": ""9781426202902"", ""Release Date:"": ""May 2008"", ""Publisher:"": ""National Geographic Society"", ""Length:"": ""191 Pages"", ""Weight:"": ""1.50 lbs."", ""Dimensions:"": ""0.6\"" x 8.2\"" x 9.8\""""}",https://i.thriftbooks.com/api/imagehandler/m/A05A9421AD484782F2FB8014834B955C20F33777.jpeg
Mardi Gras Treasures: Invitations of the Golden Age,Henri Schindler,"{"""": """"}",https://i.thriftbooks.com/api/imagehandler/m/604C2D613AB11A3E9577FF79414C4E8A0F4AE51D.jpeg
"Embroidery, 1600-1700, at the Burrell Collection",Liz Arthur,"{"""": """"}",https://m.media-amazon.com/images/I/61-xGC5R8LL._SL350_.jpg
City by the Bay: San Francisco in Art and Literature,San Francisco Museum of Modern Art Staff,"{""Format:"": ""Hardcover"", ""Language:"": ""English"", ""ISBN:"": ""0789306751"", ""ISBN13:"": ""9780789306753"", ""Release Date:"": ""September 2002"", ""Publisher:"": ""Rizzoli International Publications"", ""Length:"": ""143 Pages"", ""Weight:"": ""1.00 lbs."", ""Dimensions:"": ""0.7\"" x 6.1\"" x 8.3\""""}",https://i.thriftbooks.com/api/imagehandler/m/7E9A343972D9CC4CA96CE0AE10B22A16E983729B.jpeg
Assyrian Sculpture,British Museum,"{""Format:"": ""Paperback"", ""Language:"": ""English"", ""ISBN:"": ""071412141X"", ""ISBN13:"": ""9780714121413"", ""Release Date:"": ""September 2012"", ""Publisher:"": ""British Museum Press"", ""Length:"": ""96 Pages"", ""Weight:"": ""0.80 lbs.""}",https://i.thriftbooks.com/api/imagehandler/m/1C1E153CB570307A23E031AD5BF40A430703684C.jpeg
Cinderella's Revenge,Samuele Mazza,"{"""": """"}",https://i.thriftbooks.com/api/imagehandler/m/1A33E83207B3FED8BBB4AD1EEBD78A44F94CBD36.jpeg
Nancy Graves: Excavations in Print: A Catalogue Raisonne,Thomas Padon,"{""Format:"": ""Hardcover"", ""Language:"": ""English"", ""ISBN:"": ""0810933918"", ""ISBN13:"": ""9780810933910"", ""Release Date:"": ""January 1996"", ""Publisher:"": ""ABRAMS"", ""Length:"": ""207 Pages"", ""Weight:"": ""0.05 lbs."", ""Dimensions:"": ""0.9\"" x 9.4\"" x 11.4\""""}",https://i.thriftbooks.com/api/imagehandler/m/C6855E0DD9C0DC04488D32152FF54B39DF311FF3.jpeg
American Glass: Masters of the Art,Lloyd E. Herman,"{""Format:"": ""Paperback"", ""Language:"": ""English"", ""ISBN:"": ""0295977566"", ""ISBN13:"": ""9780295977560"", ""Release Date:"": ""January 1999"", ""Publisher:"": ""University of Washington Press"", ""Length:"": ""65 Pages"", ""Weight:"": ""0.55 lbs."", ""Dimensions:"": ""0.1\"" x 8.3\"" x 10.8\""""}",https://i.thriftbooks.com/api/imagehandler/m/90974083EAE470657D8D6DBCD29A0F140217A5C6.jpeg
Designage: The Art of the Decorative Sign,Arnold Schwartzman,"{"""": """"}",https://i.thriftbooks.com/api/imagehandler/m/58FEFB3C2A8E3AA399BD7BC65A339CAA257224E3.jpeg
"Lone Stars, Volume II: A Legacy of Texas Quilts, 1936-1986",Nancy O'Bryant Puentes,"{""Format:"": ""Paperback"", ""Language:"": ""English"", ""ISBN:"": ""0292746717"", ""ISBN13:"": ""9780292746718"", ""Release Date:"": ""January 1990"", ""Publisher:"": ""University of Texas Press"", ""Length:"": ""195 Pages"", ""Weight:"": ""2.20 lbs."", ""Dimensions:"": ""0.6\"" x 8.3\"" x 11.7\""""}",https://i.thriftbooks.com/api/imagehandler/m/F7467BBEA16AF9306F2A58D6ACCF6ECBA5B62249.jpeg
Abstract Design in American Quilts: A Biography of an Exhibition,Jonathan Holstein,"{""Format:"": ""Hardcover"", ""Language:"": ""English"", ""ISBN:"": ""1880584018"", ""ISBN13:"": ""9781880584019"", ""Release Date:"": ""January 1991"", ""Publisher:"": ""Kentucky Quilt Project"", ""Length:"": ""230 Pages""}",https://image-plz.thriftbooks.com/m/BADCCB4039154A81AE65ED8C00653F2F.png
Edvard Munch: the Frieze of Life,Arne Eggum,"{""Format:"": ""Paperback"", ""Language:"": ""English"", ""ISBN:"": ""1857090152"", ""ISBN13:"": ""9781857090154"", ""Release Date:"": ""November 1992"", ""Publisher:"": ""Yale University Press"", ""Length:"": ""299 Pages"", ""Weight:"": ""1.40 lbs.""}",https://m.media-amazon.com/images/I/51aYFVyZo3L._SL350_.jpg
American Arts & Crafts,Leslie Greene Bowman,"{""Format:"": ""Paperback"", ""Language:"": ""English"", ""ISBN:"": ""0821219200"", ""ISBN13:"": ""9780821219201"", ""Release Date:"": ""January 1992"", ""Publisher:"": ""Bulfinch Press"", ""Length:"": ""255 Pages"", ""Weight:"": ""2.65 lbs."", ""Dimensions:"": ""0.8\"" x 9.0\"" x 12.1\""""}",https://i.thriftbooks.com/api/imagehandler/m/AC57F7D179E54C936469CBC5B386F28D4503CCFC.jpeg
Beautiful Things: Original Art from the Artists of Guild.Com,Guild.Com,"{""Format:"": ""Hardcover"", ""Language:"": ""English"", ""ISBN:"": ""1893164071"", ""ISBN13:"": ""9781893164079"", ""Release Date:"": ""October 2000"", ""Publisher:"": ""Northlight"", ""Length:"": ""208 Pages"", ""Weight:"": ""3.10 lbs."", ""Dimensions:"": ""1.1\"" x 9.2\"" x 11.3\""""}",https://i.thriftbooks.com/api/imagehandler/m/83FB24D07EB394AB3411966587D9CBE1E58BB2D1.jpeg
Stroganoff: The Palace and Collections of a Russian Noble Family,Portland Art Museum,"{"""": """"}",https://i.thriftbooks.com/api/imagehandler/m/84FFCABE3974C431F2AA057449DF96BB11B913E0.jpeg
Fabric of Enchantment,Harmen C. Veldhuisen,"{""Format:"": ""Hardcover"", ""Language:"": ""English"", ""ISBN:"": ""0834803720"", ""ISBN13:"": ""9780834803725"", ""Release Date:"": ""January 1997"", ""Publisher:"": ""Weatherhill"", ""Length:"": ""256 Pages"", ""Weight:"": ""2.90 lbs."", ""Dimensions:"": ""1.0\"" x 9.4\"" x 12.3\""""}",https://m.media-amazon.com/images/I/51NWD25SN3L._SL350_.jpg
"Sex Collectors: The Secret World of Consumers, Connoisseurs, Curators, Creators, Dealers, Bibliographers, and Accumulators of ""Erotica",Geoff Nicholson,"{""Format:"": ""Hardcover"", ""Language:"": ""English"", ""ISBN:"": ""0743265874"", ""ISBN13:"": ""9780743265874"", ""Release Date:"": ""May 2006"", ""Publisher:"": ""Simon & Schuster"", ""Length:"": ""274 Pages"", ""Weight:"": ""1.05 lbs."", ""Dimensions:"": ""1.1\"" x 6.4\"" x 9.5\""""}",https://i.thriftbooks.com/api/imagehandler/m/8A14B9BAE807ADADDDD9DFC7B9DF2BF105542409.jpeg
Richard Marquis Objects,Tina Oldknow,"{""Format:"": ""Hardcover"", ""Language:"": ""English"", ""ISBN:"": ""029597687X"", ""ISBN13:"": ""9780295976877"", ""Release Date:"": ""January 1997"", ""Publisher:"": ""University of Washington Press"", ""Length:"": ""143 Pages"", ""Weight:"": ""2.20 lbs."", ""Dimensions:"": ""0.7\"" x 10.4\"" x 10.3\""""}",https://i.thriftbooks.com/api/imagehandler/m/BC74330AA56A11693E72BA17758C4A925DB46762.jpeg
Textiles for This World & Beyond: Southeast Asia--Treasures from Insular Southeast Asia,Mattiebelle Gittinger,"{"""": """"}",https://i.thriftbooks.com/api/imagehandler/m/F9B8A53FAA606B85D2ED23A7022647EA88C77A9A.jpeg
Regional Arts of the Early South: A Sampling from the Collection of the Museum of Early Southern Decorative Arts,John Bivins,"{""Format:"": ""Paperback"", ""Language:"": ""English"", ""ISBN:"": ""0945578024"", ""ISBN13:"": ""9780945578024"", ""Release Date:"": ""January 1991"", ""Publisher:"": ""Museum for Early Southern Decorative Arts"", ""Length:"": ""170 Pages"", ""Weight:"": ""2.45 lbs."", ""Dimensions:"": ""0.7\"" x 8.5\"" x 11.0\""""}",https://m.media-amazon.com/images/I/51dfjMmZpmL._SL350_.jpg
Double Vision: Companions and Choices: An Exhibition of Quilts and Paintings,Rod Buffington,"{"""": """"}",https://i.thriftbooks.com/api/imagehandler/m/F230908BF1E393A73E3E26D357F541503BA298C6.jpeg
Porcelain: Major Works by Leading Ceramists,Lark Books,"{"""": """"}",https://i.thriftbooks.com/api/imagehandler/m/EFE049B5E047C74C1FF488381A785A1A4DCF3173.jpeg
The Faberge Case: From the Private Collection of John Traina,John Traina,"{""Format:"": ""Hardcover"", ""Language:"": ""English"", ""ISBN:"": ""0810933446"", ""ISBN13:"": ""9780810933446"", ""Release Date:"": ""January 1998"", ""Publisher:"": ""ABRAMS"", ""Length:"": ""192 Pages"", ""Weight:"": ""2.40 lbs."", ""Dimensions:"": ""0.8\"" x 8.8\"" x 11.4\""""}",https://i.thriftbooks.com/api/imagehandler/m/148B5ED23E7540E1542E33EB6590D9F1F3261484.jpeg
The Boydell Shakespeare Prints,Josiah Boydell,"{""Format:"": ""Hardcover"", ""Language:"": ""English"", ""ISBN:"": ""0405122977"", ""ISBN13:"": ""9780405122972"", ""Release Date:"": ""January 1979"", ""Publisher:"": ""Arno Press"", ""Length:"": ""9 Pages"", ""Weight:"": ""4.10 lbs.""}",https://m.media-amazon.com/images/I/41+BWq34G1L._SL350_.jpg
"The Huntington Library, Art Collections and Botanical Gardens",Peggy Park Bernal,"{""Format:"": ""Hardcover"", ""Language:"": ""English"", ""ISBN:"": ""0873281438"", ""ISBN13:"": ""9780873281430"", ""Release Date:"": ""January 2003"", ""Publisher:"": ""Huntington Library Press"", ""Length:"": ""80 Pages"", ""Weight:"": ""1.80 lbs."", ""Dimensions:"": ""0.3\"" x 8.5\"" x 11.0\""""}",https://m.media-amazon.com/images/I/51WRVC3BSKL._SL350_.jpg
American Art Pottery,Barbara A. Perry,"{"""": """"}",https://i.thriftbooks.com/api/imagehandler/m/FBC3078238A7489CDDF784F8637F665F7F5B5471.jpeg
White House Collection of American Crafts,Michael W. Monroe,"{""Format:"": ""Hardcover"", ""Language:"": ""English"", ""ISBN:"": ""0810940353"", ""ISBN13:"": ""9780810940352"", ""Release Date:"": ""April 1995"", ""Publisher:"": ""Harry N. Abrams"", ""Length:"": ""128 Pages"", ""Weight:"": ""2.25 lbs."", ""Dimensions:"": ""0.6\"" x 8.8\"" x 11.3\""""}",https://i.thriftbooks.com/api/imagehandler/m/883FA945161F1623A4CA734595F722FC7AE9E7C6.jpeg
Turning Wood Into Art: The Jane and Arthur Mason Collection,Suzanne Ramljak,"{""Format:"": ""Hardcover"", ""Language:"": ""English"", ""ISBN:"": ""0810944839"", ""ISBN13:"": ""9780810944831"", ""Release Date:"": ""May 2000"", ""Publisher:"": ""Harry N. Abrams"", ""Length:"": ""208 Pages"", ""Weight:"": ""3.10 lbs."", ""Dimensions:"": ""0.9\"" x 9.4\"" x 11.9\""""}",https://i.thriftbooks.com/api/imagehandler/m/6A64CB789514CBE5BE53B3E8028402285324A87D.jpeg
Glass in Early America,Arlene Palmer,"{"""": """"}",https://i.thriftbooks.com/api/imagehandler/m/C6218EEC2906543FC01646E8820F926EB0809750.jpeg
"Illuminated Manuscripts: Treasures of the Pierpont Morgan Library, New York",William Vockle,"{""Format:"": ""Hardcover"", ""Language:"": ""English"", ""ISBN:"": ""0789202166"", ""ISBN13:"": ""9780789202161"", ""Release Date:"": ""October 1998"", ""Publisher:"": ""Abbeville Press"", ""Length:"": ""288 Pages"", ""Weight:"": ""0.55 lbs."", ""Dimensions:"": ""0.8\"" x 4.2\"" x 4.6\""""}",https://i.thriftbooks.com/api/imagehandler/m/401585DF2B41833954AFC0B24C15E67B3F841CE5.jpeg
The Symbolist Prints of Edvard Munch: The Vivian and David Campbell Collection,Elizabeth Prelinger,"{""Format:"": ""Paperback"", ""Language:"": ""English"", ""ISBN:"": ""1895235413"", ""ISBN13:"": ""9781895235418"", ""Release Date:"": ""January 1996"", ""Publisher:"": ""Yale Univ Pr"", ""Length:"": ""236 Pages"", ""Weight:"": ""2.65 lbs.""}",https://m.media-amazon.com/images/I/51z7niaqRBL._SL350_.jpg
Miller's: Collecting Prints & Posters,Janet Gleeson,"{"""": """"}",https://i.thriftbooks.com/api/imagehandler/m/7DA73CA77D8986118E87C478775ACA800F6842A1.jpeg
Frank Lloyd Wright's Dining Rooms,Carla Lind,"{"""": """"}",https://i.thriftbooks.com/api/imagehandler/m/5BB4921F6E7DD8249A9AE6C64151ABBA0C7D34DB.jpeg
"Contemporary International Basketmaking: Stories, Studies, and Letters of African American Migrations",Mary Butcher,"{""Format:"": ""Paperback"", ""Language:"": ""English"", ""ISBN:"": ""1858940788"", ""ISBN13:"": ""9781858940786"", ""Release Date:"": ""January 2003"", ""Publisher:"": ""Merrell"", ""Length:"": ""119 Pages"", ""Weight:"": ""1.40 lbs."", ""Dimensions:"": ""0.5\"" x 8.7\"" x 11.0\""""}",https://i.thriftbooks.com/api/imagehandler/m/F66E57D47CC675D713A28487D79C58D73F361D2A.jpeg
The Potter's Eye: Art and Tradition in North Carolina Pottery,Mark Hewitt,"{"""": """"}",https://i.thriftbooks.com/api/imagehandler/m/F87D47D7E46E1D25A2E7DE6D38491F5BAA69A0D5.jpeg
New Quilt 1: Dairy Barn Quilt National,Dairy Barn Quilt National,"{"""": """"}",https://m.media-amazon.com/images/I/61yRKjEw8CL._SL350_.jpg
"Maya Textiles of Guatemala: The Gustavus A. Eisen Collection, 1902",Margot Blum Schevill,"{""Format:"": ""Hardcover"", ""Language:"": ""English"", ""ISBN:"": ""0292751435"", ""ISBN13:"": ""9780292751439"", ""Release Date:"": ""December 1993"", ""Publisher:"": ""University of Texas Press"", ""Length:"": ""320 Pages"", ""Weight:"": ""3.50 lbs."", ""Dimensions:"": ""1.2\"" x 8.6\"" x 12.1\""""}",https://m.media-amazon.com/images/I/51P8mFqX5zL._SL350_.jpg
Elegant Eating: Four Hundred Years of Dining in Style,Philippa Glanville,"{"""": """"}",https://i.thriftbooks.com/api/imagehandler/m/89FF1EE4830CBB7ABBB54A93DE607EEA8D26B0E4.jpeg
A Museum for the New Century: The J. Paul Getty Museum and Its Collections,John Walsh,"{""Format:"": ""Hardcover"", ""Language:"": ""English"", ""ISBN:"": ""0892364750"", ""ISBN13:"": ""9780892364756"", ""Release Date:"": ""December 1997"", ""Publisher:"": ""Oxford University Press, USA"", ""Length:"": ""304 Pages"", ""Weight:"": ""0.40 lbs."", ""Dimensions:"": ""1.2\"" x 9.4\"" x 12.3\""""}",https://i.thriftbooks.com/api/imagehandler/m/76D01C1B5ABE47875D997C80B437DA0BCBB00615.jpeg
"Visions: Quilts, Layers of Excellence",Quilt San Diego,"{""Format:"": ""Paperback"", ""Language:"": ""English"", ""ISBN:"": ""0914881825"", ""ISBN13:"": ""9780914881827"", ""Release Date:"": ""January 1994"", ""Publisher:"": ""C&T Publishing"", ""Length:"": ""64 Pages"", ""Weight:"": ""3.55 lbs."", ""Dimensions:"": ""0.3\"" x 8.5\"" x 11.0\""""}",https://m.media-amazon.com/images/I/51jU9kYTGfL._SL350_.jpg
The Gold of the Pharaohs,Henri Stierlin,"{""Format:"": ""Paperback"", ""Language:"": ""English"", ""ISBN:"": ""0681692561"", ""ISBN13:"": ""9780681692565"", ""Release Date:"": ""January 2003"", ""Publisher:"": ""Telleri"", ""Length:"": ""219 Pages"", ""Weight:"": ""2.20 lbs.""}",https://m.media-amazon.com/images/I/5171ZqPBWBL._SL350_.jpg
"Color and Fire: Defining Moments in Studio Ceramics, 1950-2000",Jo Lauria,"{"""": """"}",https://i.thriftbooks.com/api/imagehandler/m/68E77F3EA727E3AB2FF921311CA5ACFF3A8E57BD.jpeg
Visions: The Art of the Quilt,Deborah Bird Timby,"{""Format:"": ""Paperback"", ""Language:"": ""English"", ""ISBN:"": ""091488154X"", ""ISBN13:"": ""9780914881544"", ""Release Date:"": ""January 1992"", ""Publisher:"": ""C&T Publishing"", ""Length:"": ""88 Pages"", ""Weight:"": ""1.45 lbs."", ""Dimensions:"": ""0.3\"" x 8.5\"" x 11.0\""""}",https://m.media-amazon.com/images/I/61vFVFWPk0L._SL350_.jpg
"American Presidential China: The Robert L. McNeil, JR., Collection at the Philadelphia Museum of Art",Susan Gray Detweiler,"{"""": """"}",https://m.media-amazon.com/images/I/41o6T5EGq9L._SL350_.jpg
Masters: Art Quilts: Major Works by Leading Artists,Ray Hemachandra,"{"""": """"}",https://i.thriftbooks.com/api/imagehandler/m/69E1569106F637BEF9F5D9DC732A0B269EAF9CFE.jpeg
National Geographic Guide to Americas Great Houses,Henry Wiencek,"{""Format:"": ""Paperback"", ""Language:"": ""English"", ""ISBN:"": ""0792274245"", ""ISBN13:"": ""9780792274247"", ""Release Date:"": ""March 1999"", ""Publisher:"": ""National Geographic Society"", ""Length:"": ""320 Pages"", ""Weight:"": ""1.40 lbs."", ""Dimensions:"": ""0.6\"" x 6.0\"" x 9.0\""""}",https://i.thriftbooks.com/api/imagehandler/m/63EDEB1035E6B851ABD6CC060A239486492C7EDF.jpeg
American Quilts & Coverlets in the Metropolitan Museum of Art,Amelia Peck,"{""Format:"": ""Hardcover"", ""Language:"": ""English"", ""ISBN:"": ""0870995928"", ""ISBN13:"": ""9780870995927"", ""Release Date:"": ""January 1990"", ""Publisher:"": ""Metropolitan Museum of Art New York"", ""Length:"": ""264 Pages"", ""Weight:"": ""3.25 lbs.""}",https://m.media-amazon.com/images/I/31ulcZneknL._SL350_.jpg
Colonial Williamsburg Decorates for Christmas: Step-By-Step Illustrated Instructions for Christmas Decorations That You Can Make for Your Home,Libbey Hodges Oliver,"{""Format:"": ""Paperback"", ""Language:"": ""English"", ""ISBN:"": ""087935058X"", ""ISBN13:"": ""9780879350581"", ""Release Date:"": ""June 1981"", ""Publisher:"": ""Colonial Williamsburg Foundation"", ""Length:"": ""80 Pages"", ""Weight:"": ""0.90 lbs."", ""Dimensions:"": ""0.2\"" x 9.1\"" x 12.1\""""}",https://i.thriftbooks.com/api/imagehandler/m/24C1817795615FE4653DCC2A4465325D9E9A2AE3.jpeg
Glass Toothpick Holders: Identification & Values,Bob Sanford,"{""Format:"": ""Hardcover"", ""Language:"": ""English"", ""ISBN:"": ""1574321277"", ""ISBN13:"": ""9781574321272"", ""Release Date:"": ""January 1999"", ""Publisher:"": ""Collector Books"", ""Length:"": ""247 Pages"", ""Weight:"": ""2.40 lbs."", ""Dimensions:"": ""0.8\"" x 8.8\"" x 11.4\""""}",https://i.thriftbooks.com/api/imagehandler/m/64E7B62592C3CA1FC98E7C7BF55A93049AD02387.jpeg
Chihuly,Donald B. Kuspit,"{""Format:"": ""Hardcover"", ""Language:"": ""English"", ""ISBN:"": ""0810963736"", ""ISBN13:"": ""9780810963733"", ""Release Date:"": ""April 1999"", ""Publisher:"": ""Chihuly"", ""Length:"": ""368 Pages"", ""Weight:"": ""5.45 lbs."", ""Dimensions:"": ""1.5\"" x 10.0\"" x 11.8\""""}",https://i.thriftbooks.com/api/imagehandler/m/C2312F8385297FBD50693977227DC80020D42D6E.jpeg
Hokusai: Prints and Drawings,Matthi Forrer,"{""Format:"": ""Paperback"", ""Language:"": ""English"", ""ISBN:"": ""379132490X"", ""ISBN13:"": ""9783791324906"", ""Release Date:"": ""April 2001"", ""Publisher:"": ""Prestel Publishing"", ""Length:"": ""219 Pages"", ""Weight:"": ""2.60 lbs."", ""Dimensions:"": ""0.8\"" x 9.6\"" x 11.2\""""}",https://m.media-amazon.com/images/I/61IYmV5ut1L._SL350_.jpg
New England Quilt Museum Quilts - The - Print on Demand Edition,Jennifer Gilbert,"{""Format:"": ""Paperback"", ""Language:"": ""English"", ""ISBN:"": ""1571200754"", ""ISBN13:"": ""9781571200754"", ""Release Date:"": ""February 2011"", ""Publisher:"": ""C&T Publishing"", ""Length:"": ""98 Pages"", ""Weight:"": ""0.10 lbs."", ""Dimensions:"": ""0.3\"" x 8.5\"" x 11.0\""""}",https://i.thriftbooks.com/api/imagehandler/m/26A4C4B6557695AEC973D145D02089B59A687214.jpeg
Enduring Grace: Quilts from the Shelburne Museum Collection,Celia Y. Oliver,"{"""": """"}",https://i.thriftbooks.com/api/imagehandler/m/249251C043AD52F2C2EA4B53F4B2F91D1C39CE31.jpeg
"Collage with Color: Create Unique, Expressive Collages in Vibrant Color",Jane Davies,"{""Format:"": ""Paperback"", ""Language:"": ""English"", ""ISBN:"": ""0823007979"", ""ISBN13:"": ""9780823007974"", ""Release Date:"": ""October 2005"", ""Publisher:"": ""Watson-Guptill Publications"", ""Length:"": ""128 Pages"", ""Weight:"": ""1.05 lbs."", ""Dimensions:"": ""0.4\"" x 8.4\"" x 9.9\""""}",https://i.thriftbooks.com/api/imagehandler/m/0E3847CE2CA7C7421E9E2CB215C4D56E609BCA9C.jpeg
The Great Book of Currier and Ives' America,Walton H. Rawls,"{""Format:"": ""Paperback"", ""Language:"": ""English"", ""ISBN:"": ""1558592296"", ""ISBN13:"": ""9781558592292"", ""Release Date:"": ""December 1991"", ""Publisher:"": ""Abbeville Press"", ""Length:"": ""320 Pages"", ""Weight:"": ""0.70 lbs."", ""Dimensions:"": ""0.8\"" x 4.0\"" x 4.5\""""}",https://i.thriftbooks.com/api/imagehandler/m/0D6D36400C8070D02A05FECD8F560EAC9E3D683A.jpeg
The Magic of M. C. Escher,W.F. Veldhuysen,"{""Format:"": ""Hardcover"", ""Language:"": ""English"", ""ISBN:"": ""0810967200"", ""ISBN13:"": ""9780810967205"", ""Release Date:"": ""October 2000"", ""Publisher:"": ""ABRAMS"", ""Length:"": ""200 Pages"", ""Weight:"": ""3.90 lbs."", ""Dimensions:"": ""0.9\"" x 10.8\"" x 12.7\""""}",https://i.thriftbooks.com/api/imagehandler/m/3F2AC8D2D5C2AF0AD419626691E9106C1EFD65BB.jpeg
Chihuly: Form from Fire,Henry Geldzahler,"{"""": """"}",https://m.media-amazon.com/images/I/512xLH7IrhL._SL350_.jpg
"Art Nouveau & Early Art Deco Type & Design, from the Roman Scherer Catalogue",Theodore Menten,"{"""": """"}",https://m.media-amazon.com/images/I/51fEzcrWWaL._SL350_.jpg
Mark Hampton: The Art of Friendship,Duane Hampton,"{"""": """"}",https://i.thriftbooks.com/api/imagehandler/m/EE8D5353CF620E9911E20AD3BBE30354C8D725A9.jpeg
Mary Cassatt: The Color Prints,Nancy Mowll Mathews,"{""Format:"": ""Paperback"", ""ISBN:"": ""0913697060"", ""ISBN13:"": ""9780913697061"", ""Release Date:"": ""September 1992"", ""Publisher:"": ""Harry N Abrams"", ""Weight:"": ""2.45 lbs.""}",https://m.media-amazon.com/images/I/51kF0lJ2UPL._SL350_.jpg
The Art of Dale Chihuly,Timothy Anglin Burgard,"{""Format:"": ""Paperback"", ""Language:"": ""English"", ""ISBN:"": ""0811866262"", ""ISBN13:"": ""9780811866262"", ""Release Date:"": ""June 2008"", ""Publisher:"": ""Chronicle Books"", ""Length:"": ""160 Pages"", ""Weight:"": ""2.15 lbs."", ""Dimensions:"": ""0.8\"" x 9.3\"" x 12.0\"""", ""Age Range:"": ""18 years and up"", ""Grade Range:"": ""Postsecondary""}",https://i.thriftbooks.com/api/imagehandler/m/0FB804003CCD2C17F2533371BBC4158F1CB00336.jpeg
"Grant Wood, the Regionalist Vision",Wanda M. Corn,"{""Format:"": ""Paperback"", ""Language:"": ""English"", ""ISBN:"": ""0300031041"", ""Release Date:"": ""February 1985"", ""Publisher:"": ""Yale University Press"", ""Length:"": ""168 Pages"", ""Weight:"": ""1.70 lbs.""}",https://m.media-amazon.com/images/I/31OHgFpozEL._SL350_.jpg
Bridal Bouquet: Penhaligon's Scented Treasury of Verse and Prose,Sheila Pickles,"{""Format:"": ""Hardcover"", ""Language:"": ""English"", ""ISBN:"": ""0517585073"", ""ISBN13:"": ""9780517585078"", ""Release Date:"": ""September 1991"", ""Publisher:"": ""Harmony"", ""Length:"": ""111 Pages"", ""Weight:"": ""1.50 lbs."", ""Dimensions:"": ""1.0\"" x 5.7\"" x 8.5\""""}",https://m.media-amazon.com/images/I/514QT3BB7eL._SL350_.jpg
Fairy Garden: Fairies of the Four Seasons (Hd),Tom Cross,"{""Format:"": ""Hardcover"", ""Language:"": ""English"", ""ISBN:"": ""0836267869"", ""ISBN13:"": ""9780836267860"", ""Release Date:"": ""January 1998"", ""Publisher:"": ""Andrews McMeel Publishing"", ""Length:"": ""96 Pages"", ""Weight:"": ""1.63 lbs."", ""Dimensions:"": ""0.7\"" x 9.1\"" x 11.1\""""}",https://i.thriftbooks.com/api/imagehandler/m/B9EDEE776813AC14BB1D3DF68378458D7889044D.jpeg
Quilt National: Contemporary Designs in Fabric,Lark Books,"{"""": """"}",https://i.thriftbooks.com/api/imagehandler/m/F4AC89913014288B5D2F4DAA1BFFE00610F0FAE6.jpeg
"Contemporary Quilts: Quilt National, 1997",Quilt National,"{""Format:"": ""Hardcover"", ""Language:"": ""English"", ""ISBN:"": ""1887374353"", ""ISBN13:"": ""9781887374354"", ""Release Date:"": ""December 1999"", ""Publisher:"": ""Lark Books (NC)"", ""Length:"": ""112 Pages"", ""Weight:"": ""1.55 lbs."", ""Dimensions:"": ""0.6\"" x 8.8\"" x 11.3\""""}",https://i.thriftbooks.com/api/imagehandler/m/E848EB8481397A2E69413F1DA7A4DB62A0AF4FE7.jpeg
Sister Wendy's Book of Muses,Wendy Beckett,"{""Format:"": ""Hardcover"", ""Language:"": ""English"", ""ISBN:"": ""0810943883"", ""ISBN13:"": ""9780810943889"", ""Release Date:"": ""November 2000"", ""Publisher:"": ""Harry N. Abrams"", ""Length:"": ""48 Pages"", ""Weight:"": ""0.50 lbs."", ""Dimensions:"": ""0.5\"" x 6.3\"" x 7.5\""""}",https://i.thriftbooks.com/api/imagehandler/m/E00AF4A983AFF0F54F0E3F4DBD35D7799910934B.jpeg
Biltmore Estate: The Most Distinguished Private Place,John M. Bryan,"{""Format:"": ""Hardcover"", ""Language:"": ""English"", ""ISBN:"": ""084781811X"", ""ISBN13:"": ""9780847818112"", ""Release Date:"": ""September 1994"", ""Publisher:"": ""Rizzoli International Publications"", ""Length:"": ""160 Pages"", ""Weight:"": ""2.64 lbs."", ""Dimensions:"": ""0.8\"" x 9.3\"" x 12.4\""""}",https://i.thriftbooks.com/api/imagehandler/m/96E0F9705E6ECA7F233C36D538FA7AADD9B104FA.jpeg
Faberge,Karen Farrington,"{"""": """"}",https://i.thriftbooks.com/api/imagehandler/m/1405321D3E506E71A7DE2123983BC88FD56943C7.jpeg
"Caryl Bryer Fallert: A Spectrum of Quilts, 1983-1995",Caryl Bryer Fallert,"{""Format:"": ""Paperback"", ""Language:"": ""English"", ""ISBN:"": ""0891458743"", ""ISBN13:"": ""9780891458746"", ""Release Date:"": ""January 1996"", ""Publisher:"": ""American Quilter's Society"", ""Length:"": ""111 Pages"", ""Weight:"": ""0.95 lbs."", ""Dimensions:"": ""0.3\"" x 8.3\"" x 10.8\""""}",https://i.thriftbooks.com/api/imagehandler/m/4557A65A493258AFB76DA1F27E6C123457E8D24D.jpeg
The Jewels of Lalique,Yvonne Brunhammer,"{"""": """"}",https://i.thriftbooks.com/api/imagehandler/m/21A8FE6FBF2E1DF1318D68712CD76D61701FF155.jpeg
Nancy Crow--Improvisational Quilts,Nancy Crow,"{"""": """"}",https://i.thriftbooks.com/api/imagehandler/m/55A91B51B2DF8651AED886818A4BF4C4C7CA99D1.jpeg
Faberge: Fantasies & Treasures,Geza von Habsburg,"{""Format:"": ""Hardcover"", ""Language:"": ""English"", ""ISBN:"": ""0789300192"", ""ISBN13:"": ""9780789300195"", ""Release Date:"": ""February 1996"", ""Publisher:"": ""Universe Publishing(NY)"", ""Length:"": ""80 Pages"", ""Weight:"": ""0.70 lbs."", ""Dimensions:"": ""0.6\"" x 7.6\"" x 7.5\""""}",https://i.thriftbooks.com/api/imagehandler/m/EBD8C5C4092B10EFA283FF7CF5B4C9021DCE8A69.jpeg
Treasury of the World: Jewelled Arts of India in the Age of the Mughals,Manuel Keene,"{""Format:"": ""Paperback"", ""Language:"": ""English"", ""ISBN:"": ""0500976082"", ""ISBN13:"": ""9780500976081"", ""Release Date:"": ""May 2001"", ""Publisher:"": ""Thames & Hudson"", ""Length:"": ""160 Pages"", ""Weight:"": ""1.80 lbs."", ""Dimensions:"": ""0.5\"" x 8.7\"" x 10.9\""""}",https://i.thriftbooks.com/api/imagehandler/m/FD3B5CDF541E3A9A8C79EC3F8D3470D0515E342B.jpeg
Collected Best of Watercolor,Betty Lou Schlemm,"{"""": """"}",https://i.thriftbooks.com/api/imagehandler/m/77ADF15F0A226B4899FE1752024E6DE52AFBFD0D.jpeg
Art Deco 1910-1939,Charlotte Benton,"{"""": """"}",https://i.thriftbooks.com/api/imagehandler/m/75504A68557C1952B60004F60AEB5A3F872BF066.jpeg
"Pottery by American Indian Women: Facts, Tips and Advice for Dads-To-Be",National Museum of Women in the Arts (U. S.),"{""Format:"": ""Hardcover"", ""Language:"": ""English"", ""ISBN:"": ""0789203537"", ""ISBN13:"": ""9780789203533"", ""Release Date:"": ""August 1997"", ""Publisher:"": ""Abbeville Press"", ""Length:"": ""224 Pages"", ""Weight:"": ""3.45 lbs."", ""Dimensions:"": ""1.0\"" x 11.3\"" x 10.3\""""}",https://i.thriftbooks.com/api/imagehandler/m/E103A2CE105AB905ACD7EEE62A8B5BD90AEF2E3D.jpeg
Unicorn Tapestries,Adolph S. Cavallo,"{""Format:"": ""Hardcover"", ""Language:"": ""English"", ""ISBN:"": ""0810939479"", ""ISBN13:"": ""9780810939479"", ""Release Date:"": ""September 1998"", ""Publisher:"": ""ABRAMS"", ""Length:"": ""128 Pages"", ""Weight:"": ""2.35 lbs."", ""Dimensions:"": ""0.7\"" x 9.6\"" x 12.3\""""}",https://m.media-amazon.com/images/I/412kKBEy6fL._SL350_.jpg
Haute Couture,Harold Koda,"{""Format:"": ""Hardcover"", ""Language:"": ""English"", ""ISBN:"": ""0870997610"", ""ISBN13:"": ""9780870997617"", ""Release Date:"": ""January 1995"", ""Publisher:"": ""Metropolitan Museum of Art New York"", ""Length:"": ""118 Pages"", ""Weight:"": ""1.10 lbs.""}",https://m.media-amazon.com/images/I/514TM+aoQuL._SL350_.jpg
Basketmaker in Rural Japan,Louise Allison Cort,"{""Format:"": ""Paperback"", ""Language:"": ""English"", ""ISBN:"": ""0834803364"", ""ISBN13:"": ""9780834803367"", ""Release Date:"": ""January 1995"", ""Publisher:"": ""Weatherhill"", ""Length:"": ""160 Pages"", ""Weight:"": ""1.55 lbs."", ""Dimensions:"": ""0.8\"" x 9.3\"" x 9.3\""""}",https://m.media-amazon.com/images/I/515DSy1BFTL._SL350_.jpg
The New Quilt 2: Dairy Barn Quilt National 1993,Dairy Barn Quilt National,"{"""": """"}",https://i.thriftbooks.com/api/imagehandler/m/CE209C608A2BF23B338DBC5592032623B4C1511C.jpeg
Posters American Style,Therese Thau Heyman,"{""Format:"": ""Hardcover"", ""Language:"": ""English"", ""ISBN:"": ""0810937492"", ""ISBN13:"": ""9780810937499"", ""Release Date:"": ""January 1998"", ""Publisher:"": ""ABRAMS"", ""Length:"": ""191 Pages"", ""Weight:"": ""2.75 lbs."", ""Dimensions:"": ""0.8\"" x 9.1\"" x 11.8\""""}",https://i.thriftbooks.com/api/imagehandler/m/8AC247D8552DCFA2CB4E36EA6AA2D128B8BC559E.jpeg
Treasures of the White House,Betty C. Monkman,"{"""": """"}",https://i.thriftbooks.com/api/imagehandler/m/4E4037791E9EFCAA48BC0E77D5FEB365F29C74E0.jpeg
Art Quilts: Playing with a Full Deck,Verna Suit,"{""Format:"": ""Paperback"", ""Language:"": ""English"", ""ISBN:"": ""087654300X"", ""ISBN13:"": ""9780876543009"", ""Release Date:"": ""January 1995"", ""Publisher:"": ""Pomegranate Communications"", ""Length:"": ""152 Pages"", ""Weight:"": ""1.85 lbs."", ""Dimensions:"": ""0.5\"" x 9.1\"" x 11.6\""""}",https://i.thriftbooks.com/api/imagehandler/m/94C242E9FB0270948D60B42B1855C28A564D9BB4.jpeg
"Thirty-Five Years at Crown Point Press: Making Prints, Doing Art, (Published in Association with the Fine Arts Museums of San Francisco)",Steven A. Nash,"{""Format:"": ""Paperback"", ""Language:"": ""English"", ""ISBN:"": ""0520210611"", ""ISBN13:"": ""9780520210615"", ""Release Date:"": ""July 1997"", ""Publisher:"": ""University of California Press"", ""Length:"": ""216 Pages"", ""Weight:"": ""2.25 lbs."", ""Dimensions:"": ""0.6\"" x 9.0\"" x 12.1\""""}",https://i.thriftbooks.com/api/imagehandler/m/DB18E236229154E670E915CEA1AA902C16C10573.jpeg
Louis Comfort Tiffany at the Metropolitan Museum,Alice Cooney Frelinghuysen,"{""Format:"": ""Paperback"", ""Language:"": ""English"", ""ISBN:"": ""0300085591"", ""ISBN13:"": ""9780300085594"", ""Release Date:"": ""January 1999"", ""Publisher:"": ""Metropolitan Museum of Art New York"", ""Length:"": ""100 Pages"", ""Weight:"": ""1.20 lbs."", ""Dimensions:"": ""0.4\"" x 8.8\"" x 11.1\""""}",https://i.thriftbooks.com/api/imagehandler/m/795E0D411F180AE35905F6BEB4B6D4FC5C719841.jpeg
Chihuly Over Venice,William Warmus,"{""Format:"": ""Hardcover"", ""Language:"": ""English"", ""ISBN:"": ""1576840050"", ""ISBN13:"": ""9781576840054"", ""Release Date:"": ""January 1997"", ""Publisher:"": ""Chihuly Workshop"", ""Length:"": ""136 Pages"", ""Weight:"": ""2.55 lbs."", ""Dimensions:"": ""0.8\"" x 9.3\"" x 12.4\""""}",https://i.thriftbooks.com/api/imagehandler/m/B810AD6CD0E1BDBBB31C3E306330DCA9DEA271BD.jpeg
Lino Tagliapietra in Retrospect: A Modern Renaissance in Italian Glass [With DVD],Susanne K. Frantz,"{"""": """"}",https://i.thriftbooks.com/api/imagehandler/m/5FD278AD85AE4E8D2A6938B4A92F3C73D02D986F.jpeg
Chihuly at the V&a,Dale Chihuly,"{""Format:"": ""Hardcover"", ""Language:"": ""English"", ""ISBN:"": ""1576840174"", ""ISBN13:"": ""9781576840177"", ""Release Date:"": ""January 2001"", ""Publisher:"": ""Chihuly Workshop"", ""Length:"": ""149 Pages"", ""Weight:"": ""2.65 lbs."", ""Dimensions:"": ""0.7\"" x 9.4\"" x 12.5\""""}",https://i.thriftbooks.com/api/imagehandler/m/6540B3962E73594EC9A65461F3E41D08B432CAB6.jpeg
James McNeill Whistler at the Freer Gallery of Art,David Park Curry,"{""Format:"": ""Hardcover"", ""Language:"": ""English"", ""ISBN:"": ""0393018474"", ""ISBN13:"": ""9780393018479"", ""Release Date:"": ""January 1984"", ""Publisher:"": ""W. W. Norton & Company"", ""Length:"": ""319 Pages"", ""Weight:"": ""3.55 lbs.""}",https://m.media-amazon.com/images/I/514WSR-FFHL._SL350_.jpg
Andy Warhol Prints: A catalogue raisonne,Jorg Schellmann,"{""Format:"": ""Hardcover"", ""Language:"": ""English"", ""ISBN:"": ""0896595803"", ""ISBN13:"": ""9780896595804"", ""Release Date:"": ""June 1985"", ""Publisher:"": ""Abbeville Press"", ""Length:"": ""119 Pages"", ""Weight:"": ""1.80 lbs.""}",https://m.media-amazon.com/images/I/51TNwlc6+eL._SL350_.jpg
Fiber Expressions: The Contemporary Quilt,Natl Quilt,"{""Format:"": ""Paperback"", ""Language:"": ""English"", ""ISBN:"": ""0887400930"", ""ISBN13:"": ""9780887400933"", ""Release Date:"": ""January 1997"", ""Publisher:"": ""Schiffer Craft"", ""Length:"": ""88 Pages"", ""Weight:"": ""0.75 lbs."", ""Dimensions:"": ""0.2\"" x 8.3\"" x 10.8\""""}",https://i.thriftbooks.com/api/imagehandler/m/AEF631A14CC8DC768443817D13E2E0353BBB8F4E.jpeg
The Song of the Loom: New Traditions in Navajo Weaving,Frederick J. Dockstader,"{"""": """"}",https://m.media-amazon.com/images/I/519eq4lvFsL._SL350_.jpg
From the Land of the Totem Poles: The Northwest Coast Indian Art Collection at the American Museum of Natural History,Aldona Jonaitis,"{""Format:"": ""Paperback"", ""Language:"": ""English"", ""ISBN:"": ""0295970227"", ""ISBN13:"": ""9780295970226"", ""Release Date:"": ""January 1991"", ""Publisher:"": ""University of Washington Press"", ""Length:"": ""269 Pages"", ""Weight:"": ""3.55 lbs."", ""Dimensions:"": ""0.9\"" x 9.0\"" x 12.1\""""}",https://i.thriftbooks.com/api/imagehandler/m/3477460D3EA291D5CE0518B69976EB9DD335E77F.jpeg
Josh Simpson: Glass Artist,Andrew Chaikin,"{""Format:"": ""Hardcover"", ""Language:"": ""English"", ""ISBN:"": ""1893164098"", ""ISBN13:"": ""9781893164093"", ""Release Date:"": ""May 2001"", ""Publisher:"": ""Guild Publishing"", ""Length:"": ""126 Pages"", ""Weight:"": ""2.10 lbs."", ""Dimensions:"": ""1.7\"" x 9.2\"" x 11.6\""""}",https://i.thriftbooks.com/api/imagehandler/m/14C2F1EC98D01A7591FF78FED6A8ECB2EBCA8FDC.jpeg
Fantastic Plastic,Pete Ward,"{""Format:"": ""Hardcover"", ""Language:"": ""English"", ""ISBN:"": ""0785807349"", ""ISBN13:"": ""9780785807346"", ""Release Date:"": ""January 1997"", ""Publisher:"": ""Chartwell Books"", ""Length:"": ""144 Pages"", ""Weight:"": ""2.45 lbs."", ""Dimensions:"": ""0.7\"" x 9.3\"" x 12.3\""""}",https://i.thriftbooks.com/api/imagehandler/m/746438708A8F116A4DB28E72DCD967215E2A21DF.jpeg
Official White House china;: 1789 to the present,Margaret Brown Klapthor,"{"""": """"}",https://m.media-amazon.com/images/I/51Nvla2bZLL._SL350_.jpg
"Wrapped in Glory: Figurative Quilts and Bedcovers, 1700-1900",Sandi Fox,"{""Format:"": ""Hardcover"", ""Language:"": ""English"", ""ISBN:"": ""050001499X"", ""ISBN13:"": ""9780500014998"", ""Release Date:"": ""January 1990"", ""Publisher:"": ""Thames & Hudson"", ""Length:"": ""167 Pages"", ""Weight:"": ""2.33 lbs.""}",https://m.media-amazon.com/images/I/41b6TOhXA1L._SL350_.jpg
Mimbres Pottery: Ancient Art of the American Southwest,Steven A. LeBlanc,"{""Format:"": ""Paperback"", ""Language:"": ""English"", ""ISBN:"": ""0933920474"", ""ISBN13:"": ""9780933920477"", ""Release Date:"": ""January 1983"", ""Publisher:"": ""Hudson Hills Press"", ""Length:"": ""128 Pages"", ""Weight:"": ""1.65 lbs.""}",https://m.media-amazon.com/images/I/51I8ryo5wAL._SL350_.jpg
The Arts & Crafts Movement in Europe & America: Design for the Modern World [Paperback],Wendy Kaplan,"{""Format:"": ""Unknown Binding"", ""Language:"": ""English"", ""ISBN:"": ""0875871917"", ""ISBN13:"": ""9780875871912"", ""Release Date:"": ""January 2004"", ""Publisher:"": ""Los Angeles County Museum of Art/Thames & Hudson"", ""Length:"": ""328 Pages"", ""Weight:"": ""0.80 lbs.""}",https://i.thriftbooks.com/api/imagehandler/m/C8974249670EA402F41035FE98300FA1445419CC.jpeg
Visions: Quilt Art,Quilt San Diego,"{""Format:"": ""Paperback"", ""Language:"": ""English"", ""ISBN:"": ""1571200215"", ""ISBN13:"": ""9781571200211"", ""Release Date:"": ""January 1997"", ""Publisher:"": ""C&T Publishing"", ""Length:"": ""88 Pages"", ""Weight:"": ""0.75 lbs."", ""Dimensions:"": ""0.3\"" x 8.6\"" x 11.0\""""}",https://i.thriftbooks.com/api/imagehandler/m/E5D24920F2A4E2547E0930F8CF4B64BB4E731C6D.jpeg
Helen Frankenthaler Prints,Ruth E. Fine,"{"""": """"}",https://i.thriftbooks.com/api/imagehandler/m/D5BEE5E76F5C4329E5F95EB63A85E32C88781E40.jpeg
Art Nouveau Bing: Paris Style 1900,Gabriel P. Weisberg,"{""Format:"": ""Hardcover"", ""Language:"": ""English"", ""ISBN:"": ""0810914867"", ""ISBN13:"": ""9780810914865"", ""Release Date:"": ""January 1986"", ""Publisher:"": ""ABRAMS"", ""Length:"": ""295 Pages"", ""Weight:"": ""2.60 lbs.""}",https://i.thriftbooks.com/api/imagehandler/m/E4A9093678AD4CAC9DCAC87E7EC1E73A51931D31.jpeg
Chihuly Persians,Tina Oldknow,"{""Format:"": ""Hardcover"", ""Language:"": ""English"", ""ISBN:"": ""1576840042"", ""ISBN13:"": ""9781576840047"", ""Release Date:"": ""January 1996"", ""Publisher:"": ""Chihuly Workshop"", ""Length:"": ""103 Pages"", ""Weight:"": ""2.20 lbs."", ""Dimensions:"": ""0.7\"" x 11.6\"" x 9.8\""""}",https://i.thriftbooks.com/api/imagehandler/m/6044AA26238A61EEA835FF7563DC4671ADABAB1A.jpeg
