Book Name,Authors,Info,Image URL
Cats and Dogs: Mutts II,Patrick McDonnell,"{""Format:"": ""Paperback"", ""Language:"": ""English"", ""ISBN:"": ""0836237323"", ""ISBN13:"": ""9780836237320"", ""Release Date:"": ""October 1997"", ""Publisher:"": ""Andrews McMeel Publishing, LLC"", ""Length:"": ""130 Pages"", ""Weight:"": ""1.05 lbs."", ""Dimensions:"": ""0.3\"" x 8.5\"" x 9.2\""""}",https://i.thriftbooks.com/api/imagehandler/m/7A018B3598F1C9481CA838FFE340518846392CA6.jpeg
Truly Tasteless Cartoons,National Lampoon,"{""Format:"": ""Paperback"", ""Language:"": ""English"", ""ISBN:"": ""0809239132"", ""ISBN13:"": ""9780809239139"", ""Release Date:"": ""September 1992"", ""Publisher:"": ""McGraw-Hill Companies"", ""Length:"": ""1 Pages"", ""Weight:"": ""0.55 lbs."", ""Dimensions:"": ""0.5\"" x 8.0\"" x 8.0\""""}",https://i.thriftbooks.com/api/imagehandler/m/8017843635199DA3E3EC81DDEEB8DE133DC6ABED.jpeg
The Smithsonian Collection of Newspaper Comics,Bill Blackbeard,"{""Format:"": ""Paperback"", ""Language:"": ""English"", ""ISBN:"": ""0874741726"", ""ISBN13:"": ""9780874741728"", ""Release Date:"": ""June 1977"", ""Publisher:"": ""Smithsonian Books (DC)"", ""Length:"": ""336 Pages"", ""Weight:"": ""5.60 lbs.""}",https://m.media-amazon.com/images/I/51QftYe7olL._SL350_.jpg
Getting Started Drawing and Selling Cartoons,Glasbergen,"{""Format:"": ""Hardcover"", ""Language:"": ""English"", ""ISBN:"": ""0891344713"", ""ISBN13:"": ""9780891344711"", ""Release Date:"": ""January 1993"", ""Publisher:"": ""Northlight"", ""Length:"": ""117 Pages"", ""Weight:"": ""1.35 lbs."", ""Dimensions:"": ""0.7\"" x 7.8\"" x 10.1\""""}",https://i.thriftbooks.com/api/imagehandler/m/94EB0B37EBFE7F0D35C4703150E500DE9D891F27.jpeg
The New Yorker Book of Teacher Cartoons,Lee Lorenz,"{""Format:"": ""Hardcover"", ""Language:"": ""English"", ""ISBN:"": ""1576601307"", ""ISBN13:"": ""9781576601303"", ""Release Date:"": ""April 2006"", ""Publisher:"": ""Bloomberg Press"", ""Length:"": ""118 Pages"", ""Weight:"": ""1.15 lbs."", ""Dimensions:"": ""0.6\"" x 8.2\"" x 8.8\""""}",https://i.thriftbooks.com/api/imagehandler/m/A198C7CA4231DC6B560140890FFD74AFE063BF49.jpeg
Mad: The Half-Wit and Wisdom of Alfred E. Neuman,MAD Magazine,"{""Format:"": ""Hardcover"", ""Language:"": ""English"", ""ISBN:"": ""044691200X"", ""ISBN13:"": ""9780446912006"", ""Release Date:"": ""January 1997"", ""Publisher:"": ""Warner Books (NY)"", ""Length:"": ""96 Pages"", ""Weight:"": ""0.20 lbs."", ""Dimensions:"": ""0.6\"" x 5.8\"" x 5.3\""""}",https://i.thriftbooks.com/api/imagehandler/m/D22A1870D6B6EEB4E2B7C2A1008CDF89B03F3438.jpeg
Garfield Beefs Up,Jim Davis,"{""Format:"": ""Paperback"", ""Language:"": ""English"", ""ISBN:"": ""0345441095"", ""ISBN13:"": ""9780345441096"", ""Release Date:"": ""October 2000"", ""Publisher:"": ""Ballantine Books"", ""Length:"": ""96 Pages"", ""Weight:"": ""0.63 lbs."", ""Dimensions:"": ""0.3\"" x 8.5\"" x 9.1\"""", ""Age Range:"": ""9 to 13 years"", ""Grade Range:"": ""Grades 4 to 8""}",https://i.thriftbooks.com/api/imagehandler/m/9776A82816EF938FFA3C34064D9CF3DF66A9BED1.jpeg
Happiness Is a Warm Puppy,Charles M. Schulz,"{""Format:"": ""Hardcover"", ""Language:"": ""English"", ""ISBN:"": ""1933662077"", ""ISBN13:"": ""9781933662077"", ""Release Date:"": ""May 2006"", ""Publisher:"": ""Cider Mill Press"", ""Length:"": ""72 Pages"", ""Weight:"": ""0.50 lbs."", ""Dimensions:"": ""0.6\"" x 5.5\"" x 5.5\"""", ""Age Range:"": ""8 to 13 years"", ""Grade Range:"": ""Grades 3 to 8""}",https://i.thriftbooks.com/api/imagehandler/m/3BAB7A877C644FCCE7FFDC9EEC95A520BE4653D9.jpeg
"Wildlife Preserves, 13",Gary Larson,"{""Format:"": ""Paperback"", ""Language:"": ""English"", ""ISBN:"": ""0836218426"", ""ISBN13:"": ""9780836218428"", ""Release Date:"": ""January 1989"", ""Publisher:"": ""Andrews McMeel Publishing"", ""Length:"": ""104 Pages"", ""Weight:"": ""0.34 lbs."", ""Dimensions:"": ""0.3\"" x 8.3\"" x 5.4\""""}",https://i.thriftbooks.com/api/imagehandler/m/52FE2456EE11397B83C63A3F78A8D28172190C6A.jpeg
Camp Foxtrot,Bill Amend,"{"""": """"}",https://i.thriftbooks.com/api/imagehandler/m/42654929CD30084E19266265D4AFC30EFCE4649D.jpeg
"The Indispensable Calvin and Hobbes, A Calvin and Hobbes Treasury",Bill Watterson,"{""Format:"": ""Paperback"", ""Language:"": ""English"", ""ISBN:"": ""0590471791"", ""ISBN13:"": ""9780590471794"", ""Release Date:"": ""January 1993"", ""Publisher:"": ""Scholastic"", ""Length:"": ""256 Pages"", ""Weight:"": ""1.60 lbs.""}",https://m.media-amazon.com/images/I/41pJAKYbWKL._SL350_.jpg
The Essential Calvin and Hobbes: A Calvin and Hobbes Treasury,Bill Watterson,"{""Format:"": ""Paperback"", ""Language:"": ""English"", ""ISBN:"": ""0836218051"", ""ISBN13:"": ""9780836218053"", ""Release Date:"": ""January 1988"", ""Publisher:"": ""Andrews McMeel Publishing"", ""Length:"": ""254 Pages"", ""Weight:"": ""1.56 lbs."", ""Dimensions:"": ""0.7\"" x 8.5\"" x 10.9\"""", ""Age Range:"": ""12 to 17 years"", ""Grade Range:"": ""Grades 7 to 12""}",https://i.thriftbooks.com/api/imagehandler/m/07440CA5A04E2AD19B4E08960DC8F97E745DA40A.jpeg
Calvin and Hobbes,Bill Watterson,"{""Format:"": ""Paperback"", ""Language:"": ""English"", ""ISBN:"": ""0836220889"", ""ISBN13:"": ""9780836220889"", ""Release Date:"": ""January 1987"", ""Publisher:"": ""Andrews McMeel Publishing"", ""Length:"": ""128 Pages"", ""Weight:"": ""0.68 lbs."", ""Dimensions:"": ""0.4\"" x 8.4\"" x 8.9\""""}",https://i.thriftbooks.com/api/imagehandler/m/00AA855F4C900099EAA975F222732759A2657725.jpeg
The Authoritative Calvin and Hobbes: A Calvin and Hobbes Treasury Volume 6,Bill Watterson,"{""Format:"": ""Paperback"", ""Language:"": ""English"", ""ISBN:"": ""0836218221"", ""ISBN13:"": ""9780836218220"", ""Release Date:"": ""January 1990"", ""Publisher:"": ""Andrews McMeel Publishing"", ""Length:"": ""256 Pages"", ""Weight:"": ""1.60 lbs."", ""Dimensions:"": ""0.7\"" x 8.4\"" x 10.8\"""", ""Age Range:"": ""12 to 17 years"", ""Grade Range:"": ""Grades 7 to 12""}",https://i.thriftbooks.com/api/imagehandler/m/8EEEAA561580A5A3F2DC90CF83412F395A63F7D7.jpeg
There's Treasure Everywhere: A Calvin and Hobbes Collection Volume 15,Bill Watterson,"{""Format:"": ""Paperback"", ""Language:"": ""English"", ""ISBN:"": ""0836213122"", ""ISBN13:"": ""9780836213126"", ""Release Date:"": ""March 1996"", ""Publisher:"": ""Andrews McMeel Publishing"", ""Length:"": ""176 Pages"", ""Weight:"": ""1.35 lbs."", ""Dimensions:"": ""0.6\"" x 11.9\"" x 9.0\"""", ""Age Range:"": ""12 to 17 years"", ""Grade Range:"": ""Grades 7 to 12""}",https://i.thriftbooks.com/api/imagehandler/m/0EC31C4361D94B8CCDC098E07F2E73C9FB0A2A78.jpeg
The Calvin and Hobbes Lazy Sunday Book: A Collection of Sunday Calvin and Hobbes Cartoons Volume 4,Bill Watterson,"{""Format:"": ""Paperback"", ""Language:"": ""English"", ""ISBN:"": ""0836218523"", ""ISBN13:"": ""9780836218527"", ""Release Date:"": ""January 1989"", ""Publisher:"": ""Andrews McMeel Publishing"", ""Length:"": ""128 Pages"", ""Weight:"": ""0.89 lbs."", ""Dimensions:"": ""0.4\"" x 8.4\"" x 10.7\"""", ""Age Range:"": ""12 to 17 years"", ""Grade Range:"": ""Grades 7 to 12""}",https://i.thriftbooks.com/api/imagehandler/m/0DBB60E6D1C4E3CCC33BA824E94AB398368F0094.jpeg
Weirdos From Another Planet Calvin and Hobbes,Bill Watterson,"{""Format:"": ""Paperback"", ""Language:"": ""English"", ""ISBN:"": ""0590441647"", ""ISBN13:"": ""9780590441643"", ""Release Date:"": ""September 1990"", ""Publisher:"": ""Scholastic Inc"", ""Length:"": ""127 Pages"", ""Weight:"": ""0.55 lbs.""}",https://m.media-amazon.com/images/I/61VMp-y0dXL._SL350_.jpg
It's a Magical World: A Calvin and Hobbes Collection Volume 16,Bill Watterson,"{""Format:"": ""Paperback"", ""Language:"": ""English"", ""ISBN:"": ""0836221362"", ""ISBN13:"": ""9780836221367"", ""Release Date:"": ""September 1996"", ""Publisher:"": ""Andrews McMeel Publishing"", ""Length:"": ""176 Pages"", ""Weight:"": ""0.10 lbs."", ""Dimensions:"": ""0.5\"" x 12.0\"" x 9.1\"""", ""Age Range:"": ""12 to 17 years"", ""Grade Range:"": ""Grades 7 to 12""}",https://i.thriftbooks.com/api/imagehandler/m/F9222A49A4EF4CE16A5901F02A73A8D2A31EF97E.jpeg
Attack of the Deranged Mutant Killer Monster Snow Goons: A Calvin and Hobbes Collection Volume 10,Bill Watterson,"{""Format:"": ""Paperback"", ""Language:"": ""English"", ""ISBN:"": ""0836218833"", ""ISBN13:"": ""9780836218831"", ""Release Date:"": ""January 1992"", ""Publisher:"": ""Andrews McMeel Publishing"", ""Length:"": ""128 Pages"", ""Weight:"": ""0.88 lbs."", ""Dimensions:"": ""0.4\"" x 8.4\"" x 9.0\"""", ""Age Range:"": ""12 to 17 years"", ""Grade Range:"": ""Grades 7 to 12""}",https://i.thriftbooks.com/api/imagehandler/m/D900F1F281EA8DBEE7CBA33FDCE3DEEF0D780C63.jpeg
Homicidal Psycho Jungle Cat: A Calvin and Hobbes Collection Volume 13,Bill Watterson,"{""Format:"": ""Paperback"", ""Language:"": ""English"", ""ISBN:"": ""0836217691"", ""ISBN13:"": ""9780836217698"", ""Release Date:"": ""September 1994"", ""Publisher:"": ""Andrews McMeel Publishing"", ""Length:"": ""176 Pages"", ""Weight:"": ""1.30 lbs."", ""Dimensions:"": ""0.4\"" x 12.0\"" x 9.0\"""", ""Age Range:"": ""12 to 17 years"", ""Grade Range:"": ""Grades 7 to 12""}",https://i.thriftbooks.com/api/imagehandler/m/40181417401DD19119393697694AD552B1E9ED8B.jpeg
"Dragon Ball Z, Vol. 3",Akira Toriyama,"{""Format:"": ""Paperback"", ""Language:"": ""English"", ""ISBN:"": ""1569319324"", ""ISBN13:"": ""9781569319321"", ""Release Date:"": ""March 2003"", ""Publisher:"": ""Viz Media"", ""Length:"": ""192 Pages"", ""Weight:"": ""0.45 lbs."", ""Dimensions:"": ""0.7\"" x 5.2\"" x 7.5\"""", ""Age Range:"": ""12 to 17 years"", ""Grade Range:"": ""Grades 7 to 12""}",https://i.thriftbooks.com/api/imagehandler/m/AD7ADEDEFC24DF0E47A0BF0C433B979217381BA7.jpeg
Akira 3,Katsuhiro Otomo,"{""Format:"": ""Paperback"", ""Language:"": ""English"", ""ISBN:"": ""1935429043"", ""ISBN13:"": ""9781935429043"", ""Release Date:"": ""July 2010"", ""Publisher:"": ""Kodansha Comics"", ""Length:"": ""280 Pages"", ""Weight:"": ""1.18 lbs."", ""Dimensions:"": ""0.9\"" x 6.9\"" x 9.9\"""", ""Age Range:"": ""13 to 17 years"", ""Grade Range:"": ""Grades 8 to 12""}",https://i.thriftbooks.com/api/imagehandler/m/E7B7B4AB7DB11F1DBC325B0B84EE33EE5AB700A3.jpeg
Batman Returns,Craig Shaw Gardner,"{""Format:"": ""Mass Market Paperback"", ""Language:"": ""English"", ""ISBN:"": ""0446363030"", ""ISBN13:"": ""9780446363037"", ""Release Date:"": ""July 1992"", ""Publisher:"": ""Grand Central Publishing"", ""Length:"": ""246 Pages"", ""Weight:"": ""0.25 lbs."", ""Dimensions:"": ""0.7\"" x 4.1\"" x 6.7\""""}",https://m.media-amazon.com/images/I/510a0DrF9mL._SL350_.jpg
The Simpsons: A Complete Guide to Our Favorite Family,Matt Groening,"{""Format:"": ""Paperback"", ""Language:"": ""English"", ""ISBN:"": ""0060952520"", ""ISBN13:"": ""9780060952525"", ""Release Date:"": ""October 1997"", ""Publisher:"": ""Harper Paperbacks"", ""Length:"": ""256 Pages"", ""Weight:"": ""1.45 lbs."", ""Dimensions:"": ""0.6\"" x 8.1\"" x 9.1\""""}",https://i.thriftbooks.com/api/imagehandler/m/9277369F29BD5FBC1683A4B748F4B06FF690006E.jpeg
The Willowdale Handcar: Or the Return of the Black Doll,Edward Gorey,"{""Format:"": ""Hardcover"", ""Language:"": ""English"", ""ISBN:"": ""0151010358"", ""ISBN13:"": ""9780151010356"", ""Release Date:"": ""October 2003"", ""Publisher:"": ""Harper"", ""Length:"": ""64 Pages"", ""Weight:"": ""1.45 lbs."", ""Dimensions:"": ""0.4\"" x 5.9\"" x 6.2\""""}",https://i.thriftbooks.com/api/imagehandler/m/C0BAEC791295B08FE3AFF0BFBA2376A0317760DF.jpeg
"Ranma 1/2, Volume 7",Rumiko Takahashi,"{"""": """"}",https://i.thriftbooks.com/api/imagehandler/m/56476DF7A51D992D2CAF3302282ED5CF7ACE588B.jpeg
Safe Area Gorazde: The War in Eastern Bosnia 1992-1995,Joe Sacco,"{""Format:"": ""Paperback"", ""Language:"": ""English"", ""ISBN:"": ""1560974702"", ""Release Date:"": ""January 2002"", ""Publisher:"": ""Fantagraphics"", ""Length:"": ""240 Pages"", ""Weight:"": ""1.60 lbs."", ""Dimensions:"": ""10.1\"" x 0.7\"" x 7.6\""""}",https://m.media-amazon.com/images/I/51ZstiQt34L._SL350_.jpg
The Joy of Work: Dilbert's Guide to Finding Happiness at the Expense of Your Co-Workers,Scott Adams,"{""Format:"": ""Paperback"", ""Language:"": ""English"", ""ISBN:"": ""0887308953"", ""ISBN13:"": ""9780887308956"", ""Release Date:"": ""September 1999"", ""Publisher:"": ""Harper Paperbacks"", ""Length:"": ""280 Pages"", ""Weight:"": ""0.65 lbs."", ""Dimensions:"": ""0.7\"" x 6.1\"" x 8.1\""""}",https://i.thriftbooks.com/api/imagehandler/m/78ED37231823A4D534A9E7A01306302A095CDAD3.jpeg
Sin City Volume 3: The Big Fat Kill,Frank Miller,"{""Format:"": ""Hardcover"", ""Language:"": ""English"", ""ISBN:"": ""1569710767"", ""ISBN13:"": ""9781569710760"", ""Release Date:"": ""December 1995"", ""Publisher:"": ""Dark Horse Comics"", ""Length:"": ""117 Pages"", ""Weight:"": ""6.95 lbs."", ""Dimensions:"": ""0.7\"" x 7.0\"" x 10.5\"""", ""Age Range:"": ""16 years and up"", ""Grade Range:"": ""Grade 11 and higher""}",https://i.thriftbooks.com/api/imagehandler/m/156AAD2753A09CC891023C6BE0661B9DFC4970C5.jpeg
Buddha 1: Kapilavastu,Osamu Tezuka,"{""Format:"": ""Paperback"", ""Language:"": ""English"", ""ISBN:"": ""193223456X"", ""ISBN13:"": ""9781932234565"", ""Release Date:"": ""May 2006"", ""Publisher:"": ""Vertical Comics"", ""Length:"": ""400 Pages"", ""Weight:"": ""1.40 lbs."", ""Dimensions:"": ""1.1\"" x 6.7\"" x 7.8\"""", ""Age Range:"": ""13 years and up"", ""Grade Range:"": ""Grade 8 and higher""}",https://i.thriftbooks.com/api/imagehandler/m/FFE0FC3BEB34D87B7F32E09F6FE71A3F2A98EF48.jpeg
Out from Boneville,Jeff Smith,"{""Format:"": ""Paperback"", ""Language:"": ""English"", ""ISBN:"": ""0439706408"", ""ISBN13:"": ""9780439706407"", ""Release Date:"": ""February 2005"", ""Publisher:"": ""Scholastic Inc."", ""Length:"": ""138 Pages"", ""Weight:"": ""0.80 lbs."", ""Dimensions:"": ""0.4\"" x 6.2\"" x 9.0\"""", ""Age Range:"": ""8 to 12 years"", ""Grade Range:"": ""Grades 3 to 7""}",https://i.thriftbooks.com/api/imagehandler/m/250FFD56904ECD974910FE053D4E2F6341F942F9.jpeg
Asterix and the Black Gold: Album #26 (The Adventures of Asterix),René Goscinny,"{""Format:"": ""Paperback"", ""Language:"": ""English"", ""ISBN:"": ""0752847740"", ""Release Date:"": ""May 2002"", ""Publisher:"": ""Orion"", ""Length:"": ""48 Pages"", ""Weight:"": ""0.55 lbs."", ""Dimensions:"": ""11.5\"" x 0.3\"" x 8.8\""""}",https://m.media-amazon.com/images/I/51jD+GfcwiL._SL350_.jpg
The Crow,James O'Barr,"{""Format:"": ""Paperback"", ""Language:"": ""English"", ""ISBN:"": ""1451627254"", ""ISBN13:"": ""9781451627251"", ""Release Date:"": ""July 2011"", ""Publisher:"": ""Gallery Books"", ""Length:"": ""272 Pages"", ""Weight:"": ""1.45 lbs."", ""Dimensions:"": ""0.6\"" x 6.6\"" x 10.0\""""}",https://i.thriftbooks.com/api/imagehandler/m/2788B92A3246AC48B9D5FA93446AC14DC9BD7A0A.jpeg
Marvel 1602 [New Printing],Neil Gaiman,"{""Format:"": ""Paperback"", ""Language:"": ""English"", ""ISBN:"": ""0785141340"", ""ISBN13:"": ""9780785141341"", ""Release Date:"": ""February 2010"", ""Publisher:"": ""Marvel Universe"", ""Length:"": ""248 Pages"", ""Weight:"": ""0.98 lbs."", ""Dimensions:"": ""0.3\"" x 6.6\"" x 10.1\""""}",https://i.thriftbooks.com/api/imagehandler/m/239F8508AEB2129DB05E0C2F064E8BC97A47EE6E.jpeg
Barefoot Gen Volume 1: A Cartoon Story of Hiroshima,Keiji Nakazawa,"{""Format:"": ""Paperback"", ""Language:"": ""English"", ""ISBN:"": ""0867196025"", ""ISBN13:"": ""9780867196023"", ""Release Date:"": ""September 2004"", ""Publisher:"": ""Last Gasp"", ""Length:"": ""288 Pages"", ""Weight:"": ""0.90 lbs."", ""Dimensions:"": ""0.7\"" x 5.8\"" x 8.2\""""}",https://i.thriftbooks.com/api/imagehandler/m/07C40A323AAA813DC507BAE276C9CA9FEAE37128.jpeg
Rock Jaw: Master of the Eastern Border: A Graphic Novel (Bone #5): Volume 5,Jeff Smith,"{""Format:"": ""Paperback"", ""Language:"": ""English"", ""ISBN:"": ""043970636X"", ""ISBN13:"": ""9780439706360"", ""Release Date:"": ""January 2007"", ""Publisher:"": ""Graphix"", ""Length:"": ""128 Pages"", ""Weight:"": ""0.70 lbs."", ""Dimensions:"": ""0.4\"" x 6.0\"" x 9.0\"""", ""Age Range:"": ""8 to 12 years"", ""Grade Range:"": ""Grades 3 to 7""}",https://i.thriftbooks.com/api/imagehandler/m/7573217D6F428794F4A3ED7B31A382C73D62E602.jpeg
The Day I Swapped My Dad for Two Goldfish,Neil Gaiman,"{""Format:"": ""Hardcover"", ""Language:"": ""English"", ""ISBN:"": ""0060587016"", ""ISBN13:"": ""9780060587017"", ""Release Date:"": ""August 2004"", ""Publisher:"": ""HarperCollins"", ""Length:"": ""64 Pages"", ""Weight:"": ""1.20 lbs."", ""Dimensions:"": ""0.5\"" x 10.2\"" x 10.1\"""", ""Age Range:"": ""4 to 8 years"", ""Grade Range:"": ""Preschool to Grade 3""}",https://i.thriftbooks.com/api/imagehandler/m/82A29F4B921C7E463DEF8A02ABA2224CF9179DB2.jpeg
The Wolves in the Walls,Neil Gaiman,"{""Format:"": ""Hardcover"", ""Language:"": ""English"", ""ISBN:"": ""038097827X"", ""ISBN13:"": ""9780380978274"", ""Release Date:"": ""August 2003"", ""Publisher:"": ""HarperCollins"", ""Length:"": ""56 Pages"", ""Weight:"": ""1.15 lbs."", ""Dimensions:"": ""0.5\"" x 10.1\"" x 10.0\"""", ""Age Range:"": ""8 to 12 years"", ""Grade Range:"": ""Grades 3 to 7""}",https://i.thriftbooks.com/api/imagehandler/m/CEA0A600E56E16EEBBCEA60FD7B807C613193360.jpeg
"Ranma 1/2, Volume 8",Rumiko Takahashi,"{""Format:"": ""Paperback"", ""Language:"": ""English"", ""ISBN:"": ""1569312028"", ""ISBN13:"": ""9781569312025"", ""Release Date:"": ""October 1997"", ""Publisher:"": ""Viz Media"", ""Length:"": ""180 Pages"", ""Weight:"": ""0.55 lbs."", ""Dimensions:"": ""0.4\"" x 5.5\"" x 8.1\""""}",https://i.thriftbooks.com/api/imagehandler/m/CB8CA04AAFBC8135C5AE57C144B4724874D8D03F.jpeg
"Oh My Goddess!, Volume 1: Wrong Number",Kosuke Fujishima,"{""Format:"": ""Paperback"", ""Language:"": ""English"", ""ISBN:"": ""1569716692"", ""ISBN13:"": ""9781569716694"", ""Release Date:"": ""May 2002"", ""Publisher:"": ""Dark Horse Comics"", ""Length:"": ""160 Pages"", ""Weight:"": ""0.58 lbs."", ""Dimensions:"": ""0.4\"" x 5.8\"" x 8.2\""""}",https://i.thriftbooks.com/api/imagehandler/m/94694B653789E10A5AD385383686BF743DC31336.jpeg
Understanding Comics: The Invisible Art,Scott McCloud,"{""Format:"": ""Paperback"", ""Language:"": ""English"", ""ISBN:"": ""006097625X"", ""ISBN13:"": ""9780060976255"", ""Release Date:"": ""April 1994"", ""Publisher:"": ""William Morrow & Company"", ""Length:"": ""224 Pages"", ""Weight:"": ""1.17 lbs."", ""Dimensions:"": ""0.5\"" x 6.7\"" x 10.1\"""", ""Age Range:"": ""13 to 17 years"", ""Grade Range:"": ""Grades 8 to 12""}",https://i.thriftbooks.com/api/imagehandler/m/65AF194178316BCB81DA22C2D5E7BD474D5D202A.jpeg
How to Tell If Your Cat Is Plotting to Kill You,Matthew Inman,"{""Format:"": ""Paperback"", ""Language:"": ""English"", ""ISBN:"": ""1449410243"", ""ISBN13:"": ""9781449410247"", ""Release Date:"": ""October 2012"", ""Publisher:"": ""Andrews McMeel Publishing"", ""Length:"": ""136 Pages"", ""Weight:"": ""1.13 lbs."", ""Dimensions:"": ""0.5\"" x 7.0\"" x 9.0\""""}",https://i.thriftbooks.com/api/imagehandler/m/89E8DC295A010A30D69F81492147DE7543865ADC.jpeg
Cartoon History of the United States,Larry Gonick,"{""Format:"": ""Paperback"", ""Language:"": ""English"", ""ISBN:"": ""0062730983"", ""ISBN13:"": ""9780062730985"", ""Release Date:"": ""August 1991"", ""Publisher:"": ""William Morrow & Company"", ""Length:"": ""400 Pages"", ""Weight:"": ""1.50 lbs."", ""Dimensions:"": ""1.1\"" x 7.4\"" x 9.3\"""", ""Age Range:"": ""13 to 17 years"", ""Grade Range:"": ""Grades 8 to 12""}",https://i.thriftbooks.com/api/imagehandler/m/5933AA9658B57A73D0F459818A2A5EB0C382E2E2.jpeg
The Cartoon History of the Universe: Volumes 1-7: From the Big Bang to Alexander the Great,Larry Gonick,"{""Format:"": ""Paperback"", ""Language:"": ""English"", ""ISBN:"": ""0385265204"", ""ISBN13:"": ""9780385265201"", ""Release Date:"": ""September 1990"", ""Publisher:"": ""Crown Publishing Group (NY)"", ""Length:"": ""368 Pages"", ""Weight:"": ""1.80 lbs."", ""Dimensions:"": ""1.0\"" x 8.3\"" x 10.7\"""", ""Age Range:"": ""13 to 17 years"", ""Grade Range:"": ""Grades 8 to 12""}",https://i.thriftbooks.com/api/imagehandler/m/B9E73ED3A3CBC4889A4091FDE50961EE1A8F5822.jpeg
"Making Comics: Storytelling Secrets of Comics, Manga and Graphic Novels",Scott McCloud,"{""Format:"": ""Paperback"", ""Language:"": ""English"", ""ISBN:"": ""0060780940"", ""ISBN13:"": ""9780060780944"", ""Release Date:"": ""September 2006"", ""Publisher:"": ""William Morrow & Company"", ""Length:"": ""272 Pages"", ""Weight:"": ""1.35 lbs."", ""Dimensions:"": ""0.7\"" x 6.7\"" x 10.1\""""}",https://i.thriftbooks.com/api/imagehandler/m/96C41B6BCC2AC60B32805FAA30F0A33F81561281.jpeg
Dr. Seuss Goes to War: The World War II Editorial Cartoons of Theodor Seuss Geisel,Richard H. Minear,"{""Format:"": ""Hardcover"", ""Language:"": ""English"", ""ISBN:"": ""156584565X"", ""ISBN13:"": ""9781565845657"", ""Release Date:"": ""October 1999"", ""Publisher:"": ""New Press"", ""Length:"": ""272 Pages"", ""Weight:"": ""1.00 lbs."", ""Dimensions:"": ""1.0\"" x 9.4\"" x 9.4\""""}",https://i.thriftbooks.com/api/imagehandler/m/7156EF4E9627CD14EB8B236046EA1F0D9DF1A8FB.jpeg
Looking at Philosophy: The Unbearable Heaviness of Philosophy Made Lighter,Donald D. Palmer,"{""Format:"": ""Paperback"", ""Language:"": ""English"", ""ISBN:"": ""0072828951"", ""ISBN13:"": ""9780072828955"", ""Release Date:"": ""June 2005"", ""Publisher:"": ""McGraw-Hill Humanities/Social Sciences/Langua"", ""Length:"": ""446 Pages"", ""Weight:"": ""1.33 lbs."", ""Dimensions:"": ""0.7\"" x 6.5\"" x 9.3\""""}",https://i.thriftbooks.com/api/imagehandler/m/976AC3CC732713326531F9206B2BB5F69A457493.jpeg
"Disney's Art of Animation Disney's Art of Animation #1: From Mickey Mouse, to Beauty and the Beast",Bob Thomas,"{""Format:"": ""Hardcover"", ""Language:"": ""English"", ""ISBN:"": ""1562829971"", ""ISBN13:"": ""9781562829971"", ""Release Date:"": ""January 1900"", ""Publisher:"": ""Disney-Hyperion"", ""Length:"": ""208 Pages"", ""Weight:"": ""2.55 lbs."", ""Dimensions:"": ""0.7\"" x 8.5\"" x 11.0\"""", ""Age Range:"": ""10 to 14 years"", ""Grade Range:"": ""Grades 5 to 9""}",https://m.media-amazon.com/images/I/51uIU-bayLL._SL350_.jpg
The Animator's Workbook: Step-By-Step Techniques of Drawn Animation,Tony White,"{""Format:"": ""Paperback"", ""Language:"": ""English"", ""ISBN:"": ""0823002292"", ""ISBN13:"": ""9780823002290"", ""Release Date:"": ""September 1988"", ""Publisher:"": ""Watson-Guptill Publications"", ""Length:"": ""160 Pages"", ""Weight:"": ""1.45 lbs."", ""Dimensions:"": ""0.4\"" x 8.2\"" x 10.7\""""}",https://i.thriftbooks.com/api/imagehandler/m/9F1EB66070B650A696059B9B966AF770C735DD64.jpeg
The Cartoon History of the Universe III: From the Rise of Arabia to the Renaissance,Larry Gonick,"{""Format:"": ""Paperback"", ""Language:"": ""English"", ""ISBN:"": ""0393324036"", ""ISBN13:"": ""9780393324037"", ""Release Date:"": ""October 2002"", ""Publisher:"": ""W. W. Norton & Company"", ""Length:"": ""320 Pages"", ""Weight:"": ""1.50 lbs."", ""Dimensions:"": ""0.8\"" x 7.6\"" x 10.5\""""}",https://i.thriftbooks.com/api/imagehandler/m/D13CAE9C6ED4F9C277735F990D4779B6D95D1323.jpeg
Get Even: The Complete Book of Dirty Tricks,George Hayduke,"{""Format:"": ""Hardcover"", ""Language:"": ""English"", ""ISBN:"": ""0873641868"", ""ISBN13:"": ""9780873641869"", ""Release Date:"": ""January 1980"", ""Publisher:"": ""Paladin Press"", ""Length:"": ""208 Pages"", ""Weight:"": ""0.86 lbs."", ""Dimensions:"": ""0.9\"" x 5.4\"" x 8.7\""""}",https://i.thriftbooks.com/api/imagehandler/m/DE0153DA3ECFE880C56DC5CCCE85055B453B0F49.jpeg
Comics & Sequential Art: Principles & Practice of the World's Most Popular Art Form!,Will Eisner,"{""Format:"": ""Paperback"", ""Language:"": ""English"", ""ISBN:"": ""0961472812"", ""ISBN13:"": ""9780961472818"", ""Release Date:"": ""January 1985"", ""Publisher:"": ""Poorhouse Press"", ""Length:"": ""163 Pages"", ""Weight:"": ""1.15 lbs."", ""Dimensions:"": ""0.4\"" x 8.5\"" x 10.2\""""}",https://i.thriftbooks.com/api/imagehandler/m/1B91E85720EFFB53414065554C02BC8DFBBF7E63.jpeg
The Illusion of Life: Disney Animation,Frank Thomas,"{""Format:"": ""Hardcover"", ""Language:"": ""English"", ""ISBN:"": ""0786860707"", ""ISBN13:"": ""9780786860708"", ""Release Date:"": ""October 1995"", ""Publisher:"": ""Disney Editions"", ""Length:"": ""576 Pages"", ""Weight:"": ""6.70 lbs."", ""Dimensions:"": ""1.5\"" x 10.5\"" x 11.3\"""", ""Age Range:"": ""10 to 14 years"", ""Grade Range:"": ""Grades 5 to 9""}",https://i.thriftbooks.com/api/imagehandler/m/86CEC7621F5AF984C4A4936C1EC61CAC244CAA30.jpeg
In the Shadow of No Towers,Art Spiegelman,"{""Format:"": ""Hardcover"", ""Language:"": ""English"", ""ISBN:"": ""0375423079"", ""Release Date:"": ""September 2004"", ""Publisher:"": ""Pantheon"", ""Length:"": ""42 Pages"", ""Weight:"": ""3.05 lbs."", ""Dimensions:"": ""14.6\"" x 0.9\"" x 10.0\""""}",https://m.media-amazon.com/images/I/21pGbq9M91L._SL350_.jpg
That's All Folks!: The Art of Warner Bros. Animation,Steven Jay Schneider,"{""Format:"": ""Paperback"", ""Language:"": ""English"", ""ISBN:"": ""0805014853"", ""ISBN13:"": ""9780805014853"", ""Release Date:"": ""January 1990"", ""Publisher:"": ""Henry Holt & Company"", ""Length:"": ""250 Pages"", ""Weight:"": ""2.35 lbs."", ""Dimensions:"": ""0.7\"" x 9.1\"" x 11.7\""""}",https://i.thriftbooks.com/api/imagehandler/m/7FC4ACB643F5E8A03083A0A3301DA5832A8232D2.jpeg
The Art of the Lion King,Christopher Finch,"{""Format:"": ""Hardcover"", ""Language:"": ""English"", ""ISBN:"": ""0786860286"", ""ISBN13:"": ""9780786860289"", ""Release Date:"": ""June 1994"", ""Publisher:"": ""Disney Editions"", ""Length:"": ""192 Pages"", ""Weight:"": ""3.95 lbs."", ""Dimensions:"": ""1.1\"" x 10.4\"" x 13.3\""""}",https://i.thriftbooks.com/api/imagehandler/m/663CCAB3FD962A991047E0BF75A07D9EFE1E1F1B.jpeg
Batman: The Ultimate Guide,Scott Beatty,"{""Format:"": ""Hardcover"", ""Language:"": ""English"", ""ISBN:"": ""078947865X"", ""ISBN13:"": ""9780789478658"", ""Release Date:"": ""January 2001"", ""Publisher:"": ""DK Publishing (Dorling Kindersley)"", ""Length:"": ""128 Pages"", ""Weight:"": ""2.30 lbs."", ""Dimensions:"": ""0.6\"" x 10.5\"" x 12.2\""""}",https://i.thriftbooks.com/api/imagehandler/m/9F59A2B72C90870D20181144E020FDB67F2C9258.jpeg
The Complete Book of Caricature,Staake,"{"""": """"}",https://i.thriftbooks.com/api/imagehandler/m/74AAE6FB9D673C1632D6250F50BEB47F0E7AC143.jpeg
"The Left-Hander's Handbook: Four Books in One: The Left-Handed Book, the Natural Superiority of the Left-Hander, the World's Greatest Left-Handers",James Tertius de Kay,"{""Format:"": ""Hardcover"", ""Language:"": ""English"", ""ISBN:"": ""1567312292"", ""ISBN13:"": ""9781567312294"", ""Release Date:"": ""January 1997"", ""Publisher:"": ""MJF Books"", ""Length:"": ""408 Pages"", ""Weight:"": ""1.30 lbs."", ""Dimensions:"": ""1.2\"" x 5.6\"" x 8.5\""""}",https://i.thriftbooks.com/api/imagehandler/m/E220BD9CDBB33D8CFF4A94356B0AD99785AEEEAC.jpeg
What I Hate: From A to Z,Roz Chast,"{""Format:"": ""Hardcover"", ""Language:"": ""English"", ""ISBN:"": ""1608196895"", ""ISBN13:"": ""9781608196890"", ""Release Date:"": ""October 2011"", ""Publisher:"": ""Bloomsbury USA"", ""Length:"": ""64 Pages"", ""Weight:"": ""0.85 lbs."", ""Dimensions:"": ""0.4\"" x 7.6\"" x 9.3\""""}",https://i.thriftbooks.com/api/imagehandler/m/5D59B6CE4ADB17BC8FE1D466F60781A9C45D70D4.jpeg
Something Under the Bed Is Drooling: A Calvin and Hobbes Collection Volume 3,Bill Watterson,"{""Format:"": ""Paperback"", ""Language:"": ""English"", ""ISBN:"": ""0836218256"", ""ISBN13:"": ""9780836218251"", ""Release Date:"": ""January 1988"", ""Publisher:"": ""Andrews McMeel Publishing"", ""Length:"": ""128 Pages"", ""Weight:"": ""0.60 lbs."", ""Dimensions:"": ""0.4\"" x 8.6\"" x 9.2\""""}",https://i.thriftbooks.com/api/imagehandler/m/4BAD5CF86C52B3A5708A1A40131F95D3D2AED435.jpeg
The Far Side® Gallery,Gary Larson,"{""Format:"": ""Paperback"", ""Language:"": ""English"", ""ISBN:"": ""0836220625"", ""Release Date:"": ""January 1984"", ""Publisher:"": ""Andrews McMeel Publishing"", ""Length:"": ""192 Pages"", ""Weight:"": ""0.05 lbs."", ""Dimensions:"": ""10.8\"" x 0.4\"" x 8.4\""""}",https://m.media-amazon.com/images/I/51OwVg1vb0L._SL350_.jpg
The Revenge of the Baby-SAT: A Calvin and Hobbes Collection Volume 8,Bill Watterson,"{""Format:"": ""Paperback"", ""Language:"": ""English"", ""ISBN:"": ""0836218663"", ""ISBN13:"": ""9780836218664"", ""Release Date:"": ""January 1991"", ""Publisher:"": ""Andrews McMeel Publishing"", ""Length:"": ""128 Pages"", ""Weight:"": ""0.68 lbs."", ""Dimensions:"": ""0.4\"" x 8.6\"" x 9.2\""""}",https://i.thriftbooks.com/api/imagehandler/m/EFA079FF5F018932062955B66ED714AD43247353.jpeg
Yukon Ho!,Bill Watterson,"{""Format:"": ""Paperback"", ""Language:"": ""English"", ""ISBN:"": ""0836218353"", ""Release Date:"": ""January 1989"", ""Publisher:"": ""Andrews McMeel Publishing"", ""Length:"": ""128 Pages"", ""Weight:"": ""0.65 lbs."", ""Dimensions:"": ""8.9\"" x 0.4\"" x 8.3\""""}",https://m.media-amazon.com/images/I/611O7ps2i6L._SL350_.jpg
The Days Are Just Packed: A Calvin and Hobbes Collection Volume 12,Bill Watterson,"{""Format:"": ""Paperback"", ""Language:"": ""English"", ""ISBN:"": ""0836217357"", ""ISBN13:"": ""9780836217353"", ""Release Date:"": ""September 1993"", ""Publisher:"": ""Andrews McMeel Publishing"", ""Length:"": ""176 Pages"", ""Weight:"": ""1.28 lbs."", ""Dimensions:"": ""0.5\"" x 11.9\"" x 9.0\"""", ""Age Range:"": ""12 to 17 years"", ""Grade Range:"": ""Grades 7 to 12""}",https://i.thriftbooks.com/api/imagehandler/m/20F4BA809E8AB6FE7AF134928FE54DBA21A31884.jpeg
Scientific Progress Goes Boink: A Calvin and Hobbes Collection Volume 9,Bill Watterson,"{""Format:"": ""Paperback"", ""Language:"": ""English"", ""ISBN:"": ""0836218787"", ""ISBN13:"": ""9780836218787"", ""Release Date:"": ""January 1991"", ""Publisher:"": ""Andrews McMeel Publishing"", ""Length:"": ""128 Pages"", ""Weight:"": ""0.65 lbs."", ""Dimensions:"": ""0.5\"" x 8.4\"" x 9.0\"""", ""Age Range:"": ""12 to 17 years"", ""Grade Range:"": ""Grades 7 to 12""}",https://i.thriftbooks.com/api/imagehandler/m/DECDFF0C481F2DFBC90EEF46992FD30C76FC91F2.jpeg
"It's the Great Pumpkin, Charlie Brown [With Stickers]",Charles M. Schulz,"{""Format:"": ""Paperback"", ""Language:"": ""English"", ""ISBN:"": ""0762433027"", ""ISBN13:"": ""9780762433025"", ""Release Date:"": ""August 2008"", ""Publisher:"": ""Running Press Kids"", ""Length:"": ""24 Pages"", ""Weight:"": ""0.20 lbs."", ""Dimensions:"": ""0.1\"" x 7.1\"" x 8.1\"""", ""Age Range:"": ""4 to 8 years"", ""Grade Range:"": ""Preschool to Grade 3""}",https://i.thriftbooks.com/api/imagehandler/m/BCE5D0BC291447FB68699296059D0629051B8040.jpeg
The Far Side(r) Gallery 3,Gary Larson,"{""Format:"": ""Paperback"", ""Language:"": ""English"", ""ISBN:"": ""0836218310"", ""ISBN13:"": ""9780836218312"", ""Release Date:"": ""January 1988"", ""Publisher:"": ""Andrews McMeel Publishing"", ""Length:"": ""192 Pages"", ""Weight:"": ""1.13 lbs."", ""Dimensions:"": ""0.5\"" x 8.5\"" x 10.8\""""}",https://i.thriftbooks.com/api/imagehandler/m/D55E4AA54D823B284EAEFE2C73F15B174A19998F.jpeg
How Not to Become a Little Old Lady,Mary McHugh,"{""Format:"": ""Paperback"", ""Language:"": ""English"", ""ISBN:"": ""0740722131"", ""Release Date:"": ""March 2002"", ""Publisher:"": ""Andrews McMeel Publishing"", ""Length:"": ""144 Pages"", ""Weight:"": ""0.39 lbs."", ""Dimensions:"": ""6.2\"" x 0.5\"" x 6.1\""""}",https://m.media-amazon.com/images/I/51ZWtcd4CaL._SL350_.jpg
The Far Side® Gallery 2,Gary Larson,"{""Format:"": ""Paperback"", ""Language:"": ""English"", ""ISBN:"": ""0836220854"", ""Release Date:"": ""September 1986"", ""Publisher:"": ""Andrews McMeel Publishing"", ""Length:"": ""192 Pages"", ""Weight:"": ""1.10 lbs."", ""Dimensions:"": ""10.7\"" x 0.8\"" x 8.3\""""}",https://m.media-amazon.com/images/I/61A5kPEBM9L._SL350_.jpg
The Calvin and Hobbes Tenth Anniversary Book: Volume 14,Bill Watterson,"{""Format:"": ""Paperback"", ""Language:"": ""English"", ""ISBN:"": ""0836204387"", ""ISBN13:"": ""9780836204384"", ""Release Date:"": ""January 1995"", ""Publisher:"": ""Andrews McMeel Publishing"", ""Length:"": ""208 Pages"", ""Weight:"": ""1.40 lbs."", ""Dimensions:"": ""0.7\"" x 11.9\"" x 9.0\"""", ""Age Range:"": ""12 to 17 years"", ""Grade Range:"": ""Grades 7 to 12""}",https://i.thriftbooks.com/api/imagehandler/m/5C64BA6E9ED92E1688B2074B8CC971B38BAC671F.jpeg
The Far Side® Gallery 5,Gary Larson,"{""Format:"": ""Paperback"", ""Language:"": ""English"", ""ISBN:"": ""0836204255"", ""Release Date:"": ""September 1995"", ""Publisher:"": ""Andrews McMeel Publishing"", ""Length:"": ""160 Pages"", ""Weight:"": ""0.95 lbs."", ""Dimensions:"": ""10.8\"" x 0.4\"" x 8.5\""""}",https://m.media-amazon.com/images/I/51KrXrJKmnL._SL350_.jpg
The Far Side(r) Gallery 4,Gary Larson,"{""Format:"": ""Paperback"", ""Language:"": ""English"", ""ISBN:"": ""0836217241"", ""ISBN13:"": ""9780836217247"", ""Release Date:"": ""September 1993"", ""Publisher:"": ""Andrews McMeel Publishing"", ""Length:"": ""172 Pages"", ""Weight:"": ""1.15 lbs."", ""Dimensions:"": ""0.5\"" x 8.4\"" x 10.8\""""}",https://i.thriftbooks.com/api/imagehandler/m/F1815D59EB2058FD98BEF792EE93D6D6FDD7F445.jpeg
"Scott Pilgrim, Vol. 1: Scott Pilgrim's Precious Little Life",Bryan Lee O'Malley,"{""Format:"": ""Paperback"", ""Language:"": ""English"", ""ISBN:"": ""1932664084"", ""Release Date:"": ""August 2004"", ""Publisher:"": ""Oni Press"", ""Length:"": ""168 Pages"", ""Weight:"": ""0.28 lbs."", ""Dimensions:"": ""7.5\"" x 0.7\"" x 5.0\""""}",https://m.media-amazon.com/images/I/51oxMAEWMRL._SL350_.jpg
How to Draw Comics the Marvel Way,John Buscema,"{""Format:"": ""Paperback"", ""Language:"": ""English"", ""ISBN:"": ""0671530771"", ""ISBN13:"": ""9780671530778"", ""Release Date:"": ""September 1984"", ""Publisher:"": ""Atria Books"", ""Length:"": ""192 Pages"", ""Weight:"": ""1.00 lbs."", ""Dimensions:"": ""0.6\"" x 8.4\"" x 10.9\"""", ""Age Range:"": ""10 to 13 years"", ""Grade Range:"": ""Grades 5 to 8""}",https://i.thriftbooks.com/api/imagehandler/m/28195B747D73DBFEEB6BB36B72AA7384BF897503.jpeg
Garfield Fat Cat 3-Pack #2: A Triple Helping of Classic Garfield Humor,Jim Davis,"{"""": """"}",https://i.thriftbooks.com/api/imagehandler/m/CE24F3CF13A6278F57413DE2DAED5823D41714EB.jpeg
Garfield Fat Cat Three Pack Volume I,Jim Davis,"{""Format:"": ""Paperback"", ""Language:"": ""English"", ""ISBN:"": ""0345383850"", ""ISBN13:"": ""9780345383853"", ""Release Date:"": ""March 1993"", ""Publisher:"": ""Ballantine Books"", ""Length:"": ""384 Pages"", ""Weight:"": ""0.80 lbs."", ""Dimensions:"": ""1.1\"" x 8.5\"" x 5.2\""""}",https://i.thriftbooks.com/api/imagehandler/m/BE09259C3C53F6FF32D43561126C504A7ACB8112.jpeg
Garfield at Large: His 1st Book,Jim Davis,"{""Format:"": ""Paperback"", ""Language:"": ""English"", ""ISBN:"": ""0345443829"", ""ISBN13:"": ""9780345443823"", ""Release Date:"": ""May 2001"", ""Publisher:"": ""Random House Worlds"", ""Length:"": ""96 Pages"", ""Weight:"": ""0.73 lbs."", ""Dimensions:"": ""0.3\"" x 8.4\"" x 9.1\"""", ""Age Range:"": ""9 to 13 years"", ""Grade Range:"": ""Grades 4 to 8""}",https://i.thriftbooks.com/api/imagehandler/m/5B407C55A77C802BA0E8CCA7AAE7D38DC6C1A386.jpeg
Fierce Invalids Home from Hot Climates,Tom Robbins,"{""Format:"": ""Paperback"", ""Language:"": ""English"", ""ISBN:"": ""055337933X"", ""ISBN13:"": ""9780553379334"", ""Release Date:"": ""May 2001"", ""Publisher:"": ""Bantam"", ""Length:"": ""464 Pages"", ""Weight:"": ""1.10 lbs."", ""Dimensions:"": ""1.0\"" x 5.3\"" x 8.2\""""}",https://i.thriftbooks.com/api/imagehandler/m/DE4C1CEDE535A056D97087C953483C55999F9496.jpeg
Ghost Circles: A Graphic Novel (Bone #7): Volume 7,Jeff Smith,"{""Format:"": ""Paperback"", ""Language:"": ""English"", ""ISBN:"": ""0439706343"", ""ISBN13:"": ""9780439706346"", ""Release Date:"": ""February 2008"", ""Publisher:"": ""Graphix"", ""Length:"": ""160 Pages"", ""Weight:"": ""0.88 lbs."", ""Dimensions:"": ""0.5\"" x 5.9\"" x 8.9\"""", ""Age Range:"": ""8 to 12 years"", ""Grade Range:"": ""Grades 3 to 7""}",https://i.thriftbooks.com/api/imagehandler/m/E079DCEC238516E73DA17AD1EDD25A1307BD6D9E.jpeg
Fairy Tail V01,Hiro Mashima,"{""Format:"": ""Paperback"", ""Language:"": ""English"", ""ISBN:"": ""1612622763"", ""ISBN13:"": ""9781612622767"", ""Release Date:"": ""August 2012"", ""Publisher:"": ""Kodansha Comics"", ""Length:"": ""208 Pages"", ""Weight:"": ""0.45 lbs."", ""Dimensions:"": ""1.0\"" x 5.1\"" x 7.6\"""", ""Age Range:"": ""13 years and up"", ""Grade Range:"": ""Grade 8 and higher""}",https://i.thriftbooks.com/api/imagehandler/m/846826154FEE12FA040C0A9A3F3333384214521A.jpeg
Scott Pilgrim Vol. 3: Scott Pilgrim & the Infinite Sadness,Bryan Lee O'Malley,"{""Format:"": ""Paperback"", ""Language:"": ""English"", ""ISBN:"": ""193266422X"", ""ISBN13:"": ""9781932664225"", ""Release Date:"": ""May 2006"", ""Publisher:"": ""Oni Press"", ""Length:"": ""192 Pages"", ""Weight:"": ""0.40 lbs."", ""Dimensions:"": ""0.7\"" x 5.0\"" x 7.4\"""", ""Age Range:"": ""16 years and up"", ""Grade Range:"": ""Grade 11 and higher""}",https://i.thriftbooks.com/api/imagehandler/m/753A52B9BD6285BD7100FCD17189452EA76D703B.jpeg
Coraline,Neil Gaiman,"{""Format:"": ""Paperback"", ""Language:"": ""English"", ""ISBN:"": ""0060825456"", ""ISBN13:"": ""9780060825454"", ""Release Date:"": ""May 2009"", ""Publisher:"": ""Harperalley"", ""Length:"": ""192 Pages"", ""Weight:"": ""0.95 lbs."", ""Dimensions:"": ""0.5\"" x 6.2\"" x 8.9\"""", ""Age Range:"": ""8 to 12 years"", ""Grade Range:"": ""Grades 3 to 7""}",https://i.thriftbooks.com/api/imagehandler/m/62257C1615DE6B4B74D3A1E871223BE03F49E244.jpeg
Blueberry Girl,Neil Gaiman,"{""Format:"": ""Hardcover"", ""Language:"": ""English"", ""ISBN:"": ""0060838086"", ""ISBN13:"": ""9780060838089"", ""Release Date:"": ""March 2009"", ""Publisher:"": ""HarperCollins"", ""Length:"": ""32 Pages"", ""Weight:"": ""0.10 lbs."", ""Dimensions:"": ""0.3\"" x 10.1\"" x 10.0\"""", ""Age Range:"": ""4 to 8 years"", ""Grade Range:"": ""Preschool to Grade 3""}",https://i.thriftbooks.com/api/imagehandler/m/32E8E96B30F09A0DCBC87E3BA37BF6656A0E810E.jpeg
The Dangerous Alphabet,Neil Gaiman,"{""Format:"": ""Hardcover"", ""Language:"": ""English"", ""ISBN:"": ""0060783338"", ""ISBN13:"": ""9780060783334"", ""Release Date:"": ""April 2008"", ""Publisher:"": ""HarperCollins"", ""Length:"": ""32 Pages"", ""Weight:"": ""0.75 lbs."", ""Dimensions:"": ""0.3\"" x 11.3\"" x 7.3\"""", ""Age Range:"": ""4 to 8 years"", ""Grade Range:"": ""Preschool to Grade 3""}",https://i.thriftbooks.com/api/imagehandler/m/A2E6A964F44E7091CEC318FAFADBA80E0F868F31.jpeg
Akira 1,Katsuhiro Otomo,"{""Format:"": ""Paperback"", ""Language:"": ""English"", ""ISBN:"": ""1935429000"", ""ISBN13:"": ""9781935429005"", ""Release Date:"": ""October 2009"", ""Publisher:"": ""Kodansha Comics"", ""Length:"": ""352 Pages"", ""Weight:"": ""1.55 lbs."", ""Dimensions:"": ""1.2\"" x 7.0\"" x 9.9\"""", ""Age Range:"": ""16 years and up"", ""Grade Range:"": ""Grade 11 and higher""}",https://i.thriftbooks.com/api/imagehandler/m/4B42B1BCCF2186F0937647FBA243B61E86A6C684.jpeg
"Dragon Ball Z, Volume 1",Akira Toriyama,"{""Format:"": ""Hardcover"", ""Language:"": ""English"", ""ISBN:"": ""1421526115"", ""ISBN13:"": ""9781421526119"", ""Release Date:"": ""November 2008"", ""Publisher:"": ""Viz Media"", ""Length:"": ""149 Pages"", ""Weight:"": ""0.90 lbs."", ""Dimensions:"": ""0.7\"" x 6.1\"" x 8.5\"""", ""Age Range:"": ""8 years and up"", ""Grade Range:"": ""Grade 3 and higher""}",https://i.thriftbooks.com/api/imagehandler/m/A7279D6A93D001FCFBD07C257DF57BF14BD478CA.jpeg
Love Is Hell,Matt Groening,"{""Format:"": ""Paperback"", ""Language:"": ""English"", ""ISBN:"": ""0394744543"", ""ISBN13:"": ""9780394744544"", ""Release Date:"": ""March 1986"", ""Publisher:"": ""Pantheon"", ""Length:"": ""48 Pages"", ""Weight:"": ""0.40 lbs."", ""Dimensions:"": ""9.0\"" x 9.0\"" x 0.3\""""}",https://i.thriftbooks.com/api/imagehandler/m/6F41603A5D30D6F6BAB0A41A2A6F8CF36E40B38D.jpeg
Zits,Jim Borgman,"{""Format:"": ""Paperback"", ""Language:"": ""English"", ""ISBN:"": ""0836268253"", ""ISBN13:"": ""9780836268256"", ""Release Date:"": ""September 1998"", ""Publisher:"": ""Andrews McMeel Publishing, LLC"", ""Length:"": ""128 Pages"", ""Weight:"": ""0.65 lbs."", ""Dimensions:"": ""0.3\"" x 8.5\"" x 9.0\""""}",https://i.thriftbooks.com/api/imagehandler/m/A21B11A35A7E07B002EE4AC4A5C422B022308E5D.jpeg
The Haunted Tea-Cosy: A Dispirited and Distasteful Diversion for Christmas,Edward Gorey,"{""Format:"": ""Hardcover"", ""Language:"": ""English"", ""ISBN:"": ""0151004153"", ""Release Date:"": ""October 1998"", ""Publisher:"": ""Harcourt Brace & Company"", ""Length:"": ""64 Pages"", ""Weight:"": ""0.60 lbs."", ""Dimensions:"": ""7.8\"" x 7.5\"" x 0.5\""""}",https://m.media-amazon.com/images/I/51rdne0q-aL._SL350_.jpg
Simpsons Comics Madness (Simpsons Comic Compilations),Matt Groening,"{""Format:"": ""Paperback"", ""Language:"": ""English"", ""ISBN:"": ""0060530618"", ""Release Date:"": ""April 2003"", ""Publisher:"": ""Harper Paperbacks"", ""Length:"": ""160 Pages"", ""Weight:"": ""0.66 lbs."", ""Dimensions:"": ""10.0\"" x 0.5\"" x 6.5\""""}",https://m.media-amazon.com/images/I/510cPcjKmtL._SL350_.jpg
The Epiplectic Bicycle,Edward Gorey,"{""Format:"": ""Hardcover"", ""Language:"": ""English"", ""ISBN:"": ""0151003149"", ""Release Date:"": ""June 1998"", ""Publisher:"": ""Harper"", ""Length:"": ""64 Pages"", ""Weight:"": ""0.45 lbs."", ""Dimensions:"": ""0.4\"" x 7.3\"" x 4.9\""""}",https://m.media-amazon.com/images/I/41alajO93fL._SL350_.jpg
Simpsons Comics Extravaganza,Matt Groening,"{"""": """"}",https://i.thriftbooks.com/api/imagehandler/m/B367FCADB7D8997C2E24383CC59975A36E3DC09E.jpeg
Garfield Makes It Big,Jim Davis,"{""Format:"": ""Paperback"", ""Language:"": ""English"", ""ISBN:"": ""0345464680"", ""ISBN13:"": ""9780345464682"", ""Release Date:"": ""June 2005"", ""Publisher:"": ""Ballantine Books"", ""Length:"": ""96 Pages"", ""Weight:"": ""1.60 lbs."", ""Dimensions:"": ""0.3\"" x 8.5\"" x 9.0\"""", ""Age Range:"": ""9 to 13 years"", ""Grade Range:"": ""Grades 4 to 8""}",https://i.thriftbooks.com/api/imagehandler/m/3F6295211AB2A34BD111777D5CFC4580C6B338D4.jpeg
The Sandman: Endless Nights,Neil Gaiman,"{""Format:"": ""Paperback"", ""Language:"": ""English"", ""ISBN:"": ""140120113X"", ""ISBN13:"": ""9781401201135"", ""Release Date:"": ""September 2004"", ""Publisher:"": ""Vertigo"", ""Length:"": ""160 Pages"", ""Weight:"": ""1.20 lbs."", ""Dimensions:"": ""0.3\"" x 7.1\"" x 10.7\""""}",https://i.thriftbooks.com/api/imagehandler/m/42EC02355D0E7D701DAC63B3247B532C0242CC00.jpeg
"Hellboy, Vol. 1: Seed of Destruction",Mike Mignola,"{""Format:"": ""Paperback"", ""Language:"": ""English"", ""ISBN:"": ""1593070942"", ""Release Date:"": ""March 2004"", ""Publisher:"": ""Dark Horse Books"", ""Length:"": ""128 Pages"", ""Weight:"": ""0.65 lbs."", ""Dimensions:"": ""10.2\"" x 0.3\"" x 6.7\""""}",https://m.media-amazon.com/images/I/41nnRjB9BgL._SL350_.jpg
Dilbert - A Treasury Of Sunday Strips: Version 00 (Volume 16),Scott Adams,"{""Format:"": ""Paperback"", ""Language:"": ""English"", ""ISBN:"": ""0740705318"", ""Release Date:"": ""August 2000"", ""Publisher:"": ""Andrews McMeel Publishing"", ""Length:"": ""224 Pages"", ""Weight:"": ""1.50 lbs."", ""Dimensions:"": ""10.5\"" x 0.8\"" x 8.3\""""}",https://m.media-amazon.com/images/I/61LZhskh+bL._SL350_.jpg
Garfield Eats Heart,Jim Davis,"{""Format:"": ""Paperback"", ""Language:"": ""English"", ""ISBN:"": ""034530912X"", ""ISBN13:"": ""9780345309129"", ""Release Date:"": ""February 1983"", ""Publisher:"": ""Ballantine Books"", ""Length:"": ""128 Pages"", ""Weight:"": ""0.40 lbs."", ""Dimensions:"": ""21.1\"" x 12.4\"" x 12.4\""""}",https://m.media-amazon.com/images/I/417e6nuKC8L._SL350_.jpg
Nausicaa of the Valley of the Wind: Volume 1,Hayao Miyazaki,"{""Format:"": ""Paperback"", ""Language:"": ""English"", ""ISBN:"": ""1591164087"", ""ISBN13:"": ""9781591164081"", ""Release Date:"": ""February 2004"", ""Publisher:"": ""Viz Media"", ""Length:"": ""130 Pages"", ""Weight:"": ""0.70 lbs."", ""Dimensions:"": ""0.4\"" x 7.2\"" x 10.2\"""", ""Age Range:"": ""13 to 17 years"", ""Grade Range:"": ""Grades 8 to 12""}",https://i.thriftbooks.com/api/imagehandler/m/281E1A7D074B434B9E1C0CD5D650573AAB484FAF.jpeg
Garfield Sits Around the House,Jim Davis,"{""Format:"": ""Paperback"", ""Language:"": ""English"", ""ISBN:"": ""0345320115"", ""ISBN13:"": ""9780345320117"", ""Release Date:"": ""October 1984"", ""Publisher:"": ""Ballantine Books"", ""Length:"": ""128 Pages"", ""Weight:"": ""0.40 lbs."", ""Dimensions:"": ""0.3\"" x 8.4\"" x 5.2\""""}",https://i.thriftbooks.com/api/imagehandler/m/69294E30C2BC74BB47B17E8BC9133724DF003ED6.jpeg
The Far Side®,Gary Larson,"{""Format:"": ""Paperback"", ""Language:"": ""English"", ""ISBN:"": ""0836212002"", ""Release Date:"": ""September 1982"", ""Publisher:"": ""Andrews McMeel Publishing"", ""Length:"": ""104 Pages"", ""Weight:"": ""0.20 lbs."", ""Dimensions:"": ""5.5\"" x 0.3\"" x 8.2\""""}",https://m.media-amazon.com/images/I/51-LWeYwxJL._SL350_.jpg
Peanuts Treasury,Charles M. Schulz,"{""Format:"": ""Hardcover"", ""Language:"": ""English"", ""ISBN:"": ""1586630687"", ""ISBN13:"": ""9781586630683"", ""Release Date:"": ""October 2000"", ""Publisher:"": ""MetroBooks (NY)"", ""Length:"": ""256 Pages"", ""Weight:"": ""2.10 lbs."", ""Dimensions:"": ""1.0\"" x 8.7\"" x 11.2\""""}",https://i.thriftbooks.com/api/imagehandler/m/D9443EBA9C5FA4449F926C207270B7C2638B048B.jpeg
Beyond The Far Side®,Gary Larson,"{""Format:"": ""Paperback"", ""Language:"": ""English"", ""ISBN:"": ""0836211499"", ""Release Date:"": ""January 1983"", ""Publisher:"": ""Andrews McMeel Publishing"", ""Length:"": ""104 Pages"", ""Weight:"": ""0.30 lbs."", ""Dimensions:"": ""5.5\"" x 0.3\"" x 8.2\""""}",https://m.media-amazon.com/images/I/41HWhiwc6GL._SL350_.jpg
Calvin and Hobbes: Sunday Pages 1985-1995,Bill Watterson,"{""Format:"": ""Paperback"", ""Language:"": ""English"", ""ISBN:"": ""0740721356"", ""Release Date:"": ""September 2001"", ""Publisher:"": ""Andrews McMeel Publishing"", ""Length:"": ""96 Pages"", ""Weight:"": ""1.15 lbs."", ""Dimensions:"": ""9.5\"" x 0.4\"" x 10.7\""""}",https://m.media-amazon.com/images/I/51WXgrWn7nL._SL350_.jpg
A Charlie Brown Thanksgiving,Charles M. Schulz,"{""Format:"": ""Paperback"", ""Language:"": ""English"", ""ISBN:"": ""1481468057"", ""ISBN13:"": ""9781481468053"", ""Release Date:"": ""September 2016"", ""Publisher:"": ""Simon Spotlight"", ""Length:"": ""32 Pages"", ""Weight:"": ""0.25 lbs."", ""Dimensions:"": ""0.3\"" x 9.9\"" x 7.8\"""", ""Age Range:"": ""5 to 8 years"", ""Grade Range:"": ""Preschool to Grade 3""}",https://i.thriftbooks.com/api/imagehandler/m/585357C1D8F6BE274482D3A91C6C1DA819CA7645.jpeg
Garfield Fat Cat 3-Pack #3: A Triple Helping of Classic Garfield Humor Vol 3,Jim Davis,"{"""": """"}",https://i.thriftbooks.com/api/imagehandler/m/7DECE1F0EA6B22409985BFF714D54A1908DB5CE5.jpeg
Garfield Fat Cat Three Pack Volume IV,Jim Davis,"{""Format:"": ""Paperback"", ""Language:"": ""English"", ""ISBN:"": ""0345402383"", ""ISBN13:"": ""9780345402387"", ""Release Date:"": ""August 1995"", ""Publisher:"": ""Ballantine Books"", ""Length:"": ""2 Pages"", ""Weight:"": ""2.00 lbs."", ""Dimensions:"": ""1.1\"" x 8.4\"" x 5.2\""""}",https://i.thriftbooks.com/api/imagehandler/m/6BCF39EDAE33919E281C46284680080D64E9D7AE.jpeg
The Complete Cartoons of the New Yorker (Book & CD),Robert Mankoff,"{""Format:"": ""Hardcover"", ""Language:"": ""English"", ""ISBN:"": ""1579123228"", ""ISBN13:"": ""9781603760782"", ""Release Date:"": ""October 2004"", ""Publisher:"": ""Black Dog & Leventhal"", ""Length:"": ""656 Pages"", ""Weight:"": ""8.85 lbs."", ""Dimensions:"": ""13.3\"" x 1.5\"" x 11.8\""""}",https://m.media-amazon.com/images/I/51WrlvCuysL._SL350_.jpg
"Fat Cat 3-Pack: Hams It Up, Thinks Big, Throws His Weight Around",Jim Davis,"{""Format:"": ""Paperback"", ""Language:"": ""English"", ""ISBN:"": ""0345438019"", ""ISBN13:"": ""9780345438010"", ""Release Date:"": ""September 1999"", ""Publisher:"": ""Ballantine Books"", ""Length:"": ""384 Pages"", ""Weight:"": ""0.43 lbs."", ""Dimensions:"": ""1.1\"" x 8.5\"" x 5.2\""""}",https://i.thriftbooks.com/api/imagehandler/m/27C1564990621EB742028E42635F6174F9D6454C.jpeg
Peanuts,Charles M. Schulz,"{""Format:"": ""Paperback"", ""Language:"": ""English"", ""ISBN:"": ""0345442393"", ""ISBN13:"": ""9780345442390"", ""Release Date:"": ""September 2000"", ""Publisher:"": ""Ballantine Books"", ""Length:"": ""176 Pages"", ""Weight:"": ""1.10 lbs."", ""Dimensions:"": ""0.5\"" x 8.5\"" x 9.1\"""", ""Age Range:"": ""9 to 13 years"", ""Grade Range:"": ""Grades 4 to 8""}",https://i.thriftbooks.com/api/imagehandler/m/7B5888A97F0C19353CA29FB27988BE8CAA1B1266.jpeg
Fat Cat 3-Pack,Jim Davis,"{""Format:"": ""Paperback"", ""Language:"": ""English"", ""ISBN:"": ""0345414497"", ""ISBN13:"": ""9780345414496"", ""Release Date:"": ""April 1997"", ""Publisher:"": ""Ballantine Books"", ""Length:"": ""384 Pages"", ""Weight:"": ""1.00 lbs."", ""Dimensions:"": ""1.0\"" x 8.5\"" x 5.4\""""}",https://i.thriftbooks.com/api/imagehandler/m/67016D8A120F26C4FB96B2DD068A869C04A77038.jpeg
Garfield Fat Cat 3-Pack #10: Contains: Garfield Life in the Fat Lane (#28); Garfield Tons of Fun (#29); Garfield Bigger and Better (#30)),Jim Davis,"{""Format:"": ""Paperback"", ""Language:"": ""English"", ""ISBN:"": ""0345434587"", ""ISBN13:"": ""9780345434586"", ""Release Date:"": ""February 1999"", ""Publisher:"": ""Ballantine Books"", ""Length:"": ""384 Pages"", ""Weight:"": ""0.75 lbs."", ""Dimensions:"": ""1.0\"" x 8.4\"" x 5.2\""""}",https://i.thriftbooks.com/api/imagehandler/m/F360B69360FA3DA0EAB0E3076288D01158AE4B1E.jpeg
Valley of the Far Side(r),Gary Larson,"{""Format:"": ""Paperback"", ""Language:"": ""English"", ""ISBN:"": ""0836220676"", ""ISBN13:"": ""9780836220674"", ""Release Date:"": ""January 1985"", ""Publisher:"": ""Andrews McMeel Publishing"", ""Length:"": ""104 Pages"", ""Weight:"": ""0.35 lbs."", ""Dimensions:"": ""0.3\"" x 8.3\"" x 5.5\""""}",https://i.thriftbooks.com/api/imagehandler/m/1E0CFA91F361AE0FEB6570E7F42395D7F278767A.jpeg
Cat,B. Kliban,"{""Format:"": ""Paperback"", ""Language:"": ""English"", ""ISBN:"": ""0911104542"", ""ISBN13:"": ""9780911104547"", ""Release Date:"": ""January 2012"", ""Publisher:"": ""Workman Publishing"", ""Length:"": ""160 Pages"", ""Weight:"": ""0.35 lbs."", ""Dimensions:"": ""0.5\"" x 5.0\"" x 8.1\""""}",https://i.thriftbooks.com/api/imagehandler/m/A4DA4654AA5BB416CBC7A959B60E8116EA00D255.jpeg
The Essential Dykes to Watch Out for,Alison Bechdel,"{""Format:"": ""Paperback"", ""Language:"": ""English"", ""ISBN:"": ""0358424178"", ""ISBN13:"": ""9780358424178"", ""Release Date:"": ""September 2020"", ""Publisher:"": ""Mariner Books"", ""Length:"": ""416 Pages"", ""Weight:"": ""2.10 lbs."", ""Dimensions:"": ""1.1\"" x 7.9\"" x 9.1\""""}",https://i.thriftbooks.com/api/imagehandler/m/64ED4937D592B7939A62C3E2885214FB933DA5FC.jpeg
Garfield Gains Weight,Jim Davis,"{""Format:"": ""Paperback"", ""Language:"": ""English"", ""ISBN:"": ""0345320085"", ""ISBN13:"": ""9780345320087"", ""Release Date:"": ""July 1984"", ""Publisher:"": ""Ballantine Books"", ""Length:"": ""128 Pages"", ""Weight:"": ""0.40 lbs."", ""Dimensions:"": ""0.3\"" x 8.4\"" x 5.1\""""}",https://i.thriftbooks.com/api/imagehandler/m/06917BBB4CA5248CA4222995F7EED1FF2C15C8AF.jpeg
Big Nate Out Loud (Volume 2),Lincoln Peirce,"{""Format:"": ""Paperback"", ""Language:"": ""English"", ""ISBN:"": ""1449407188"", ""Release Date:"": ""April 2011"", ""Publisher:"": ""Andrews McMeel Publishing"", ""Length:"": ""224 Pages"", ""Weight:"": ""0.70 lbs."", ""Dimensions:"": ""9.0\"" x 0.6\"" x 6.0\""""}",https://m.media-amazon.com/images/I/41oze0uGRrL._SL350_.jpg
Peanuts: A Golden Celebration: The Art and the Story of the World's Best-Loved Comic Strip,Charles M. Schulz,"{""Format:"": ""Hardcover"", ""Language:"": ""English"", ""ISBN:"": ""0062702440"", ""ISBN13:"": ""9780062702449"", ""Release Date:"": ""September 1999"", ""Publisher:"": ""William Morrow & Company"", ""Length:"": ""256 Pages"", ""Weight:"": ""3.52 lbs."", ""Dimensions:"": ""0.8\"" x 10.0\"" x 11.9\""""}",https://i.thriftbooks.com/api/imagehandler/m/F8BF92FC8DA158DA4B8AF8B2448281AC41712A7C.jpeg
There's a Hair in My Dirt!: A Worm's Story,Gary Larson,"{""Format:"": ""Hardcover"", ""Language:"": ""English"", ""ISBN:"": ""006019104X"", ""ISBN13:"": ""9780060191047"", ""Release Date:"": ""April 1998"", ""Publisher:"": ""Harper"", ""Length:"": ""64 Pages"", ""Weight:"": ""1.10 lbs."", ""Dimensions:"": ""0.4\"" x 8.5\"" x 10.9\""""}",https://i.thriftbooks.com/api/imagehandler/m/FB5F1F712703C6555D1F10E1C024674CF2FE4A46.jpeg
The Twelfth Garfield Fat Cat 3-Pack,Jim Davis,"{"""": """"}",https://i.thriftbooks.com/api/imagehandler/m/981F39A9F2FFBC82ADE00B607FC98339A7FE0703.jpeg
Garfield Fat Cat Three Pack Volume V,Jim Davis,"{""Format:"": ""Paperback"", ""Language:"": ""English"", ""ISBN:"": ""0345404041"", ""ISBN13:"": ""9780345404046"", ""Release Date:"": ""January 1996"", ""Publisher:"": ""Ballantine Books"", ""Length:"": ""1 Pages"", ""Weight:"": ""0.75 lbs."", ""Dimensions:"": ""1.1\"" x 8.5\"" x 5.3\""""}",https://i.thriftbooks.com/api/imagehandler/m/360C90E65B92FC0F716ADDEF3CBEA8829085FCE8.jpeg
The Far Side(r) Observer,Gary Larson,"{""Format:"": ""Paperback"", ""Language:"": ""English"", ""ISBN:"": ""0836220986"", ""ISBN13:"": ""9780836220988"", ""Release Date:"": ""January 1987"", ""Publisher:"": ""Andrews McMeel Publishing"", ""Length:"": ""104 Pages"", ""Weight:"": ""0.30 lbs."", ""Dimensions:"": ""0.3\"" x 8.2\"" x 5.5\""""}",https://i.thriftbooks.com/api/imagehandler/m/94C51E6383C888200B48D4E2F888AFDF981DC6BE.jpeg
Unnatural Selections,Gary Larson,"{""Format:"": ""Paperback"", ""Language:"": ""English"", ""ISBN:"": ""0836218817"", ""ISBN13:"": ""9780836218817"", ""Release Date:"": ""January 1991"", ""Publisher:"": ""Andrews McMeel Publishing"", ""Length:"": ""112 Pages"", ""Weight:"": ""0.65 lbs."", ""Dimensions:"": ""0.3\"" x 8.0\"" x 8.0\""""}",https://i.thriftbooks.com/api/imagehandler/m/7148836D91E928E4E524CB52D583CC68F2958BAC.jpeg
BT-Garfield: Bigr Than,Jim Davis,"{""Format:"": ""Paperback"", ""Language:"": ""English"", ""ISBN:"": ""0345297962"", ""ISBN13:"": ""9780345297969"", ""Release Date:"": ""October 1981"", ""Publisher:"": ""Ballantine Books"", ""Length:"": ""128 Pages"", ""Weight:"": ""0.40 lbs.""}",https://m.media-amazon.com/images/I/512NxeX4LGL._SL350_.jpg
Enormously Foxtrot,Bill Amend,"{"""": """"}",https://i.thriftbooks.com/api/imagehandler/m/6799A02D2BE3EF285F798DAD48A0541792F27826.jpeg
The PreHistory of The Far Side®,Gary Larson,"{""Format:"": ""Paperback"", ""Language:"": ""English"", ""ISBN:"": ""0836218515"", ""Release Date:"": ""September 1989"", ""Publisher:"": ""Andrews and McMeel Publishing"", ""Length:"": ""288 Pages"", ""Weight:"": ""1.65 lbs."", ""Dimensions:"": ""11.0\"" x 0.9\"" x 8.5\""""}",https://m.media-amazon.com/images/I/51zK5W8r3JL._SL350_.jpg
The Eighth Garfield Fat Cat 3-Pack,Jim Davis,"{""Format:"": ""Paperback"", ""Language:"": ""English"", ""ISBN:"": ""0345426010"", ""ISBN13:"": ""9780345426017"", ""Release Date:"": ""January 1998"", ""Publisher:"": ""Ballantine Books"", ""Length:"": ""384 Pages"", ""Weight:"": ""0.80 lbs."", ""Dimensions:"": ""1.1\"" x 8.4\"" x 5.5\""""}",https://i.thriftbooks.com/api/imagehandler/m/07D9429A0798C01029A4BAC6A374B756F85CCAD1.jpeg
Wiener Dog Art,Gary Larson,"{""Format:"": ""Paperback"", ""Language:"": ""English"", ""ISBN:"": ""0836218655"", ""ISBN13:"": ""9780836218657"", ""Release Date:"": ""January 1990"", ""Publisher:"": ""Andrews McMeel Publishing"", ""Length:"": ""112 Pages"", ""Weight:"": ""0.50 lbs."", ""Dimensions:"": ""0.3\"" x 8.0\"" x 8.0\""""}",https://i.thriftbooks.com/api/imagehandler/m/F4927F2915DDDA13B7618B81F24EAD8A779F0CDF.jpeg
The Chickens Are Restless,Gary Larson,"{""Format:"": ""Paperback"", ""Language:"": ""English"", ""ISBN:"": ""0836217179"", ""ISBN13:"": ""9780836217179"", ""Release Date:"": ""October 1993"", ""Publisher:"": ""Andrews McMeel Publishing"", ""Length:"": ""112 Pages"", ""Weight:"": ""0.40 lbs."", ""Dimensions:"": ""0.3\"" x 7.9\"" x 7.2\""""}",https://i.thriftbooks.com/api/imagehandler/m/82B3AE796010A4A9E30DFB05A4539B1BBC170D08.jpeg
In Search of the Far Side(r),Gary Larson,"{""Format:"": ""Paperback"", ""Language:"": ""English"", ""ISBN:"": ""0836220609"", ""ISBN13:"": ""9780836220605"", ""Release Date:"": ""January 1984"", ""Publisher:"": ""Andrews McMeel Publishing"", ""Length:"": ""104 Pages"", ""Weight:"": ""0.31 lbs."", ""Dimensions:"": ""0.3\"" x 8.3\"" x 5.4\""""}",https://i.thriftbooks.com/api/imagehandler/m/3B47181D9B9B41909F673827257DDDD5247E15B0.jpeg
"Hound of the Far Side, 9",Gary Larson,"{""Format:"": ""Paperback"", ""Language:"": ""English"", ""ISBN:"": ""0836220870"", ""ISBN13:"": ""9780836220872"", ""Release Date:"": ""January 1987"", ""Publisher:"": ""Andrews McMeel Publishing"", ""Length:"": ""104 Pages"", ""Weight:"": ""0.30 lbs."", ""Dimensions:"": ""0.3\"" x 8.3\"" x 5.5\""""}",https://i.thriftbooks.com/api/imagehandler/m/E38EBDC6AEE5042E94186F92726982626BEE4A52.jpeg
Garfield Treasury,Jim Davis,"{""Format:"": ""Paperback"", ""Language:"": ""English"", ""ISBN:"": ""0345321065"", ""ISBN13:"": ""9780345321060"", ""Release Date:"": ""June 1984"", ""Publisher:"": ""Ballantine Books"", ""Length:"": ""128 Pages"", ""Weight:"": ""0.90 lbs."", ""Dimensions:"": ""0.4\"" x 9.7\"" x 8.7\""""}",https://i.thriftbooks.com/api/imagehandler/m/FD62B27DCA95D9AC7300DB70D86E9207A7416982.jpeg
Bride of The Far Side®,Gary Larson,"{""Format:"": ""Paperback"", ""Language:"": ""English"", ""ISBN:"": ""0836220668"", ""Release Date:"": ""January 1985"", ""Publisher:"": ""Andrews McMeel Pub"", ""Length:"": ""104 Pages"", ""Weight:"": ""0.34 lbs."", ""Dimensions:"": ""5.8\"" x 0.5\"" x 8.5\""""}",https://m.media-amazon.com/images/I/61P-JgivJ3L._SL350_.jpg
Garfield Takes the Cake,Jim Davis,"{""Format:"": ""Paperback"", ""Language:"": ""English"", ""ISBN:"": ""0345449789"", ""ISBN13:"": ""9780345449788"", ""Release Date:"": ""June 2003"", ""Publisher:"": ""Ballantine Books"", ""Length:"": ""96 Pages"", ""Weight:"": ""0.30 lbs."", ""Dimensions:"": ""0.3\"" x 8.5\"" x 8.9\"""", ""Age Range:"": ""9 to 13 years"", ""Grade Range:"": ""Grades 4 to 8""}",https://i.thriftbooks.com/api/imagehandler/m/15272ED603CF5C0FDCFDFC029ED8FAA8C381408B.jpeg
The Big Book of Hell: The Best of Life in Hell,Matt Groening,"{""Format:"": ""Paperback"", ""Language:"": ""English"", ""ISBN:"": ""0679727590"", ""ISBN13:"": ""9780679727590"", ""Release Date:"": ""October 1990"", ""Publisher:"": ""Pantheon Books"", ""Length:"": ""176 Pages"", ""Weight:"": ""1.87 lbs."", ""Dimensions:"": ""0.5\"" x 10.6\"" x 10.7\""""}",https://i.thriftbooks.com/api/imagehandler/m/2CF70F480453B3FA097DC349155F1E06CFC0B788.jpeg
Simpsons Comics Unchained (Simpsons Comics Compilations),Matt Groening,"{""Format:"": ""Paperback"", ""Language:"": ""English"", ""ISBN:"": ""0060007974"", ""Release Date:"": ""March 2002"", ""Publisher:"": ""Harper Paperbacks"", ""Length:"": ""176 Pages"", ""Weight:"": ""0.75 lbs."", ""Dimensions:"": ""10.2\"" x 0.4\"" x 6.7\""""}",https://m.media-amazon.com/images/I/513n+M+mjUL._SL350_.jpg
Foxtrot En Masse,Bill Amend,"{"""": """"}",https://i.thriftbooks.com/api/imagehandler/m/3E72FC23D33EA2E411EFC19BD460B08B2C3E08AC.jpeg
The New Yorker Book of Cat Cartoons,The New Yorker,"{""Format:"": ""Hardcover"", ""Language:"": ""English"", ""ISBN:"": ""0394587952"", ""ISBN13:"": ""9780394587950"", ""Release Date:"": ""October 1990"", ""Publisher:"": ""Knopf Publishing Group"", ""Length:"": ""112 Pages"", ""Weight:"": ""0.90 lbs."", ""Dimensions:"": ""0.5\"" x 8.3\"" x 8.8\""""}",https://i.thriftbooks.com/api/imagehandler/m/467F8D2694AB0FA13CCD6D0309821337D6D0B052.jpeg
The Best of Archie Comics,Archie Superstars,"{""Format:"": ""Paperback"", ""Language:"": ""English"", ""ISBN:"": ""1879794845"", ""Release Date:"": ""August 2011"", ""Publisher:"": ""Archie Comics"", ""Length:"": ""416 Pages"", ""Weight:"": ""0.68 lbs."", ""Dimensions:"": ""7.5\"" x 1.0\"" x 5.2\""""}",https://m.media-amazon.com/images/I/51EQMgN9JrL._SL350_.jpg
Wildly Foxtrot,Bill Amend,"{"""": """"}",https://i.thriftbooks.com/api/imagehandler/m/D9FCED0E579C647DC655752DE8EA4CF994781F12.jpeg
Assorted Foxtrot,Bill Amend,"{""Format:"": ""Paperback"", ""Language:"": ""English"", ""ISBN:"": ""0740705326"", ""ISBN13:"": ""9780740705328"", ""Release Date:"": ""November 2000"", ""Publisher:"": ""Andrews McMeel Publishing"", ""Length:"": ""252 Pages"", ""Weight:"": ""1.40 lbs."", ""Dimensions:"": ""0.7\"" x 8.4\"" x 10.8\"""", ""Age Range:"": ""12 to 17 years"", ""Grade Range:"": ""Grades 7 to 12""}",https://i.thriftbooks.com/api/imagehandler/m/5EB3ED4FEDC5823671AFED63216BDD76B8D6EFC1.jpeg
Cows of Our Planet,Gary Larson,"{""Format:"": ""Paperback"", ""Language:"": ""English"", ""ISBN:"": ""0836217012"", ""ISBN13:"": ""9780836217018"", ""Release Date:"": ""June 1992"", ""Publisher:"": ""Andrews McMeel Publishing"", ""Length:"": ""112 Pages"", ""Weight:"": ""0.50 lbs."", ""Dimensions:"": ""0.3\"" x 8.0\"" x 7.9\""""}",https://i.thriftbooks.com/api/imagehandler/m/38B13E2F7D8B1F6BC52F9B86797113E75E04F4D2.jpeg
Jimmy Corrigan: The Smartest Kid on Earth,Chris Ware,"{""Format:"": ""Paperback"", ""Language:"": ""English"", ""ISBN:"": ""0375714545"", ""ISBN13:"": ""9780375714542"", ""Release Date:"": ""April 2003"", ""Publisher:"": ""Pantheon Books"", ""Length:"": ""380 Pages"", ""Weight:"": ""1.75 lbs."", ""Dimensions:"": ""1.3\"" x 8.0\"" x 6.3\""""}",https://i.thriftbooks.com/api/imagehandler/m/1B8F66AF1F9A34658D3CBE7B72D1690A5D38C404.jpeg
"All My Friends Are Still Dead: (Funny Books, Children's Book for Adults, Interesting Finds)",Avery Monsen,"{""Format:"": ""Hardcover"", ""Language:"": ""English"", ""ISBN:"": ""1452106967"", ""ISBN13:"": ""9781452106960"", ""Release Date:"": ""March 2012"", ""Publisher:"": ""Chronicle Books"", ""Length:"": ""108 Pages"", ""Weight:"": ""0.55 lbs."", ""Dimensions:"": ""0.6\"" x 4.7\"" x 6.1\""""}",https://i.thriftbooks.com/api/imagehandler/m/913D93E27731804D62456F07193B8191ADC4B54E.jpeg
Eighth Garfield Treasury,Jim Davis,"{""Format:"": ""Paperback"", ""Language:"": ""English"", ""ISBN:"": ""0345397789"", ""ISBN13:"": ""9780345397782"", ""Release Date:"": ""October 1995"", ""Publisher:"": ""Ballantine Books"", ""Length:"": ""128 Pages"", ""Weight:"": ""0.85 lbs."", ""Dimensions:"": ""0.4\"" x 9.9\"" x 8.4\"""", ""Age Range:"": ""9 to 14 years"", ""Grade Range:"": ""Grades 4 to 9""}",https://i.thriftbooks.com/api/imagehandler/m/4B4FE68060968700C827240D5A1F56F7DAAD36F3.jpeg
Garfield Weighs in,Jim Davis,"{""Format:"": ""Paperback"", ""Language:"": ""English"", ""ISBN:"": ""0345320107"", ""ISBN13:"": ""9780345320100"", ""Release Date:"": ""September 1984"", ""Publisher:"": ""Ballantine Books"", ""Length:"": ""128 Pages"", ""Weight:"": ""0.40 lbs."", ""Dimensions:"": ""0.4\"" x 8.4\"" x 5.2\""""}",https://i.thriftbooks.com/api/imagehandler/m/A8FD1F8292C4F2440FB48F5487B14B3DB3B131E8.jpeg
Foxtrot: The Works,Bill Amend,"{""Format:"": ""Paperback"", ""Language:"": ""English"", ""ISBN:"": ""0836218485"", ""ISBN13:"": ""9780836218480"", ""Release Date:"": ""January 1990"", ""Publisher:"": ""Andrews McMeel Publishing"", ""Length:"": ""256 Pages"", ""Weight:"": ""1.60 lbs."", ""Dimensions:"": ""0.6\"" x 8.4\"" x 11.0\"""", ""Age Range:"": ""12 to 17 years"", ""Grade Range:"": ""Grades 7 to 12""}",https://i.thriftbooks.com/api/imagehandler/m/78BC1D88569A3C250BAFDBC1FE6C24FB40CA2AA0.jpeg
Garfield Fat Cat 3-Pack #13: A Triple Helping of Classic Garfield Humor,Jim Davis,"{""Format:"": ""Paperback"", ""Language:"": ""English"", ""ISBN:"": ""0345464605"", ""ISBN13:"": ""9780345464606"", ""Release Date:"": ""August 2006"", ""Publisher:"": ""Random House Worlds"", ""Length:"": ""288 Pages"", ""Weight:"": ""1.55 lbs."", ""Dimensions:"": ""0.8\"" x 8.4\"" x 9.0\""""}",https://i.thriftbooks.com/api/imagehandler/m/2706C8A4EDB922F6DE5B9F5A57C842702942E2EA.jpeg
The Cartoon History of the Universe II: Volumes 8-13: From the Springtime of China to the Fall of Rome,Larry Gonick,"{""Format:"": ""Paperback"", ""Language:"": ""English"", ""ISBN:"": ""0385420935"", ""ISBN13:"": ""9780385420938"", ""Release Date:"": ""October 1994"", ""Publisher:"": ""Crown Publishing Group (NY)"", ""Length:"": ""320 Pages"", ""Weight:"": ""1.47 lbs."", ""Dimensions:"": ""0.8\"" x 8.5\"" x 10.9\"""", ""Age Range:"": ""13 to 17 years"", ""Grade Range:"": ""Grades 8 to 12""}",https://i.thriftbooks.com/api/imagehandler/m/68F68D58C153419798DB1ACE05E29692CEBE7748.jpeg
It Came from the Far Side(r),Gary Larson,"{""Format:"": ""Paperback"", ""Language:"": ""English"", ""ISBN:"": ""0836220730"", ""ISBN13:"": ""9780836220735"", ""Release Date:"": ""January 1986"", ""Publisher:"": ""Andrews McMeel Publishing"", ""Length:"": ""104 Pages"", ""Weight:"": ""0.20 lbs."", ""Dimensions:"": ""0.3\"" x 8.1\"" x 5.4\""""}",https://i.thriftbooks.com/api/imagehandler/m/923F75DA5E2F71018EDD2C621A04061CF8F43279.jpeg
Garfield Fat Cat Three Pack Volume VI,Jim Davis,"{""Format:"": ""Paperback"", ""Language:"": ""English"", ""ISBN:"": ""0345408845"", ""ISBN13:"": ""9780345408846"", ""Release Date:"": ""September 1996"", ""Publisher:"": ""Ballantine Books"", ""Length:"": ""2 Pages"", ""Weight:"": ""0.77 lbs."", ""Dimensions:"": ""1.1\"" x 8.4\"" x 5.3\""""}",https://i.thriftbooks.com/api/imagehandler/m/70EB3897A02D3FC2F5F2C69A363AA00228783A49.jpeg
Amphigorey Also,Edward Gorey,"{""Format:"": ""Paperback"", ""Language:"": ""English"", ""ISBN:"": ""0156056720"", ""ISBN13:"": ""9780156056724"", ""Release Date:"": ""April 1993"", ""Publisher:"": ""Harper Paperbacks"", ""Length:"": ""256 Pages"", ""Weight:"": ""2.00 lbs."", ""Dimensions:"": ""0.8\"" x 8.0\"" x 11.0\""""}",https://i.thriftbooks.com/api/imagehandler/m/655235C372538301C24ECF81441BAFADF18D6694.jpeg
The Doubtful Guest,Edward Gorey,"{""Format:"": ""Hardcover"", ""Language:"": ""English"", ""ISBN:"": ""0151003130"", ""ISBN13:"": ""9780151003136"", ""Release Date:"": ""June 1998"", ""Publisher:"": ""Harper"", ""Length:"": ""32 Pages"", ""Weight:"": ""0.30 lbs."", ""Dimensions:"": ""0.3\"" x 7.3\"" x 4.8\""""}",https://i.thriftbooks.com/api/imagehandler/m/7A9F3573A20EBDBB56FBC1CF5F79AF603668AA27.jpeg
Foxtrot,Bill Amend,"{""Format:"": ""Paperback"", ""Language:"": ""English"", ""ISBN:"": ""0836218566"", ""ISBN13:"": ""9780836218565"", ""Release Date:"": ""January 1989"", ""Publisher:"": ""Andrews McMeel Publishing"", ""Length:"": ""128 Pages"", ""Weight:"": ""0.68 lbs."", ""Dimensions:"": ""0.4\"" x 8.6\"" x 9.0\"""", ""Age Range:"": ""12 to 17 years"", ""Grade Range:"": ""Grades 7 to 12""}",https://i.thriftbooks.com/api/imagehandler/m/F48DFF313491A3013008DCB25A5B51D025ED8641.jpeg
Groovitude: A Get Fuzzy Treasury (Volume 3),Darby Conley,"{""Format:"": ""Paperback"", ""Language:"": ""English"", ""ISBN:"": ""0740728946"", ""Release Date:"": ""September 2002"", ""Publisher:"": ""Andrews McMeel Publishing"", ""Length:"": ""256 Pages"", ""Weight:"": ""1.45 lbs."", ""Dimensions:"": ""11.0\"" x 0.5\"" x 8.5\""""}",https://m.media-amazon.com/images/I/51A5nDb1cRL._SL350_.jpg
The Dog Is Not a Toy,Darby Conley,"{""Format:"": ""Paperback"", ""Language:"": ""English"", ""ISBN:"": ""0740713922"", ""ISBN13:"": ""9780740713927"", ""Release Date:"": ""April 2001"", ""Publisher:"": ""Andrews McMeel Publishing, LLC"", ""Length:"": ""128 Pages"", ""Weight:"": ""0.65 lbs."", ""Dimensions:"": ""0.4\"" x 8.6\"" x 9.1\""""}",https://i.thriftbooks.com/api/imagehandler/m/660D7738CB681C79FF2D575E33E03E39EB483CC2.jpeg
"Big Honkin' Zits, 6: A Zits Treasury",Jerry Scott,"{"""": """"}",https://i.thriftbooks.com/api/imagehandler/m/E16B231A7390949B755533843C6344009D01EEC4.jpeg
Bart Simpson's Guide to Life: A Wee Handbook for the Perplexed,Matt Groening,"{""Format:"": ""Hardcover"", ""Language:"": ""English"", ""ISBN:"": ""006096975X"", ""ISBN13:"": ""9780060969752"", ""Release Date:"": ""January 1993"", ""Publisher:"": ""Harper"", ""Length:"": ""192 Pages"", ""Weight:"": ""1.15 lbs."", ""Dimensions:"": ""0.7\"" x 5.5\"" x 8.2\""""}",https://i.thriftbooks.com/api/imagehandler/m/9FE5C0237433221D4FFC5E8A95A0240C36C1B986.jpeg
Foxtrot Welcome to Jasorassic Park [With Foxtrot] [With Foxtrot],Bill Amend,"{""Format:"": ""Paperback"", ""Language:"": ""English"", ""ISBN:"": ""0836251830"", ""ISBN13:"": ""9780836251838"", ""Release Date:"": ""April 1998"", ""Publisher:"": ""Andrews McMeel Publishing, LLC"", ""Length:"": ""128 Pages"", ""Weight:"": ""0.65 lbs."", ""Dimensions:"": ""0.4\"" x 9.0\"" x 8.5\""""}",https://i.thriftbooks.com/api/imagehandler/m/4CE942792ACBD3F5779676A9663F67A3F920F604.jpeg
