Book Name,Authors,Info,Image URL
The Gifts of Imperfection: Let Go of Who You Think You're Supposed to Be and Embrace Who You Are,Brené Brown,"{""Format:"": ""Paperback"", ""Language:"": ""English"", ""ISBN:"": ""159285849X"", ""Release Date:"": ""August 2010"", ""Publisher:"": ""Hazelden"", ""Length:"": ""160 Pages"", ""Weight:"": ""0.64 lbs."", ""Dimensions:"": ""9.0\"" x 0.5\"" x 6.0\""""}",https://m.media-amazon.com/images/I/51kp9GZFUYL._SL350_.jpg
The Artist's Way: A Spiritual Path to Higher Creativity,Julia Cameron,"{""Format:"": ""Paperback"", ""Language:"": ""English"", ""ISBN:"": ""0874776945"", ""ISBN13:"": ""9780874776942"", ""Release Date:"": ""July 1992"", ""Publisher:"": ""Tarcher"", ""Length:"": ""222 Pages"", ""Weight:"": ""1.03 lbs."", ""Dimensions:"": ""0.8\"" x 7.4\"" x 9.0\"""", ""Age Range:"": ""18 years and up"", ""Grade Range:"": ""Postsecondary and higher""}",https://i.thriftbooks.com/api/imagehandler/m/EC35F0CC4838E99F2CCA09558C8C2E0F4841F86A.jpeg
Drawing on the Right Side of the Brain: A Course in Enhancing Creativity and Artistic Confidence,Betty Edwards,"{""Format:"": ""Paperback"", ""Language:"": ""English"", ""ISBN:"": ""0874775132"", ""ISBN13:"": ""9780874775136"", ""Release Date:"": ""May 1989"", ""Publisher:"": ""Tarcher"", ""Length:"": ""254 Pages"", ""Weight:"": ""1.33 lbs."", ""Dimensions:"": ""0.8\"" x 7.5\"" x 8.9\""""}",https://i.thriftbooks.com/api/imagehandler/m/43DAA1E15E41E706C016A1DA2D968A20015D976C.jpeg
The War of Art: Break Through the Blocks and Win Your Inner Creative Battles,Steven Pressfield,"{""Format:"": ""Paperback"", ""Language:"": ""English"", ""ISBN:"": ""0446691437"", ""ISBN13:"": ""9780446691437"", ""Release Date:"": ""April 2003"", ""Publisher:"": ""Warner Books (NY)"", ""Length:"": ""192 Pages"", ""Weight:"": ""0.72 lbs."", ""Dimensions:"": ""0.5\"" x 5.0\"" x 8.2\""""}",https://i.thriftbooks.com/api/imagehandler/m/1EABB26E8C52792DCC19B58C74E927C51CD9B824.jpeg
Writing Down the Bones: Freeing the Writer Within,Natalie Goldberg,"{""Format:"": ""Paperback"", ""Language:"": ""English"", ""ISBN:"": ""1590302613"", ""ISBN13:"": ""9781590302613"", ""Release Date:"": ""December 2005"", ""Publisher:"": ""Shambhala Publications"", ""Length:"": ""200 Pages"", ""Weight:"": ""0.63 lbs."", ""Dimensions:"": ""0.6\"" x 5.6\"" x 8.5\""""}",https://i.thriftbooks.com/api/imagehandler/m/A4D0CDE5CA04A8BC20B72FFB73213D5198DC7C02.jpeg
The Creative Habit: Learn It and Use It for Life,Twyla Tharp,"{""Format:"": ""Paperback"", ""Language:"": ""English"", ""ISBN:"": ""0743235274"", ""ISBN13:"": ""9780743235273"", ""Release Date:"": ""January 2006"", ""Publisher:"": ""Simon & Schuster"", ""Length:"": ""256 Pages"", ""Weight:"": ""0.95 lbs."", ""Dimensions:"": ""0.6\"" x 7.0\"" x 9.1\""""}",https://i.thriftbooks.com/api/imagehandler/m/CB84AF824A11142B655325E913CC907773C771A9.jpeg
Drawing on the Artist Within,Betty Edwards,"{""Format:"": ""Paperback"", ""Language:"": ""English"", ""ISBN:"": ""067163514X"", ""ISBN13:"": ""9780671635145"", ""Release Date:"": ""April 1987"", ""Publisher:"": ""Touchstone Books"", ""Length:"": ""256 Pages"", ""Weight:"": ""1.37 lbs."", ""Dimensions:"": ""0.6\"" x 7.4\"" x 9.2\""""}",https://i.thriftbooks.com/api/imagehandler/m/48642CBCBBB7D825FDF1F857F4AF71E69F42921D.jpeg
"Write It Down, Make It Happen: Knowing What You Want -- and Getting It",Henriette Anne Klauser,"{""Format:"": ""Hardcover"", ""Language:"": ""English"", ""ISBN:"": ""0743290941"", ""ISBN13:"": ""9780743290944"", ""Release Date:"": ""January 2005"", ""Publisher:"": ""Simon & Schuster"", ""Length:"": ""250 Pages"", ""Weight:"": ""0.96 lbs.""}",https://i.thriftbooks.com/api/imagehandler/m/C44C3732D12692335D16C6998751469F88C32F85.jpeg
The Right to Write: An Invitation and Initiation Into the Writing Life,Julia Cameron,"{""Format:"": ""Hardcover"", ""Language:"": ""English"", ""ISBN:"": ""0874779375"", ""ISBN13:"": ""9780874779370"", ""Release Date:"": ""December 1998"", ""Publisher:"": ""Putnam Publishing Group"", ""Length:"": ""236 Pages"", ""Weight:"": ""1.05 lbs."", ""Dimensions:"": ""0.9\"" x 5.8\"" x 8.5\"""", ""Age Range:"": ""18 years and up"", ""Grade Range:"": ""Postsecondary and higher""}",https://i.thriftbooks.com/api/imagehandler/m/9C9254B84E935B917754262B1D058A324A0B33B9.jpeg
Creativity: Flow and the Psychology of Discovery and Invention,Mihaly Csikszentmihalyi,"{""Format:"": ""Paperback"", ""Language:"": ""English"", ""ISBN:"": ""0060928204"", ""ISBN13:"": ""9780060928209"", ""Release Date:"": ""May 1997"", ""Publisher:"": ""Harper Perennial"", ""Length:"": ""464 Pages"", ""Weight:"": ""0.80 lbs."", ""Dimensions:"": ""1.1\"" x 5.3\"" x 8.1\""""}",https://i.thriftbooks.com/api/imagehandler/m/8AC388BD2CDF7891D4A57E18FDE0DC7B6724295D.jpeg
Free Play: Improvisation in Life and Art,Stephen Nachmanovitch,"{""Format:"": ""Paperback"", ""Language:"": ""English"", ""ISBN:"": ""0874776317"", ""Release Date:"": ""May 1991"", ""Publisher:"": ""G.P. Putnam's Sons"", ""Length:"": ""224 Pages"", ""Weight:"": ""0.57 lbs."", ""Dimensions:"": ""8.0\"" x 0.6\"" x 5.0\""""}",https://m.media-amazon.com/images/I/41EnZxOvKZL._SL350_.jpg
Living in the Light: A Guide to Personal and Planetary Transformation,Shakti Gawain,"{""Format:"": ""Mass Market Paperback"", ""Language:"": ""English"", ""ISBN:"": ""0553561049"", ""ISBN13:"": ""9780553561043"", ""Release Date:"": ""April 1993"", ""Publisher:"": ""Bantam Books"", ""Length:"": ""208 Pages"", ""Weight:"": ""0.26 lbs."", ""Dimensions:"": ""0.6\"" x 4.2\"" x 6.9\""""}",https://i.thriftbooks.com/api/imagehandler/m/37D015ED78C79026C9894DEC6D966B0B73FE5336.jpeg
Out of Our Minds: Learning to Be Creative,Ken Robinson,"{""Format:"": ""Hardcover"", ""Language:"": ""English"", ""ISBN:"": ""1907312471"", ""ISBN13:"": ""9781907312472"", ""Release Date:"": ""February 2011"", ""Publisher:"": ""Capstone"", ""Length:"": ""352 Pages"", ""Weight:"": ""1.10 lbs."", ""Dimensions:"": ""1.1\"" x 5.6\"" x 8.5\""""}",https://i.thriftbooks.com/api/imagehandler/m/9052AA2E0113D0F2FCD336EB121010456193855C.jpeg
"Chase, Chance, and Creativity: The Lucky Art of Novelty",James H. Austin,"{""Format:"": ""Paperback"", ""Language:"": ""English"", ""ISBN:"": ""0262511355"", ""ISBN13:"": ""9780262511353"", ""Release Date:"": ""August 2003"", ""Publisher:"": ""MIT Press"", ""Length:"": ""266 Pages"", ""Weight:"": ""0.85 lbs."", ""Dimensions:"": ""0.6\"" x 6.0\"" x 8.9\"""", ""Age Range:"": ""18 years and up"", ""Grade Range:"": ""Postsecondary and higher""}",https://i.thriftbooks.com/api/imagehandler/m/307B45610F9B75F40B4B67AB8C031A3E05705E44.jpeg
Nine Modern Day Muses (and a Bodyguard): 10 GS Creat Inspiration for Artists Poets Lovers Other Mortals Wanting Live Dazz,Jill Badonsky,"{""Format:"": ""Paperback"", ""Language:"": ""English"", ""ISBN:"": ""1592400086"", ""ISBN13:"": ""9781592400089"", ""Release Date:"": ""March 2003"", ""Publisher:"": ""Gotham Books"", ""Length:"": ""272 Pages"", ""Weight:"": ""1.10 lbs."", ""Dimensions:"": ""0.8\"" x 7.5\"" x 9.2\"""", ""Age Range:"": ""18 years and up"", ""Grade Range:"": ""Postsecondary and higher""}",https://i.thriftbooks.com/api/imagehandler/m/650F654BC0EA04B27833C8D2A239893570DE2C31.jpeg
"It's Not How Good You Are, It's How Good You Want to Be",Paul Arden,"{""Format:"": ""Paperback"", ""Language:"": ""English"", ""ISBN:"": ""0714843377"", ""ISBN13:"": ""9780714843377"", ""Release Date:"": ""June 2003"", ""Publisher:"": ""Phaidon Press"", ""Length:"": ""128 Pages"", ""Weight:"": ""0.40 lbs."", ""Dimensions:"": ""0.6\"" x 4.8\"" x 7.0\""""}",https://i.thriftbooks.com/api/imagehandler/m/4EB8C06088AF329E7A45F26A9F5389D6856A7BA5.jpeg
"A Technique for Producing Ideas: The simple, five-step formula anyone can use to be more creative in business and in life!",James Webb Young,"{""Format:"": ""Paperback"", ""Language:"": ""English"", ""ISBN:"": ""1434102750"", ""ISBN13:"": ""9781434102751"", ""Release Date:"": ""July 2009"", ""Publisher:"": ""Waking Lion Press"", ""Length:"": ""38 Pages"", ""Weight:"": ""0.15 lbs."", ""Dimensions:"": ""8.5\"" x 0.1\"" x 5.5\""""}",https://m.media-amazon.com/images/I/41Y0ihc836L._SL350_.jpg
Walking in This World: The Practical Art of Creativity,Julia Cameron,"{""Format:"": ""Hardcover"", ""Language:"": ""English"", ""ISBN:"": ""1585421839"", ""ISBN13:"": ""9781585421831"", ""Release Date:"": ""September 2002"", ""Publisher:"": ""Tarcher"", ""Length:"": ""288 Pages"", ""Weight:"": ""1.80 lbs."", ""Dimensions:"": ""1.1\"" x 7.5\"" x 9.5\"""", ""Age Range:"": ""18 years and up"", ""Grade Range:"": ""Postsecondary and higher""}",https://i.thriftbooks.com/api/imagehandler/m/91A1DF449B4AA23B7EBD8F907CD968414E26892D.jpeg
Six Thinking Hats: An Essential Approach to Business Management,Edward de Bono,"{""Format:"": ""Paperback"", ""Language:"": ""English"", ""ISBN:"": ""0316178314"", ""ISBN13:"": ""9780316178310"", ""Release Date:"": ""August 1999"", ""Publisher:"": ""Back Bay Books"", ""Length:"": ""192 Pages"", ""Weight:"": ""0.50 lbs."", ""Dimensions:"": ""0.6\"" x 5.4\"" x 8.2\""""}",https://i.thriftbooks.com/api/imagehandler/m/C7B446BA216AD56075DB2F2159F06A606BB9F28F.jpeg
Thinkertoys: A Handbook of Creative-Thinking Techniques (2nd Edition),Michael Michalko,"{""Format:"": ""Paperback"", ""Language:"": ""English"", ""ISBN:"": ""1580087736"", ""Release Date:"": ""June 2006"", ""Publisher:"": ""Ten Speed Press"", ""Length:"": ""416 Pages"", ""Weight:"": ""1.65 lbs."", ""Dimensions:"": ""9.1\"" x 1.0\"" x 7.3\""""}",https://m.media-amazon.com/images/I/41ZvLnZIg-L._SL350_.jpg
Where Good Ideas Come from: The Natural History of Innovation,Steven Johnson,"{""Format:"": ""Hardcover"", ""Language:"": ""English"", ""ISBN:"": ""1594487715"", ""ISBN13:"": ""9781594487712"", ""Release Date:"": ""October 2010"", ""Publisher:"": ""Riverhead Books"", ""Length:"": ""326 Pages"", ""Weight:"": ""1.18 lbs."", ""Dimensions:"": ""1.1\"" x 6.4\"" x 9.2\"""", ""Age Range:"": ""18 years and up"", ""Grade Range:"": ""Postsecondary and higher""}",https://i.thriftbooks.com/api/imagehandler/m/03BCDD76788E7D05702DA399ED27D624F003B859.jpeg
Maps to Ecstasy,Gabrielle Roth,"{""Format:"": ""Paperback"", ""Language:"": ""English"", ""ISBN:"": ""0931432529"", ""ISBN13:"": ""9780931432521"", ""Release Date:"": ""January 1989"", ""Publisher:"": ""Skyhorse Publishing"", ""Length:"": ""212 Pages"", ""Weight:"": ""0.70 lbs.""}",https://m.media-amazon.com/images/I/41bLJqz2gGL._SL350_.jpg
Meeting the Madwoman,Linda Schierse Leonard,"{""Format:"": ""Hardcover"", ""Language:"": ""English"", ""ISBN:"": ""0553091220"", ""ISBN13:"": ""9780553091229"", ""Release Date:"": ""January 1993"", ""Publisher:"": ""Bantam Books"", ""Length:"": ""318 Pages"", ""Weight:"": ""2.70 lbs."", ""Dimensions:"": ""1.1\"" x 6.3\"" x 9.3\""""}",https://m.media-amazon.com/images/I/51zwKKpXHvL._SL350_.jpg
Artscience: Creativity in the Post-Google Generation,David Edwards,"{""Format:"": ""Paperback"", ""Language:"": ""English"", ""ISBN:"": ""0674034643"", ""ISBN13:"": ""9780674034648"", ""Release Date:"": ""March 2010"", ""Publisher:"": ""Harvard University Press"", ""Length:"": ""208 Pages"", ""Weight:"": ""0.65 lbs."", ""Dimensions:"": ""0.5\"" x 6.5\"" x 8.0\""""}",https://i.thriftbooks.com/api/imagehandler/m/02115082CE1B8EDE7AB535FE2D0DC9428C77481E.jpeg
A Creative Companion: How to Free Your Creative Spirit,S.A.R.K.,"{""Format:"": ""Paperback"", ""Language:"": ""English"", ""ISBN:"": ""0890876517"", ""ISBN13:"": ""9780890876510"", ""Release Date:"": ""September 2004"", ""Publisher:"": ""Celestial Arts"", ""Length:"": ""80 Pages"", ""Weight:"": ""0.50 lbs."", ""Dimensions:"": ""0.4\"" x 5.7\"" x 8.0\""""}",https://i.thriftbooks.com/api/imagehandler/m/A5501222E36C44D5A1E4337F1A2FE63CF1580062.jpeg
Artist's Way at Work: Riding the Dragon,Mark Bryan,"{""Format:"": ""Hardcover"", ""Language:"": ""English"", ""ISBN:"": ""0688157882"", ""ISBN13:"": ""9780688157883"", ""Release Date:"": ""May 1998"", ""Publisher:"": ""William Morrow & Company"", ""Length:"": ""224 Pages"", ""Weight:"": ""1.63 lbs."", ""Dimensions:"": ""1.1\"" x 7.5\"" x 9.3\""""}",https://i.thriftbooks.com/api/imagehandler/m/113845158654C2D77974AAA6951BE9F472F7959E.jpeg
How to Get Ideas,Jack Foster,"{""Format:"": ""Paperback"", ""Language:"": ""English"", ""ISBN:"": ""1576754308"", ""ISBN13:"": ""9781576754306"", ""Release Date:"": ""May 2007"", ""Publisher:"": ""Berrett-Koehler Publishers"", ""Length:"": ""232 Pages"", ""Weight:"": ""0.75 lbs."", ""Dimensions:"": ""0.6\"" x 5.4\"" x 8.4\""""}",https://i.thriftbooks.com/api/imagehandler/m/DADA345D2F6E907A1F74D89AA158B8EACBD2B907.jpeg
"The Mozart Effect: Tapping the Power of Music to Heal the Body, Strengthen the Mind, and Unlock the Creative Spirit",Don Campbell,"{""Format:"": ""Paperback"", ""Language:"": ""English"", ""ISBN:"": ""0060937203"", ""ISBN13:"": ""9780060937201"", ""Release Date:"": ""September 2001"", ""Publisher:"": ""William Morrow & Company"", ""Length:"": ""352 Pages"", ""Weight:"": ""0.60 lbs."", ""Dimensions:"": ""0.9\"" x 5.3\"" x 8.0\""""}",https://i.thriftbooks.com/api/imagehandler/m/DCFAAE608939B3C07F7807692169185F84F036D1.jpeg
Serious Creativity: Using the Power of Lateral Thinking to Create New Ideas,Edward de Bono,"{""Format:"": ""Hardcover"", ""Language:"": ""English"", ""ISBN:"": ""0887305660"", ""ISBN13:"": ""9780887305665"", ""Release Date:"": ""January 1992"", ""Publisher:"": ""HarperBusiness"", ""Length:"": ""338 Pages"", ""Weight:"": ""1.15 lbs."", ""Dimensions:"": ""1.2\"" x 6.3\"" x 9.4\""""}",https://m.media-amazon.com/images/I/51jJyWlxAWL._SL350_.jpg
Blessings: Prayers and Declarations for a Heartful Life,Julia Cameron,"{""Format:"": ""Paperback"", ""Language:"": ""English"", ""ISBN:"": ""0874779065"", ""ISBN13:"": ""9780874779066"", ""Release Date:"": ""March 1998"", ""Publisher:"": ""Tarcherperigee"", ""Length:"": ""208 Pages"", ""Weight:"": ""0.40 lbs."", ""Dimensions:"": ""0.6\"" x 5.1\"" x 7.2\"""", ""Age Range:"": ""18 years and up"", ""Grade Range:"": ""Postsecondary and higher""}",https://i.thriftbooks.com/api/imagehandler/m/97A52B93DC241E9514D8BC602BC163A0D1AB8478.jpeg
Finding Flow: The Psychology of Engagement with Everyday Life (Masterminds Series),Mihaly Csikszentmihalyi,"{""Format:"": ""Paperback"", ""Language:"": ""English"", ""ISBN:"": ""0465024114"", ""Release Date:"": ""April 1998"", ""Publisher:"": ""Basic Books"", ""Length:"": ""192 Pages"", ""Weight:"": ""0.45 lbs."", ""Dimensions:"": ""8.0\"" x 0.5\"" x 5.3\""""}",https://m.media-amazon.com/images/I/41LF+36uK4L._SL350_.jpg
Wreck This Journal (Black) Expanded Edition,Keri Smith,"{""Format:"": ""Diary"", ""Language:"": ""English"", ""ISBN:"": ""0399161945"", ""Release Date:"": ""August 2012"", ""Publisher:"": ""Penguin Books"", ""Length:"": ""224 Pages"", ""Weight:"": ""0.66 lbs."", ""Dimensions:"": ""8.2\"" x 0.6\"" x 5.5\""""}",https://m.media-amazon.com/images/I/315ugX7IOtL._SL350_.jpg
Touched with Fire: Manic-Depressive Illness and the Artistic Temperament,Kay Redfield Jamison,"{""Format:"": ""Paperback"", ""Language:"": ""English"", ""ISBN:"": ""068483183X"", ""Release Date:"": ""October 1996"", ""Publisher:"": ""Free Press"", ""Length:"": ""384 Pages"", ""Weight:"": ""0.51 lbs."", ""Dimensions:"": ""8.4\"" x 0.9\"" x 5.5\""""}",https://m.media-amazon.com/images/I/41CnDPJ5ZlL._SL350_.jpg
How to Think Like Leonardo Da Vinci: Seven Steps to Genius Every Day,Michael J. Gelb,"{""Format:"": ""Hardcover"", ""Language:"": ""English"", ""ISBN:"": ""0385323816"", ""ISBN13:"": ""9780385323819"", ""Release Date:"": ""August 1998"", ""Publisher:"": ""Delacorte Press"", ""Length:"": ""336 Pages"", ""Weight:"": ""1.54 lbs."", ""Dimensions:"": ""1.0\"" x 7.2\"" x 8.6\""""}",https://i.thriftbooks.com/api/imagehandler/m/39393C611C2447CF4C761AB787F85E1AB36AD69F.jpeg
The Gift: Creativity and the Artist in the Modern World,Lewis Hyde,"{""Format:"": ""Paperback"", ""Language:"": ""English"", ""ISBN:"": ""0307279502"", ""ISBN13:"": ""9780307279507"", ""Release Date:"": ""December 2007"", ""Publisher:"": ""Vintage"", ""Length:"": ""435 Pages"", ""Weight:"": ""0.78 lbs."", ""Dimensions:"": ""1.0\"" x 5.0\"" x 8.3\""""}",https://i.thriftbooks.com/api/imagehandler/m/D367AE6D883B74FA7B50C8C2A0BC7956A22EC418.jpeg
"Get Anyone to Do Anything: And Never Feel Powerless Again, Psychological Secrets to Predict, Control, and Influence Every Situation",David J. Lieberman,"{""Format:"": ""Hardcover"", ""Language:"": ""English"", ""ISBN:"": ""0312209045"", ""ISBN13:"": ""9780312209049"", ""Release Date:"": ""May 2000"", ""Publisher:"": ""St. Martin's Press"", ""Length:"": ""184 Pages"", ""Weight:"": ""0.50 lbs."", ""Dimensions:"": ""0.8\"" x 5.8\"" x 8.6\""""}",https://i.thriftbooks.com/api/imagehandler/m/69A15CBC4A53356EBDD709E775567DD1D17BE1FE.jpeg
Do the Work: Overcome Resistance and Get Out of Your Own Way,Steven Pressfield,"{""Format:"": ""Paperback"", ""Language:"": ""English"", ""ISBN:"": ""1936891379"", ""ISBN13:"": ""9781936891375"", ""Release Date:"": ""March 2015"", ""Publisher:"": ""Black Irish Entertainment LLC"", ""Length:"": ""114 Pages"", ""Weight:"": ""0.30 lbs."", ""Dimensions:"": ""0.3\"" x 5.0\"" x 8.0\""""}",https://i.thriftbooks.com/api/imagehandler/m/90554F1776373B0681B56E1353297332D5BA5F4C.jpeg
The Artist's Way Workbook,Julia Cameron,"{""Format:"": ""Spiral-bound"", ""Language:"": ""English"", ""ISBN:"": ""1585425338"", ""ISBN13:"": ""9781585425334"", ""Release Date:"": ""September 2006"", ""Publisher:"": ""Tarcherperigee"", ""Length:"": ""176 Pages"", ""Weight:"": ""0.92 lbs."", ""Dimensions:"": ""0.6\"" x 9.6\"" x 11.7\"""", ""Age Range:"": ""18 years and up"", ""Grade Range:"": ""Postsecondary and higher""}",https://i.thriftbooks.com/api/imagehandler/m/FABDF7F9118CB61CE741E2823DCB512092C92905.jpeg
"Play: How It Shapes the Brain, Opens the Imagination, and Invigorates the Soul",Stuart M. Brown Jr.,"{""Format:"": ""Paperback"", ""Language:"": ""English"", ""ISBN:"": ""1583333789"", ""ISBN13:"": ""9781583333785"", ""Release Date:"": ""April 2010"", ""Publisher:"": ""Avery Publishing Group"", ""Length:"": ""240 Pages"", ""Weight:"": ""0.52 lbs."", ""Dimensions:"": ""0.8\"" x 5.4\"" x 8.2\"""", ""Age Range:"": ""18 years and up"", ""Grade Range:"": ""Postsecondary and higher""}",https://i.thriftbooks.com/api/imagehandler/m/E6DCE036AD713E105F1456F3C7C2638980D75217.jpeg
Evolve Your Brain: The Science of Changing Your Mind,Joe Dispenza DC,"{""Format:"": ""Paperback"", ""Language:"": ""English"", ""ISBN:"": ""0757307655"", ""ISBN13:"": ""9780757307652"", ""Release Date:"": ""October 2008"", ""Publisher:"": ""Health Communications"", ""Length:"": ""528 Pages"", ""Weight:"": ""1.35 lbs."", ""Dimensions:"": ""1.2\"" x 5.8\"" x 9.3\""""}",https://i.thriftbooks.com/api/imagehandler/m/B07BB26F359327EFA31259F5C8C4E2F63B714105.jpeg
Becoming a Writer,Dorothea Brande,"{""Format:"": ""Paperback"", ""Language:"": ""English"", ""ISBN:"": ""0874771641"", ""Release Date:"": ""March 1981"", ""Publisher:"": ""TarcherPerigee"", ""Length:"": ""186 Pages"", ""Weight:"": ""0.50 lbs."", ""Dimensions:"": ""8.0\"" x 0.6\"" x 5.0\""""}",https://m.media-amazon.com/images/I/41wjIzjrf7L._SL350_.jpg
"If You Want to Write: A Book about Art, Independence and Spirit",Brenda Ueland,"{""Format:"": ""Paperback"", ""Language:"": ""English"", ""ISBN:"": ""1555972608"", ""ISBN13:"": ""9781555972608"", ""Release Date:"": ""January 1997"", ""Publisher:"": ""Graywolf Press"", ""Length:"": ""179 Pages"", ""Weight:"": ""0.69 lbs."", ""Dimensions:"": ""0.6\"" x 6.4\"" x 7.9\""""}",https://i.thriftbooks.com/api/imagehandler/m/82914DB8BA9250D7F67FB3BF96023DB176A4BBE8.jpeg
The Creators: A History of Heroes of the Imagination,Daniel J. Boorstin,"{""Format:"": ""Hardcover"", ""Language:"": ""English"", ""ISBN:"": ""0394543955"", ""ISBN13:"": ""9780394543956"", ""Release Date:"": ""September 1992"", ""Publisher:"": ""Random House (NY)"", ""Length:"": ""811 Pages"", ""Weight:"": ""3.00 lbs."", ""Dimensions:"": ""2.3\"" x 6.7\"" x 9.6\""""}",https://m.media-amazon.com/images/I/41-kWzkyq0L._SL350_.jpg
The Tightwad Gazette #2: Promoting Thrift as a Viable Alternative Lifestyle,Amy Dacyczyn,"{""Format:"": ""Paperback"", ""Language:"": ""English"", ""ISBN:"": ""0679750789"", ""ISBN13:"": ""9780679750789"", ""Release Date:"": ""January 1995"", ""Publisher:"": ""Villard Books"", ""Length:"": ""293 Pages"", ""Weight:"": ""1.40 lbs."", ""Dimensions:"": ""0.8\"" x 7.3\"" x 9.2\""""}",https://i.thriftbooks.com/api/imagehandler/m/451361898B976D9C5A855426D1D3505F422A6E20.jpeg
"Catching the Big Fish: Meditation, Consciousness, and Creativity",David Lynch,"{""Format:"": ""Paperback"", ""Language:"": ""English"", ""ISBN:"": ""1585426121"", ""ISBN13:"": ""9781585426126"", ""Release Date:"": ""December 2007"", ""Publisher:"": ""Tarcher"", ""Length:"": ""180 Pages"", ""Weight:"": ""0.55 lbs."", ""Dimensions:"": ""0.6\"" x 7.0\"" x 6.9\"""", ""Age Range:"": ""18 years and up"", ""Grade Range:"": ""Postsecondary and higher""}",https://i.thriftbooks.com/api/imagehandler/m/1B04505C12648B9F9D8FEE13236D0429D0CCBA37.jpeg
Solitude: A Return to the Self,Anthony Storr,"{""Format:"": ""Paperback"", ""Language:"": ""English"", ""ISBN:"": ""0345358473"", ""Release Date:"": ""May 1989"", ""Publisher:"": ""Ballantine Books"", ""Length:"": ""240 Pages"", ""Weight:"": ""0.52 lbs."", ""Dimensions:"": ""8.0\"" x 0.6\"" x 5.3\""""}",https://m.media-amazon.com/images/I/51EIDrCZK0L._SL350_.jpg
The Element: How Finding Your Passion Changes Everything,Ken Robinson,"{""Format:"": ""Hardcover"", ""Language:"": ""English"", ""ISBN:"": ""0670020478"", ""Release Date:"": ""January 2009"", ""Publisher:"": ""Viking"", ""Length:"": ""288 Pages"", ""Weight:"": ""0.56 lbs."", ""Dimensions:"": ""8.8\"" x 1.0\"" x 6.0\""""}",https://m.media-amazon.com/images/I/41zANkhG-vL._SL350_.jpg
Lateral Thinking: Creativity Step by Step,Edward de Bono,"{""Format:"": ""Paperback"", ""Language:"": ""English"", ""ISBN:"": ""0060903252"", ""ISBN13:"": ""9780060903251"", ""Release Date:"": ""February 2015"", ""Publisher:"": ""Harper Perennial"", ""Length:"": ""300 Pages"", ""Weight:"": ""1.50 lbs."", ""Dimensions:"": ""0.8\"" x 5.4\"" x 8.0\""""}",https://i.thriftbooks.com/api/imagehandler/m/C7A9226B3AE21BDB1B11365232C33B92C48A2988.jpeg
How to Be an Explorer of the World: Portable Life Museum,Keri Smith,"{""Format:"": ""Paperback"", ""Language:"": ""English"", ""ISBN:"": ""0399534601"", ""ISBN13:"": ""9780399534607"", ""Release Date:"": ""October 2008"", ""Publisher:"": ""Penguin Books"", ""Length:"": ""208 Pages"", ""Weight:"": ""1.15 lbs."", ""Dimensions:"": ""0.6\"" x 7.0\"" x 9.1\"""", ""Age Range:"": ""18 years and up"", ""Grade Range:"": ""Postsecondary and higher""}",https://i.thriftbooks.com/api/imagehandler/m/6AEB56D80E05D5207E06E3F3ABBA52D0541E1A94.jpeg
Turning Pro: Tap Your Inner Power and Create Your Life's Work,Steven Pressfield,"{""Format:"": ""Paperback"", ""Language:"": ""English"", ""ISBN:"": ""1936891034"", ""ISBN13:"": ""9781936891030"", ""Release Date:"": ""May 2012"", ""Publisher:"": ""Black Irish Entertainment LLC"", ""Length:"": ""148 Pages"", ""Weight:"": ""0.45 lbs."", ""Dimensions:"": ""0.3\"" x 5.0\"" x 8.0\""""}",https://i.thriftbooks.com/api/imagehandler/m/7AB57E1AAE794CCA032A4E28D9118BDA52F726C0.jpeg
"Your Creative Brain: Seven Steps to Maximize Imagination, Productivity, and Innovation in Your Life",Shelley Carson,"{""Format:"": ""Hardcover"", ""Language:"": ""English"", ""ISBN:"": ""0470547634"", ""ISBN13:"": ""9780470547632"", ""Release Date:"": ""October 2010"", ""Publisher:"": ""Jossey-Bass"", ""Length:"": ""386 Pages"", ""Weight:"": ""1.55 lbs."", ""Dimensions:"": ""1.2\"" x 6.2\"" x 9.1\""""}",https://i.thriftbooks.com/api/imagehandler/m/C78378587674BF016EE075AA75E41265530D3A47.jpeg
Supplies: A Troubleshooting Guide for Creative Difficulties,Julia Cameron,"{""Format:"": ""Paperback"", ""Language:"": ""English"", ""ISBN:"": ""1585422126"", ""ISBN13:"": ""9781585422128"", ""Release Date:"": ""March 2003"", ""Publisher:"": ""Tarcherperigee"", ""Length:"": ""176 Pages"", ""Weight:"": ""1.15 lbs."", ""Dimensions:"": ""0.5\"" x 5.5\"" x 8.3\"""", ""Age Range:"": ""18 years and up"", ""Grade Range:"": ""Postsecondary and higher""}",https://i.thriftbooks.com/api/imagehandler/m/B535893C70E2A04CA0867F45E0FDD04D348F423C.jpeg
The Creative Age: Awakening Human Potential in the Second Half of Life,Gene D. Cohen,"{""Format:"": ""Hardcover"", ""Language:"": ""English"", ""ISBN:"": ""0380976846"", ""ISBN13:"": ""9780380976843"", ""Release Date:"": ""March 2000"", ""Publisher:"": ""William Morrow & Company"", ""Length:"": ""384 Pages"", ""Weight:"": ""2.05 lbs."", ""Dimensions:"": ""1.1\"" x 7.5\"" x 9.3\""""}",https://i.thriftbooks.com/api/imagehandler/m/2FCB0F4E1B93FBBFEE53AEFE5F00B66C098046F3.jpeg
Making Pearls: Living the Creative Life,Jeanne Carbonetti,"{""Format:"": ""Paperback"", ""Language:"": ""English"", ""ISBN:"": ""0823030458"", ""ISBN13:"": ""9780823030453"", ""Release Date:"": ""October 2001"", ""Publisher:"": ""Watson-Guptill Publications"", ""Length:"": ""112 Pages"", ""Weight:"": ""1.15 lbs."", ""Dimensions:"": ""0.4\"" x 9.3\"" x 9.3\""""}",https://i.thriftbooks.com/api/imagehandler/m/90FDCCA141D4B0C1CF4CC3A31C77EDEC51E7E391.jpeg
No More Secondhand Art: Awakening the Artist Within,Peter London,"{""Format:"": ""Paperback"", ""Language:"": ""English"", ""ISBN:"": ""0877734828"", ""ISBN13:"": ""9780877734826"", ""Release Date:"": ""November 1989"", ""Publisher:"": ""Shambhala"", ""Length:"": ""208 Pages"", ""Weight:"": ""0.75 lbs."", ""Dimensions:"": ""0.6\"" x 6.0\"" x 9.0\""""}",https://i.thriftbooks.com/api/imagehandler/m/F8BD2B56C829FCB5C2A7C3D64B6907F4A5F4915C.jpeg
Creativity Workout: 62 Exercises to Unlock Your Most Creative Ideas,Edward de Bono,"{"""": """"}",https://i.thriftbooks.com/api/imagehandler/m/456E5C5D02B7C807AD37DA7281110BD4BE84B5FF.jpeg
"Conceptual Blockbusting: A Guide to Better Ideas, Fourth Edition",James L. Adams,"{""Format:"": ""Paperback"", ""Language:"": ""English"", ""ISBN:"": ""0738205370"", ""ISBN13:"": ""9780738205373"", ""Release Date:"": ""October 2001"", ""Publisher:"": ""Basic Books"", ""Length:"": ""240 Pages"", ""Weight:"": ""0.75 lbs."", ""Dimensions:"": ""0.7\"" x 6.0\"" x 8.9\""""}",https://i.thriftbooks.com/api/imagehandler/m/960140E6E6E9A3A2E84970397D04D0C6834827C5.jpeg
Higher Creativity: Liberating the Unconscious for Breakthrough Insights,Willis Harman,"{""Format:"": ""Paperback"", ""Language:"": ""English"", ""ISBN:"": ""0874773350"", ""ISBN13:"": ""9780874773354"", ""Release Date:"": ""December 1984"", ""Publisher:"": ""Penguin Publishing Group"", ""Length:"": ""272 Pages"", ""Weight:"": ""0.75 lbs."", ""Dimensions:"": ""0.9\"" x 5.5\"" x 8.3\"""", ""Age Range:"": ""18 years and up"", ""Grade Range:"": ""Postsecondary and higher""}",https://i.thriftbooks.com/api/imagehandler/m/F0C6E2BCFCC3621C36F0C6286BC998E36526FFEA.jpeg
Group Genius: The Creative Power of Collaboration,Robert Keith Sawyer,"{""Format:"": ""Hardcover"", ""Language:"": ""English"", ""ISBN:"": ""0465071929"", ""ISBN13:"": ""9780465071920"", ""Release Date:"": ""June 2007"", ""Publisher:"": ""Basic Books (AZ)"", ""Length:"": ""274 Pages"", ""Weight:"": ""1.22 lbs."", ""Dimensions:"": ""1.1\"" x 6.6\"" x 9.5\""""}",https://i.thriftbooks.com/api/imagehandler/m/6BCEAEA816D1EB7E78735EED9612ECB891240159.jpeg
"Inner Knowing: Consciousness, Creativity, Insight, Intuitions","Palmer, Helen","{""Format:"": ""Paperback"", ""Language:"": ""English"", ""ISBN:"": ""0874779367"", ""ISBN13:"": ""9780874779363"", ""Release Date:"": ""December 1998"", ""Publisher:"": ""Tarcherperigee"", ""Length:"": ""304 Pages"", ""Weight:"": ""0.95 lbs."", ""Dimensions:"": ""0.8\"" x 6.2\"" x 9.2\""""}",https://i.thriftbooks.com/api/imagehandler/m/4A28C3993E46930EF9DEC63DF2274BC12391E181.jpeg
Letters to a Young Artist: Building a Life in Art,Julia Cameron,"{"""": """"}",https://i.thriftbooks.com/api/imagehandler/m/C64BF5858C0A81230D079DCB136B647FB9E39586.jpeg
Drawing the Light from Within: Keys to Awaken Your Creative Power,Judith Cornell,"{""Format:"": ""Hardcover"", ""Language:"": ""English"", ""ISBN:"": ""0131913212"", ""ISBN13:"": ""9780131913219"", ""Release Date:"": ""January 1990"", ""Publisher:"": ""Fireside Books"", ""Length:"": ""272 Pages"", ""Weight:"": ""1.90 lbs.""}",https://m.media-amazon.com/images/I/51TntRzPIrL._SL350_.jpg
Wisdom and the Senses: The Way of Creativity,Joan M. Erikson,"{""Format:"": ""Paperback"", ""Language:"": ""English"", ""ISBN:"": ""0393307107"", ""ISBN13:"": ""9780393307108"", ""Release Date:"": ""March 1991"", ""Publisher:"": ""W. W. Norton & Company"", ""Length:"": ""208 Pages"", ""Weight:"": ""0.10 lbs."", ""Dimensions:"": ""0.7\"" x 5.5\"" x 8.2\""""}",https://i.thriftbooks.com/api/imagehandler/m/F636E2A97DCE08C3FFBA260FE6D0AC9DEF4FAC53.jpeg
How to Avoid Making Art,Julia Cameron,"{""Format:"": ""Paperback"", ""Language:"": ""English"", ""ISBN:"": ""1585424382"", ""Release Date:"": ""September 2005"", ""Publisher:"": ""TarcherPerigee"", ""Length:"": ""144 Pages"", ""Weight:"": ""0.40 lbs."", ""Dimensions:"": ""8.3\"" x 0.4\"" x 5.5\""""}",https://m.media-amazon.com/images/I/41t4J5izkmL._SL350_.jpg
Against Happiness: In Praise of Melancholy,Eric G. Wilson,"{""Format:"": ""Hardcover"", ""Language:"": ""English"", ""ISBN:"": ""0374240663"", ""ISBN13:"": ""9780374240660"", ""Release Date:"": ""January 2008"", ""Publisher:"": ""Sarah Crichton Books"", ""Length:"": ""166 Pages"", ""Weight:"": ""0.95 lbs."", ""Dimensions:"": ""0.7\"" x 5.3\"" x 7.5\""""}",https://i.thriftbooks.com/api/imagehandler/m/6D1E41D63272DE33348857324C8F14DE1149A354.jpeg
Twenty-eight Artists and Two Saints: Essays,Joan Acocella,"{""Format:"": ""Paperback"", ""Language:"": ""English"", ""ISBN:"": ""0307275760"", ""ISBN13:"": ""9780307275769"", ""Release Date:"": ""February 2008"", ""Publisher:"": ""Knopf Doubleday Publishing Group"", ""Length:"": ""560 Pages"", ""Weight:"": ""1.15 lbs."", ""Dimensions:"": ""1.1\"" x 5.2\"" x 8.0\""""}",https://i.thriftbooks.com/api/imagehandler/m/6A9930A4C8658E8AE63C5927A7BDB7AB5C145B4F.jpeg
On Creativity,David Bohm,"{""Format:"": ""Paperback"", ""Language:"": ""English"", ""ISBN:"": ""0415336406"", ""ISBN13:"": ""9780415336406"", ""Release Date:"": ""September 2004"", ""Publisher:"": ""Routledge"", ""Length:"": ""192 Pages"", ""Weight:"": ""0.40 lbs."", ""Dimensions:"": ""0.6\"" x 5.2\"" x 7.8\""""}",https://i.thriftbooks.com/api/imagehandler/m/CA4491C481BFA08C17B71006F368D6472B259A9B.jpeg
Creativity Is Forever,Gary A. Davis,"{""Format:"": ""Paperback"", ""Language:"": ""English"", ""ISBN:"": ""0840366914"", ""ISBN13:"": ""9780840366917"", ""Release Date:"": ""January 1992"", ""Publisher:"": ""Kendall/Hunt Publishing Company"", ""Length:"": ""335 Pages"", ""Weight:"": ""1.25 lbs.""}",https://m.media-amazon.com/images/I/31tD9KbYANL._SL350_.jpg
"On Creativity and the Unconscious: Papers on the Psychology of Art, Literature, Love, Religion.",Sigmund Freud,"{""Format:"": ""Paperback"", ""Language:"": ""English"", ""ISBN:"": ""0061300454"", ""ISBN13:"": ""9780061300455"", ""Release Date:"": ""January 1976"", ""Publisher:"": ""HarperCollins (paper)"", ""Weight:"": ""0.65 lbs.""}",https://m.media-amazon.com/images/I/41kFFOXRLqL._SL350_.jpg
Thinking Creatively: New Ways to Unlock Your Visual Imagination,Robin Landa,"{""Format:"": ""Paperback"", ""Language:"": ""English"", ""ISBN:"": ""1581803389"", ""ISBN13:"": ""9781581803389"", ""Release Date:"": ""February 2002"", ""Publisher:"": ""Adams Media Corporation"", ""Length:"": ""160 Pages"", ""Weight:"": ""1.45 lbs."", ""Dimensions:"": ""0.5\"" x 8.4\"" x 11.0\""""}",https://i.thriftbooks.com/api/imagehandler/m/F3D49A766DC4781A331AC513DF2AA906103A7990.jpeg
Visioning: Ten Steps to Designing the Life of Your Dreams,Lucia Capacchione,"{""Format:"": ""Paperback"", ""Language:"": ""English"", ""ISBN:"": ""1585420875"", ""ISBN13:"": ""9781585420872"", ""Release Date:"": ""December 2000"", ""Publisher:"": ""Tarcherperigee"", ""Length:"": ""272 Pages"", ""Weight:"": ""0.95 lbs."", ""Dimensions:"": ""0.8\"" x 7.2\"" x 8.5\"""", ""Age Range:"": ""18 years and up"", ""Grade Range:"": ""Postsecondary and higher""}",https://i.thriftbooks.com/api/imagehandler/m/1E554ECB89C7F21C7292B2557D139E766ED3ED21.jpeg
The Possible Human,Jean Houston,"{""Format:"": ""Paperback"", ""Language:"": ""English"", ""ISBN:"": ""0874772184"", ""ISBN13:"": ""9780874772180"", ""Release Date:"": ""November 1982"", ""Publisher:"": ""Tarcher"", ""Length:"": ""256 Pages"", ""Weight:"": ""1.20 lbs."", ""Dimensions:"": ""0.8\"" x 7.5\"" x 9.0\""""}",https://i.thriftbooks.com/api/imagehandler/m/898787AB72698AF5DFE3318C48BF300345B6EDE4.jpeg
Living in the Light Workbook: A Guide to Personal and Planetary Transformation,Shakti Gawain,"{""Format:"": ""Paperback"", ""Language:"": ""English"", ""ISBN:"": ""1577310470"", ""ISBN13:"": ""9781577310471"", ""Release Date:"": ""January 1998"", ""Publisher:"": ""New World Library"", ""Length:"": ""176 Pages"", ""Weight:"": ""0.60 lbs."", ""Dimensions:"": ""0.6\"" x 7.5\"" x 9.1\""""}",https://i.thriftbooks.com/api/imagehandler/m/0B13493A89BC98E4F6889904A2D34A1EEF29BFBF.jpeg
On Becoming an Artist: Reinventing Yourself Through Mindful Creativity,Ellen J. Langer,"{""Format:"": ""Hardcover"", ""Language:"": ""English"", ""ISBN:"": ""0345456297"", ""ISBN13:"": ""9780345456298"", ""Release Date:"": ""March 2005"", ""Publisher:"": ""Ballantine Books"", ""Length:"": ""258 Pages"", ""Weight:"": ""0.97 lbs."", ""Dimensions:"": ""1.0\"" x 5.5\"" x 8.6\""""}",https://i.thriftbooks.com/api/imagehandler/m/48DA9E94665800EDC905D3D92D0B8228558D6281.jpeg
The Einstein Factor: A Proven New Method for Increasing Your Intelligence,Win Wenger,"{""Format:"": ""Paperback"", ""Language:"": ""English"", ""ISBN:"": ""076150186X"", ""ISBN13:"": ""9780761501862"", ""Release Date:"": ""October 1995"", ""Publisher:"": ""Harmony"", ""Length:"": ""352 Pages"", ""Weight:"": ""0.95 lbs."", ""Dimensions:"": ""0.9\"" x 5.5\"" x 8.5\""""}",https://i.thriftbooks.com/api/imagehandler/m/1CF478E0EE95F200834F1C4268B0736DC6D90918.jpeg
The Language of the Body,Alexander Lowen,"{""Format:"": ""Paperback"", ""Language:"": ""English"", ""ISBN:"": ""0020773102"", ""ISBN13:"": ""9780020773108"", ""Release Date:"": ""January 1971"", ""Publisher:"": ""MacMillan Publishing Company"", ""Length:"": ""400 Pages"", ""Weight:"": ""0.45 lbs."", ""Dimensions:"": ""1.0\"" x 4.2\"" x 7.0\""""}",https://i.thriftbooks.com/api/imagehandler/m/26FD5239392E0181A10028E90ABD55AD2ACCD50A.jpeg
"Creating: A practical guide to the creative process and how to use it to create anything - a work of art, a relationship, a career or a better life.",Robert Fritz,"{""Format:"": ""Paperback"", ""Language:"": ""English"", ""ISBN:"": ""0449908011"", ""Release Date:"": ""March 1993"", ""Publisher:"": ""Random House Publishing Group"", ""Length:"": ""320 Pages"", ""Weight:"": ""0.88 lbs."", ""Dimensions:"": ""8.5\"" x 0.7\"" x 5.5\""""}",https://m.media-amazon.com/images/I/419bXVMCcCL._SL350_.jpg
The Van Gogh Blues: The Creative Persona's Path Through Depression,Eric Maisel,"{""Format:"": ""Paperback"", ""Language:"": ""English"", ""ISBN:"": ""1577316045"", ""ISBN13:"": ""9781577316046"", ""Release Date:"": ""December 2007"", ""Publisher:"": ""New World Library"", ""Length:"": ""272 Pages"", ""Weight:"": ""0.75 lbs."", ""Dimensions:"": ""0.8\"" x 5.5\"" x 8.4\""""}",https://i.thriftbooks.com/api/imagehandler/m/43B42D15562142FADA38FFCA7EBC220E2C663088.jpeg
The High-Performance Mind,Anna Wise,"{""Format:"": ""Hardcover"", ""Language:"": ""English"", ""ISBN:"": ""0874778069"", ""ISBN13:"": ""9780874778069"", ""Release Date:"": ""January 1996"", ""Publisher:"": ""Tarcher"", ""Length:"": ""271 Pages"", ""Weight:"": ""0.75 lbs."", ""Dimensions:"": ""1.0\"" x 6.3\"" x 9.3\"""", ""Age Range:"": ""18 years and up"", ""Grade Range:"": ""Grade 12 and higher""}",https://m.media-amazon.com/images/I/51Fax3EpEEL._SL350_.jpg
"The Midnight Disease: The Drive to Write, Writer's Block, and the Creative Brain",Alice W. Flaherty,"{""Format:"": ""Hardcover"", ""Language:"": ""English"", ""ISBN:"": ""0618230653"", ""ISBN13:"": ""9780618230655"", ""Release Date:"": ""January 2004"", ""Publisher:"": ""Houghton Mifflin"", ""Length:"": ""307 Pages"", ""Weight:"": ""1.10 lbs."", ""Dimensions:"": ""1.0\"" x 5.8\"" x 8.3\""""}",https://i.thriftbooks.com/api/imagehandler/m/880671F72680D08C595D70F5C3B6017D969F9529.jpeg
Inspirations: Meditations from the Artist's Way,Julia Cameron,"{""Format:"": ""Paperback"", ""Language:"": ""English"", ""ISBN:"": ""1585421022"", ""ISBN13:"": ""9781585421022"", ""Release Date:"": ""May 2001"", ""Publisher:"": ""Tarcherperigee"", ""Length:"": ""112 Pages"", ""Weight:"": ""0.15 lbs."", ""Dimensions:"": ""0.3\"" x 4.3\"" x 6.7\"""", ""Age Range:"": ""18 years and up"", ""Grade Range:"": ""Postsecondary and higher""}",https://i.thriftbooks.com/api/imagehandler/m/FB0E92CFA07894E1F484EF326239C7F481C5F211.jpeg
The Untouched Key,Alice Miller,"{""Format:"": ""Hardcover"", ""Language:"": ""English"", ""ISBN:"": ""0385267630"", ""ISBN13:"": ""9780385267632"", ""Release Date:"": ""February 1990"", ""Publisher:"": ""Doubleday Books"", ""Length:"": ""180 Pages"", ""Weight:"": ""0.80 lbs."", ""Dimensions:"": ""1.0\"" x 5.8\"" x 8.5\""""}",https://m.media-amazon.com/images/I/41e3jNBStXL._SL350_.jpg
The Creative Life: Seven Keys to Your Inner Genius,Eric Butterworth,"{""Format:"": ""Paperback"", ""Language:"": ""English"", ""ISBN:"": ""1585422703"", ""ISBN13:"": ""9781585422708"", ""Release Date:"": ""August 2003"", ""Publisher:"": ""Tarcher"", ""Length:"": ""155 Pages"", ""Weight:"": ""0.30 lbs."", ""Dimensions:"": ""0.5\"" x 5.1\"" x 7.2\"""", ""Age Range:"": ""18 years and up"", ""Grade Range:"": ""Postsecondary and higher""}",https://i.thriftbooks.com/api/imagehandler/m/E72258F2B0A49DEA994B903385EBC9E2F589FFB2.jpeg
Living Big: Embrace Your Passion and Leap Into an Extraordinary Life,Pam Grout,"{""Format:"": ""Paperback"", ""Language:"": ""English"", ""ISBN:"": ""1573247030"", ""ISBN13:"": ""9781573247030"", ""Release Date:"": ""November 2001"", ""Publisher:"": ""Conari Press"", ""Length:"": ""181 Pages"", ""Weight:"": ""0.55 lbs."", ""Dimensions:"": ""0.5\"" x 5.0\"" x 8.0\""""}",https://i.thriftbooks.com/api/imagehandler/m/76360D641C1B25321A0C04E2137EB48A4CE88347.jpeg
The Creative Artist: A Fine Artist's Guide to Expanding Your Creativity and Achieving Your Artistic Potential,Nita Leland,"{""Format:"": ""Hardcover"", ""Language:"": ""English"", ""ISBN:"": ""0891343253"", ""ISBN13:"": ""9780891343257"", ""Release Date:"": ""January 1990"", ""Publisher:"": ""Northlight"", ""Length:"": ""152 Pages"", ""Weight:"": ""0.15 lbs."", ""Dimensions:"": ""1.0\"" x 8.9\"" x 11.2\""""}",https://m.media-amazon.com/images/I/51qYihJbcQL._SL350_.jpg
Writing Spirit: Finding Your Creative Soul,Lynn V. Andrews,"{""Format:"": ""Paperback"", ""Language:"": ""English"", ""ISBN:"": ""158542580X"", ""ISBN13:"": ""9781585425808"", ""Release Date:"": ""April 2007"", ""Publisher:"": ""Tarcherperigee"", ""Length:"": ""256 Pages"", ""Weight:"": ""1.15 lbs."", ""Dimensions:"": ""0.7\"" x 5.7\"" x 8.3\"""", ""Age Range:"": ""18 years and up"", ""Grade Range:"": ""Postsecondary and higher""}",https://i.thriftbooks.com/api/imagehandler/m/2DB4D81228CBFC1FAB63E9BD71B73D489AAC3752.jpeg
Your Mythic Journey: Finding Meaning in Your Life Through Writing and Storytelling,Sam Keen,"{""Format:"": ""Paperback"", ""Language:"": ""English"", ""ISBN:"": ""0874775434"", ""ISBN13:"": ""9780874775433"", ""Release Date:"": ""September 1989"", ""Publisher:"": ""Tarcherperigee"", ""Length:"": ""160 Pages"", ""Weight:"": ""0.85 lbs."", ""Dimensions:"": ""0.5\"" x 6.1\"" x 9.2\"""", ""Age Range:"": ""18 years and up"", ""Grade Range:"": ""Postsecondary and higher""}",https://i.thriftbooks.com/api/imagehandler/m/C8C3E3DCF0EDDB3010F3A3926333A14BBDE30823.jpeg
Successful Intelligence: How Practical and Creative Intelligence Determine Success in Life,Robert J. Sternberg,"{""Format:"": ""Paperback"", ""Language:"": ""English"", ""ISBN:"": ""0452279062"", ""ISBN13:"": ""9780452279063"", ""Release Date:"": ""October 1997"", ""Publisher:"": ""Plume Books"", ""Length:"": ""304 Pages"", ""Weight:"": ""0.70 lbs."", ""Dimensions:"": ""0.8\"" x 5.4\"" x 8.0\""""}",https://i.thriftbooks.com/api/imagehandler/m/67FC00B8440ACCBFCB196E4DD5BE4FAFC49851EB.jpeg
Color Your Future: Using the Color Code to Strengthen Your Character,Taylor Hartman,"{""Format:"": ""Hardcover"", ""Language:"": ""English"", ""ISBN:"": ""0684843773"", ""ISBN13:"": ""9780684843773"", ""Release Date:"": ""June 1999"", ""Publisher:"": ""Scribner Book Company"", ""Length:"": ""174 Pages"", ""Weight:"": ""0.90 lbs."", ""Dimensions:"": ""0.8\"" x 6.5\"" x 9.6\""""}",https://i.thriftbooks.com/api/imagehandler/m/5822A43BECBA2679526281C9F844C865112A2ED7.jpeg
Art Journals & Creative Healing: Restoring the Spirit Through Self-Expression,Sharon Soneff,"{"""": """"}",https://i.thriftbooks.com/api/imagehandler/m/B04CFC1B264FD31C4BD24012FE7CB795E9205E88.jpeg
Inspiration Sandwich: Stories to Inspire Our Creative Freedom,S.A.R.K.,"{""Format:"": ""Paperback"", ""Language:"": ""English"", ""ISBN:"": ""0890876789"", ""ISBN13:"": ""9780890876787"", ""Release Date:"": ""September 1992"", ""Publisher:"": ""Celestial Arts"", ""Length:"": ""163 Pages"", ""Weight:"": ""0.75 lbs."", ""Dimensions:"": ""0.5\"" x 8.0\"" x 7.0\""""}",https://i.thriftbooks.com/api/imagehandler/m/83B2D958DE4F8AFB48E862BA4426802598C768BA.jpeg
What We Ache for: Creativity and the Unfolding of Your Soul,Oriah Mountain Dreamer,"{""Format:"": ""Hardcover"", ""Language:"": ""English"", ""ISBN:"": ""0060011963"", ""ISBN13:"": ""9780060011963"", ""Release Date:"": ""April 2005"", ""Publisher:"": ""HarperOne"", ""Length:"": ""240 Pages"", ""Weight:"": ""0.90 lbs."", ""Dimensions:"": ""0.9\"" x 5.8\"" x 8.4\""""}",https://i.thriftbooks.com/api/imagehandler/m/29BE3293BF4EA5F61058991EFE7AEC8E27C74609.jpeg
Trust the Process: An Artist's Guide to Letting Go,Shaun McNiff,"{""Format:"": ""Paperback"", ""Language:"": ""English"", ""ISBN:"": ""1570623570"", ""ISBN13:"": ""9781570623578"", ""Release Date:"": ""March 1998"", ""Publisher:"": ""Shambhala"", ""Length:"": ""224 Pages"", ""Weight:"": ""0.95 lbs."", ""Dimensions:"": ""0.6\"" x 6.0\"" x 9.2\""""}",https://i.thriftbooks.com/api/imagehandler/m/A680BC539F09DBED147A9FE781AC41299B660876.jpeg
Learning by Heart,Corita Kent,"{""Format:"": ""Paperback"", ""Language:"": ""English"", ""ISBN:"": ""0553344455"", ""ISBN13:"": ""9780553344455"", ""Release Date:"": ""July 1992"", ""Publisher:"": ""Bantam Books"", ""Length:"": ""205 Pages"", ""Weight:"": ""1.15 lbs."", ""Dimensions:"": ""0.7\"" x 7.0\"" x 9.2\""""}",https://i.thriftbooks.com/api/imagehandler/m/6DAC320B543A91BEE4A94D64EA1E88E438AD7888.jpeg
Art as Medicine: Creating a Therapy of the Imagination,Shaun McNiff,"{""Format:"": ""Paperback"", ""Language:"": ""English"", ""ISBN:"": ""0877736588"", ""ISBN13:"": ""9780877736585"", ""Release Date:"": ""October 1992"", ""Publisher:"": ""Shambhala"", ""Length:"": ""248 Pages"", ""Weight:"": ""0.85 lbs."", ""Dimensions:"": ""0.7\"" x 5.9\"" x 8.9\""""}",https://i.thriftbooks.com/api/imagehandler/m/ABB89C8AE5D3F76357CF3A13BC69F70C4E304E63.jpeg
Shadow Dance: Liberating the Power & Creativity of Your Dark Side,David Richo,"{""Format:"": ""Paperback"", ""Language:"": ""English"", ""ISBN:"": ""1570624445"", ""ISBN13:"": ""9781570624445"", ""Release Date:"": ""May 1999"", ""Publisher:"": ""Shambhala"", ""Length:"": ""336 Pages"", ""Weight:"": ""0.90 lbs."", ""Dimensions:"": ""0.9\"" x 5.5\"" x 8.5\""""}",https://i.thriftbooks.com/api/imagehandler/m/2257851A693C6C26A60B6E539933782833CEAF4D.jpeg
The Artist's Date Book: A Companion Volume to The Artist's Way,Elizabeth Cameron Evans,"{""Format:"": ""Paperback"", ""Language:"": ""English"", ""ISBN:"": ""0874776538"", ""ISBN13:"": ""9780874776539"", ""Release Date:"": ""October 1999"", ""Publisher:"": ""Tarcherperigee"", ""Length:"": ""384 Pages"", ""Weight:"": ""1.18 lbs."", ""Dimensions:"": ""1.1\"" x 5.5\"" x 8.2\"""", ""Age Range:"": ""18 years and up"", ""Grade Range:"": ""Postsecondary and higher""}",https://i.thriftbooks.com/api/imagehandler/m/033FB42BB664044A2A7AF51CAEC65B0AC6EB14AE.jpeg
Using Your Brain--For a Change,Richard Bandler,"{""Format:"": ""Paperback"", ""Language:"": ""English"", ""ISBN:"": ""0911226273"", ""ISBN13:"": ""9780911226270"", ""Release Date:"": ""January 1985"", ""Publisher:"": ""Real People Press"", ""Length:"": ""165 Pages"", ""Weight:"": ""1.03 lbs."", ""Dimensions:"": ""0.5\"" x 6.0\"" x 9.0\""""}",https://i.thriftbooks.com/api/imagehandler/m/4FCBCBA8796DC941DA17E36F823F33D664D27B95.jpeg
Deep Play,Diane Ackerman,"{""Format:"": ""Hardcover"", ""Language:"": ""English"", ""ISBN:"": ""0679448799"", ""ISBN13:"": ""9780679448792"", ""Release Date:"": ""April 1999"", ""Publisher:"": ""Random House (NY)"", ""Length:"": ""256 Pages"", ""Weight:"": ""1.14 lbs."", ""Dimensions:"": ""1.0\"" x 6.4\"" x 9.6\""""}",https://i.thriftbooks.com/api/imagehandler/m/22E155C1951E28E5C131526C6FDF885A59DAF41D.jpeg
"The Yoga of Drawing: Uniting Body, Mind and Spirit in the Art of Drawing",Jeanne Carbonetti,"{""Format:"": ""Paperback"", ""Language:"": ""English"", ""ISBN:"": ""0823059723"", ""ISBN13:"": ""9780823059720"", ""Release Date:"": ""May 1999"", ""Publisher:"": ""Watson-Guptill Publications"", ""Length:"": ""112 Pages"", ""Weight:"": ""1.20 lbs."", ""Dimensions:"": ""0.4\"" x 9.3\"" x 9.3\""""}",https://i.thriftbooks.com/api/imagehandler/m/68FFF8790C19019936B352639F4D46518F117D5E.jpeg
Fearless Creating: A Step-by-Step Guide to Starting and Completing Your Work of Art,Eric Maisel,"{""Format:"": ""Paperback"", ""Language:"": ""English"", ""ISBN:"": ""0874778050"", ""ISBN13:"": ""9780874778052"", ""Release Date:"": ""October 1995"", ""Publisher:"": ""Penguin Publishing Group"", ""Length:"": ""304 Pages"", ""Weight:"": ""0.95 lbs."", ""Dimensions:"": ""0.8\"" x 7.0\"" x 8.9\""""}",https://i.thriftbooks.com/api/imagehandler/m/72F2B696969EBD28F8190E963EFAA68E8B4EB22D.jpeg
"Life, Paint and Passion: Reclaiming the Magic of Spontaneous",Stewart Cubley,"{""Format:"": ""Paperback"", ""Language:"": ""English"", ""ISBN:"": ""0874778107"", ""ISBN13:"": ""9780874778106"", ""Release Date:"": ""January 1996"", ""Publisher:"": ""Tarcherperigee"", ""Length:"": ""224 Pages"", ""Weight:"": ""1.05 lbs."", ""Dimensions:"": ""0.7\"" x 7.0\"" x 9.0\"""", ""Age Range:"": ""18 years and up"", ""Grade Range:"": ""Postsecondary and higher""}",https://i.thriftbooks.com/api/imagehandler/m/A55608DF5CF73188DDAF9B436DBFA6C47B58CDE9.jpeg
Witness to the Fire: Creativity and the Veil of Addiction,Linda Schierse Leonard,"{""Format:"": ""Paperback"", ""Language:"": ""English"", ""ISBN:"": ""0877735883"", ""Release Date:"": ""June 2001"", ""Publisher:"": ""Shambhala"", ""Length:"": ""416 Pages"", ""Weight:"": ""0.55 lbs."", ""Dimensions:"": ""9.0\"" x 1.0\"" x 6.0\""""}",https://m.media-amazon.com/images/I/51x46C+N4ML._SL350_.jpg
Sparks of Genius: The Thirteen Thinking Tools of the World's Most Creative People,Michele Root-Bernstein,"{""Format:"": ""Paperback"", ""Language:"": ""English"", ""ISBN:"": ""0618127453"", ""ISBN13:"": ""9780618127450"", ""Release Date:"": ""August 2001"", ""Publisher:"": ""HarperOne"", ""Length:"": ""416 Pages"", ""Weight:"": ""0.68 lbs."", ""Dimensions:"": ""1.3\"" x 6.0\"" x 8.9\""""}",https://i.thriftbooks.com/api/imagehandler/m/60A358059854E60546BC13C082FBF422AABCB01E.jpeg
"Creating Minds: An Anatomy of Creativity Seen Through the Lives of Freud, Einstein, Picasso, Str",Howard Gardner,"{""Format:"": ""Hardcover"", ""Language:"": ""English"", ""ISBN:"": ""0465014550"", ""ISBN13:"": ""9780465014552"", ""Release Date:"": ""July 1993"", ""Publisher:"": ""Basic Books"", ""Length:"": ""480 Pages"", ""Weight:"": ""1.88 lbs."", ""Dimensions:"": ""1.5\"" x 6.4\"" x 9.4\""""}",https://m.media-amazon.com/images/I/41MisxpjSjL._SL350_.jpg
Mind Performance Hacks,Ron Hale-Evans,"{""Format:"": ""Paperback"", ""Language:"": ""English"", ""ISBN:"": ""0596101538"", ""Release Date:"": ""February 2006"", ""Publisher:"": ""Oreilly & Associates Inc"", ""Length:"": ""308 Pages"", ""Weight:"": ""1.00 lbs."", ""Dimensions:"": ""8.9\"" x 0.7\"" x 6.0\""""}",https://m.media-amazon.com/images/I/410CI9B7rkL._SL350_.jpg
The Zen of Creativity: Cultivating Your Artistic Life,John Daido Loori,"{""Format:"": ""Paperback"", ""Language:"": ""English"", ""ISBN:"": ""0345466330"", ""ISBN13:"": ""9780345466334"", ""Release Date:"": ""May 2005"", ""Publisher:"": ""Ballantine Books"", ""Length:"": ""272 Pages"", ""Weight:"": ""1.05 lbs."", ""Dimensions:"": ""0.7\"" x 7.4\"" x 9.2\""""}",https://i.thriftbooks.com/api/imagehandler/m/F6BAD5F5E9E4ABD35467DF6FAA926A51702DD68A.jpeg
How You Do Anything is How You Do Everything,Cheri Huber,"{""Format:"": ""Paperback"", ""Language:"": ""English"", ""ISBN:"": ""0961475412"", ""ISBN13:"": ""9780961475413"", ""Release Date:"": ""January 1988"", ""Publisher:"": ""Keep It Simple Books"", ""Length:"": ""162 Pages"", ""Weight:"": ""0.95 lbs."", ""Dimensions:"": ""0.4\"" x 8.6\"" x 11.0\""""}",https://i.thriftbooks.com/api/imagehandler/m/7B552A0075D632E31B4A919878A2600CCD50EC81.jpeg
The Gifted Adult: A Revolutionary Guide for Liberating Everyday Genius(tm),Mary-Elaine Jacobsen,"{""Format:"": ""Paperback"", ""Language:"": ""English"", ""ISBN:"": ""0345434927"", ""ISBN13:"": ""9780345434920"", ""Release Date:"": ""November 2000"", ""Publisher:"": ""Ballantine Books"", ""Length:"": ""416 Pages"", ""Weight:"": ""0.65 lbs."", ""Dimensions:"": ""0.9\"" x 5.6\"" x 8.3\""""}",https://i.thriftbooks.com/api/imagehandler/m/3A80922C33DC052ACA3BC9E99423A5960C55CAB1.jpeg
Cracking Creativity: The Secrets of Creative Genius,Michael Michalko,"{""Format:"": ""Paperback"", ""Language:"": ""English"", ""ISBN:"": ""1580083110"", ""ISBN13:"": ""9781580083119"", ""Release Date:"": ""June 2001"", ""Publisher:"": ""Ten Speed Press"", ""Length:"": ""320 Pages"", ""Weight:"": ""1.10 lbs."", ""Dimensions:"": ""0.9\"" x 7.3\"" x 9.1\""""}",https://i.thriftbooks.com/api/imagehandler/m/6B91DBD382BF719A8F62EBF95B0FA6E299414521.jpeg
The Vein of Gold,Julia Cameron,"{""Format:"": ""Hardcover"", ""Language:"": ""English"", ""ISBN:"": ""0874778360"", ""ISBN13:"": ""9780874778366"", ""Release Date:"": ""September 1996"", ""Publisher:"": ""Tarcher"", ""Length:"": ""368 Pages"", ""Weight:"": ""1.00 lbs."", ""Dimensions:"": ""1.2\"" x 7.7\"" x 9.2\"""", ""Age Range:"": ""18 years and up"", ""Grade Range:"": ""Postsecondary and higher""}",https://i.thriftbooks.com/api/imagehandler/m/6686B62C485A6463CF1F6AD2B048BEC166679441.jpeg
The Path of Least Resistance: Learning to Become the Creative Force in Your Own Life,Robert Fritz,"{""Format:"": ""Paperback"", ""Language:"": ""English"", ""ISBN:"": ""0449903370"", ""ISBN13:"": ""9780449903377"", ""Release Date:"": ""April 1989"", ""Publisher:"": ""Ballantine Books"", ""Length:"": ""320 Pages"", ""Weight:"": ""0.55 lbs."", ""Dimensions:"": ""0.6\"" x 5.1\"" x 8.1\""""}",https://i.thriftbooks.com/api/imagehandler/m/D2793521C048B9BE1A1CBF97127D247E4BCE3D70.jpeg
Finding Water: The Art of Perseverance,Julia Cameron,"{""Format:"": ""Paperback"", ""Language:"": ""English"", ""ISBN:"": ""1585427772"", ""ISBN13:"": ""9781585427772"", ""Release Date:"": ""December 2009"", ""Publisher:"": ""Tarcherperigee"", ""Length:"": ""304 Pages"", ""Weight:"": ""0.95 lbs."", ""Dimensions:"": ""0.7\"" x 7.4\"" x 9.0\"""", ""Age Range:"": ""18 years and up"", ""Grade Range:"": ""Postsecondary and higher""}",https://i.thriftbooks.com/api/imagehandler/m/67A7956A8725E20545DB856CFBA6555AB2602E6D.jpeg
The Creative Journal: The Art of Finding Yourself,Lucia Capacchione,"{""Format:"": ""Paperback"", ""Language:"": ""English"", ""ISBN:"": ""0878771484"", ""ISBN13:"": ""9780878771486"", ""Release Date:"": ""January 1989"", ""Publisher:"": ""Newcastle Publishing Company"", ""Length:"": ""180 Pages"", ""Weight:"": ""0.80 lbs."", ""Dimensions:"": ""0.6\"" x 7.0\"" x 9.0\""""}",https://i.thriftbooks.com/api/imagehandler/m/42DB801DE239BB8BC1E1A14E46F811C0F5809C33.jpeg
Orbiting the Giant Hairball: A Corporate Fool's Guide to Surviving with Grace,Gordon MacKenzie,"{""Format:"": ""Hardcover"", ""Language:"": ""English"", ""ISBN:"": ""0670879835"", ""ISBN13:"": ""9780670879830"", ""Release Date:"": ""April 1998"", ""Publisher:"": ""Viking"", ""Length:"": ""224 Pages"", ""Weight:"": ""0.75 lbs."", ""Dimensions:"": ""0.9\"" x 5.4\"" x 7.4\"""", ""Age Range:"": ""18 years and up"", ""Grade Range:"": ""Postsecondary and higher""}",https://i.thriftbooks.com/api/imagehandler/m/B1ABA40D5182D1180C6B7A9F2FF401A5C39FCD2A.jpeg
Magnificent Mind at Any Age: Natural Ways to Unleash Your Brain's Maximum Potential,Daniel G. Amen,"{""Format:"": ""Paperback"", ""Language:"": ""English"", ""ISBN:"": ""0307339106"", ""ISBN13:"": ""9780307339102"", ""Release Date:"": ""December 2009"", ""Publisher:"": ""Harmony"", ""Length:"": ""352 Pages"", ""Weight:"": ""0.65 lbs."", ""Dimensions:"": ""0.8\"" x 5.3\"" x 7.9\""""}",https://i.thriftbooks.com/api/imagehandler/m/F849623C9BB727B490F408072EFFB4F8163C6F42.jpeg
"Make Your Creative Dreams Real: A Plan for Procrastinators, Perfectionists, Busy People, and People Who Would Really Rather Sleep All Day",S.A.R.K.,"{""Format:"": ""Paperback"", ""Language:"": ""English"", ""ISBN:"": ""0743269241"", ""ISBN13:"": ""9780743269247"", ""Release Date:"": ""February 2005"", ""Publisher:"": ""Atria Books"", ""Length:"": ""240 Pages"", ""Weight:"": ""1.15 lbs."", ""Dimensions:"": ""0.8\"" x 6.2\"" x 9.2\""""}",https://i.thriftbooks.com/api/imagehandler/m/F5957E7A4BEFADF0D2E112F344D876320B54CED9.jpeg
The Creative Family: How to Encourage Imagination & Nurture Family Connections,Amanda Blake Soule,"{""Format:"": ""Paperback"", ""Language:"": ""English"", ""ISBN:"": ""1590304713"", ""ISBN13:"": ""9781590304716"", ""Release Date:"": ""April 2008"", ""Publisher:"": ""Roost Books"", ""Length:"": ""212 Pages"", ""Weight:"": ""1.05 lbs."", ""Dimensions:"": ""0.6\"" x 6.4\"" x 8.0\""""}",https://i.thriftbooks.com/api/imagehandler/m/8B62CA8B9DC24D9FBD7CCAA08473FD0967D74CD1.jpeg
Effortless,Kenny Werner,"{""Format:"": ""Paperback"", ""Language:"": ""English"", ""ISBN:"": ""156224003X"", ""ISBN13:"": ""9781562240035"", ""Release Date:"": ""November 1998"", ""Publisher:"": ""Alfred Music"", ""Length:"": ""196 Pages"", ""Weight:"": ""0.52 lbs."", ""Dimensions:"": ""0.5\"" x 6.4\"" x 9.0\""""}",https://i.thriftbooks.com/api/imagehandler/m/B27BFD88AC64816D271919E17869125D0534E3FF.jpeg
A Whack on the Side of the Head: How You Can Be More Creative,Roger Von Oech,"{""Format:"": ""Paperback"", ""Language:"": ""English"", ""ISBN:"": ""0446404667"", ""ISBN13:"": ""9780446404662"", ""Release Date:"": ""May 2008"", ""Publisher:"": ""Grand Central Publishing"", ""Length:"": ""256 Pages"", ""Weight:"": ""0.10 lbs."", ""Dimensions:"": ""0.7\"" x 5.7\"" x 8.3\""""}",https://i.thriftbooks.com/api/imagehandler/m/1F0F9FB1E7DAC1D99E418232CBBC829B83C5B507.jpeg
"The Medici Effect: Breakthrough Insights at the Intersection of Ideas, Concepts, and Cultures",Frans Johansson,"{""Format:"": ""Hardcover"", ""Language:"": ""English"", ""ISBN:"": ""1591391865"", ""ISBN13:"": ""9781591391869"", ""Release Date:"": ""September 2004"", ""Publisher:"": ""Harvard Business Review Press"", ""Length:"": ""224 Pages"", ""Weight:"": ""0.05 lbs."", ""Dimensions:"": ""0.9\"" x 6.5\"" x 9.6\""""}",https://i.thriftbooks.com/api/imagehandler/m/5F271DBF1EF65BE615D91AC2D87E52055FD641BB.jpeg
The 12 Secrets of Highly Creative Women,Gail McMeekin,"{""Format:"": ""Paperback"", ""Language:"": ""English"", ""ISBN:"": ""1573241415"", ""ISBN13:"": ""9781573241410"", ""Release Date:"": ""February 2000"", ""Publisher:"": ""Conari Press"", ""Length:"": ""236 Pages"", ""Weight:"": ""0.80 lbs."", ""Dimensions:"": ""0.7\"" x 7.0\"" x 9.0\""""}",https://i.thriftbooks.com/api/imagehandler/m/58765C18D5EDDB0F0DE00D5C916C096F774F15E6.jpeg
The Writing Diet: Write Yourself Right-Size,Julia Cameron,"{""Format:"": ""Hardcover"", ""Language:"": ""English"", ""ISBN:"": ""1585425710"", ""ISBN13:"": ""9781585425716"", ""Release Date:"": ""December 2007"", ""Publisher:"": ""Tarcher"", ""Length:"": ""234 Pages"", ""Weight:"": ""0.55 lbs."", ""Dimensions:"": ""0.9\"" x 6.0\"" x 8.4\"""", ""Age Range:"": ""18 years and up"", ""Grade Range:"": ""Postsecondary and higher""}",https://i.thriftbooks.com/api/imagehandler/m/8664899E8BA837A9FDCE9A2FD0662FBB5667AADF.jpeg
Art Is a Way of Knowing: A Guide to Self-Knowledge and Spiritual Fulfillment Through Creativity,Pat B. Allen,"{""Format:"": ""Paperback"", ""Language:"": ""English"", ""ISBN:"": ""1570620784"", ""ISBN13:"": ""9781570620782"", ""Release Date:"": ""April 1995"", ""Publisher:"": ""Shambhala"", ""Length:"": ""224 Pages"", ""Weight:"": ""0.43 lbs."", ""Dimensions:"": ""0.6\"" x 6.2\"" x 8.9\""""}",https://i.thriftbooks.com/api/imagehandler/m/A17D683EA3A5733E5B6872EC8A2C857CBB09FE64.jpeg
Making a Good Brain Great: The Amen Clinic Program for Achieving and Sustaining Optimal Mental Performance,Daniel G. Amen,"{""Format:"": ""Hardcover"", ""Language:"": ""English"", ""ISBN:"": ""1400082080"", ""ISBN13:"": ""9781400082087"", ""Release Date:"": ""October 2005"", ""Publisher:"": ""Harmony Books"", ""Length:"": ""313 Pages"", ""Weight:"": ""0.65 lbs."", ""Dimensions:"": ""1.2\"" x 6.4\"" x 9.5\""""}",https://i.thriftbooks.com/api/imagehandler/m/097C1025DABC6DC0A5A0E90D2C72BF4E7F051707.jpeg
The Sound of Paper: Starting from Scratch,Julia Cameron,"{""Format:"": ""Paperback"", ""Language:"": ""English"", ""ISBN:"": ""1585423548"", ""Release Date:"": ""January 2005"", ""Publisher:"": ""Penguin/Tarcher"", ""Length:"": ""315 Pages"", ""Weight:"": ""0.80 lbs."", ""Dimensions:"": ""8.3\"" x 0.8\"" x 5.5\""""}",https://m.media-amazon.com/images/I/41DUpq2yCtL._SL350_.jpg
At a Journal Workshop: Writing to Access the Power of the Unconscious and Evoke Creative Ability,Ira Progoff,"{""Format:"": ""Paperback"", ""Language:"": ""English"", ""ISBN:"": ""0874776384"", ""ISBN13:"": ""9780874776386"", ""Release Date:"": ""May 1992"", ""Publisher:"": ""Tarcherperigee"", ""Length:"": ""432 Pages"", ""Weight:"": ""0.68 lbs."", ""Dimensions:"": ""1.2\"" x 7.5\"" x 9.0\"""", ""Age Range:"": ""18 years and up"", ""Grade Range:"": ""Postsecondary and higher""}",https://i.thriftbooks.com/api/imagehandler/m/73C848381C3BF3487795686797B253C5A8AEC299.jpeg
The Artist's Way Every Day: A Year of Creative Living,Julia Cameron,"{"""": """"}",https://i.thriftbooks.com/api/imagehandler/m/197B33FE529CB386EEB947986236E5479C325365.jpeg
The Accidental Creative: How to Be Brilliant at a Moment's Notice,Todd Henry,"{""Format:"": ""Hardcover"", ""Language:"": ""English"", ""ISBN:"": ""1591844010"", ""ISBN13:"": ""9781591844013"", ""Release Date:"": ""July 2011"", ""Publisher:"": ""Portfolio"", ""Length:"": ""240 Pages"", ""Weight:"": ""1.30 lbs."", ""Dimensions:"": ""0.9\"" x 6.4\"" x 9.3\"""", ""Age Range:"": ""18 years and up"", ""Grade Range:"": ""Postsecondary and higher""}",https://i.thriftbooks.com/api/imagehandler/m/3D7B9A2DF8F271F3CD9B2E5B24DFED27A3EBD095.jpeg
The Zen of Creative Painting: An Elegant Design for Revealing Your Muse,Jeanne Carbonetti,"{"""": """"}",https://i.thriftbooks.com/api/imagehandler/m/BBB6DDD00E6F0320F52363E770DB166ED751E8A7.jpeg
