Book Name,Authors,Info,Image URL
Better Homes and Gardens New Cook Book,Better Homes and Gardens,"{""Format:"": ""Hardcover"", ""Language:"": ""English"", ""ISBN:"": ""0696224038"", ""ISBN13:"": ""9780696224034"", ""Release Date:"": ""January 2006"", ""Publisher:"": ""John Wiley & Sons"", ""Length:"": ""656 Pages"", ""Weight:"": ""4.01 lbs."", ""Dimensions:"": ""2.4\"" x 9.1\"" x 10.1\""""}",https://i.thriftbooks.com/api/imagehandler/m/902F90D48B301449E041ED4FFDD7A31B2B19A501.jpeg
"How to Cook Everything: 2,000 Simple Recipes for Great Food,10th Anniversary Edition",Mark Bittman,"{""Format:"": ""Hardcover"", ""Language:"": ""English"", ""ISBN:"": ""0764578650"", ""Release Date:"": ""October 2008"", ""Publisher:"": ""Houghton Mifflin Harcourt"", ""Length:"": ""1056 Pages"", ""Weight:"": ""3.92 lbs."", ""Dimensions:"": ""9.0\"" x 2.5\"" x 8.5\""""}",https://m.media-amazon.com/images/I/41TK0Dr91YL._SL350_.jpg
The Way to Cook,Julia Child,"{""Format:"": ""Hardcover"", ""Language:"": ""English"", ""ISBN:"": ""0394532643"", ""ISBN13:"": ""9780394532646"", ""Release Date:"": ""September 1989"", ""Publisher:"": ""Knopf Publishing Group"", ""Length:"": ""528 Pages"", ""Weight:"": ""5.53 lbs."", ""Dimensions:"": ""1.5\"" x 9.6\"" x 11.2\""""}",https://i.thriftbooks.com/api/imagehandler/m/6D658DB542858B520A2554A7BACD99B6C536B1E8.jpeg
Fix-It and Forget-It Cookbook: Feasting with Your Slow Cooker,Dawn J. Ranck,"{""Format:"": ""Hardcover"", ""Language:"": ""English"", ""ISBN:"": ""1561483389"", ""ISBN13:"": ""9781561483389"", ""Release Date:"": ""May 2013"", ""Publisher:"": ""Good Books"", ""Length:"": ""284 Pages"", ""Weight:"": ""1.75 lbs."", ""Dimensions:"": ""1.0\"" x 7.3\"" x 9.3\""""}",https://i.thriftbooks.com/api/imagehandler/m/A46CBA34E7EFE4FC62C12711395493CF51764C42.jpeg
How to Cook Everything: The Basics: Simple Recipes Anyone Can Cook,Mark Bittman,"{""Format:"": ""Hardcover"", ""Language:"": ""English"", ""ISBN:"": ""076456756X"", ""ISBN13:"": ""9780764567568"", ""Release Date:"": ""March 2003"", ""Publisher:"": ""Houghton Mifflin"", ""Length:"": ""224 Pages"", ""Weight:"": ""1.63 lbs."", ""Dimensions:"": ""0.8\"" x 8.3\"" x 9.2\""""}",https://i.thriftbooks.com/api/imagehandler/m/C95AA0C3877EEAD0AB0171BF852F533950718528.jpeg
Betty Crocker's Cookbook for Boys and Girls,Betty Crocker,"{""Format:"": ""Hardcover"", ""Language:"": ""English"", ""ISBN:"": ""0764526340"", ""ISBN13:"": ""9780764526343"", ""Release Date:"": ""August 2003"", ""Publisher:"": ""Houghton Mifflin"", ""Length:"": ""191 Pages"", ""Weight:"": ""0.85 lbs."", ""Dimensions:"": ""0.9\"" x 6.3\"" x 8.2\"""", ""Age Range:"": ""8 to 12 years"", ""Grade Range:"": ""Grades 3 to 7""}",https://i.thriftbooks.com/api/imagehandler/m/B8114D2BDB134CA9F20E647DE2DA0EE4453E1E4F.jpeg
How to Cook Without a Book: Recipes and Techniques Every Cook Should Know by Heart,Pam Anderson,"{""Format:"": ""Hardcover"", ""Language:"": ""English"", ""ISBN:"": ""0767902793"", ""ISBN13:"": ""9780767902793"", ""Release Date:"": ""April 2000"", ""Publisher:"": ""Clarkson Potter Publishers"", ""Length:"": ""304 Pages"", ""Weight:"": ""1.17 lbs."", ""Dimensions:"": ""1.1\"" x 7.7\"" x 9.2\""""}",https://i.thriftbooks.com/api/imagehandler/m/AC0CD5174EE7911E9403B095A4EE3505F80DF204.jpeg
Martha Stewart's Cooking School: Lessons and Recipes for the Home Cook: A Cookbook,Martha Stewart,"{""Format:"": ""Hardcover"", ""Language:"": ""English"", ""ISBN:"": ""0307396444"", ""Release Date:"": ""October 2008"", ""Publisher:"": ""Clarkson Potter"", ""Length:"": ""512 Pages"", ""Weight:"": ""3.88 lbs."", ""Dimensions:"": ""10.2\"" x 1.6\"" x 8.3\""""}",https://m.media-amazon.com/images/I/41as8WlvwEL._SL350_.jpg
How to Be a Domestic Goddess: Baking and the Art of Comfort Cooking,Nigella Lawson,"{""Format:"": ""Hardcover"", ""Language:"": ""English"", ""ISBN:"": ""0786867973"", ""ISBN13:"": ""9780786867974"", ""Release Date:"": ""November 2001"", ""Publisher:"": ""Hachette Books"", ""Length:"": ""374 Pages"", ""Weight:"": ""3.15 lbs."", ""Dimensions:"": ""1.0\"" x 1.0\"" x 1.0\"""", ""Age Range:"": ""18 years and up"", ""Grade Range:"": ""Postsecondary and higher""}",https://i.thriftbooks.com/api/imagehandler/m/EAA8845EC0031267BE29C997D801502AF4796F82.jpeg
"Jan Karon's Mitford Cookbook and Kitchen Reader: Recipes from Mitford Cooks, Favorite Tales from Mitford Books",Jan Karon,"{""Format:"": ""Hardcover"", ""Language:"": ""English"", ""ISBN:"": ""0670032395"", ""ISBN13:"": ""9780670032396"", ""Release Date:"": ""November 2004"", ""Publisher:"": ""G.P. Putnam's Sons"", ""Length:"": ""384 Pages"", ""Weight:"": ""2.71 lbs."", ""Dimensions:"": ""1.0\"" x 9.1\"" x 9.3\"""", ""Age Range:"": ""18 years and up"", ""Grade Range:"": ""Postsecondary and higher""}",https://i.thriftbooks.com/api/imagehandler/m/3318BB9AFC17EEA4913D18949CBFADB5F7D54594.jpeg
The Cocktail Party.,T.S. Eliot,"{""Format:"": ""Hardcover"", ""Language:"": ""English"", ""ISBN:"": ""B000YD15MA"", ""Release Date:"": ""January 1950"", ""Publisher:"": ""Harcourt Brace & World, Inc."", ""Weight:"": ""0.85 lbs.""}",https://m.media-amazon.com/images/I/51uEl6nQItL._SL350_.jpg
What Einstein Told His Cook: Kitchen Science Explained,Robert L. Wolke,"{""Format:"": ""Hardcover"", ""Language:"": ""English"", ""ISBN:"": ""0393011836"", ""Release Date:"": ""May 2002"", ""Publisher:"": ""W. W. Norton & Company"", ""Length:"": ""370 Pages"", ""Weight:"": ""1.34 lbs."", ""Dimensions:"": ""9.5\"" x 1.3\"" x 6.5\""""}",https://m.media-amazon.com/images/I/31BjIb3eDOL._SL350_.jpg
American Wholefoods Cuisine,Nikki Goldbeck,"{""Format:"": ""Hardcover"", ""Language:"": ""English"", ""ISBN:"": ""0453004342"", ""ISBN13:"": ""9780453004343"", ""Release Date:"": ""April 1983"", ""Publisher:"": ""Dutton Books"", ""Length:"": ""580 Pages"", ""Weight:"": ""2.00 lbs.""}",https://m.media-amazon.com/images/I/51ZkTTSiOKL._SL350_.jpg
Dinners in the Freezer!: More Mary and Less Martha,Jill Bond,"{""Format:"": ""Paperback"", ""Language:"": ""English"", ""ISBN:"": ""0964539608"", ""ISBN13:"": ""9780964539600"", ""Release Date:"": ""January 1995"", ""Publisher:"": ""GCB Publishing Group"", ""Length:"": ""256 Pages"", ""Weight:"": ""1.30 lbs."", ""Dimensions:"": ""0.6\"" x 8.5\"" x 11.0\""""}",https://i.thriftbooks.com/api/imagehandler/m/CAE6763BABE3B630DA70689DD64648ADF2913CE9.jpeg
The Hip Chick's Guide to Macrobiotics: A Philosophy for Achieving a Radiant Mind and a Fabulous Body,Jessica Porter,"{""Format:"": ""Paperback"", ""Language:"": ""English"", ""ISBN:"": ""1583332057"", ""ISBN13:"": ""9781583332054"", ""Release Date:"": ""September 2004"", ""Publisher:"": ""Penguin Adult Hc/Tr"", ""Length:"": ""304 Pages"", ""Weight:"": ""1.05 lbs."", ""Dimensions:"": ""0.8\"" x 7.5\"" x 9.3\"""", ""Age Range:"": ""18 years and up"", ""Grade Range:"": ""Postsecondary and higher""}",https://i.thriftbooks.com/api/imagehandler/m/3BC569225EA6034CDEC37D794A77FB1EF41C6227.jpeg
The Kitchen Counter Cooking School: How a Few Simple Lessons Transformed Nine Culinary Novices Into Fearless Home Co Oks,Kathleen Flinn,"{""Format:"": ""Hardcover"", ""Language:"": ""English"", ""ISBN:"": ""0670023000"", ""ISBN13:"": ""9780670023004"", ""Release Date:"": ""September 2011"", ""Publisher:"": ""Viking"", ""Length:"": ""304 Pages"", ""Weight:"": ""1.14 lbs."", ""Dimensions:"": ""1.1\"" x 6.3\"" x 9.3\"""", ""Age Range:"": ""18 years and up"", ""Grade Range:"": ""Postsecondary and higher""}",https://i.thriftbooks.com/api/imagehandler/m/D623D83B733C8E86C943C907459F6C677DCFD152.jpeg
Chinese Cooking for Beginners,Wei-Chuan,"{""Format:"": ""Paperback"", ""Language:"": ""English"", ""ISBN:"": ""0941676005"", ""ISBN13:"": ""9780941676007"", ""Release Date:"": ""January 1980"", ""Publisher:"": ""Wei-Chuan Publishing"", ""Length:"": ""103 Pages"", ""Weight:"": ""0.85 lbs."", ""Dimensions:"": ""0.4\"" x 7.3\"" x 10.2\""""}",https://m.media-amazon.com/images/I/41zuj47Qn8L._SL350_.jpg
Becoming a Chef: With Recipes and Reflections from America's Leading Chefs,Karen Page,"{""Format:"": ""Paperback"", ""Language:"": ""English"", ""ISBN:"": ""0442015135"", ""ISBN13:"": ""9780442015138"", ""Release Date:"": ""January 1995"", ""Publisher:"": ""Van Nostrand Reinhold Company"", ""Length:"": ""320 Pages"", ""Weight:"": ""1.60 lbs."", ""Dimensions:"": ""1.1\"" x 7.3\"" x 9.1\""""}",https://i.thriftbooks.com/api/imagehandler/m/90A0457D9F5BFE3E7431BD654444294C987944C6.jpeg
Le Cordon Bleu Cuisine Foundations: Basic Classic Recipes,Le Cordon Bleu,"{""Format:"": ""Spiral-bound"", ""Language:"": ""English"", ""ISBN:"": ""1435481380"", ""Release Date:"": ""April 2010"", ""Publisher:"": ""Delmar Cengage Learning"", ""Length:"": ""224 Pages"", ""Weight:"": ""3.85 lbs."", ""Dimensions:"": ""11.0\"" x 1.0\"" x 10.0\""""}",https://m.media-amazon.com/images/I/51Dw45ExVoL._SL350_.jpg
Nutrition: A Culinary Approach,Janet Rouslin,"{""Format:"": ""Hardcover"", ""Language:"": ""English"", ""ISBN:"": ""0757590373"", ""ISBN13:"": ""9780757590375"", ""Release Date:"": ""August 2011"", ""Publisher:"": ""Kendall/Hunt Publishing Company"", ""Length:"": ""351 Pages"", ""Weight:"": ""2.25 lbs."", ""Dimensions:"": ""0.7\"" x 8.4\"" x 10.8\""""}",https://i.thriftbooks.com/api/imagehandler/m/3FD15EEFF4AE02BC4DEB98CF8CDB99C556023A55.jpeg
The Art of Nutritional Cooking,James Painter,"{""Format:"": ""Paperback"", ""Language:"": ""English"", ""ISBN:"": ""0137544170"", ""ISBN13:"": ""9780137544172"", ""Release Date:"": ""January 1998"", ""Publisher:"": ""Prentice Hall"", ""Length:"": ""405 Pages"", ""Weight:"": ""1.95 lbs."", ""Dimensions:"": ""0.6\"" x 8.0\"" x 10.0\""""}",https://i.thriftbooks.com/api/imagehandler/m/40595E1C180DE25BB7D97A38DC5EAB75E6375BB2.jpeg
Food for Fifty,Mary Molt,"{""Format:"": ""Hardcover"", ""Language:"": ""English"", ""ISBN:"": ""0133828395"", ""ISBN13:"": ""9780133828399"", ""Release Date:"": ""October 1996"", ""Publisher:"": ""Prentice Hall"", ""Length:"": ""693 Pages"", ""Weight:"": ""3.80 lbs."", ""Dimensions:"": ""1.4\"" x 8.5\"" x 11.2\""""}",https://i.thriftbooks.com/api/imagehandler/m/FD53D37559D50BA86A633FF21D221D6B9F78A24E.jpeg
Introductory Foods,Marion Bennion,"{""Format:"": ""Hardcover"", ""Language:"": ""English"", ""ISBN:"": ""0132339269"", ""ISBN13:"": ""9780132339261"", ""Release Date:"": ""March 2009"", ""Publisher:"": ""Prentice Hall"", ""Length:"": ""677 Pages"", ""Weight:"": ""4.20 lbs."", ""Dimensions:"": ""1.3\"" x 8.4\"" x 11.0\""""}",https://i.thriftbooks.com/api/imagehandler/m/B3BBB388A625CB26271F683EB56BC9499040D4CE.jpeg
Alice B. Toklas Cookbook,Alice B. Toklas,"{""Format:"": ""Paperback"", ""Language:"": ""English"", ""ISBN:"": ""0060913274"", ""ISBN13:"": ""9780060913274"", ""Release Date:"": ""January 1986"", ""Publisher:"": ""HarperCollins Publishers"", ""Length:"": ""301 Pages"", ""Weight:"": ""0.58 lbs."", ""Dimensions:"": ""0.8\"" x 5.3\"" x 7.9\""""}",https://m.media-amazon.com/images/I/510YmEETU6L._SL350_.jpg
The Naked Chef Takes Off,Jamie Oliver,"{""Format:"": ""Hardcover"", ""Language:"": ""English"", ""ISBN:"": ""0786867558"", ""ISBN13:"": ""9780786867554"", ""Release Date:"": ""September 2001"", ""Publisher:"": ""Hachette Books"", ""Length:"": ""288 Pages"", ""Weight:"": ""2.35 lbs."", ""Dimensions:"": ""1.1\"" x 7.7\"" x 10.0\"""", ""Age Range:"": ""18 years and up"", ""Grade Range:"": ""Postsecondary and higher""}",https://i.thriftbooks.com/api/imagehandler/m/9F57D5049C6F964EABD71BF6FA273B071FDB8039.jpeg
"The Sharper Your Knife, the Less You Cry: Love, Laughter, and Tears at the World's Most Famous Cooking School",Kathleen Flinn,"{""Format:"": ""Hardcover"", ""Language:"": ""English"", ""ISBN:"": ""0670018228"", ""ISBN13:"": ""9780670018222"", ""Release Date:"": ""October 2007"", ""Publisher:"": ""Viking Books"", ""Length:"": ""285 Pages"", ""Weight:"": ""1.10 lbs."", ""Dimensions:"": ""1.0\"" x 6.3\"" x 9.3\"""", ""Age Range:"": ""18 years and up"", ""Grade Range:"": ""Postsecondary and higher""}",https://i.thriftbooks.com/api/imagehandler/m/A7C295AA27E5D51AACF0DCA3F5B56E73C8A5CC91.jpeg
From Vines to Wines: The Complete Guide to Growing Grapes and Making Your Own Wine,Jeff Cox,"{""Format:"": ""Paperback"", ""Language:"": ""English"", ""ISBN:"": ""1580171052"", ""ISBN13:"": ""9781580171052"", ""Release Date:"": ""January 1999"", ""Publisher:"": ""Storey Publishing"", ""Length:"": ""256 Pages"", ""Weight:"": ""1.30 lbs."", ""Dimensions:"": ""0.6\"" x 6.0\"" x 9.0\""""}",https://i.thriftbooks.com/api/imagehandler/m/4005453676C8F01A36AA3835EB4E828A23233B5C.jpeg
Julia Child,Laura Shapiro,"{""Format:"": ""Hardcover"", ""Language:"": ""English"", ""ISBN:"": ""0670038393"", ""ISBN13:"": ""9780670038398"", ""Release Date:"": ""April 2007"", ""Publisher:"": ""Viking Books"", ""Length:"": ""185 Pages"", ""Weight:"": ""0.64 lbs."", ""Dimensions:"": ""0.8\"" x 5.5\"" x 7.8\"""", ""Age Range:"": ""18 years and up"", ""Grade Range:"": ""Postsecondary and higher""}",https://i.thriftbooks.com/api/imagehandler/m/2F5064CB0C09C53E47757B78F34F58EA41F10B32.jpeg
"The World of Culinary Supervision, Training, and Management",Noel C. Cullen,"{""Format:"": ""Hardcover"", ""Language:"": ""English"", ""ISBN:"": ""0130225436"", ""ISBN13:"": ""9780130225436"", ""Release Date:"": ""January 1999"", ""Publisher:"": ""Prentice Hall"", ""Length:"": ""366 Pages"", ""Weight:"": ""1.63 lbs."", ""Dimensions:"": ""0.8\"" x 7.2\"" x 9.5\""""}",https://i.thriftbooks.com/api/imagehandler/m/F75CF0294FAE209AF36E4FFEC28A16EA4678DAC8.jpeg
Culinary Math,Culinary Institute of America,"{""Format:"": ""Paperback"", ""Language:"": ""English"", ""ISBN:"": ""0471387401"", ""ISBN13:"": ""9780471387404"", ""Release Date:"": ""November 2001"", ""Publisher:"": ""John Wiley & Sons"", ""Length:"": ""177 Pages"", ""Weight:"": ""0.60 lbs."", ""Dimensions:"": ""0.4\"" x 6.0\"" x 8.9\""""}",https://i.thriftbooks.com/api/imagehandler/m/7D00B48840E61DD5739E6F432D130BF14769709D.jpeg
On Baking: A Textbook of Baking and Pastry Fundamentals [With CDROM],Priscilla R. Martel,"{""Format:"": ""Hardcover"", ""Language:"": ""English"", ""ISBN:"": ""0135336473"", ""ISBN13:"": ""9780135336472"", ""Release Date:"": ""April 2004"", ""Publisher:"": ""Prentice Hall"", ""Length:"": ""704 Pages"", ""Weight:"": ""4.25 lbs."", ""Dimensions:"": ""1.4\"" x 8.6\"" x 11.1\""""}",https://i.thriftbooks.com/api/imagehandler/m/0A818746BD719E922F4B4C2CFC7E5463F6683E24.jpeg
"Feed Your Best Friend Better: Easy, Nutritious Meals and Treats for Dogs",Rick Woodford,"{""Format:"": ""Paperback"", ""Language:"": ""English"", ""ISBN:"": ""1449409938"", ""ISBN13:"": ""9781449409937"", ""Release Date:"": ""April 2012"", ""Publisher:"": ""Andrews McMeel Publishing"", ""Length:"": ""224 Pages"", ""Weight:"": ""0.93 lbs."", ""Dimensions:"": ""0.6\"" x 7.4\"" x 8.9\""""}",https://i.thriftbooks.com/api/imagehandler/m/06F7DF773F1E2C4C451E7EB58D76D65CCE59E8B7.jpeg
Williams-Sonoma Collection: Sauce,Brigit Binns,"{""Format:"": ""Hardcover"", ""Language:"": ""English"", ""ISBN:"": ""0743261879"", ""ISBN13:"": ""9780743261876"", ""Release Date:"": ""November 2004"", ""Publisher:"": ""Free Press"", ""Length:"": ""120 Pages"", ""Weight:"": ""1.55 lbs."", ""Dimensions:"": ""0.7\"" x 8.7\"" x 9.1\""""}",https://i.thriftbooks.com/api/imagehandler/m/8A370E3AA0350FC1C01C7037676C15C8BDB6DAD9.jpeg
Real Food for Cats: 50 Vet-Approved Recipes to Please the Feline Gastronome,Patti Delmonte,"{""Format:"": ""Paperback"", ""Language:"": ""English"", ""ISBN:"": ""1580174094"", ""Release Date:"": ""October 2001"", ""Publisher:"": ""Storey Publishing, LLC"", ""Length:"": ""128 Pages"", ""Weight:"": ""0.48 lbs."", ""Dimensions:"": ""7.5\"" x 0.4\"" x 6.6\""""}",https://m.media-amazon.com/images/I/61PS4b-YmeL._SL350_.jpg
How to Boil Water: Life Beyond Takeout,Food Network Kitchens,"{""Format:"": ""Hardcover"", ""Language:"": ""English"", ""ISBN:"": ""0696226863"", ""ISBN13:"": ""9780696226861"", ""Release Date:"": ""August 2006"", ""Publisher:"": ""Houghton Mifflin"", ""Length:"": ""256 Pages"", ""Weight:"": ""1.95 lbs."", ""Dimensions:"": ""0.9\"" x 7.7\"" x 9.4\""""}",https://i.thriftbooks.com/api/imagehandler/m/95834AB0DC0B1108F5ED558C28F90F8945D71B14.jpeg
"Complete Guide to Macrobiotic Cooking: For Health, Harmony, and Peace",Aveline Kushi,"{""Format:"": ""Paperback"", ""Language:"": ""English"", ""ISBN:"": ""0446386340"", ""ISBN13:"": ""9780446386340"", ""Release Date:"": ""September 1988"", ""Publisher:"": ""Grand Central Publishing"", ""Length:"": ""432 Pages"", ""Weight:"": ""1.30 lbs."", ""Dimensions:"": ""1.1\"" x 6.1\"" x 9.0\""""}",https://i.thriftbooks.com/api/imagehandler/m/11435C436A96B3E64C2772B7148B444E5EAD45BA.jpeg
Larousse Gastronomique: The World's Greatest Culinary Encyclopedia,Larousse,"{""Format:"": ""Hardcover"", ""Language:"": ""English"", ""ISBN:"": ""0307464911"", ""ISBN13:"": ""9780307464910"", ""Release Date:"": ""October 2009"", ""Publisher:"": ""Clarkson Potter Publishers"", ""Length:"": ""1216 Pages"", ""Weight:"": ""0.80 lbs."", ""Dimensions:"": ""2.1\"" x 9.0\"" x 10.6\""""}",https://i.thriftbooks.com/api/imagehandler/m/41C937E7B39A61A217561FE2A178759A57F136D4.jpeg
Cheesemaking Made Easy: 60 Delicious Varieties,Robert Carroll,"{""Format:"": ""Paperback"", ""Language:"": ""English"", ""ISBN:"": ""0882662678"", ""ISBN13:"": ""9780882662671"", ""Release Date:"": ""January 1995"", ""Publisher:"": ""Storey Publishing"", ""Length:"": ""135 Pages"", ""Weight:"": ""0.73 lbs."", ""Dimensions:"": ""0.3\"" x 8.4\"" x 7.3\""""}",https://i.thriftbooks.com/api/imagehandler/m/853598E7D1014D89EFB98FD9F6122402EC514B31.jpeg
Waffles from Morning to Midnight,Dorie Greenspan,"{""Format:"": ""Hardcover"", ""Language:"": ""English"", ""ISBN:"": ""1892374625"", ""ISBN13:"": ""9781892374622"", ""Release Date:"": ""January 2001"", ""Publisher:"": ""Weldon Owen"", ""Length:"": ""201 Pages"", ""Weight:"": ""1.40 lbs.""}",https://m.media-amazon.com/images/I/41R2552GAYL._SL350_.jpg
All about Canning & Preserving,Ethan Becker,"{"""": """"}",https://i.thriftbooks.com/api/imagehandler/m/8BE622FB0ABEDE1EB23D64C47EE1E32D399C516E.jpeg
The Great Salsa Book: [A Cookbook],Mark Miller,"{""Format:"": ""Paperback"", ""Language:"": ""English"", ""ISBN:"": ""0898155177"", ""ISBN13:"": ""9780898155174"", ""Release Date:"": ""May 1994"", ""Publisher:"": ""Ten Speed Press"", ""Length:"": ""160 Pages"", ""Weight:"": ""0.85 lbs."", ""Dimensions:"": ""0.5\"" x 5.2\"" x 9.7\""""}",https://i.thriftbooks.com/api/imagehandler/m/3C560473CF8B6F662459BBD734CA4D2906EA3B79.jpeg
Peter Reinhart's Artisan Breads Every Day: Fast and Easy Recipes for World-Class Breads [A Baking Book],Peter Reinhart,"{""Format:"": ""Hardcover"", ""Language:"": ""English"", ""ISBN:"": ""1580089984"", ""ISBN13:"": ""9781580089982"", ""Release Date:"": ""September 2009"", ""Publisher:"": ""Ten Speed Press"", ""Length:"": ""224 Pages"", ""Weight:"": ""2.15 lbs."", ""Dimensions:"": ""0.9\"" x 8.3\"" x 10.3\""""}",https://i.thriftbooks.com/api/imagehandler/m/A3F0ACE840C136FE92F291256F8447AA6B570699.jpeg
Cast-Iron Cooking,A.D. Livingston,"{""Format:"": ""Paperback"", ""Language:"": ""English"", ""ISBN:"": ""1558211152"", ""ISBN13:"": ""9781558211155"", ""Release Date:"": ""January 1991"", ""Publisher:"": ""Lyons Press"", ""Length:"": ""144 Pages"", ""Weight:"": ""0.70 lbs."", ""Dimensions:"": ""0.4\"" x 5.5\"" x 8.3\""""}",https://i.thriftbooks.com/api/imagehandler/m/299B06BF97213B5462430754121326148F5E853A.jpeg
The Complete Book of Dutch Oven Cooking,J. Wayne Fears,"{""Format:"": ""Hardcover"", ""Language:"": ""English"", ""ISBN:"": ""0883172739"", ""ISBN13:"": ""9780883172735"", ""Release Date:"": ""January 2004"", ""Publisher:"": ""Stoeger Publishing Company"", ""Length:"": ""144 Pages"", ""Weight:"": ""1.35 lbs."", ""Dimensions:"": ""0.5\"" x 8.9\"" x 9.2\""""}",https://i.thriftbooks.com/api/imagehandler/m/129042A5D7FB318D9E72CEDD09431073E811F650.jpeg
Sandra Lee Semi-Homemade Cooking,Sandra Lee,"{""Format:"": ""Paperback"", ""Language:"": ""English"", ""ISBN:"": ""0696226855"", ""ISBN13:"": ""9780696226854"", ""Release Date:"": ""September 2005"", ""Publisher:"": ""Wiley"", ""Length:"": ""239 Pages"", ""Weight:"": ""1.95 lbs."", ""Dimensions:"": ""0.6\"" x 9.2\"" x 9.8\""""}",https://i.thriftbooks.com/api/imagehandler/m/52B5D11C50ADE98C4966F3FE9BFC987EEF20254E.jpeg
Cooking for Two: The Year's Best Recipes Cut Down to Size,America's Test Kitchen,"{""Format:"": ""Hardcover"", ""Language:"": ""English"", ""ISBN:"": ""1933615788"", ""ISBN13:"": ""9781933615783"", ""Release Date:"": ""April 2011"", ""Publisher:"": ""America's Test Kitchen"", ""Length:"": ""312 Pages"", ""Weight:"": ""2.80 lbs."", ""Dimensions:"": ""1.1\"" x 8.5\"" x 11.0\""""}",https://i.thriftbooks.com/api/imagehandler/m/8FAD4050BAF8083485A9AFA2480B892693E60FB9.jpeg
Whole Foods for the Whole Family: Cookbook,Roberta Bishop Johnson,"{""Format:"": ""Hardcover"", ""Language:"": ""English"", ""ISBN:"": ""0912500433"", ""ISBN13:"": ""9780912500430"", ""Release Date:"": ""January 1993"", ""Publisher:"": ""La Leche League International"", ""Length:"": ""302 Pages"", ""Weight:"": ""1.70 lbs.""}",https://m.media-amazon.com/images/I/41qdNE7zhvS._SL350_.jpg
"Ruhlman's Twenty: 20 Techniques, 100 Recipes, a Cook's Manifesto (the Science of Cooking, Culinary Books, Chef Cookbooks, Cooking Techni",Michael Ruhlman,"{""Format:"": ""Hardcover"", ""Language:"": ""English"", ""ISBN:"": ""0811876438"", ""ISBN13:"": ""9780811876438"", ""Release Date:"": ""September 2011"", ""Publisher:"": ""Chronicle Books"", ""Length:"": ""368 Pages"", ""Weight:"": ""4.56 lbs."", ""Dimensions:"": ""1.4\"" x 8.1\"" x 9.9\""""}",https://i.thriftbooks.com/api/imagehandler/m/65E99CBA078E3ED6A6545C0D70B5812FCD25166E.jpeg
Ani's Raw Food Essentials: Recipes and Techniques for Mastering the Art of Live Food,Ani Phyo,"{""Format:"": ""Hardcover"", ""Language:"": ""English"", ""ISBN:"": ""0738213772"", ""Release Date:"": ""June 2010"", ""Publisher:"": ""Da Capo Lifelong Books"", ""Length:"": ""368 Pages"", ""Weight:"": ""0.05 lbs."", ""Dimensions:"": ""8.8\"" x 1.0\"" x 7.8\""""}",https://m.media-amazon.com/images/I/51MvWAs5izL._SL350_.jpg
Jamie's Kitchen,Jamie Oliver,"{""Format:"": ""Hardcover"", ""Language:"": ""English"", ""ISBN:"": ""1401300227"", ""Release Date:"": ""October 2003"", ""Publisher:"": ""Hachette Books"", ""Length:"": ""336 Pages"", ""Weight:"": ""4.05 lbs."", ""Dimensions:"": ""11.3\"" x 1.1\"" x 10.3\""""}",https://m.media-amazon.com/images/I/51M304YCZJL._SL350_.jpg
"Wild Fermentation: The Flavor, Nutrition, and Craft of Live-Culture Foods",Sandor Ellix Katz,"{""Format:"": ""Paperback"", ""Language:"": ""English"", ""ISBN:"": ""1931498237"", ""Release Date:"": ""September 2003"", ""Publisher:"": ""Chelsea Green Publishing"", ""Length:"": ""187 Pages"", ""Weight:"": ""0.88 lbs."", ""Dimensions:"": ""10.0\"" x 0.5\"" x 7.0\""""}",https://m.media-amazon.com/images/I/51F1alOs1nL._SL350_.jpg
In the Green Kitchen: Techniques to Learn by Heart: A Cookbook,Alice Waters,"{""Format:"": ""Hardcover"", ""Language:"": ""English"", ""ISBN:"": ""0307336808"", ""ISBN13:"": ""9780307336804"", ""Release Date:"": ""April 2010"", ""Publisher:"": ""Clarkson Potter Publishers"", ""Length:"": ""160 Pages"", ""Weight:"": ""0.90 lbs."", ""Dimensions:"": ""0.8\"" x 7.6\"" x 10.3\""""}",https://i.thriftbooks.com/api/imagehandler/m/F2665EE6735021863CEEE7E9840B30E03466FEB7.jpeg
Bake Until Bubbly: The Ultimate Casserole Cookbook,Clifford A. Wright,"{"""": """"}",https://m.media-amazon.com/images/I/516vjm0gfrL._SL350_.jpg
Essential Pépin: More Than 700 All-Time Favorites from My Life in Food,Jacques Pépin,"{""Format:"": ""Hardcover"", ""Language:"": ""English"", ""ISBN:"": ""0547232799"", ""Release Date:"": ""October 2011"", ""Publisher:"": ""Harvest"", ""Length:"": ""704 Pages"", ""Weight:"": ""3.65 lbs."", ""Dimensions:"": ""10.0\"" x 1.9\"" x 7.9\""""}",https://m.media-amazon.com/images/I/41O9TAqqXrL._SL350_.jpg
Food to Die for,Patricia Cornwell,"{""Format:"": ""Hardcover"", ""Language:"": ""English"", ""ISBN:"": ""0399147993"", ""ISBN13:"": ""9780399147999"", ""Release Date:"": ""October 2001"", ""Publisher:"": ""Putnam Adult"", ""Length:"": ""224 Pages"", ""Weight:"": ""1.25 lbs."", ""Dimensions:"": ""0.8\"" x 7.7\"" x 9.5\"""", ""Age Range:"": ""18 years and up"", ""Grade Range:"": ""Postsecondary and higher""}",https://i.thriftbooks.com/api/imagehandler/m/77A33A34445D3104019D6FB175BF6AB04D3735D7.jpeg
Patti Labelle's Lite Cuisine: Over 100 Dishes with To-Die-For Taste Made with To-Die-For Recipes,Patti LaBelle,"{""Format:"": ""Paperback"", ""Language:"": ""English"", ""ISBN:"": ""1592400043"", ""ISBN13:"": ""9781592400041"", ""Release Date:"": ""April 2003"", ""Publisher:"": ""Gotham Books"", ""Length:"": ""227 Pages"", ""Weight:"": ""1.15 lbs."", ""Dimensions:"": ""1.0\"" x 7.7\"" x 9.5\"""", ""Age Range:"": ""18 years and up"", ""Grade Range:"": ""Postsecondary and higher""}",https://i.thriftbooks.com/api/imagehandler/m/5DFE8C552CEB4898E410A546FE65DFE23085B539.jpeg
Simply in Season,Cathleen Hockman-Wert,"{""Format:"": ""Hardcover"", ""Language:"": ""English"", ""ISBN:"": ""0836192974"", ""ISBN13:"": ""9780836192971"", ""Release Date:"": ""June 2005"", ""Publisher:"": ""Herald Press (VA)"", ""Length:"": ""352 Pages"", ""Weight:"": ""0.90 lbs."", ""Dimensions:"": ""0.8\"" x 6.7\"" x 9.1\""""}",https://i.thriftbooks.com/api/imagehandler/m/F9825A43F7640116A41C1B5E4521C6550A5ABD72.jpeg
Cookin' with Home Storage,Peggy Layton,"{"""": """"}",https://i.thriftbooks.com/api/imagehandler/m/A78C7574719ACD1D39543FF56AD5EAC5251A1F50.jpeg
The Curious Cook: More Kitchen Science and Lore,Harold McGee,"{""Format:"": ""Paperback"", ""Language:"": ""English"", ""ISBN:"": ""0020098014"", ""ISBN13:"": ""9780020098010"", ""Release Date:"": ""April 1992"", ""Publisher:"": ""John Wiley & Sons"", ""Length:"": ""339 Pages"", ""Weight:"": ""1.35 lbs."", ""Dimensions:"": ""0.8\"" x 6.3\"" x 9.3\""""}",https://i.thriftbooks.com/api/imagehandler/m/2F25BA348E501EE90B6DD21D6AC849E502BCEF28.jpeg
The Soul of a Chef: The Journey Toward Perfection,Michael Ruhlman,"{""Format:"": ""Hardcover"", ""Language:"": ""English"", ""ISBN:"": ""067089155X"", ""ISBN13:"": ""9780670891559"", ""Release Date:"": ""June 2000"", ""Publisher:"": ""Viking Books"", ""Length:"": ""370 Pages"", ""Weight:"": ""1.55 lbs."", ""Dimensions:"": ""1.3\"" x 6.6\"" x 9.6\""""}",https://i.thriftbooks.com/api/imagehandler/m/13B465A5C4A7A5388D37F23C5D4CE98D8C537FD9.jpeg
"Cooking for Geeks: Real Science, Great Hacks, and Good Food",Jeff Potter,"{""Format:"": ""Paperback"", ""Language:"": ""English"", ""ISBN:"": ""0596805888"", ""ISBN13:"": ""9780596805883"", ""Release Date:"": ""August 2010"", ""Publisher:"": ""O'Reilly Media"", ""Length:"": ""431 Pages"", ""Weight:"": ""2.06 lbs."", ""Dimensions:"": ""0.7\"" x 8.0\"" x 9.3\""""}",https://i.thriftbooks.com/api/imagehandler/m/C7E41F35DEB6F2FB94FE15F882F22BB8DBB799A2.jpeg
Easy Basics for Good Cooking,Elaine R. Woodard,"{""Format:"": ""Paperback"", ""Language:"": ""English"", ""ISBN:"": ""037602237X"", ""ISBN13:"": ""9780376022370"", ""Release Date:"": ""January 1987"", ""Publisher:"": ""Sunset Publishing Corporation"", ""Length:"": ""192 Pages"", ""Weight:"": ""1.40 lbs."", ""Dimensions:"": ""0.4\"" x 8.3\"" x 10.8\""""}",https://i.thriftbooks.com/api/imagehandler/m/333901742E803606617FC53BCE5ADB66554FE680.jpeg
The Dutch Oven Cookbook: Recipes for the Best Pot in Your Kitchen,Sharon Kramis,"{""Format:"": ""Paperback"", ""Language:"": ""English"", ""ISBN:"": ""1570614989"", ""ISBN13:"": ""9781570614989"", ""Release Date:"": ""September 2006"", ""Publisher:"": ""Sasquatch Books"", ""Length:"": ""147 Pages"", ""Weight:"": ""0.73 lbs."", ""Dimensions:"": ""0.5\"" x 7.3\"" x 9.0\""""}",https://i.thriftbooks.com/api/imagehandler/m/86C3738F9D9208AAFA641926EA58AFAAEFB449BD.jpeg
The America's Test Kitchen Family Cookbook: Cookware Rating Edition,America's Test Kitchen,"{""Format:"": ""Hardcover"", ""Language:"": ""English"", ""ISBN:"": ""1933615486"", ""ISBN13:"": ""9781933615486"", ""Release Date:"": ""October 2010"", ""Publisher:"": ""America's Test Kitchen"", ""Length:"": ""728 Pages"", ""Weight:"": ""5.25 lbs."", ""Dimensions:"": ""2.8\"" x 9.3\"" x 10.5\""""}",https://i.thriftbooks.com/api/imagehandler/m/68C60113A351EE98513F14FDA37893BBAB1EB6CF.jpeg
Essentials of Cooking,James Peterson,"{""Format:"": ""Hardcover"", ""Language:"": ""English"", ""ISBN:"": ""1579651208"", ""ISBN13:"": ""9781579651206"", ""Release Date:"": ""January 1999"", ""Publisher:"": ""Artisan Publishers"", ""Length:"": ""312 Pages"", ""Weight:"": ""0.15 lbs."", ""Dimensions:"": ""1.2\"" x 9.5\"" x 10.5\""""}",https://i.thriftbooks.com/api/imagehandler/m/E411B68A3D3B03CFED3EC684A542D2EBDED13274.jpeg
The Frugal Gourmet,Jeff Smith,"{""Format:"": ""Hardcover"", ""Language:"": ""English"", ""ISBN:"": ""0688031188"", ""ISBN13:"": ""9780688031183"", ""Release Date:"": ""January 1984"", ""Publisher:"": ""William Morrow & Company"", ""Length:"": ""388 Pages"", ""Weight:"": ""1.55 lbs."", ""Dimensions:"": ""1.3\"" x 6.4\"" x 9.5\""""}",https://m.media-amazon.com/images/I/51bkVOqSSBL._SL350_.jpg
The Everything Kids' Cookbook: From Mac 'n Cheese to Double Chocolate Chip Cookies - 90 Recipes to Have Some Finger-Lickin' Fun,Sandra K. Nissenberg,"{""Format:"": ""Paperback"", ""Language:"": ""English"", ""ISBN:"": ""1598695924"", ""ISBN13:"": ""9781598695922"", ""Release Date:"": ""September 2008"", ""Publisher:"": ""Everything"", ""Length:"": ""144 Pages"", ""Weight:"": ""0.70 lbs."", ""Dimensions:"": ""0.4\"" x 7.9\"" x 9.1\"""", ""Age Range:"": ""7 to 12 years"", ""Grade Range:"": ""Grades 2 to 7""}",https://i.thriftbooks.com/api/imagehandler/m/51CA947AB3A85F46356DAF880C1A2B5E588118AB.jpeg
In Pursuit of Flavor,Edna Lewis,"{""Format:"": ""Hardcover"", ""Language:"": ""English"", ""ISBN:"": ""0394542711"", ""ISBN13:"": ""9780394542713"", ""Release Date:"": ""September 1988"", ""Publisher:"": ""Alfred A. Knopf"", ""Length:"": ""323 Pages"", ""Weight:"": ""1.30 lbs."", ""Dimensions:"": ""1.3\"" x 6.5\"" x 8.5\""""}",https://m.media-amazon.com/images/I/41Yai5DiHpL._SL350_.jpg
"So Easy: Luscious, Healthy Recipes for Every Meal of the Week",Ellie Krieger,"{""Format:"": ""Hardcover"", ""Language:"": ""English"", ""ISBN:"": ""0470423544"", ""ISBN13:"": ""9780470423547"", ""Release Date:"": ""October 2009"", ""Publisher:"": ""Houghton Mifflin"", ""Length:"": ""272 Pages"", ""Weight:"": ""2.20 lbs."", ""Dimensions:"": ""1.0\"" x 8.0\"" x 9.2\""""}",https://i.thriftbooks.com/api/imagehandler/m/1BA46BA41F88BCF0717A829D25D61B71EB370FF7.jpeg
Cooking for Dummies,Bryan Miller,"{""Format:"": ""Paperback"", ""Language:"": ""English"", ""ISBN:"": ""0764550020"", ""ISBN13:"": ""9780764550027"", ""Release Date:"": ""September 1996"", ""Publisher:"": ""For Dummies"", ""Length:"": ""401 Pages"", ""Weight:"": ""1.60 lbs."", ""Dimensions:"": ""1.1\"" x 7.4\"" x 9.2\""""}",https://i.thriftbooks.com/api/imagehandler/m/F2A71071176995E00A2644846809B17156ACB2EC.jpeg
The Best Chicken Recipes,America's Test Kitchen Staff,"{""Format:"": ""Hardcover"", ""Language:"": ""English"", ""ISBN:"": ""1933615230"", ""ISBN13:"": ""9781933615233"", ""Release Date:"": ""March 2008"", ""Publisher:"": ""Cook's Illustrated"", ""Length:"": ""432 Pages"", ""Weight:"": ""2.95 lbs."", ""Dimensions:"": ""1.2\"" x 8.6\"" x 11.2\""""}",https://i.thriftbooks.com/api/imagehandler/m/8277BB9D24F0B86DF1A0EA2D8EFCE49C89E0DAAE.jpeg
Techniques of Healthy Cooking,Culinary Institute of America,"{""Format:"": ""Hardcover"", ""Language:"": ""English"", ""ISBN:"": ""0471332690"", ""ISBN13:"": ""9780471332695"", ""Release Date:"": ""February 2000"", ""Publisher:"": ""John Wiley & Sons"", ""Length:"": ""634 Pages"", ""Weight:"": ""4.60 lbs."", ""Dimensions:"": ""1.5\"" x 8.8\"" x 11.1\""""}",https://i.thriftbooks.com/api/imagehandler/m/3B6E52BF172F27896DD4CE8FE47D7CFD2341AFE7.jpeg
Cover & Bake,Cook's Illustrated,"{""Format:"": ""Hardcover"", ""Language:"": ""English"", ""ISBN:"": ""0936184809"", ""ISBN13:"": ""9780936184807"", ""Release Date:"": ""September 2004"", ""Publisher:"": ""America's Test Kitchen"", ""Length:"": ""338 Pages"", ""Weight:"": ""2.73 lbs."", ""Dimensions:"": ""1.1\"" x 8.6\"" x 11.3\""""}",https://i.thriftbooks.com/api/imagehandler/m/DFCC629FD818AD4494563EE9E8936E37FE5B9144.jpeg
Cooking at Home: With the Culinary Institute of America,Culinary Institute of America,"{""Format:"": ""Hardcover"", ""Language:"": ""English"", ""ISBN:"": ""047145043X"", ""ISBN13:"": ""9780471450436"", ""Release Date:"": ""September 2003"", ""Publisher:"": ""Houghton Mifflin"", ""Length:"": ""304 Pages"", ""Weight:"": ""3.65 lbs."", ""Dimensions:"": ""1.3\"" x 9.5\"" x 10.3\""""}",https://i.thriftbooks.com/api/imagehandler/m/8A91721E02FE0BA63CCC2726A5972881C9A1F064.jpeg
Better Homes and Gardens All-Time Favorites,Better Homes and Gardens,"{""Format:"": ""Hardcover"", ""Language:"": ""English"", ""ISBN:"": ""0696211289"", ""ISBN13:"": ""9780696211287"", ""Release Date:"": ""January 1999"", ""Publisher:"": ""Meredith Corporation"", ""Length:"": ""96 Pages"", ""Weight:"": ""1.43 lbs."", ""Dimensions:"": ""0.6\"" x 8.4\"" x 11.3\""""}",https://i.thriftbooks.com/api/imagehandler/m/F6C6267A3862CB3A94F2094CB5B6CEC9E7E4B622.jpeg
Fbn Best-Loved Recipes,Publications International,"{""Format:"": ""Hardcover"", ""Language:"": ""English"", ""ISBN:"": ""1412724325"", ""ISBN13:"": ""9781412724326"", ""Release Date:"": ""June 2007"", ""Publisher:"": ""Publications International"", ""Length:"": ""255 Pages"", ""Weight:"": ""2.65 lbs."", ""Dimensions:"": ""1.1\"" x 8.3\"" x 9.6\""""}",https://m.media-amazon.com/images/I/51+TJ71KZbL._SL350_.jpg
Don't Panic--Dinner's in the Freezer: Great-Tasting Meals You Can Make Ahead,Susie Martinez,"{""Format:"": ""Paperback"", ""Language:"": ""English"", ""ISBN:"": ""0800730550"", ""Release Date:"": ""September 2005"", ""Publisher:"": ""Revell"", ""Length:"": ""240 Pages"", ""Weight:"": ""1.10 lbs."", ""Dimensions:"": ""9.0\"" x 1.0\"" x 7.0\""""}",https://m.media-amazon.com/images/I/41hAEW68kRL._SL350_.jpg
Extending the Table: A World Community Cookbook,Joetta Handrich Schlabach,"{""Format:"": ""Spiral-bound"", ""Language:"": ""English"", ""ISBN:"": ""083613561X"", ""ISBN13:"": ""9780836135619"", ""Release Date:"": ""June 1991"", ""Publisher:"": ""Herald Press (VA)"", ""Length:"": ""332 Pages"", ""Weight:"": ""1.05 lbs."", ""Dimensions:"": ""0.9\"" x 6.8\"" x 9.2\""""}",https://i.thriftbooks.com/api/imagehandler/m/04CB3F66876056FC75F119D5AF3B5DE8AD3F8CB9.jpeg
Raw Food/Real World: 100 Recipes to Get the Glow,Jen Karetnick,"{""Format:"": ""Hardcover"", ""Language:"": ""English"", ""ISBN:"": ""0060793554"", ""ISBN13:"": ""9780060793555"", ""Release Date:"": ""July 2005"", ""Publisher:"": ""William Morrow & Company"", ""Length:"": ""384 Pages"", ""Weight:"": ""2.93 lbs."", ""Dimensions:"": ""1.4\"" x 7.7\"" x 9.4\""""}",https://i.thriftbooks.com/api/imagehandler/m/FB87A4B60DAD795766BAA2B163665DDEF1261AF6.jpeg
Made from Scratch,Gooseberry Patch,"{""Format:"": ""Hardcover"", ""Language:"": ""English"", ""ISBN:"": ""1888052872"", ""ISBN13:"": ""9781888052879"", ""Release Date:"": ""November 2001"", ""Publisher:"": ""Gooseberry Patch"", ""Length:"": ""223 Pages"", ""Weight:"": ""1.05 lbs."", ""Dimensions:"": ""0.7\"" x 7.1\"" x 9.0\""""}",https://i.thriftbooks.com/api/imagehandler/m/881ADBA1BF8076C5FEA75C05C6716612CE94CE06.jpeg
Jamie's Dinners: The Essential Family Cookbook,Jamie Oliver,"{""Format:"": ""Hardcover"", ""Language:"": ""English"", ""ISBN:"": ""1401301940"", ""ISBN13:"": ""9781401301941"", ""Release Date:"": ""November 2004"", ""Publisher:"": ""Hachette Books"", ""Length:"": ""336 Pages"", ""Weight:"": ""2.55 lbs."", ""Dimensions:"": ""1.3\"" x 7.8\"" x 10.0\"""", ""Age Range:"": ""18 years and up"", ""Grade Range:"": ""Postsecondary and higher""}",https://i.thriftbooks.com/api/imagehandler/m/C25A754BDC715294DDB1C897DDE950A6EA419E25.jpeg
Betty Crocker's Cooking Basics: Learning to Cook with Confidence,Betty Crocker,"{""Format:"": ""Spiral-bound"", ""Language:"": ""English"", ""ISBN:"": ""0028624513"", ""ISBN13:"": ""9780028624518"", ""Release Date:"": ""January 1998"", ""Publisher:"": ""MacMillan Publishing Company"", ""Length:"": ""280 Pages"", ""Weight:"": ""2.75 lbs."", ""Dimensions:"": ""1.3\"" x 8.9\"" x 10.5\""""}",https://i.thriftbooks.com/api/imagehandler/m/6D3AFD81A50A0DE401957020C97B5BAF07957896.jpeg
Alton Brown's Gear for Your Kitchen,Alton Brown,"{""Format:"": ""Hardcover"", ""Language:"": ""English"", ""ISBN:"": ""1584792965"", ""ISBN13:"": ""9781584792963"", ""Release Date:"": ""October 2003"", ""Publisher:"": ""Harry N. Abrams"", ""Length:"": ""255 Pages"", ""Weight:"": ""1.45 lbs."", ""Dimensions:"": ""1.3\"" x 7.8\"" x 9.5\""""}",https://i.thriftbooks.com/api/imagehandler/m/7CEE9499073EE8D72BBD2A4B31640C05009EC383.jpeg
La Technique,Jacques Pépin,"{""Format:"": ""Paperback"", ""Language:"": ""English"", ""ISBN:"": ""067179020X"", ""ISBN13:"": ""9780671790202"", ""Release Date:"": ""August 1978"", ""Publisher:"": ""Holiday House"", ""Length:"": ""470 Pages"", ""Weight:"": ""3.52 lbs.""}",https://m.media-amazon.com/images/I/51yO+cBLfyL._SL350_.jpg
Culinary Arts Institute Cookbook,Culinary Arts Institute,"{""Format:"": ""Hardcover"", ""Language:"": ""English"", ""ISBN:"": ""0832605808"", ""ISBN13:"": ""9780832605802"", ""Release Date:"": ""January 1989"", ""Publisher:"": ""John A. Dickson Publishing Company"", ""Length:"": ""799 Pages"", ""Weight:"": ""5.65 lbs.""}",https://m.media-amazon.com/images/I/51QOO6ycnhL._SL350_.jpg
Cooking Basics for Dummies,Marie Rama,"{""Format:"": ""Paperback"", ""Language:"": ""English"", ""ISBN:"": ""0764572067"", ""ISBN13:"": ""9780764572067"", ""Release Date:"": ""October 2004"", ""Publisher:"": ""Wiley Publishing"", ""Length:"": ""436 Pages"", ""Weight:"": ""1.60 lbs."", ""Dimensions:"": ""1.0\"" x 7.4\"" x 9.3\""""}",https://i.thriftbooks.com/api/imagehandler/m/AFC06273B2D7E4CFD91177078688AB79A3E5E69A.jpeg
Making of a Chef,Michael Ruhlman,"{""Format:"": ""Hardcover"", ""Language:"": ""English"", ""ISBN:"": ""0805046747"", ""ISBN13:"": ""9780805046748"", ""Release Date:"": ""December 1997"", ""Publisher:"": ""Henry Holt & Company"", ""Length:"": ""320 Pages"", ""Weight:"": ""1.30 lbs."", ""Dimensions:"": ""1.1\"" x 6.5\"" x 9.6\""""}",https://i.thriftbooks.com/api/imagehandler/m/8C98C7F4C1C200EF6C497AE8D0AA240369C6AED2.jpeg
Molecular Gastronomy: Exploring the Science of Flavor,Hervé This,"{""Format:"": ""Hardcover"", ""Language:"": ""English"", ""ISBN:"": ""023113312X"", ""ISBN13:"": ""9780231133128"", ""Release Date:"": ""January 2006"", ""Publisher:"": ""Columbia University Press"", ""Length:"": ""392 Pages"", ""Weight:"": ""1.34 lbs."", ""Dimensions:"": ""1.0\"" x 6.4\"" x 8.3\""""}",https://i.thriftbooks.com/api/imagehandler/m/746B4A749E7340A51FD3EE4B66C30BA9A8855E74.jpeg
Williams-Sonoma: Roasting,Barbara Grunes,"{""Format:"": ""Hardcover"", ""Language:"": ""English"", ""ISBN:"": ""074322681X"", ""Release Date:"": ""November 2002"", ""Publisher:"": ""Simon & Schuster"", ""Length:"": ""120 Pages"", ""Weight:"": ""1.32 lbs."", ""Dimensions:"": ""9.0\"" x 0.7\"" x 8.3\""""}",https://m.media-amazon.com/images/I/519R6+nSmiL._SL350_.jpg
The New Best Recipe,Cook's Illustrated,"{""Format:"": ""Hardcover"", ""Language:"": ""English"", ""ISBN:"": ""0936184744"", ""ISBN13:"": ""9780936184746"", ""Release Date:"": ""October 2004"", ""Publisher:"": ""America's Test Kitchen"", ""Length:"": ""1028 Pages"", ""Weight:"": ""4.69 lbs."", ""Dimensions:"": ""1.8\"" x 8.6\"" x 11.2\""""}",https://i.thriftbooks.com/api/imagehandler/m/AE03F4CEA47828BF19B652387F0B222935FD650B.jpeg
The Escoffier Cook Book: A Guide to the Fine Art of Cookery,Auguste Escoffier,"{""Format:"": ""Hardcover"", ""Language:"": ""English"", ""ISBN:"": ""B0007DJX1C"", ""Release Date:"": ""January 1941"", ""Publisher:"": ""Crown Publishers"", ""Length:"": ""923 Pages"", ""Weight:"": ""1.97 lbs.""}",https://m.media-amazon.com/images/I/51zu92SfgwL._SL350_.jpg
How to Grill,Steven Raichlen,"{""Format:"": ""Paperback"", ""Language:"": ""English"", ""ISBN:"": ""0761120149"", ""ISBN13:"": ""9780761120148"", ""Release Date:"": ""May 2001"", ""Publisher:"": ""Workman Publishing"", ""Length:"": ""512 Pages"", ""Weight:"": ""3.57 lbs."", ""Dimensions:"": ""1.2\"" x 7.9\"" x 9.2\""""}",https://i.thriftbooks.com/api/imagehandler/m/3C0202B449E5EA93BE8E3F1D0E68FF2B0DE5707F.jpeg
The Art of Eating,M.F.K. Fisher,"{""Format:"": ""Paperback"", ""Language:"": ""English"", ""ISBN:"": ""0020322208"", ""ISBN13:"": ""9780020322207"", ""Release Date:"": ""May 1990"", ""Publisher:"": ""John Wiley & Sons"", ""Length:"": ""749 Pages"", ""Weight:"": ""1.48 lbs."", ""Dimensions:"": ""1.5\"" x 6.2\"" x 9.2\""""}",https://i.thriftbooks.com/api/imagehandler/m/9FEB8CB882FEBA095820DA3756CE179E6D12537E.jpeg
The Kid's Cookbook: A Great Book for Kids Who Love to Cook!,Abigail Johnson Dodge,"{""Format:"": ""Spiral-bound"", ""Language:"": ""English"", ""ISBN:"": ""0848726073"", ""ISBN13:"": ""9780848726072"", ""Release Date:"": ""April 2002"", ""Publisher:"": ""Oxmoor House"", ""Length:"": ""127 Pages"", ""Weight:"": ""1.65 lbs."", ""Dimensions:"": ""0.7\"" x 8.4\"" x 9.4\""""}",https://i.thriftbooks.com/api/imagehandler/m/C201BB8FE36225D029A0190D34D717B9DA0CD2F7.jpeg
On Cooking: Techniques from Expert Chefs,Sarah R. Labensky,"{""Format:"": ""Hardcover"", ""Language:"": ""English"", ""ISBN:"": ""0139241019"", ""ISBN13:"": ""9780139241017"", ""Release Date:"": ""July 1998"", ""Publisher:"": ""Prentice Hall"", ""Length:"": ""1125 Pages"", ""Weight:"": ""4.15 lbs."", ""Dimensions:"": ""1.8\"" x 8.8\"" x 11.2\""""}",https://i.thriftbooks.com/api/imagehandler/m/A2C047FFF61380FE66BE02F530948AA5405703A2.jpeg
The New Basics Cookbook,Sheila Lukins,"{""Format:"": ""Hardcover"", ""Language:"": ""English"", ""ISBN:"": ""0894803921"", ""ISBN13:"": ""9780894803925"", ""Release Date:"": ""January 1989"", ""Publisher:"": ""Workman Publishing"", ""Length:"": ""849 Pages"", ""Weight:"": ""4.10 lbs."", ""Dimensions:"": ""2.0\"" x 8.4\"" x 9.6\""""}",https://i.thriftbooks.com/api/imagehandler/m/42A7F350A4B82B58846A01873B89262AF9B4C6C8.jpeg
Ratio: The Simple Codes Behind the Craft of Everyday Cooking,Michael Ruhlman,"{""Format:"": ""Paperback"", ""Language:"": ""English"", ""ISBN:"": ""1416571728"", ""ISBN13:"": ""9781416571728"", ""Release Date:"": ""September 2010"", ""Publisher:"": ""Scribner Book Company"", ""Length:"": ""272 Pages"", ""Weight:"": ""0.55 lbs."", ""Dimensions:"": ""0.7\"" x 5.6\"" x 8.4\""""}",https://i.thriftbooks.com/api/imagehandler/m/E0E4F93F7B100C01DCCC02B5261363F76089B552.jpeg
An Everlasting Meal: Cooking with Economy and Grace,Tamar Adler,"{""Format:"": ""Hardcover"", ""Language:"": ""English"", ""ISBN:"": ""143918187X"", ""ISBN13:"": ""9781439181874"", ""Release Date:"": ""October 2011"", ""Publisher:"": ""Scribner Book Company"", ""Length:"": ""250 Pages"", ""Weight:"": ""0.95 lbs."", ""Dimensions:"": ""1.1\"" x 6.3\"" x 9.2\""""}",https://i.thriftbooks.com/api/imagehandler/m/15B3F00B041F460BC242A0FC61C0A96433B404DA.jpeg
Garde Manger: The Art and Craft of the Cold Kitchen,Culinary Institute of America,"{""Format:"": ""Hardcover"", ""Language:"": ""English"", ""ISBN:"": ""0471323675"", ""ISBN13:"": ""9780471323679"", ""Release Date:"": ""September 1999"", ""Publisher:"": ""John Wiley & Sons"", ""Length:"": ""466 Pages"", ""Weight:"": ""3.58 lbs."", ""Dimensions:"": ""1.1\"" x 8.9\"" x 11.2\""""}",https://i.thriftbooks.com/api/imagehandler/m/9EB7EEEF35EC1DF57719A798266004AB6B89A028.jpeg
Real Food for Dogs: 50 Vet-Approved Recipes for a Healthier Dog,Arden Moore,"{"""": """"}",https://i.thriftbooks.com/api/imagehandler/m/2C42E6C825B65928C3B946678371900F390B0541.jpeg
The Naked Chef,Jamie Oliver,"{""Format:"": ""Hardcover"", ""Language:"": ""English"", ""ISBN:"": ""0786866179"", ""ISBN13:"": ""9780786866175"", ""Release Date:"": ""October 2000"", ""Publisher:"": ""Hachette Books"", ""Length:"": ""256 Pages"", ""Weight:"": ""0.65 lbs."", ""Dimensions:"": ""1.0\"" x 7.8\"" x 10.0\"""", ""Age Range:"": ""18 years and up"", ""Grade Range:"": ""Postsecondary and higher""}",https://i.thriftbooks.com/api/imagehandler/m/954D0AA9536D53DD8D0ADF73CCFB04843CF32D64.jpeg
Fresh from the Vegetarian Slow Cooker: 200 Recipes for Healthy and Hearty One-Pot Meals That Are Ready When You Are,Robin Robertson,"{""Format:"": ""Paperback"", ""Language:"": ""English"", ""ISBN:"": ""1558322566"", ""ISBN13:"": ""9781558322561"", ""Release Date:"": ""December 2003"", ""Publisher:"": ""Harvard Common Press"", ""Length:"": ""275 Pages"", ""Weight:"": ""1.25 lbs."", ""Dimensions:"": ""0.8\"" x 7.2\"" x 9.2\""""}",https://i.thriftbooks.com/api/imagehandler/m/EDD07F2C42B9C6591309DD74495FBEE485CDC924.jpeg
The Best Skillet Recipes: A Best Recipe Classic,Cook's Illustrated Magazine Editors,"{""Format:"": ""Hardcover"", ""Language:"": ""English"", ""ISBN:"": ""1933615419"", ""ISBN13:"": ""9781933615417"", ""Release Date:"": ""March 2009"", ""Publisher:"": ""America's Test Kitchen"", ""Length:"": ""355 Pages"", ""Weight:"": ""2.50 lbs."", ""Dimensions:"": ""1.1\"" x 8.6\"" x 10.9\""""}",https://i.thriftbooks.com/api/imagehandler/m/FECCDA2C41609F5C81F2E75AE4B5A9F4AFC928E4.jpeg
"The Cook's Country Cookbook: Rediscovering American Home Cooking with 500 Classic, Regional, and Heirloom Recipes",Boston,"{""Format:"": ""Hardcover"", ""Language:"": ""English"", ""ISBN:"": ""1933615346"", ""ISBN13:"": ""9781933615349"", ""Release Date:"": ""September 2008"", ""Publisher:"": ""America's Test Kitchen"", ""Length:"": ""598 Pages"", ""Weight:"": ""3.31 lbs."", ""Dimensions:"": ""2.0\"" x 8.1\"" x 10.2\""""}",https://i.thriftbooks.com/api/imagehandler/m/E3EA83356D77589D04D5AEE5E44C297488CE5457.jpeg
"Jacques Pepin's Complete Techniques: More Than 1,000 Preparations and Recipes, All Demonstrated in Thousands of Step-By-Step Photographs",Jacques Pépin,"{""Format:"": ""Paperback"", ""Language:"": ""English"", ""ISBN:"": ""1579121659"", ""ISBN13:"": ""9781579121655"", ""Release Date:"": ""May 2001"", ""Publisher:"": ""Black Dog & Leventhal Publishers"", ""Length:"": ""848 Pages"", ""Weight:"": ""3.48 lbs."", ""Dimensions:"": ""1.5\"" x 8.0\"" x 9.2\""""}",https://i.thriftbooks.com/api/imagehandler/m/A653ADD62AF5FF9BFEE8B3B1CE4BC5607F685C43.jpeg
Think Like a Chef,Tom Colicchio,"{""Format:"": ""Hardcover"", ""Language:"": ""English"", ""ISBN:"": ""0609604856"", ""ISBN13:"": ""9780609604854"", ""Release Date:"": ""October 2000"", ""Publisher:"": ""Clarkson Potter Publishers"", ""Length:"": ""271 Pages"", ""Weight:"": ""1.83 lbs."", ""Dimensions:"": ""0.9\"" x 7.8\"" x 10.3\""""}",https://i.thriftbooks.com/api/imagehandler/m/FBBC6ADD8056946F42EEE58986C71F2B360B8650.jpeg
The Panera Bread Cookbook: Breadmaking Essentials and Recipes from America's Favorite Bakery-Cafe,Panera Bread,"{""Format:"": ""Paperback"", ""Language:"": ""English"", ""ISBN:"": ""140008041X"", ""ISBN13:"": ""9781400080410"", ""Release Date:"": ""November 2004"", ""Publisher:"": ""Clarkson Potter Publishers"", ""Length:"": ""256 Pages"", ""Weight:"": ""1.25 lbs."", ""Dimensions:"": ""0.7\"" x 7.4\"" x 9.1\""""}",https://i.thriftbooks.com/api/imagehandler/m/71630F66A1BB52EB78AB0E606C16CF36258904EC.jpeg
Culinary Artistry,Karen Page,"{""Format:"": ""Paperback"", ""Language:"": ""English"", ""ISBN:"": ""0471287857"", ""ISBN13:"": ""9780471287858"", ""Release Date:"": ""November 1996"", ""Publisher:"": ""Wiley"", ""Length:"": ""448 Pages"", ""Weight:"": ""2.00 lbs."", ""Dimensions:"": ""1.0\"" x 7.5\"" x 9.0\""""}",https://i.thriftbooks.com/api/imagehandler/m/46F84531CE706093F3FF9E6096E39892E54AE774.jpeg
Cookwise: The Secrets of Cooking Revealed,Shirley O. Corriher,"{""Format:"": ""Hardcover"", ""Language:"": ""English"", ""ISBN:"": ""0688102298"", ""ISBN13:"": ""9780688102296"", ""Release Date:"": ""August 1997"", ""Publisher:"": ""William Morrow & Company"", ""Length:"": ""544 Pages"", ""Weight:"": ""3.35 lbs."", ""Dimensions:"": ""1.6\"" x 8.2\"" x 10.3\""""}",https://i.thriftbooks.com/api/imagehandler/m/DECD3A47990E6A36CFD82763D686FA19730E11C8.jpeg
Lost Recipes: Meals to Share with Friends and Family: A Cookbook,Marion Cunningham,"{""Format:"": ""Hardcover"", ""Language:"": ""English"", ""ISBN:"": ""0375411984"", ""ISBN13:"": ""9780375411984"", ""Release Date:"": ""October 2003"", ""Publisher:"": ""Knopf Publishing Group"", ""Length:"": ""240 Pages"", ""Weight:"": ""1.50 lbs."", ""Dimensions:"": ""1.5\"" x 7.1\"" x 8.3\""""}",https://i.thriftbooks.com/api/imagehandler/m/E4BA350C5F271E42547664786DC4583D82E288DF.jpeg
Cook's Country 2008,Cook's Country Magazine,"{""Format:"": ""Hardcover"", ""Language:"": ""English"", ""ISBN:"": ""1933615370"", ""ISBN13:"": ""9781933615370"", ""Release Date:"": ""January 2008"", ""Publisher:"": ""America's Test Kitchen"", ""Weight:"": ""2.70 lbs."", ""Dimensions:"": ""0.8\"" x 10.1\"" x 12.5\""""}",https://m.media-amazon.com/images/I/31e8insIe3L._SL350_.jpg
Food Network Kitchens Cookbook,Food Network Kitchens,"{""Format:"": ""Hardcover"", ""Language:"": ""English"", ""ISBN:"": ""0696218542"", ""ISBN13:"": ""9780696218545"", ""Release Date:"": ""January 2003"", ""Publisher:"": ""Food Network"", ""Length:"": ""288 Pages"", ""Weight:"": ""2.35 lbs."", ""Dimensions:"": ""1.0\"" x 7.7\"" x 9.4\""""}",https://i.thriftbooks.com/api/imagehandler/m/E72D8657570CB34AAA8F4BBA623EF8B83CC584F6.jpeg
Hometown Favorites Cookbook,Gooseberry Patch,"{""Format:"": ""Hardcover"", ""Language:"": ""English"", ""ISBN:"": ""1888052791"", ""ISBN13:"": ""9781888052794"", ""Release Date:"": ""February 2007"", ""Publisher:"": ""Gooseberry Patch"", ""Length:"": ""224 Pages"", ""Weight:"": ""1.05 lbs."", ""Dimensions:"": ""1.2\"" x 7.1\"" x 9.0\""""}",https://i.thriftbooks.com/api/imagehandler/m/7B6E502D8907BCF820613DB77D44112B576AB633.jpeg
"The Best of America's Test Kitchen: The Year's Best Recipes, Equipment Reviews, and Tastings",America's Test Kitchen,"{""Format:"": ""Hardcover"", ""Language:"": ""English"", ""ISBN:"": ""1933615192"", ""ISBN13:"": ""9781933615196"", ""Release Date:"": ""September 2007"", ""Publisher:"": ""America's Test Kitchen"", ""Length:"": ""343 Pages"", ""Weight:"": ""3.10 lbs."", ""Dimensions:"": ""1.0\"" x 8.4\"" x 11.1\""""}",https://i.thriftbooks.com/api/imagehandler/m/588775DDEF7E5F641FA6CBAE80614A1D9A734F88.jpeg
"Brew Like a Monk: Trappist, Abbey, and Strong Belgian Ales and How to Brew Them",Stan Hieronymus,"{""Format:"": ""Paperback"", ""Language:"": ""English"", ""ISBN:"": ""093738187X"", ""ISBN13:"": ""9780937381878"", ""Release Date:"": ""September 2005"", ""Publisher:"": ""Brewers Publications"", ""Length:"": ""295 Pages"", ""Weight:"": ""0.99 lbs."", ""Dimensions:"": ""0.7\"" x 5.6\"" x 8.4\""""}",https://i.thriftbooks.com/api/imagehandler/m/6CEC2CE051E6B0F06084946A60781F7AE680EF4F.jpeg
The Fireside Cook Book: A Complete Guide to Fine Cooking for Beginner and Expert,James Beard,"{""Format:"": ""Hardcover"", ""Language:"": ""English"", ""ISBN:"": ""1416589678"", ""ISBN13:"": ""9781416589679"", ""Release Date:"": ""October 2008"", ""Publisher:"": ""Simon & Schuster"", ""Length:"": ""336 Pages"", ""Weight:"": ""2.05 lbs."", ""Dimensions:"": ""1.1\"" x 7.6\"" x 10.2\""""}",https://i.thriftbooks.com/api/imagehandler/m/541C4181CD31D5CAF124A8122ED789CD9D8CA89B.jpeg
From Curries to Kebabs: Recipes from the Indian Spice Trail,Madhur Jaffrey,"{""Format:"": ""Hardcover"", ""Language:"": ""English"", ""ISBN:"": ""0609607049"", ""ISBN13:"": ""9780609607046"", ""Release Date:"": ""November 2003"", ""Publisher:"": ""Clarkson Potter"", ""Length:"": ""352 Pages"", ""Weight:"": ""2.65 lbs."", ""Dimensions:"": ""10.3\"" x 1.3\"" x 8.0\""""}",https://i.thriftbooks.com/api/imagehandler/m/0CEF27A63361A92406A66CFB984629449F0FD0B8.jpeg
The Basque Table: Passionate Home Cooking from One of Europe's Great Regional Cuisines,Teresa Barrenechea,"{""Format:"": ""Hardcover"", ""Language:"": ""English"", ""ISBN:"": ""1558321403"", ""ISBN13:"": ""9781558321403"", ""Release Date:"": ""January 1998"", ""Publisher:"": ""Harvard Common Press"", ""Length:"": ""232 Pages"", ""Weight:"": ""1.45 lbs."", ""Dimensions:"": ""0.9\"" x 7.4\"" x 9.5\""""}",https://i.thriftbooks.com/api/imagehandler/m/91D433A9C012B707361E0AACDA33F6DA5D724EE0.jpeg
Farmhouse Kitchen (Everyday Cookbook Collection),Gooseberry Patch,"{""Format:"": ""Plastic Comb"", ""Language:"": ""English"", ""ISBN:"": ""1933494824"", ""Release Date:"": ""July 2009"", ""Publisher:"": ""Gooseberry Patch"", ""Length:"": ""224 Pages"", ""Weight:"": ""1.05 lbs."", ""Dimensions:"": ""9.3\"" x 0.8\"" x 7.4\""""}",https://m.media-amazon.com/images/I/51jYjFjeaRL._SL350_.jpg
Braise: A Journey Through International Cuisine,Daniel Boulud,"{""Format:"": ""Hardcover"", ""Language:"": ""English"", ""ISBN:"": ""0060561718"", ""ISBN13:"": ""9780060561710"", ""Release Date:"": ""October 2006"", ""Publisher:"": ""Ecco Press"", ""Length:"": ""256 Pages"", ""Weight:"": ""1.90 lbs."", ""Dimensions:"": ""0.9\"" x 7.6\"" x 9.4\""""}",https://i.thriftbooks.com/api/imagehandler/m/DBA83769A3D9B25B8D6E4B1B71F30223673D9CA7.jpeg
Craft of Cooking: Notes and Recipes from a Restaurant Kitchen: A Cookbook,Tom Colicchio,"{""Format:"": ""Hardcover"", ""Language:"": ""English"", ""ISBN:"": ""0609610503"", ""ISBN13:"": ""9780609610503"", ""Release Date:"": ""October 2003"", ""Publisher:"": ""Clarkson Potter Publishers"", ""Length:"": ""272 Pages"", ""Weight:"": ""1.75 lbs."", ""Dimensions:"": ""0.9\"" x 7.7\"" x 10.3\""""}",https://i.thriftbooks.com/api/imagehandler/m/24F920B431223B3487F45066CE4D62B4D738C094.jpeg
California Pizza Kitchen Family Cookbook,Larry Flax,"{"""": """"}",https://i.thriftbooks.com/api/imagehandler/m/471C2BEF4180C769ED2A02D229BF00429714A3A6.jpeg
The Justin Wilson Cookbook,Justin Wilson,"{""Format:"": ""Spiral-bound"", ""Language:"": ""English"", ""ISBN:"": ""0882890190"", ""ISBN13:"": ""9780882890197"", ""Release Date:"": ""January 1975"", ""Publisher:"": ""Pelican Publishing Company"", ""Length:"": ""89 Pages"", ""Weight:"": ""0.45 lbs."", ""Dimensions:"": ""0.5\"" x 7.4\"" x 9.1\""""}",https://i.thriftbooks.com/api/imagehandler/m/AA678DE332D91E3B16C83CD01D920F5B045678E3.jpeg
The Great Chile Book: [A Cookbook],John Harrisson,"{"""": """"}",https://i.thriftbooks.com/api/imagehandler/m/08778025711D3F48250523E6438E7C703D38F628.jpeg
"The Amish Cook's Anniversary Book: 20 Years of Food, Family, and Faith",Lovina Eicher,"{""Format:"": ""Hardcover"", ""Language:"": ""English"", ""ISBN:"": ""0740797654"", ""ISBN13:"": ""9780740797651"", ""Release Date:"": ""September 2010"", ""Publisher:"": ""Andrews McMeel Publishing"", ""Length:"": ""304 Pages"", ""Weight:"": ""2.20 lbs."", ""Dimensions:"": ""1.2\"" x 7.4\"" x 9.2\""""}",https://i.thriftbooks.com/api/imagehandler/m/06B9E15B56DF2D9411BC0902B7EE47136B2E4A3C.jpeg
Charlie Trotter Cooks at Home,Charlie Trotter,"{"""": """"}",https://i.thriftbooks.com/api/imagehandler/m/79A789E42F9413BB27B3E9B922F1B1CEC2C5AC01.jpeg
The I Love Trader Joe's Around the World Cookbook: More Than 140 International Recipes Using Foods from the World's Greatest Grocery Store,Cherie Mercer Twohy,"{""Format:"": ""Paperback"", ""Language:"": ""English"", ""ISBN:"": ""156975988X"", ""ISBN13:"": ""9781569759882"", ""Release Date:"": ""November 2011"", ""Publisher:"": ""Ulysses Press"", ""Length:"": ""200 Pages"", ""Weight:"": ""1.10 lbs."", ""Dimensions:"": ""0.6\"" x 7.4\"" x 9.1\""""}",https://i.thriftbooks.com/api/imagehandler/m/5AA41E133C062C43A251E6EB4F9E4907640E6386.jpeg
"Rachael Ray's Look + Cook: 100 Can't Miss Main Courses in Pictures, Plus 125 All New Recipes: A Cookbook",Rachael Ray,"{""Format:"": ""Paperback"", ""Language:"": ""English"", ""ISBN:"": ""030759050X"", ""Release Date:"": ""November 2010"", ""Publisher:"": ""Clarkson Potter"", ""Length:"": ""320 Pages"", ""Weight:"": ""1.93 lbs."", ""Dimensions:"": ""9.1\"" x 0.9\"" x 7.5\""""}",https://m.media-amazon.com/images/I/51caZNwJm6L._SL350_.jpg
Mr. Food Cookbook,Art Ginsburg,"{""Format:"": ""Hardcover"", ""Language:"": ""English"", ""ISBN:"": ""0688092586"", ""ISBN13:"": ""9780688092580"", ""Release Date:"": ""November 1990"", ""Publisher:"": ""William Morrow & Company"", ""Length:"": ""286 Pages"", ""Weight:"": ""1.25 lbs."", ""Dimensions:"": ""1.0\"" x 6.3\"" x 9.6\""""}",https://i.thriftbooks.com/api/imagehandler/m/2E30675588327C8BB98BE43CCF814157F94B3981.jpeg
