Book Name,Authors,Info,Image URL
Frank Miller's Sin City Volume 1: The Hard Goodbye 3rd Edition,Frank Miller,"{""Format:"": ""Paperback"", ""Language:"": ""English"", ""ISBN:"": ""1593072937"", ""ISBN13:"": ""9781593072933"", ""Release Date:"": ""January 2005"", ""Publisher:"": ""Dark Horse Books"", ""Length:"": ""280 Pages"", ""Weight:"": ""0.66 lbs."", ""Dimensions:"": ""0.7\"" x 6.0\"" x 9.2\""""}",https://i.thriftbooks.com/api/imagehandler/m/0FC2C452C79943E1784602FDCD400863B8438830.jpeg
"The Umbrella Academy, Vol. 1",Gerard Way,"{""Format:"": ""Paperback"", ""Language:"": ""English"", ""ISBN:"": ""1593079788"", ""Release Date:"": ""June 2008"", ""Publisher:"": ""Dark Horse"", ""Length:"": ""192 Pages"", ""Weight:"": ""0.88 lbs."", ""Dimensions:"": ""10.0\"" x 6.5\"" x 0.5\""""}",https://m.media-amazon.com/images/I/41jgtc7bAML._SL350_.jpg
Akira 1,Katsuhiro Otomo,"{""Format:"": ""Paperback"", ""Language:"": ""English"", ""ISBN:"": ""1935429000"", ""ISBN13:"": ""9781935429005"", ""Release Date:"": ""October 2009"", ""Publisher:"": ""Kodansha Comics"", ""Length:"": ""352 Pages"", ""Weight:"": ""1.55 lbs."", ""Dimensions:"": ""1.2\"" x 7.0\"" x 9.9\"""", ""Age Range:"": ""16 years and up"", ""Grade Range:"": ""Grade 11 and higher""}",https://i.thriftbooks.com/api/imagehandler/m/4B42B1BCCF2186F0937647FBA243B61E86A6C684.jpeg
Serenity: Those Left Behind,Joss Whedon,"{""Format:"": ""Hardcover"", ""Language:"": ""English"", ""ISBN:"": ""1593078463"", ""ISBN13:"": ""9781593078461"", ""Release Date:"": ""November 2007"", ""Publisher:"": ""Dark Horse Comics"", ""Length:"": ""96 Pages"", ""Weight:"": ""1.25 lbs."", ""Dimensions:"": ""0.6\"" x 6.9\"" x 10.5\"""", ""Age Range:"": ""14 to 17 years"", ""Grade Range:"": ""Grades 9 to 12""}",https://i.thriftbooks.com/api/imagehandler/m/F736433CA1BA822631B1CB507B98CCA688D2D11F.jpeg
Berserk Volume 1,Kentaro Miura,"{""Format:"": ""Paperback"", ""Language:"": ""English"", ""ISBN:"": ""1593070209"", ""ISBN13:"": ""9781593070205"", ""Release Date:"": ""November 2003"", ""Publisher:"": ""Dark Horse Manga"", ""Length:"": ""224 Pages"", ""Weight:"": ""0.46 lbs."", ""Dimensions:"": ""0.7\"" x 5.6\"" x 7.0\""""}",https://i.thriftbooks.com/api/imagehandler/m/09A359E86266C5DA983B3F55437DF289837A04A6.jpeg
Sin City Volume 2: A Dame to Kill for (2nd Ed.),Frank Miller,"{""Format:"": ""Paperback"", ""Language:"": ""English"", ""ISBN:"": ""1569710686"", ""ISBN13:"": ""9781569710685"", ""Release Date:"": ""March 1995"", ""Publisher:"": ""Dark Horse Books"", ""Length:"": ""117 Pages"", ""Weight:"": ""0.97 lbs."", ""Dimensions:"": ""0.5\"" x 6.6\"" x 10.2\"""", ""Age Range:"": ""16 years and up"", ""Grade Range:"": ""Grade 11 and higher""}",https://i.thriftbooks.com/api/imagehandler/m/C6056730AD6FFD7C17157DF8E2CE9FAC4CB4DA68.jpeg
"No Future For You (Buffy the Vampire Slayer Season Eight, Volume 2)",Brian K. Vaughan,"{"""": """"}",https://m.media-amazon.com/images/I/410YZtmNUcL._SL350_.jpg
The Umbrella Academy Volume 2: Dallas,Gerard Way,"{""Format:"": ""Paperback"", ""Language:"": ""English"", ""ISBN:"": ""159582345X"", ""ISBN13:"": ""9781595823458"", ""Release Date:"": ""September 2009"", ""Publisher:"": ""Dark Horse Books"", ""Length:"": ""184 Pages"", ""Weight:"": ""0.85 lbs."", ""Dimensions:"": ""0.4\"" x 6.5\"" x 10.1\""""}",https://i.thriftbooks.com/api/imagehandler/m/97AD5659526DE2141963488515040A875C59944D.jpeg
"Hellboy, Vol. 1: Seed of Destruction",Mike Mignola,"{""Format:"": ""Paperback"", ""Language:"": ""English"", ""ISBN:"": ""1593070942"", ""Release Date:"": ""March 2004"", ""Publisher:"": ""Dark Horse Books"", ""Length:"": ""128 Pages"", ""Weight:"": ""0.65 lbs."", ""Dimensions:"": ""10.2\"" x 0.3\"" x 6.7\""""}",https://m.media-amazon.com/images/I/41nnRjB9BgL._SL350_.jpg
Troublemaker Book 1: A Barnaby and Hooker Graphic Novel,Alex Evanovich,"{""Format:"": ""Hardcover"", ""Language:"": ""English"", ""ISBN:"": ""159582488X"", ""ISBN13:"": ""9781595824882"", ""Release Date:"": ""July 2010"", ""Publisher:"": ""Dark Horse Books"", ""Length:"": ""105 Pages"", ""Weight:"": ""0.54 lbs."", ""Dimensions:"": ""0.5\"" x 6.4\"" x 9.0\""""}",https://i.thriftbooks.com/api/imagehandler/m/3E41A8FD37944923912B98738D665AF2EE016C21.jpeg
The Enemy Within,Jeremy Barlow,"{""Format:"": ""Paperback"", ""Language:"": ""English"", ""ISBN:"": ""1595828451"", ""ISBN13:"": ""9781595828453"", ""Release Date:"": ""March 2012"", ""Publisher:"": ""Dark Horse Comics"", ""Length:"": ""80 Pages"", ""Weight:"": ""0.35 lbs."", ""Dimensions:"": ""0.2\"" x 5.3\"" x 7.5\"""", ""Age Range:"": ""9 to 12 years"", ""Grade Range:"": ""Grades 4 to 7""}",https://i.thriftbooks.com/api/imagehandler/m/24CBA15423894A4B83774E77614714EFE3DF84C6.jpeg
The Wind Raiders of Taloraan,Henry Gilroy,"{""Format:"": ""Paperback"", ""Language:"": ""English"", ""ISBN:"": ""1595822313"", ""ISBN13:"": ""9781595822314"", ""Release Date:"": ""June 2009"", ""Publisher:"": ""Dark Horse Comics"", ""Length:"": ""91 Pages"", ""Weight:"": ""0.28 lbs."", ""Dimensions:"": ""0.3\"" x 5.2\"" x 7.3\"""", ""Age Range:"": ""8 to 12 years"", ""Grade Range:"": ""Grades 3 to 7""}",https://i.thriftbooks.com/api/imagehandler/m/D34F26CFDABA90A6A1E343D212AE7359E9F36FEF.jpeg
B.P.R.D. Volume 8: Killing Ground,Guy Davis,"{"""": """"}",https://i.thriftbooks.com/api/imagehandler/m/D8851D2515333A9035D471435F7B0E12D83E3530.jpeg
The Colossus of Destiny,Jeremy Barlow,"{""Format:"": ""Paperback"", ""Language:"": ""English"", ""ISBN:"": ""1595824162"", ""ISBN13:"": ""9781595824165"", ""Release Date:"": ""January 2010"", ""Publisher:"": ""Dark Horse Comics"", ""Length:"": ""76 Pages"", ""Weight:"": ""0.75 lbs."", ""Dimensions:"": ""0.3\"" x 5.2\"" x 7.3\"""", ""Age Range:"": ""9 to 12 years"", ""Grade Range:"": ""Grades 4 to 7""}",https://i.thriftbooks.com/api/imagehandler/m/04593A32A2D5647A3ACF7483848FCA5D85FB728D.jpeg
The Tower of the Elephant and Other Stories,Kurt Busiek,"{""Format:"": ""Hardcover"", ""Language:"": ""English"", ""ISBN:"": ""1593075766"", ""ISBN13:"": ""9781593075767"", ""Release Date:"": ""May 2006"", ""Publisher:"": ""Dark Horse Comics"", ""Length:"": ""168 Pages"", ""Weight:"": ""1.50 lbs."", ""Dimensions:"": ""0.7\"" x 7.1\"" x 10.5\""""}",https://i.thriftbooks.com/api/imagehandler/m/8A806B8920ACE07527F1843DAED44814125FE007.jpeg
Best of Dark Horse Presents Volume 3,Various,"{"""": """"}",https://i.thriftbooks.com/api/imagehandler/m/13E770702523AB4CC512D2B0A28F7CF54D7F0FE0.jpeg
"Serenity, Vol. 2: Better Days",Joss Whedon,"{""Format:"": ""Paperback"", ""Language:"": ""English"", ""ISBN:"": ""1595821627"", ""Release Date:"": ""October 2008"", ""Publisher:"": ""Dark Horse Books"", ""Length:"": ""80 Pages"", ""Weight:"": ""0.35 lbs."", ""Dimensions:"": ""9.0\"" x 0.2\"" x 6.0\""""}",https://m.media-amazon.com/images/I/51UoNmepLHL._SL350_.jpg
Blood+ Volume 2: Chevalier,Ryo Ikehata,"{""Format:"": ""Paperback"", ""Language:"": ""English"", ""ISBN:"": ""1593079311"", ""ISBN13:"": ""9781593079314"", ""Release Date:"": ""July 2008"", ""Publisher:"": ""Dark Horse Manga"", ""Length:"": ""283 Pages"", ""Weight:"": ""0.70 lbs."", ""Dimensions:"": ""0.9\"" x 5.0\"" x 7.1\""""}",https://i.thriftbooks.com/api/imagehandler/m/CD4C08796325F5F2A8F626F0890EF717D508ECA9.jpeg
Hellboy II: The Art of the Movie,Mike Mignola,"{"""": """"}",https://i.thriftbooks.com/api/imagehandler/m/BD9BFF2A9DC2602BDFC3D23BE4F786BE81243B31.jpeg
Star Wars Episode IV Photo Comic,Randy Stradley,"{""Format:"": ""Paperback"", ""Language:"": ""English"", ""ISBN:"": ""1593078749"", ""ISBN13:"": ""9781593078744"", ""Release Date:"": ""February 2008"", ""Publisher:"": ""Dark Horse Books"", ""Length:"": ""96 Pages"", ""Weight:"": ""0.30 lbs."", ""Dimensions:"": ""0.3\"" x 5.8\"" x 7.5\""""}",https://i.thriftbooks.com/api/imagehandler/m/5829B4745A043AC04AA222578662A0A1806FE798.jpeg
Star Wars: Clone Wars Adventures Volume 1,W. Haden Blackman,"{""Format:"": ""Paperback"", ""Language:"": ""English"", ""ISBN:"": ""1593072430"", ""ISBN13:"": ""9781593072438"", ""Release Date:"": ""July 2004"", ""Publisher:"": ""Dark Horse Books"", ""Length:"": ""96 Pages"", ""Weight:"": ""0.40 lbs."", ""Dimensions:"": ""0.3\"" x 5.7\"" x 7.4\"""", ""Age Range:"": ""9 to 13 years"", ""Grade Range:"": ""Grades 4 to 8""}",https://i.thriftbooks.com/api/imagehandler/m/E6CFDB053AAC5D1014ABD752CD477D9F98D82F70.jpeg
The Lost Adventures,Joaquim dos Santos,"{"""": """"}",https://i.thriftbooks.com/api/imagehandler/m/246FFF22EF9C6D723B3C07816892200BBB2F2862.jpeg
Clone Wars Adventures: Volume 2,W. Haden Blackman,"{""Format:"": ""Paperback"", ""Language:"": ""English"", ""ISBN:"": ""1593072716"", ""ISBN13:"": ""9781593072711"", ""Release Date:"": ""February 2010"", ""Publisher:"": ""Dark Horse Comics"", ""Length:"": ""96 Pages"", ""Weight:"": ""0.72 lbs."", ""Dimensions:"": ""0.3\"" x 5.3\"" x 7.6\"""", ""Age Range:"": ""9 to 13 years"", ""Grade Range:"": ""Grades 4 to 8""}",https://i.thriftbooks.com/api/imagehandler/m/0AEC561FD2E8893B4395A70602E06B5A5B0470A8.jpeg
Star Wars: Clone Wars Adventures Volume 3,W. Haden Blackman,"{""Format:"": ""Paperback"", ""Language:"": ""English"", ""ISBN:"": ""1593073070"", ""ISBN13:"": ""9781593073077"", ""Release Date:"": ""April 2010"", ""Publisher:"": ""Dark Horse Books"", ""Length:"": ""96 Pages"", ""Weight:"": ""0.42 lbs."", ""Dimensions:"": ""0.3\"" x 5.3\"" x 7.6\"""", ""Age Range:"": ""9 to 13 years"", ""Grade Range:"": ""Grades 4 to 8""}",https://i.thriftbooks.com/api/imagehandler/m/5A41BF5EC6BFBA0240195B7BCA690CB3B4FA9A4A.jpeg
Sin City Volume 3: The Big Fat Kill,Frank Miller,"{""Format:"": ""Hardcover"", ""Language:"": ""English"", ""ISBN:"": ""1569710767"", ""ISBN13:"": ""9781569710760"", ""Release Date:"": ""December 1995"", ""Publisher:"": ""Dark Horse Comics"", ""Length:"": ""117 Pages"", ""Weight:"": ""6.95 lbs."", ""Dimensions:"": ""0.7\"" x 7.0\"" x 10.5\"""", ""Age Range:"": ""16 years and up"", ""Grade Range:"": ""Grade 11 and higher""}",https://i.thriftbooks.com/api/imagehandler/m/156AAD2753A09CC891023C6BE0661B9DFC4970C5.jpeg
Clone Wars Adventures: Volume 4,Jeremy Barlow,"{""Format:"": ""Paperback"", ""Language:"": ""English"", ""ISBN:"": ""1593074026"", ""ISBN13:"": ""9781593074029"", ""Release Date:"": ""April 2011"", ""Publisher:"": ""Dark Horse Comics"", ""Length:"": ""96 Pages"", ""Weight:"": ""0.40 lbs."", ""Dimensions:"": ""0.3\"" x 5.8\"" x 7.4\"""", ""Age Range:"": ""9 to 13 years"", ""Grade Range:"": ""Grades 4 to 8""}",https://i.thriftbooks.com/api/imagehandler/m/01159C251C34416A6AC372F6BE3D193891A5D1C4.jpeg
Serenity Volume 3: The Shepherd's Tale,Joss Whedon,"{""Format:"": ""Hardcover"", ""Language:"": ""English"", ""ISBN:"": ""1595825614"", ""ISBN13:"": ""9781595825612"", ""Release Date:"": ""November 2010"", ""Publisher:"": ""Dark Horse Books"", ""Length:"": ""56 Pages"", ""Weight:"": ""0.74 lbs."", ""Dimensions:"": ""0.4\"" x 6.9\"" x 10.3\"""", ""Age Range:"": ""14 to 17 years"", ""Grade Range:"": ""Grades 9 to 12""}",https://i.thriftbooks.com/api/imagehandler/m/69FDC96C0510DF61889F919F74FD7944202B0553.jpeg
Berserk Volume 4,Kentaro Miura,"{""Format:"": ""Paperback"", ""Language:"": ""English"", ""ISBN:"": ""1593072031"", ""ISBN13:"": ""9781593072032"", ""Release Date:"": ""July 2004"", ""Publisher:"": ""Dark Horse Manga"", ""Length:"": ""240 Pages"", ""Weight:"": ""2.80 lbs."", ""Dimensions:"": ""0.8\"" x 5.2\"" x 7.3\""""}",https://i.thriftbooks.com/api/imagehandler/m/03E1EE736575DA53838C04C9C2CC4C341BD65F0D.jpeg
"Frank Miller's Sin City Volume 6: Booze, Broads, & Bullets 3rd Edition",Frank Miller,"{"""": """"}",https://i.thriftbooks.com/api/imagehandler/m/BC4D6AB6F76F3BD3A4E28B9F8A565C2CD6C43F61.jpeg
"Berserk, Volume 3",Kentaro Miura,"{""Format:"": ""Paperback"", ""Language:"": ""English"", ""ISBN:"": ""1593070225"", ""ISBN13:"": ""9781593070229"", ""Release Date:"": ""December 2004"", ""Publisher:"": ""Dark Horse Manga"", ""Length:"": ""232 Pages"", ""Weight:"": ""0.45 lbs."", ""Dimensions:"": ""0.8\"" x 5.1\"" x 7.3\""""}",https://i.thriftbooks.com/api/imagehandler/m/9CA597E46C03E1AD42E358A590804BD4B559E7FE.jpeg
Frank Miller's Sin City Volume 7: Hell and Back 3rd Edition,Frank Miller,"{""Format:"": ""Paperback"", ""Language:"": ""English"", ""ISBN:"": ""1593072996"", ""ISBN13:"": ""9781593072995"", ""Release Date:"": ""December 2010"", ""Publisher:"": ""Dark Horse Books"", ""Length:"": ""296 Pages"", ""Weight:"": ""1.25 lbs."", ""Dimensions:"": ""1.0\"" x 6.1\"" x 9.1\""""}",https://i.thriftbooks.com/api/imagehandler/m/41C2A3D427EBC529253F1F1321F0BA915D18EBFF.jpeg
Hellboy the Lost Army,Christopher Golden,"{""Format:"": ""Paperback"", ""Language:"": ""English"", ""ISBN:"": ""1569711852"", ""ISBN13:"": ""9781569711859"", ""Release Date:"": ""June 1997"", ""Publisher:"": ""Dark Horse Comics"", ""Length:"": ""117 Pages"", ""Weight:"": ""1.30 lbs."", ""Dimensions:"": ""0.6\"" x 6.0\"" x 9.0\"""", ""Age Range:"": ""16 years and up"", ""Grade Range:"": ""Grade 11 and higher""}",https://i.thriftbooks.com/api/imagehandler/m/15A301DAFCE57DC8C1A9661ED1145A8B0A33FE36.jpeg
The Last Temptation,Neil Gaiman,"{""Format:"": ""Hardcover"", ""Language:"": ""English"", ""ISBN:"": ""159307414X"", ""ISBN13:"": ""9781593074142"", ""Release Date:"": ""September 2005"", ""Publisher:"": ""Dark Horse Comics"", ""Length:"": ""103 Pages"", ""Weight:"": ""0.95 lbs."", ""Dimensions:"": ""0.5\"" x 6.9\"" x 10.3\""""}",https://i.thriftbooks.com/api/imagehandler/m/37C977463D8D7EA09CBB95A0E1741E5E697B66D4.jpeg
Boba Fett and the Ship of Fear,Jeremy Barlow,"{""Format:"": ""Paperback"", ""Language:"": ""English"", ""ISBN:"": ""1595824367"", ""ISBN13:"": ""9781595824363"", ""Release Date:"": ""May 2011"", ""Publisher:"": ""Dark Horse Comics"", ""Length:"": ""76 Pages"", ""Weight:"": ""0.35 lbs."", ""Dimensions:"": ""0.3\"" x 5.3\"" x 7.4\"""", ""Age Range:"": ""8 to 12 years"", ""Grade Range:"": ""Grades 3 to 7""}",https://i.thriftbooks.com/api/imagehandler/m/93F7ABDE280D257C53792EF0F876C1665AA31BF5.jpeg
Star Wars: Episode III - Revenge of the Sith,Miles Lane,"{""Format:"": ""Paperback"", ""Language:"": ""English"", ""ISBN:"": ""1593073097"", ""ISBN13:"": ""9781593073091"", ""Release Date:"": ""April 2005"", ""Publisher:"": ""Dark Horse Books"", ""Length:"": ""96 Pages"", ""Weight:"": ""0.50 lbs."", ""Dimensions:"": ""0.2\"" x 6.6\"" x 10.4\"""", ""Age Range:"": ""13 to 17 years"", ""Grade Range:"": ""Grades 8 to 12""}",https://i.thriftbooks.com/api/imagehandler/m/752192209215234F6DF8DCFF6583B63CF3D0F79A.jpeg
Berserk Volume 11,Kentaro Miura,"{"""": """"}",https://i.thriftbooks.com/api/imagehandler/m/7F6E8BE9BFE1D8DEBD8C53F46697A878E5AFDDF1.jpeg
Buffy Omnibus Volume 1,Christopher Golden,"{""Format:"": ""Paperback"", ""Language:"": ""English"", ""ISBN:"": ""159307784X"", ""ISBN13:"": ""9781593077846"", ""Release Date:"": ""July 2007"", ""Publisher:"": ""Dark Horse Books"", ""Length:"": ""312 Pages"", ""Weight:"": ""1.30 lbs."", ""Dimensions:"": ""0.6\"" x 6.2\"" x 8.9\"""", ""Age Range:"": ""13 to 17 years"", ""Grade Range:"": ""Grades 8 to 12""}",https://i.thriftbooks.com/api/imagehandler/m/E568B6B3A35287C12312014A6A80C230643A6C94.jpeg
"Berserk, Volume 5",Kentaro Miura,"{"""": """"}",https://i.thriftbooks.com/api/imagehandler/m/A10B88A7A33AAD816EE71F90282F9A1F6F92127E.jpeg
Frank Miller's Sin City Volume 5: Family Values 3rd Edition,Frank Miller,"{""Format:"": ""Paperback"", ""Language:"": ""English"", ""ISBN:"": ""159307297X"", ""ISBN13:"": ""9781593072971"", ""Release Date:"": ""November 2010"", ""Publisher:"": ""Dark Horse Books"", ""Length:"": ""240 Pages"", ""Weight:"": ""0.55 lbs."", ""Dimensions:"": ""0.4\"" x 6.3\"" x 9.2\""""}",https://i.thriftbooks.com/api/imagehandler/m/831778844253F083D4C9597F6B554EADC876B7E7.jpeg
Crash Course,Henry Gilroy,"{""Format:"": ""Paperback"", ""Language:"": ""English"", ""ISBN:"": ""1595822305"", ""ISBN13:"": ""9781595822307"", ""Release Date:"": ""June 2011"", ""Publisher:"": ""Dark Horse Comics"", ""Length:"": ""92 Pages"", ""Weight:"": ""0.35 lbs."", ""Dimensions:"": ""0.3\"" x 5.2\"" x 7.5\"""", ""Age Range:"": ""8 to 12 years"", ""Grade Range:"": ""Grades 3 to 7""}",https://i.thriftbooks.com/api/imagehandler/m/C7133C3AE9A83EDE80A60F139EBA83B12A18DE56.jpeg
"Hellsing, Vol. 3",Kohta Hirano,"{""Format:"": ""Paperback"", ""Language:"": ""English"", ""ISBN:"": ""1593072023"", ""Release Date:"": ""June 2004"", ""Publisher:"": ""Dark Horse Manga"", ""Length:"": ""144 Pages"", ""Weight:"": ""0.44 lbs."", ""Dimensions:"": ""7.3\"" x 0.6\"" x 5.1\""""}",https://m.media-amazon.com/images/I/51DwwYZCxnL._SL350_.jpg
"Star Wars: Dark Forces, Soldier for the Empire",William C. Dietz,"{""Format:"": ""Hardcover"", ""Language:"": ""English"", ""ISBN:"": ""0399141987"", ""ISBN13:"": ""9780399141980"", ""Release Date:"": ""April 1997"", ""Publisher:"": ""Putnam Adult"", ""Length:"": ""125 Pages"", ""Weight:"": ""0.05 lbs."", ""Dimensions:"": ""0.6\"" x 6.9\"" x 10.4\"""", ""Age Range:"": ""18 years and up"", ""Grade Range:"": ""Postsecondary and higher""}",https://i.thriftbooks.com/api/imagehandler/m/FA7A47AE61CA0BD11B5C688DF8D0260E1E885C5F.jpeg
Clone Wars Adventures: Volume 10,Chris Avellone,"{""Format:"": ""Paperback"", ""Language:"": ""English"", ""ISBN:"": ""1593078781"", ""ISBN13:"": ""9781593078782"", ""Release Date:"": ""January 2008"", ""Publisher:"": ""Dark Horse Comics"", ""Length:"": ""80 Pages"", ""Weight:"": ""0.34 lbs."", ""Dimensions:"": ""0.2\"" x 5.3\"" x 7.4\"""", ""Age Range:"": ""8 to 12 years"", ""Grade Range:"": ""Grades 3 to 7""}",https://i.thriftbooks.com/api/imagehandler/m/1FF02C904732718177BFF7823973187B1B5C7C3C.jpeg
Star Wars: The Empire Strikes Back - The Special Edition,Archie Goodwin,"{""Format:"": ""Paperback"", ""Language:"": ""English"", ""ISBN:"": ""1569712344"", ""ISBN13:"": ""9781569712344"", ""Release Date:"": ""February 1997"", ""Publisher:"": ""Dark Horse Books"", ""Length:"": ""117 Pages"", ""Weight:"": ""0.50 lbs."", ""Dimensions:"": ""0.2\"" x 6.6\"" x 10.2\""""}",https://i.thriftbooks.com/api/imagehandler/m/CD1FE21D54F45446C7C5621BB322B3BB5A3D3F31.jpeg
"Predators and Prey (Buffy the Vampire Slayer Season Eight, Vol. 5)",Joss Whedon,"{""Format:"": ""Paperback"", ""Language:"": ""English"", ""ISBN:"": ""1595823425"", ""ISBN13:"": ""9781595823427"", ""Release Date:"": ""October 2009"", ""Publisher:"": ""Dark Horse"", ""Length:"": ""144 Pages"", ""Weight:"": ""0.75 lbs."", ""Dimensions:"": ""10.2\"" x 0.3\"" x 6.6\""""}",https://i.thriftbooks.com/api/imagehandler/m/F10DAF086B895C2F111A14799722A962BF2BDA81.jpeg
Clone Wars Adventures: Volume 7,Shawn Fillbach,"{""Format:"": ""Paperback"", ""Language:"": ""English"", ""ISBN:"": ""1593076789"", ""ISBN13:"": ""9781593076788"", ""Release Date:"": ""February 2010"", ""Publisher:"": ""Dark Horse Comics"", ""Length:"": ""72 Pages"", ""Weight:"": ""0.35 lbs."", ""Dimensions:"": ""0.2\"" x 5.8\"" x 7.5\"""", ""Age Range:"": ""8 to 12 years"", ""Grade Range:"": ""Grades 3 to 7""}",https://i.thriftbooks.com/api/imagehandler/m/77592165BB9C6108B83A98866C6F8D333E77E370.jpeg
Trigun Maximum Volume 1: Hero Returns,Yasuhiro Nightow,"{"""": """"}",https://i.thriftbooks.com/api/imagehandler/m/D65B885494938DBC2DAAE6B9F4B331A5267DA3E0.jpeg
Akira 3,Katsuhiro Otomo,"{""Format:"": ""Paperback"", ""Language:"": ""English"", ""ISBN:"": ""1935429043"", ""ISBN13:"": ""9781935429043"", ""Release Date:"": ""July 2010"", ""Publisher:"": ""Kodansha Comics"", ""Length:"": ""280 Pages"", ""Weight:"": ""1.18 lbs."", ""Dimensions:"": ""0.9\"" x 6.9\"" x 9.9\"""", ""Age Range:"": ""13 to 17 years"", ""Grade Range:"": ""Grades 8 to 12""}",https://i.thriftbooks.com/api/imagehandler/m/E7B7B4AB7DB11F1DBC325B0B84EE33EE5AB700A3.jpeg
Vampire Hunter D Volume 2: Raiser of Gales,Hideyuki Kikuchi,"{""Format:"": ""Paperback"", ""Language:"": ""English"", ""ISBN:"": ""1595820140"", ""ISBN13:"": ""9781595820143"", ""Release Date:"": ""August 2005"", ""Publisher:"": ""Dark Horse Books"", ""Length:"": ""256 Pages"", ""Weight:"": ""0.55 lbs."", ""Dimensions:"": ""0.8\"" x 5.2\"" x 7.1\"""", ""Age Range:"": ""16 to 17 years"", ""Grade Range:"": ""Grades 11 to 12""}",https://i.thriftbooks.com/api/imagehandler/m/22B1209448E5F5AFB52E0B49CA2E03F82542D492.jpeg
"Oh My Goddess!, Volume 1: Wrong Number",Kosuke Fujishima,"{""Format:"": ""Paperback"", ""Language:"": ""English"", ""ISBN:"": ""1569716692"", ""ISBN13:"": ""9781569716694"", ""Release Date:"": ""May 2002"", ""Publisher:"": ""Dark Horse Comics"", ""Length:"": ""160 Pages"", ""Weight:"": ""0.58 lbs."", ""Dimensions:"": ""0.4\"" x 5.8\"" x 8.2\""""}",https://i.thriftbooks.com/api/imagehandler/m/94694B653789E10A5AD385383686BF743DC31336.jpeg
Star Wars: Episode IV: A New Hope,Roy Thomas,"{""Format:"": ""Paperback"", ""Language:"": ""English"", ""ISBN:"": ""0785193499"", ""ISBN13:"": ""9780785193494"", ""Release Date:"": ""December 2016"", ""Publisher:"": ""Marvel"", ""Length:"": ""128 Pages"", ""Weight:"": ""0.56 lbs."", ""Dimensions:"": ""0.2\"" x 6.6\"" x 10.1\""""}",https://i.thriftbooks.com/api/imagehandler/m/435E6BDFB2399219696174F79876FFA884E1B981.jpeg
Luke Skywalker and the Treasure of the Dragonsnakes,Tom Taylor,"{""Format:"": ""Paperback"", ""Language:"": ""English"", ""ISBN:"": ""1595823476"", ""ISBN13:"": ""9781595823472"", ""Release Date:"": ""March 2011"", ""Publisher:"": ""Dark Horse Comics"", ""Length:"": ""75 Pages"", ""Weight:"": ""0.34 lbs."", ""Dimensions:"": ""0.2\"" x 5.6\"" x 7.5\"""", ""Age Range:"": ""8 to 12 years"", ""Grade Range:"": ""Grades 3 to 7""}",https://i.thriftbooks.com/api/imagehandler/m/EADF7A92A39314968D4796FBBBF15851B20EEB34.jpeg
The Perry Bible Fellowship Almanack,Nicholas Gurewitch,"{"""": """"}",https://i.thriftbooks.com/api/imagehandler/m/0C2A80518CAE8A171978B386D8555C8D8C07AACB.jpeg
Bride of the Water God: Volume 1,Mi-Kyung Yun,"{""Format:"": ""Paperback"", ""Language:"": ""English"", ""ISBN:"": ""1593078498"", ""ISBN13:"": ""9781593078492"", ""Release Date:"": ""October 2007"", ""Publisher:"": ""Dark Horse Comics"", ""Length:"": ""184 Pages"", ""Weight:"": ""0.50 lbs."", ""Dimensions:"": ""0.6\"" x 5.8\"" x 8.3\"""", ""Age Range:"": ""14 to 17 years"", ""Grade Range:"": ""Grades 9 to 12""}",https://i.thriftbooks.com/api/imagehandler/m/9C8F6EEE98FC3E45C87ADF4DC67EC2BE3F619CEF.jpeg
The Trial of Colonel Sweeto and Other Stories: A Collection of the Comic Strips of the Perry Bible Fellowship,Nicholas Gurewitch,"{""Format:"": ""Hardcover"", ""Language:"": ""English"", ""ISBN:"": ""1593078447"", ""ISBN13:"": ""9781593078447"", ""Release Date:"": ""September 2007"", ""Publisher:"": ""Dark Horse Comics"", ""Length:"": ""96 Pages"", ""Weight:"": ""0.90 lbs."", ""Dimensions:"": ""0.4\"" x 8.4\"" x 8.1\""""}",https://i.thriftbooks.com/api/imagehandler/m/96483DF1C7D0CC0A6F4D0DF703C1D16F0F6F92B8.jpeg
Oh My Goddess! Volume 3: Final Exam,Kosuke Fujishima,"{""Format:"": ""Paperback"", ""Language:"": ""English"", ""ISBN:"": ""1569717656"", ""ISBN13:"": ""9781569717653"", ""Release Date:"": ""September 2002"", ""Publisher:"": ""Dark Horse Manga"", ""Length:"": ""152 Pages"", ""Weight:"": ""0.50 lbs."", ""Dimensions:"": ""0.4\"" x 5.8\"" x 8.2\""""}",https://i.thriftbooks.com/api/imagehandler/m/9409EB0B142C905D7EA1D0DB41097CCF8050AC9E.jpeg
"Oh My Goddess!, Volume 15: Hand in Hand",Kosuke Fujishima,"{""Format:"": ""Paperback"", ""Language:"": ""English"", ""ISBN:"": ""1569719217"", ""ISBN13:"": ""9781569719213"", ""Release Date:"": ""February 2003"", ""Publisher:"": ""Dark Horse Comics"", ""Length:"": ""256 Pages"", ""Weight:"": ""0.80 lbs."", ""Dimensions:"": ""0.7\"" x 5.8\"" x 8.4\"""", ""Age Range:"": ""14 to 17 years"", ""Grade Range:"": ""Grades 9 to 12""}",https://i.thriftbooks.com/api/imagehandler/m/8BAE10ACE07C9CFD2D6EF68B78645A686F53601D.jpeg
Han Solo and the Hollow Moon of Khorya,Jeremy Barlow,"{""Format:"": ""Paperback"", ""Language:"": ""English"", ""ISBN:"": ""1595821988"", ""ISBN13:"": ""9781595821980"", ""Release Date:"": ""May 2009"", ""Publisher:"": ""Dark Horse Comics"", ""Length:"": ""76 Pages"", ""Weight:"": ""0.40 lbs."", ""Dimensions:"": ""0.3\"" x 5.3\"" x 7.5\"""", ""Age Range:"": ""9 to 12 years"", ""Grade Range:"": ""Grades 4 to 7""}",https://i.thriftbooks.com/api/imagehandler/m/67256F248A72ED8F89FF0A230BFEC4F17516A731.jpeg
Berserk Volume 16,Kentaro Miura,"{"""": """"}",https://i.thriftbooks.com/api/imagehandler/m/A44F8C424A89B68EE61F29E18F902422DA8487FD.jpeg
Blade of the Immortal Volume 7: Heart of Darkness,Hiroaki Samura,"{"""": """"}",https://i.thriftbooks.com/api/imagehandler/m/26B4EE0F9E78C3B1292A398B3CE97716106C1613.jpeg
The Hellboy Companion,Stephen Weiner,"{""Format:"": ""Paperback"", ""Language:"": ""English"", ""ISBN:"": ""159307655X"", ""ISBN13:"": ""9781593076559"", ""Release Date:"": ""December 2006"", ""Publisher:"": ""Dark Horse Comics"", ""Length:"": ""238 Pages"", ""Weight:"": ""0.85 lbs."", ""Dimensions:"": ""0.7\"" x 6.1\"" x 8.9\""""}",https://i.thriftbooks.com/api/imagehandler/m/8BC0F7F6E6065C557E07305C8B59B76D038369EC.jpeg
Berserk: Volume 14,Kentaro Miura,"{"""": """"}",https://i.thriftbooks.com/api/imagehandler/m/B10A64723363A81FFE931499FC699B7A91C2B1DA.jpeg
Blade of the Immortal Volume 8: The Gathering,Hiroaki Samura,"{""Format:"": ""Paperback"", ""Language:"": ""English"", ""ISBN:"": ""1569715467"", ""ISBN13:"": ""9781569715468"", ""Release Date:"": ""October 2001"", ""Publisher:"": ""Dark Horse Manga"", ""Length:"": ""208 Pages"", ""Weight:"": ""0.65 lbs."", ""Dimensions:"": ""0.6\"" x 6.5\"" x 8.4\""""}",https://i.thriftbooks.com/api/imagehandler/m/A4CF6EDCBDE2AE21D1A3F8D1FEF453084FFF59AA.jpeg
"Star Wars: Dark Force, Rebel Agent",William C. Dietz,"{""Format:"": ""Hardcover"", ""Language:"": ""English"", ""ISBN:"": ""0399143963"", ""ISBN13:"": ""9780399143960"", ""Release Date:"": ""April 1998"", ""Publisher:"": ""Putnam Adult"", ""Length:"": ""128 Pages"", ""Weight:"": ""0.85 lbs."", ""Dimensions:"": ""0.7\"" x 7.0\"" x 10.5\"""", ""Age Range:"": ""18 years and up"", ""Grade Range:"": ""Postsecondary and higher""}",https://i.thriftbooks.com/api/imagehandler/m/920EF05BAA0AE6073322E7DDE36C935B93259D73.jpeg
Deadly Hands of Shon-Ju,Jeremy Barlow,"{""Format:"": ""Paperback"", ""Language:"": ""English"", ""ISBN:"": ""1595825452"", ""ISBN13:"": ""9781595825452"", ""Release Date:"": ""December 2010"", ""Publisher:"": ""Dark Horse Comics"", ""Length:"": ""76 Pages"", ""Weight:"": ""0.30 lbs."", ""Dimensions:"": ""0.2\"" x 5.3\"" x 7.5\"""", ""Age Range:"": ""13 to 17 years"", ""Grade Range:"": ""Grades 8 to 12""}",https://i.thriftbooks.com/api/imagehandler/m/6CEA4A22DCED472BC11A132F2E534851FDB0F226.jpeg
Creatures of the Night,Neil Gaiman,"{""Format:"": ""Hardcover"", ""Language:"": ""English"", ""ISBN:"": ""150670025X"", ""ISBN13:"": ""9781506700250"", ""Release Date:"": ""November 2016"", ""Publisher:"": ""Dark Horse Books"", ""Length:"": ""48 Pages"", ""Weight:"": ""0.85 lbs."", ""Dimensions:"": ""0.4\"" x 6.7\"" x 10.3\""""}",https://i.thriftbooks.com/api/imagehandler/m/495D44AE69047663B85BC8BA6659ACDBADCBB18C.jpeg
Chickenhare,Chris Grine,"{""Format:"": ""Paperback"", ""Language:"": ""English"", ""ISBN:"": ""0545485088"", ""ISBN13:"": ""9780545485081"", ""Release Date:"": ""February 2013"", ""Publisher:"": ""Graphix"", ""Length:"": ""157 Pages"", ""Weight:"": ""0.85 lbs."", ""Dimensions:"": ""0.5\"" x 5.9\"" x 8.9\"""", ""Age Range:"": ""8 to 12 years"", ""Grade Range:"": ""Grades 3 to 7""}",https://i.thriftbooks.com/api/imagehandler/m/E21D326932CAD384DB176A3011DBB29849FBDAE4.jpeg
Oh My Goddess! Volume 4: Love Potion No. 9,Kosuke Fujishima,"{""Format:"": ""Paperback"", ""Language:"": ""English"", ""ISBN:"": ""1569712522"", ""ISBN13:"": ""9781569712528"", ""Release Date:"": ""October 1997"", ""Publisher:"": ""Dark Horse Manga"", ""Length:"": ""117 Pages"", ""Weight:"": ""0.65 lbs."", ""Dimensions:"": ""0.5\"" x 5.8\"" x 8.3\"""", ""Age Range:"": ""14 to 17 years"", ""Grade Range:"": ""Grades 9 to 12""}",https://i.thriftbooks.com/api/imagehandler/m/0FD7FBD689B08067BF99349E8302046BF9AAE4DC.jpeg
Hero of the Confederacy,Henry Gilroy,"{""Format:"": ""Paperback"", ""Language:"": ""English"", ""ISBN:"": ""1595825525"", ""ISBN13:"": ""9781595825520"", ""Release Date:"": ""September 2010"", ""Publisher:"": ""Dark Horse Comics"", ""Length:"": ""70 Pages"", ""Weight:"": ""0.30 lbs."", ""Dimensions:"": ""0.2\"" x 6.4\"" x 7.5\"""", ""Age Range:"": ""9 to 12 years"", ""Grade Range:"": ""Grades 4 to 7""}",https://i.thriftbooks.com/api/imagehandler/m/8F17842790AF17B7749C47C85831685D94066B20.jpeg
Megatokyo Chapter Zero,Rodney Caston,"{""Format:"": ""Paperback"", ""Language:"": ""English"", ""ISBN:"": ""1929090307"", ""ISBN13:"": ""9781929090303"", ""Release Date:"": ""January 2003"", ""Publisher:"": ""I.C. Entertainment"", ""Length:"": ""144 Pages"", ""Weight:"": ""0.25 lbs."", ""Dimensions:"": ""0.3\"" x 4.9\"" x 7.2\""""}",https://i.thriftbooks.com/api/imagehandler/m/E39B55EC4E75FF0996EE55C179BD8049C4E4D069.jpeg
Blade of the Immortal Volume 4: On Silent Wings,Hiroaki Samura,"{""Format:"": ""Paperback"", ""Language:"": ""English"", ""ISBN:"": ""1569714126"", ""ISBN13:"": ""9781569714126"", ""Release Date:"": ""August 1999"", ""Publisher:"": ""Dark Horse Manga"", ""Length:"": ""168 Pages"", ""Weight:"": ""0.60 lbs."", ""Dimensions:"": ""0.4\"" x 5.8\"" x 8.3\""""}",https://i.thriftbooks.com/api/imagehandler/m/B94345BF92F4E0A781FDC696BCFC704CD8A16023.jpeg
Hellsing,Kohta Hirano,"{""Format:"": ""Paperback"", ""Language:"": ""English"", ""ISBN:"": ""1593072597"", ""ISBN13:"": ""9781593072599"", ""Release Date:"": ""October 2004"", ""Publisher:"": ""Dark Horse Comics"", ""Length:"": ""200 Pages"", ""Weight:"": ""0.45 lbs."", ""Dimensions:"": ""0.7\"" x 5.2\"" x 7.2\""""}",https://i.thriftbooks.com/api/imagehandler/m/8D38F1286FFA31CEFBC5082B0944813F364D0416.jpeg
Courageous Princess Volume 1,Rod Espinosa,"{""Format:"": ""Paperback"", ""Language:"": ""English"", ""ISBN:"": ""1506714463"", ""ISBN13:"": ""9781506714462"", ""Release Date:"": ""November 2019"", ""Publisher:"": ""Dark Horse Books"", ""Length:"": ""240 Pages"", ""Weight:"": ""0.90 lbs."", ""Dimensions:"": ""0.5\"" x 5.7\"" x 8.9\"""", ""Age Range:"": ""9 to 12 years"", ""Grade Range:"": ""Grades 4 to 7""}",https://i.thriftbooks.com/api/imagehandler/m/6DCBD62BDC8BE53D60242706012E0AB15DED1690.jpeg
The Will of Darth Vader,Tom Taylor,"{""Format:"": ""Paperback"", ""Language:"": ""English"", ""ISBN:"": ""1595824359"", ""ISBN13:"": ""9781595824356"", ""Release Date:"": ""August 2010"", ""Publisher:"": ""Dark Horse Comics"", ""Length:"": ""80 Pages"", ""Weight:"": ""0.35 lbs."", ""Dimensions:"": ""0.3\"" x 5.2\"" x 7.4\"""", ""Age Range:"": ""9 to 12 years"", ""Grade Range:"": ""Grades 4 to 7""}",https://i.thriftbooks.com/api/imagehandler/m/71FDCC7F3EF2E4235AC74DBA126FC433FD85B8FD.jpeg
Slaves of the Republic,Henry Gilroy,"{""Format:"": ""Paperback"", ""Language:"": ""English"", ""ISBN:"": ""1595823492"", ""ISBN13:"": ""9781595823496"", ""Release Date:"": ""December 2009"", ""Publisher:"": ""Dark Horse Comics"", ""Length:"": ""134 Pages"", ""Weight:"": ""0.56 lbs."", ""Dimensions:"": ""0.4\"" x 6.6\"" x 8.4\"""", ""Age Range:"": ""8 to 12 years"", ""Grade Range:"": ""Grades 3 to 7""}",https://i.thriftbooks.com/api/imagehandler/m/49CD3B1C9A049FBF23DBEE51B4B10D1ABBF27171.jpeg
The Gremlins: The Lost Walt Disney Production,Roald Dahl,"{"""": """"}",https://i.thriftbooks.com/api/imagehandler/m/397E564B5CEA1B889B7BEA52DA407DAF91565E29.jpeg
Star Wars: The Force Unleashed II,W. Haden Blackman,"{"""": """"}",https://i.thriftbooks.com/api/imagehandler/m/835C0BECDAFB2B98FD862EE3AF046D7367835190.jpeg
Blacksad,Juanjo Guarnido,"{""Format:"": ""Hardcover"", ""Language:"": ""English"", ""ISBN:"": ""159582393X"", ""ISBN13:"": ""9781595823939"", ""Release Date:"": ""June 2010"", ""Publisher:"": ""Dark Horse Originals"", ""Length:"": ""184 Pages"", ""Weight:"": ""2.10 lbs."", ""Dimensions:"": ""0.7\"" x 8.6\"" x 11.1\""""}",https://i.thriftbooks.com/api/imagehandler/m/070B055673D0A9F65197432F56227085530B6F2F.jpeg
Buffy Omnibus Volume 2,Fabian Nicieza,"{"""": """"}",https://i.thriftbooks.com/api/imagehandler/m/DB6904CDF862BE708D1A3A3B848A950052C72517.jpeg
Beasts of Burden: Animal Rites,Evan Dorkin,"{""Format:"": ""Hardcover"", ""Language:"": ""English"", ""ISBN:"": ""1595825134"", ""ISBN13:"": ""9781595825131"", ""Release Date:"": ""July 2010"", ""Publisher:"": ""Dark Horse Books"", ""Length:"": ""180 Pages"", ""Weight:"": ""1.95 lbs."", ""Dimensions:"": ""0.7\"" x 7.8\"" x 11.0\"""", ""Age Range:"": ""15 to 17 years"", ""Grade Range:"": ""Grades 10 to 12""}",https://i.thriftbooks.com/api/imagehandler/m/7984B06BFE82D473EE47B0C5E966537D95637EB2.jpeg
Star Wars: Episode I - The Phantom Menace,Henry Gilroy,"{""Format:"": ""Hardcover"", ""Language:"": ""English"", ""ISBN:"": ""1302900749"", ""ISBN13:"": ""9781302900748"", ""Release Date:"": ""January 2016"", ""Publisher:"": ""Marvel"", ""Length:"": ""120 Pages"", ""Weight:"": ""0.90 lbs."", ""Dimensions:"": ""0.4\"" x 7.6\"" x 11.1\""""}",https://i.thriftbooks.com/api/imagehandler/m/A88F22C3F24F297FB8FB75794FE70167B239E396.jpeg
Berserk: Volume 13,Kentaro Miura,"{"""": """"}",https://i.thriftbooks.com/api/imagehandler/m/4E6EB42FB6543F574E08DCA30B7D06C92E8FEC2F.jpeg
Berserk: Volume 15,Kentaro Miura,"{"""": """"}",https://i.thriftbooks.com/api/imagehandler/m/3995D5BF2B8399E3EA075C09FBB6A1971BC4128B.jpeg
Nothin' But Misery,Eric Powell,"{"""": """"}",https://i.thriftbooks.com/api/imagehandler/m/2CE07F98205F7CA45E83A4D806459ED3D2161B6F.jpeg
"Stan Lee Presents the Marvel Comics Illustrated Version of Star Wars, Return of the Jedi",Archie Goodwin,"{""Format:"": ""Hardcover"", ""Language:"": ""English"", ""ISBN:"": ""0939766582"", ""ISBN13:"": ""9780939766581"", ""Release Date:"": ""January 1983"", ""Publisher:"": ""Marvel Worldwide, Incorporated"", ""Length:"": ""160 Pages"", ""Weight:"": ""0.28 lbs.""}",https://image-plz.thriftbooks.com/m/199562C6CE8045F3BF5F63C3BA5E9867.png
Oh My Goddess! Volume 2: Leader of the Pack,Kosuke Fujishima,"{""Format:"": ""Paperback"", ""Language:"": ""English"", ""ISBN:"": ""1569717648"", ""ISBN13:"": ""9781569717646"", ""Release Date:"": ""August 2002"", ""Publisher:"": ""Dark Horse Manga"", ""Length:"": ""152 Pages"", ""Weight:"": ""0.54 lbs."", ""Dimensions:"": ""0.4\"" x 6.3\"" x 9.3\""""}",https://i.thriftbooks.com/api/imagehandler/m/0D6AA76AACA2CD4FB58BB4466F50965DDCAEA734.jpeg
Star Wars: Episode II - Attack of the Clones,Henry Gilroy,"{""Format:"": ""Paperback"", ""Language:"": ""English"", ""ISBN:"": ""1569716099"", ""ISBN13:"": ""9781569716090"", ""Release Date:"": ""May 2002"", ""Publisher:"": ""Dark Horse Books"", ""Length:"": ""144 Pages"", ""Weight:"": ""1.20 lbs."", ""Dimensions:"": ""0.3\"" x 6.7\"" x 10.2\"""", ""Age Range:"": ""11 to 17 years"", ""Grade Range:"": ""Grades 6 to 12""}",https://i.thriftbooks.com/api/imagehandler/m/4341600D8FD67DDC05937D7C64B0843F1DD84D00.jpeg
Lone Wolf and Cub Volume 4: The Bell Warden,Kazuo Koike,"{"""": """"}",https://i.thriftbooks.com/api/imagehandler/m/17B3C73735624B4627865D247D68F46BA7D65510.jpeg
The Force Unleashed,W. Haden Blackman,"{"""": """"}",https://i.thriftbooks.com/api/imagehandler/m/5FA3739DDE175F626826DA4DFA13BB4410BBCDE8.jpeg
Trigun Maximum Volume 2: Death Blue,Yasuhiro Nightow,"{"""": """"}",https://i.thriftbooks.com/api/imagehandler/m/0FD1C48077915472ED007CFA45C0E9FE23974F2D.jpeg
Blade of the Immortal Volume 6: Dark Shadows,Hiroaki Samura,"{""Format:"": ""Paperback"", ""Language:"": ""English"", ""ISBN:"": ""156971469X"", ""ISBN13:"": ""9781569714690"", ""Release Date:"": ""November 2000"", ""Publisher:"": ""Dark Horse Manga"", ""Length:"": ""117 Pages"", ""Weight:"": ""0.65 lbs."", ""Dimensions:"": ""0.5\"" x 5.8\"" x 8.3\""""}",https://i.thriftbooks.com/api/imagehandler/m/5B021E7F1739369411AE9709B69361564F23018E.jpeg
Oh My Goddess! Volume 11: The Devil in Miss URD,Kosuke Fujishima,"{""Format:"": ""Paperback"", ""Language:"": ""English"", ""ISBN:"": ""1569715408"", ""ISBN13:"": ""9781569715406"", ""Release Date:"": ""July 2001"", ""Publisher:"": ""Dark Horse Manga"", ""Length:"": ""176 Pages"", ""Weight:"": ""0.60 lbs."", ""Dimensions:"": ""0.5\"" x 5.8\"" x 8.3\""""}",https://i.thriftbooks.com/api/imagehandler/m/7F0E1AD2C2C698BC2E6AF292CC19FE2EFF5E6188.jpeg
Lone Wolf and Cub Volume 6: Lanterns for the Dead,Kazuo Koike,"{"""": """"}",https://i.thriftbooks.com/api/imagehandler/m/E5F9077B9EB841E15ACB79EB74899528748EACE2.jpeg
Megatokyo: Volume 2,Fred Gallagher,"{""Format:"": ""Paperback"", ""Language:"": ""English"", ""ISBN:"": ""1593071183"", ""ISBN13:"": ""9781593071189"", ""Release Date:"": ""January 2004"", ""Publisher:"": ""Dark Horse Comics"", ""Length:"": ""182 Pages"", ""Weight:"": ""0.45 lbs."", ""Dimensions:"": ""0.5\"" x 5.2\"" x 7.2\"""", ""Age Range:"": ""14 to 17 years"", ""Grade Range:"": ""Grades 9 to 12""}",https://i.thriftbooks.com/api/imagehandler/m/E3281EAAE80C2BF22F2B534B5B38714E36C4D90C.jpeg
Berserk Volume 17,Kentaro Miura,"{"""": """"}",https://i.thriftbooks.com/api/imagehandler/m/791761DC480513FE3144B705372822794F1B4AED.jpeg
Megatokyo,Fred Gallagher,"{""Format:"": ""Paperback"", ""Language:"": ""English"", ""ISBN:"": ""1593073054"", ""ISBN13:"": ""9781593073053"", ""Release Date:"": ""February 2005"", ""Publisher:"": ""Dark Horse Books"", ""Length:"": ""223 Pages"", ""Weight:"": ""0.60 lbs."", ""Dimensions:"": ""0.6\"" x 5.3\"" x 7.3\"""", ""Age Range:"": ""14 to 17 years"", ""Grade Range:"": ""Grades 9 to 12""}",https://i.thriftbooks.com/api/imagehandler/m/5733E11652CEEB1AFBE4512CEB7EFDFB340C02FF.jpeg
"Oh My Goddess!, Volume 14: Queen Sayoko",Kosuke Fujishima,"{"""": """"}",https://i.thriftbooks.com/api/imagehandler/m/B4C2A6DBF8CA449898FFC83254064D7D244B2E71.jpeg
Blade of the Immortal Volume 10: Secrets,Hiroaki Samura,"{"""": """"}",https://i.thriftbooks.com/api/imagehandler/m/552099B080797211439BCBD7248ACD0CB56B5667.jpeg
Berserk: Volume 21,Kentaro Miura,"{"""": """"}",https://i.thriftbooks.com/api/imagehandler/m/9F92BC4763A5788896D45F2223815B591F10B61F.jpeg
Blade of the Immortal Volume 11: Beasts,Hiroaki Samura,"{"""": """"}",https://i.thriftbooks.com/api/imagehandler/m/6742D35D5F756132F72CF91C54B9BCC668E48D2B.jpeg
"Oh My Goddess!, Volume 10: Miss Keiichi",Kosuke Fujishima,"{""Format:"": ""Paperback"", ""Language:"": ""English"", ""ISBN:"": ""156971522X"", ""ISBN13:"": ""9781569715222"", ""Release Date:"": ""February 2001"", ""Publisher:"": ""Dark Horse Comics"", ""Length:"": ""232 Pages"", ""Weight:"": ""0.75 lbs."", ""Dimensions:"": ""0.6\"" x 5.8\"" x 8.3\""""}",https://i.thriftbooks.com/api/imagehandler/m/696960AC96BE45DEBB7969C5B4D2A934267D74B0.jpeg
Bottom of the Dark,Yasuhiro Nightow,"{""Format:"": ""Paperback"", ""Language:"": ""English"", ""ISBN:"": ""1593073143"", ""ISBN13:"": ""9781593073145"", ""Release Date:"": ""March 2005"", ""Publisher:"": ""Dark Horse Manga"", ""Length:"": ""204 Pages"", ""Weight:"": ""0.45 lbs."", ""Dimensions:"": ""0.7\"" x 5.5\"" x 7.3\""""}",https://i.thriftbooks.com/api/imagehandler/m/4B092832DCEB29CF4A08C9EB7D0518B51A1E8756.jpeg
The Ghost in the Shell 1.5: Human-Error Processor,Masamune Shirow,"{""Format:"": ""Paperback"", ""Language:"": ""English"", ""ISBN:"": ""1935429965"", ""ISBN13:"": ""9781935429968"", ""Release Date:"": ""September 2012"", ""Publisher:"": ""Kodansha Comics"", ""Length:"": ""176 Pages"", ""Weight:"": ""0.88 lbs."", ""Dimensions:"": ""0.4\"" x 7.0\"" x 10.0\"""", ""Age Range:"": ""16 years and up"", ""Grade Range:"": ""Grade 11 and higher""}",https://i.thriftbooks.com/api/imagehandler/m/5E808CBAD83B85DEAF96870C9B7EAC21AF66C157.jpeg
Berserk Volume 34,Kentaro Miura,"{"""": """"}",https://i.thriftbooks.com/api/imagehandler/m/04153381C1B1FE67EE91E03EB2CCA43786CA36CA.jpeg
"Vampire Hunter D Volume 7: Mysterious Journey to the North Sea, Part One",Hideyuki Kikuchi,"{"""": """"}",https://i.thriftbooks.com/api/imagehandler/m/941E1220103ED10C51BEFCAB2EAFF5542B886B2F.jpeg
Berserk: Volume 19,Kentaro Miura,"{"""": """"}",https://i.thriftbooks.com/api/imagehandler/m/3BF655B4C5D85DB0BD5693D7D8570A73E92F29D5.jpeg
Berserk Volume 18,Kentaro Miura,"{""Format:"": ""Paperback"", ""Language:"": ""English"", ""ISBN:"": ""1593077432"", ""ISBN13:"": ""9781593077433"", ""Release Date:"": ""August 2007"", ""Publisher:"": ""Dark Horse Manga"", ""Length:"": ""240 Pages"", ""Weight:"": ""0.50 lbs."", ""Dimensions:"": ""0.8\"" x 5.3\"" x 7.3\""""}",https://i.thriftbooks.com/api/imagehandler/m/BFCE03B30BB5AE2A0E5A6E3FA97BC2AC5EC6D456.jpeg
Vampire Hunter D Volume 9: The Rose Princess,Hideyuki Kikuchi,"{""Format:"": ""Paperback"", ""Language:"": ""English"", ""ISBN:"": ""1595821090"", ""ISBN13:"": ""9781595821096"", ""Release Date:"": ""November 2007"", ""Publisher:"": ""Dark Horse Manga"", ""Length:"": ""224 Pages"", ""Weight:"": ""0.55 lbs."", ""Dimensions:"": ""0.6\"" x 5.3\"" x 7.3\"""", ""Age Range:"": ""16 to 17 years"", ""Grade Range:"": ""Grades 11 to 12""}",https://i.thriftbooks.com/api/imagehandler/m/8DF7CD6926EC963192CBAFCB4E729BC984D3D050.jpeg
Blade of the Immortal Volume 15: Trickster,Hiroaki Samura,"{""Format:"": ""Paperback"", ""Language:"": ""English"", ""ISBN:"": ""1593074689"", ""ISBN13:"": ""9781593074685"", ""Release Date:"": ""February 2006"", ""Publisher:"": ""Dark Horse Manga"", ""Length:"": ""224 Pages"", ""Weight:"": ""0.75 lbs."", ""Dimensions:"": ""0.6\"" x 6.4\"" x 8.3\""""}",https://i.thriftbooks.com/api/imagehandler/m/443127A127E525FA19309039D6AAD1BD3563FD06.jpeg
Oh My Goddess! Volume 9: Ninja Master,Kosuke Fujishima,"{""Format:"": ""Paperback"", ""Language:"": ""English"", ""ISBN:"": ""1569714746"", ""ISBN13:"": ""9781569714744"", ""Release Date:"": ""November 2000"", ""Publisher:"": ""Dark Horse Manga"", ""Length:"": ""117 Pages"", ""Weight:"": ""0.55 lbs."", ""Dimensions:"": ""0.4\"" x 5.8\"" x 8.2\""""}",https://i.thriftbooks.com/api/imagehandler/m/D49974119E5548CE7ABD44EF7CDDE944E592E658.jpeg
Akira 2,Katsuhiro Otomo,"{""Format:"": ""Paperback"", ""Language:"": ""English"", ""ISBN:"": ""1935429027"", ""ISBN13:"": ""9781935429029"", ""Release Date:"": ""June 2010"", ""Publisher:"": ""Kodansha Comics"", ""Length:"": ""296 Pages"", ""Weight:"": ""1.30 lbs."", ""Dimensions:"": ""0.9\"" x 7.0\"" x 9.9\"""", ""Age Range:"": ""16 years and up"", ""Grade Range:"": ""Grade 11 and higher""}",https://i.thriftbooks.com/api/imagehandler/m/9E039E55FE63B32B0C04D196ADE567007DE9C11B.jpeg
Clone Wars Adventures. Vol. 5,Rick Lacy,"{""Format:"": ""Paperback"", ""Language:"": ""English"", ""ISBN:"": ""1845762754"", ""ISBN13:"": ""9781845762759"", ""Release Date:"": ""May 2006"", ""Publisher:"": ""Titan,"", ""Length:"": ""1 Pages""}",https://i.thriftbooks.com/api/imagehandler/m/0AB89120ED6E02066997718A531DBC940F62A9E7.jpeg
Blade of the Immortal Volume 1: Blood of a Thousand,Hiroaki Samura,"{"""": """"}",https://i.thriftbooks.com/api/imagehandler/m/E7BB66870157C5ABE98B5DFBCA9785DCFC48F23A.jpeg
Hellsing Volume 2,Kohta Hirano,"{""Format:"": ""Paperback"", ""Language:"": ""English"", ""ISBN:"": ""1593070578"", ""ISBN13:"": ""9781593070571"", ""Release Date:"": ""April 2004"", ""Publisher:"": ""Dark Horse Manga"", ""Length:"": ""192 Pages"", ""Weight:"": ""0.45 lbs."", ""Dimensions:"": ""0.7\"" x 5.2\"" x 7.2\""""}",https://i.thriftbooks.com/api/imagehandler/m/06FE15B941CA71C642A9F2F24C13DA4409E37F23.jpeg
Clone Wars Adventures: Volume 6,Matt Fillbach,"{""Format:"": ""Paperback"", ""Language:"": ""English"", ""ISBN:"": ""1593075677"", ""ISBN13:"": ""9781593075675"", ""Release Date:"": ""September 2006"", ""Publisher:"": ""Dark Horse Comics"", ""Length:"": ""96 Pages"", ""Weight:"": ""0.35 lbs."", ""Dimensions:"": ""0.2\"" x 5.3\"" x 7.6\"""", ""Age Range:"": ""8 to 12 years"", ""Grade Range:"": ""Grades 3 to 7""}",https://i.thriftbooks.com/api/imagehandler/m/ABA60151EAEFEBFC0F8BBC52EE38EEE1758AE10C.jpeg
"Trigun, No. 1: Deep Space Planet Future Gun Action!",Yasuhiro Nightow,"{""Format:"": ""Hardcover"", ""Language:"": ""English"", ""ISBN:"": ""076075912X"", ""ISBN13:"": ""9780760759127"", ""Release Date:"": ""January 2004"", ""Publisher:"": ""Barnes & Noble"", ""Length:"": ""359 Pages"", ""Weight:"": ""1.20 lbs.""}",https://m.media-amazon.com/images/I/515TbxURSzL._SL350_.jpg
Clone Wars Adventures: Volume 8,Matt Fillbach,"{""Format:"": ""Paperback"", ""Language:"": ""English"", ""ISBN:"": ""1593076800"", ""ISBN13:"": ""9781593076801"", ""Release Date:"": ""June 2007"", ""Publisher:"": ""Dark Horse Comics"", ""Length:"": ""80 Pages"", ""Weight:"": ""0.80 lbs."", ""Dimensions:"": ""0.2\"" x 5.3\"" x 7.5\"""", ""Age Range:"": ""9 to 13 years"", ""Grade Range:"": ""Grades 4 to 8""}",https://i.thriftbooks.com/api/imagehandler/m/78B7516594F3E73CE4CE7D9ADE015B08BBB5261B.jpeg
"Berserk, Volume 6",Kentaro Miura,"{""Format:"": ""Paperback"", ""Language:"": ""English"", ""ISBN:"": ""159307252X"", ""ISBN13:"": ""9781593072520"", ""Release Date:"": ""February 2005"", ""Publisher:"": ""Dark Horse Manga"", ""Length:"": ""223 Pages"", ""Weight:"": ""0.45 lbs."", ""Dimensions:"": ""0.8\"" x 5.2\"" x 7.3\""""}",https://i.thriftbooks.com/api/imagehandler/m/57DF7A8FF7D8D9051FE380007C06D9FE59BFB3E2.jpeg
Berserk Volume 7,Kentaro Miura,"{"""": """"}",https://i.thriftbooks.com/api/imagehandler/m/54AB61D01C2829743308E70B72D860E1CECFF1C3.jpeg
Swords and Ice Magic (The Sixth Book of Fafhrd and the Gray Mouser),Fritz Leiber,"{""Format:"": ""Mass Market Paperback"", ""Language:"": ""English"", ""ISBN:"": ""0441791689"", ""ISBN13:"": ""9780441791682"", ""Release Date:"": ""January 1979"", ""Publisher:"": ""Ace Science Fiction"", ""Weight:"": ""0.30 lbs.""}",https://m.media-amazon.com/images/I/51Klcp45VRL._SL350_.jpg
Clone Wars Adventures,Shawn Fillbach,"{""Format:"": ""Paperback"", ""Language:"": ""English"", ""ISBN:"": ""1593078323"", ""ISBN13:"": ""9781593078324"", ""Release Date:"": ""October 2007"", ""Publisher:"": ""Dark Horse Comics"", ""Length:"": ""80 Pages"", ""Weight:"": ""0.35 lbs."", ""Dimensions:"": ""0.2\"" x 5.4\"" x 7.5\"""", ""Age Range:"": ""9 to 13 years"", ""Grade Range:"": ""Grades 4 to 8""}",https://i.thriftbooks.com/api/imagehandler/m/6F0E54DDD27A81CED1F35285741D8F2E4E3FA85B.jpeg
Star Wars: Clone Wars Volume 1 the Defense of Kamino,John Ostrander,"{""Format:"": ""Paperback"", ""Language:"": ""English"", ""ISBN:"": ""1569719624"", ""ISBN13:"": ""9781569719626"", ""Release Date:"": ""September 2003"", ""Publisher:"": ""Dark Horse Books"", ""Length:"": ""128 Pages"", ""Weight:"": ""0.70 lbs."", ""Dimensions:"": ""0.3\"" x 6.7\"" x 10.2\""""}",https://i.thriftbooks.com/api/imagehandler/m/517C1E519DDF1AEE94BEFA1D6729257E277C476A.jpeg
Blade of the Immortal Volume 2: Cry of the Worm,Hiroaki Samura,"{"""": """"}",https://i.thriftbooks.com/api/imagehandler/m/E54FB702419C2CC36BF940F9CE11C335EE111EFF.jpeg
Fray: Future Slayer,Joss Whedon,"{""Format:"": ""Paperback"", ""Language:"": ""English"", ""ISBN:"": ""1569717516"", ""ISBN13:"": ""9781569717516"", ""Release Date:"": ""December 2003"", ""Publisher:"": ""Dark Horse Books"", ""Length:"": ""216 Pages"", ""Weight:"": ""1.15 lbs."", ""Dimensions:"": ""0.4\"" x 6.7\"" x 10.2\"""", ""Age Range:"": ""15 to 17 years"", ""Grade Range:"": ""Grades 10 to 12""}",https://i.thriftbooks.com/api/imagehandler/m/45F7C9A25795D7E7ADAB4B080C76709D1CE71CB3.jpeg
Shipyards of Doom,Henry Gilroy,"{""Format:"": ""Paperback"", ""Language:"": ""English"", ""ISBN:"": ""1595822070"", ""ISBN13:"": ""9781595822079"", ""Release Date:"": ""October 2008"", ""Publisher:"": ""Dark Horse Comics"", ""Length:"": ""92 Pages"", ""Weight:"": ""0.40 lbs."", ""Dimensions:"": ""0.3\"" x 5.2\"" x 7.5\"""", ""Age Range:"": ""13 to 17 years"", ""Grade Range:"": ""Grades 8 to 12""}",https://i.thriftbooks.com/api/imagehandler/m/C7CC8A7D210054A69C43D2FCAFEF171CF432D694.jpeg
Hellboy - O Despertar do Demônio - Edição Histórica- Volume 02 (Em Portuguese do Brasil),Mike Mignola,"{""Format:"": ""Hardcover"", ""ISBN:"": ""8578670051"", ""Release Date:"": ""January 2014"", ""Publisher:"": ""Mythos"", ""Length:"": ""148 Pages"", ""Weight:"": ""1.20 lbs."", ""Dimensions:"": ""0.2\"" x 6.8\"" x 10.4\""""}",https://m.media-amazon.com/images/I/41ELH0ziG8L._SL350_.jpg
Lone Wolf and Cub Volume 2: The Gateless Barrier,Kazuo Koike,"{""Format:"": ""Paperback"", ""Language:"": ""English"", ""ISBN:"": ""1569715033"", ""ISBN13:"": ""9781569715031"", ""Release Date:"": ""October 2000"", ""Publisher:"": ""Dark Horse Manga"", ""Length:"": ""117 Pages"", ""Weight:"": ""0.40 lbs."", ""Dimensions:"": ""0.9\"" x 4.2\"" x 6.1\""""}",https://i.thriftbooks.com/api/imagehandler/m/07EB9098466D65F0A402ED0FBF12FCCC6AAE6884.jpeg
Mogworld,Yahtzee Croshaw,"{""Format:"": ""Paperback"", ""Language:"": ""English"", ""ISBN:"": ""1595825290"", ""Release Date:"": ""September 2010"", ""Publisher:"": ""Dark Horse"", ""Length:"": ""350 Pages"", ""Weight:"": ""0.50 lbs."", ""Dimensions:"": ""6.8\"" x 1.0\"" x 4.2\""""}",https://m.media-amazon.com/images/I/51XJw6mMcJL._SL350_.jpg
"Indiana Jones Adventures, Volume 1",Philip Gelatt,"{""Format:"": ""Paperback"", ""Language:"": ""English"", ""ISBN:"": ""1593079052"", ""ISBN13:"": ""9781593079055"", ""Release Date:"": ""July 2008"", ""Publisher:"": ""Dark Horse Comics"", ""Length:"": ""80 Pages"", ""Weight:"": ""0.30 lbs."", ""Dimensions:"": ""0.2\"" x 5.1\"" x 7.5\"""", ""Age Range:"": ""9 to 12 years"", ""Grade Range:"": ""Grades 4 to 7""}",https://i.thriftbooks.com/api/imagehandler/m/DC145EA11470DDA87B29F3019A90517F6D2C60FB.jpeg
In Service of the Republic,Steven Melching,"{"""": """"}",https://i.thriftbooks.com/api/imagehandler/m/BAF334C9C461919B1AC48F19D74BC9D601C5258E.jpeg
Star Wars: The Clone Wars - The Starcrusher Trap,Mike W. Barr,"{"""": """"}",https://m.media-amazon.com/images/I/51+AZoFfKiL._SL350_.jpg
"The Ghost in the Shell, Volume 2",Masamune Shirow,"{""Format:"": ""Hardcover"", ""Language:"": ""English"", ""ISBN:"": ""1632364239"", ""ISBN13:"": ""9781632364234"", ""Release Date:"": ""February 2017"", ""Publisher:"": ""Kodansha Comics"", ""Length:"": ""320 Pages"", ""Weight:"": ""1.95 lbs."", ""Dimensions:"": ""0.9\"" x 6.5\"" x 10.9\"""", ""Age Range:"": ""16 years and up"", ""Grade Range:"": ""Grade 11 and higher""}",https://i.thriftbooks.com/api/imagehandler/m/CFE47FBF740899DA91A23D0AF2B11ED6FB79537B.jpeg
Berserk Volume 12,Kentaro Miura,"{"""": """"}",https://i.thriftbooks.com/api/imagehandler/m/2410327FF653DC4D6D4F97D6207753F02FB2384B.jpeg
Chewbacca and the Slavers of the Shadowlands,Chris Cerasi,"{""Format:"": ""Paperback"", ""Language:"": ""English"", ""ISBN:"": ""1595827641"", ""ISBN13:"": ""9781595827647"", ""Release Date:"": ""September 2011"", ""Publisher:"": ""Dark Horse Comics"", ""Length:"": ""80 Pages"", ""Weight:"": ""0.36 lbs."", ""Dimensions:"": ""0.2\"" x 5.2\"" x 7.2\"""", ""Age Range:"": ""9 to 12 years"", ""Grade Range:"": ""Grades 4 to 7""}",https://i.thriftbooks.com/api/imagehandler/m/D923B5367DF989A4B8CF602C0CC120094F816DC2.jpeg
Aliens vs. Predator: Thrill of the Hunt,Mike Kennedy,"{"""": """"}",https://i.thriftbooks.com/api/imagehandler/m/FCFAB3E256012FF669EF8F6E73A68222C0F6BD3A.jpeg
"Gate 7, Volume 1",CLAMP,"{"""": """"}",https://i.thriftbooks.com/api/imagehandler/m/785478939D1E8D308AE904304B1155A192085AA2.jpeg
Oh My Goddess! Volume 12: The Fourth Goddess,Kosuke Fujishima,"{""Format:"": ""Paperback"", ""Language:"": ""English"", ""ISBN:"": ""1569715513"", ""ISBN13:"": ""9781569715512"", ""Release Date:"": ""October 2001"", ""Publisher:"": ""Dark Horse Manga"", ""Length:"": ""280 Pages"", ""Weight:"": ""0.92 lbs."", ""Dimensions:"": ""0.7\"" x 5.8\"" x 8.3\"""", ""Age Range:"": ""14 to 17 years"", ""Grade Range:"": ""Grades 9 to 12""}",https://i.thriftbooks.com/api/imagehandler/m/D26FF80E58A902E3DF28499802980916408ED7AA.jpeg
Princess Leia and the Royal Ransom,Jeremy Barlow,"{""Format:"": ""Paperback"", ""Language:"": ""English"", ""ISBN:"": ""1595821473"", ""ISBN13:"": ""9781595821478"", ""Release Date:"": ""August 2009"", ""Publisher:"": ""Dark Horse Comics"", ""Length:"": ""76 Pages"", ""Weight:"": ""0.35 lbs."", ""Dimensions:"": ""0.2\"" x 5.2\"" x 7.4\"""", ""Age Range:"": ""9 to 12 years"", ""Grade Range:"": ""Grades 4 to 7""}",https://i.thriftbooks.com/api/imagehandler/m/DA1D806375D614B12ACD317F2D0422F955B56F5C.jpeg
The Last Dragon,Jane Yolen,"{""Format:"": ""Hardcover"", ""Language:"": ""English"", ""ISBN:"": ""1595827986"", ""Release Date:"": ""September 2011"", ""Publisher:"": ""Dark Horse Books"", ""Length:"": ""144 Pages"", ""Weight:"": ""1.70 lbs."", ""Dimensions:"": ""11.5\"" x 8.3\"" x 0.8\""""}",https://m.media-amazon.com/images/I/610wiXAvMXL._SL350_.jpg
Conqueror Worm,Mike Mignola,"{""Format:"": ""Paperback"", ""Language:"": ""English"", ""ISBN:"": ""1593070926"", ""ISBN13:"": ""9781593070922"", ""Release Date:"": ""February 2004"", ""Publisher:"": ""Dark Horse Books"", ""Length:"": ""168 Pages"", ""Weight:"": ""0.75 lbs."", ""Dimensions:"": ""0.3\"" x 6.7\"" x 10.2\""""}",https://i.thriftbooks.com/api/imagehandler/m/F2DC871222B5760D6B33654A8DACB3861E849A39.jpeg
Trigun Maximum Volume 3: His Life as A...,Yasuhiro Nightow,"{"""": """"}",https://i.thriftbooks.com/api/imagehandler/m/6A4702E01B6F4062479858426908DE8A4389BCB6.jpeg
Blade of the Immortal Volume 9: The Gathering II,Hiroaki Samura,"{"""": """"}",https://i.thriftbooks.com/api/imagehandler/m/0B95B2AAAA81C09FA15E9CBADD343D592EFDA17D.jpeg
Star Wars Battle of Bounty Hunters,Ryder Windham,"{""Format:"": ""Hardcover"", ""Language:"": ""English"", ""ISBN:"": ""1569711291"", ""ISBN13:"": ""9781569711293"", ""Release Date:"": ""July 1996"", ""Publisher:"": ""Dark Horse Books"", ""Length:"": ""12 Pages"", ""Weight:"": ""0.70 lbs."", ""Dimensions:"": ""0.7\"" x 7.1\"" x 10.7\"""", ""Age Range:"": ""14 to 17 years"", ""Grade Range:"": ""Grades 9 to 12""}",https://i.thriftbooks.com/api/imagehandler/m/31CAB448253E8F4B6D4DBB4CD9AB488F5B349350.jpeg
Translucent: Volume 1,Kazuhiro Okamoto,"{"""": """"}",https://i.thriftbooks.com/api/imagehandler/m/247140C068007BC63EB5EEAD70C6688FEDCD4859.jpeg
Lone Wolf and Cub Volume 8: Chains of Death,Kazuo Koike,"{""Format:"": ""Paperback"", ""Language:"": ""English"", ""ISBN:"": ""1569715092"", ""ISBN13:"": ""9781569715093"", ""Release Date:"": ""April 2001"", ""Publisher:"": ""Dark Horse Manga"", ""Length:"": ""117 Pages"", ""Weight:"": ""0.40 lbs."", ""Dimensions:"": ""0.8\"" x 4.1\"" x 6.0\""""}",https://i.thriftbooks.com/api/imagehandler/m/E7EAA6B4E59DCA563643420E53964B9449DE7407.jpeg
Bride of the Water God: Volume 2,Mi-Kyung Yun,"{"""": """"}",https://i.thriftbooks.com/api/imagehandler/m/ED7F451673FCC8745D28A3EC33177FC938627FEA.jpeg
Hard Boiled (Second Edition),Frank Miller,"{""Format:"": ""Paperback"", ""Language:"": ""English"", ""ISBN:"": ""1506731090"", ""ISBN13:"": ""9781506731094"", ""Release Date:"": ""April 2023"", ""Publisher:"": ""Dark Horse Books"", ""Length:"": ""136 Pages"", ""Weight:"": ""0.70 lbs."", ""Dimensions:"": ""0.4\"" x 6.5\"" x 10.1\""""}",https://i.thriftbooks.com/api/imagehandler/m/55E60E7B812C0B33E2B816719C981C775A4C9DC2.jpeg
"Oh My Goddess!, Volume 18: The Phantom Racer",Kosuke Fujishima,"{""Format:"": ""Paperback"", ""Language:"": ""English"", ""ISBN:"": ""1593072171"", ""ISBN13:"": ""9781593072179"", ""Release Date:"": ""May 2004"", ""Publisher:"": ""Dark Horse Comics"", ""Length:"": ""256 Pages"", ""Weight:"": ""0.90 lbs."", ""Dimensions:"": ""0.7\"" x 5.9\"" x 8.3\"""", ""Age Range:"": ""14 to 17 years"", ""Grade Range:"": ""Grades 9 to 12""}",https://i.thriftbooks.com/api/imagehandler/m/23496E205E74D8CE47CB5E1720F39938130F89CF.jpeg
Oh My Goddess! Volume 5: Sympathy for the Devil,Kosuke Fujishima,"{""Format:"": ""Paperback"", ""Language:"": ""English"", ""ISBN:"": ""1569713294"", ""ISBN13:"": ""9781569713297"", ""Release Date:"": ""May 1998"", ""Publisher:"": ""Dark Horse Manga"", ""Length:"": ""117 Pages"", ""Weight:"": ""0.55 lbs."", ""Dimensions:"": ""0.4\"" x 5.8\"" x 8.3\""""}",https://i.thriftbooks.com/api/imagehandler/m/C3143C57B78DF92D82D0A187F53322E51E6A2D4A.jpeg
Oh My Goddess! Volume 23,Kosuke Fujishima,"{""Format:"": ""Paperback"", ""Language:"": ""English"", ""ISBN:"": ""1593074638"", ""ISBN13:"": ""9781593074630"", ""Release Date:"": ""June 2006"", ""Publisher:"": ""Dark Horse Manga"", ""Length:"": ""167 Pages"", ""Weight:"": ""0.35 lbs."", ""Dimensions:"": ""0.6\"" x 6.7\"" x 7.2\"""", ""Age Range:"": ""14 to 17 years"", ""Grade Range:"": ""Grades 9 to 12""}",https://i.thriftbooks.com/api/imagehandler/m/98D305F20C3D522AE468DC98C35E4C8391DF8505.jpeg
