Book Name,Authors,Info,Image URL
Agile Database Techniques: Effective Strategies for the Agile Software Developer,Scott W. Ambler,"{""Format:"": ""Paperback"", ""Language:"": ""English"", ""ISBN:"": ""0471202835"", ""ISBN13:"": ""9780471202837"", ""Release Date:"": ""October 2003"", ""Publisher:"": ""Wiley Publishing"", ""Length:"": ""447 Pages"", ""Weight:"": ""0.70 lbs."", ""Dimensions:"": ""1.1\"" x 7.2\"" x 9.4\""""}",https://i.thriftbooks.com/api/imagehandler/m/51BBEB7E495E66184FD5026F7DEFAAD91044D4BA.jpeg
Database Hacker's Handbook w/WS,John Heasman,"{""Format:"": ""Paperback"", ""Language:"": ""English"", ""ISBN:"": ""0764578014"", ""ISBN13:"": ""9780764578014"", ""Release Date:"": ""July 2005"", ""Publisher:"": ""Wiley"", ""Length:"": ""528 Pages"", ""Weight:"": ""1.75 lbs."", ""Dimensions:"": ""1.2\"" x 7.4\"" x 9.2\""""}",https://i.thriftbooks.com/api/imagehandler/m/ECC8A39E1489DC8B27A1C6604FCA144D9E173F37.jpeg
"Database Systems: Design, Implementation, and Management [With Access Code]",Carlos M. Coronel,"{""Format:"": ""Hardcover"", ""Language:"": ""English"", ""ISBN:"": ""1111969604"", ""ISBN13:"": ""9781111969608"", ""Release Date:"": ""January 2012"", ""Publisher:"": ""Course Technology"", ""Length:"": ""726 Pages"", ""Weight:"": ""0.05 lbs."", ""Dimensions:"": ""1.2\"" x 8.7\"" x 11.1\""""}",https://i.thriftbooks.com/api/imagehandler/m/67336FF8F231EB1ED32CA548E49F16AD2E554641.jpeg
A First Course in Database Systems,Jeffrey D. Ullman,"{""Format:"": ""Hardcover"", ""Language:"": ""English"", ""ISBN:"": ""0130353000"", ""ISBN13:"": ""9780130353009"", ""Release Date:"": ""January 2001"", ""Publisher:"": ""Prentice Hall"", ""Length:"": ""528 Pages"", ""Weight:"": ""2.10 lbs."", ""Dimensions:"": ""1.0\"" x 7.2\"" x 9.4\""""}",https://i.thriftbooks.com/api/imagehandler/m/4C0A63B1AC9950B83C502D1255E4E26CE2FB9AA0.jpeg
Database Management Systems,Johannes Gehrke,"{""Format:"": ""Hardcover"", ""Language:"": ""English"", ""ISBN:"": ""0072322063"", ""ISBN13:"": ""9780072322064"", ""Release Date:"": ""January 2000"", ""Publisher:"": ""McGraw-Hill College"", ""Length:"": ""740 Pages"", ""Weight:"": ""3.15 lbs."", ""Dimensions:"": ""9.8\"" x 1.5\"" x 7.7\""""}",https://i.thriftbooks.com/api/imagehandler/m/DA7B4EAE3A5FBF6355F615F8BF247395C03B7858.jpeg
Databases,Andy Oppel,"{""Format:"": ""Paperback"", ""Language:"": ""English"", ""ISBN:"": ""007160846X"", ""ISBN13:"": ""9780071608466"", ""Release Date:"": ""April 2009"", ""Publisher:"": ""McGraw-Hill Companies"", ""Length:"": ""496 Pages"", ""Weight:"": ""1.85 lbs."", ""Dimensions:"": ""1.1\"" x 7.3\"" x 9.1\""""}",https://i.thriftbooks.com/api/imagehandler/m/A3280C4335B52174B26351C0DD53C9AB95AC2801.jpeg
Database Design for Mere Mortals: A Hands-On Guide to Relational Database Design [With CDROM],Michael J. Hernandez,"{""Format:"": ""Paperback"", ""Language:"": ""English"", ""ISBN:"": ""0201752840"", ""ISBN13:"": ""9780201752847"", ""Release Date:"": ""May 2003"", ""Publisher:"": ""Addison-Wesley Professional"", ""Length:"": ""672 Pages"", ""Weight:"": ""2.30 lbs."", ""Dimensions:"": ""1.4\"" x 7.4\"" x 9.3\""""}",https://i.thriftbooks.com/api/imagehandler/m/9F8A1B67044CC8A054865E1817F677FB12BC3139.jpeg
Modern Database Management,Jeffrey A. Hoffer,"{""Format:"": ""Hardcover"", ""Language:"": ""English"", ""ISBN:"": ""0132662256"", ""ISBN13:"": ""9780132662253"", ""Release Date:"": ""July 2012"", ""Publisher:"": ""Pearson"", ""Length:"": ""624 Pages"", ""Weight:"": ""3.05 lbs."", ""Dimensions:"": ""1.1\"" x 8.7\"" x 10.9\""""}",https://i.thriftbooks.com/api/imagehandler/m/8200DB02D9D174486E4639E3C4B9498DF1BFA7F2.jpeg
Distributed and Multi-Database Systems,Angelo R. Bobak,"{"""": """"}",https://i.thriftbooks.com/api/imagehandler/m/695AA3C83DFE6CA25BDC5CA5AC74586289C84CBC.jpeg
XML Databases and the Semantic Web,Bhavani Thuraisingham,"{""Format:"": ""Paperback"", ""Language:"": ""English"", ""ISBN:"": ""0367396246"", ""ISBN13:"": ""9780367396244"", ""Release Date:"": ""September 2019"", ""Publisher:"": ""CRC Press"", ""Length:"": ""336 Pages"", ""Weight:"": ""1.10 lbs."", ""Dimensions:"": ""0.9\"" x 6.0\"" x 9.1\""""}",https://i.thriftbooks.com/api/imagehandler/m/19758B8ED67D5E35FC44A6B78D469A912A31F931.jpeg
"SQL in 10 Minutes, Sams Teach Yourself",Ben Forta,"{""Format:"": ""Paperback"", ""Language:"": ""English"", ""ISBN:"": ""0672336073"", ""ISBN13:"": ""9780672336072"", ""Release Date:"": ""October 2012"", ""Publisher:"": ""Sams Publishing"", ""Length:"": ""288 Pages"", ""Weight:"": ""0.86 lbs."", ""Dimensions:"": ""0.7\"" x 5.5\"" x 8.3\""""}",https://i.thriftbooks.com/api/imagehandler/m/F22F0FFB24E93880CCE5145CA26BFDED6BA1457A.jpeg
Mastering Regular Expressions,Jeffrey E.F. Friedl,"{""Format:"": ""Paperback"", ""Language:"": ""English"", ""ISBN:"": ""1565922573"", ""ISBN13:"": ""9781565922570"", ""Release Date:"": ""January 1997"", ""Publisher:"": ""O'Reilly Media"", ""Length:"": ""368 Pages"", ""Weight:"": ""1.32 lbs."", ""Dimensions:"": ""0.8\"" x 7.0\"" x 9.2\""""}",https://i.thriftbooks.com/api/imagehandler/m/629F5DA60A5C760547E58D485719BD6B3531C67C.jpeg
SQL for Dummies,Allen G. Taylor,"{""Format:"": ""Paperback"", ""Language:"": ""English"", ""ISBN:"": ""0470557419"", ""ISBN13:"": ""9780470557419"", ""Release Date:"": ""February 2010"", ""Publisher:"": ""For Dummies"", ""Length:"": ""440 Pages"", ""Weight:"": ""0.70 lbs."", ""Dimensions:"": ""1.1\"" x 7.3\"" x 9.0\""""}",https://i.thriftbooks.com/api/imagehandler/m/993A41711491086DC26D93ECE95079CD31847333.jpeg
"Learning PHP, MySQL, and JavaScript: A Step-By-Step Guide to Creating Dynamic Websites",Robin Nixon,"{""Format:"": ""Paperback"", ""Language:"": ""English"", ""ISBN:"": ""0596157134"", ""ISBN13:"": ""9780596157135"", ""Release Date:"": ""July 2009"", ""Publisher:"": ""O'Reilly Media"", ""Length:"": ""505 Pages"", ""Weight:"": ""1.92 lbs."", ""Dimensions:"": ""1.1\"" x 7.0\"" x 9.2\""""}",https://i.thriftbooks.com/api/imagehandler/m/95BAAB566CA659E78A09BA50BCCE7633C2275F28.jpeg
The Data Warehouse Toolkit: The Complete Guide to Dimensional Modeling,Ralph Kimball,"{""Format:"": ""Paperback"", ""Language:"": ""English"", ""ISBN:"": ""0471200247"", ""ISBN13:"": ""9780471200246"", ""Release Date:"": ""April 2002"", ""Publisher:"": ""Wiley"", ""Length:"": ""464 Pages"", ""Weight:"": ""1.65 lbs."", ""Dimensions:"": ""1.0\"" x 7.7\"" x 9.1\""""}",https://i.thriftbooks.com/api/imagehandler/m/B687C4162A1C072175986DAA0E53625D2BD09B27.jpeg
Learning SQL: Master SQL Fundamentals,Alan Beaulieu,"{""Format:"": ""Paperback"", ""Language:"": ""English"", ""ISBN:"": ""0596520832"", ""ISBN13:"": ""9780596520830"", ""Release Date:"": ""May 2009"", ""Publisher:"": ""O'Reilly Media"", ""Length:"": ""336 Pages"", ""Weight:"": ""1.11 lbs."", ""Dimensions:"": ""0.7\"" x 6.9\"" x 9.0\""""}",https://i.thriftbooks.com/api/imagehandler/m/737389AC8DC7987C086D8F1A857571A7B7F0A807.jpeg
Data Structures and Algorithms,Jeffrey D. Ullman,"{""Format:"": ""Paperback"", ""Language:"": ""English"", ""ISBN:"": ""0201000237"", ""ISBN13:"": ""9780201000238"", ""Release Date:"": ""January 1983"", ""Publisher:"": ""Pearson"", ""Length:"": ""448 Pages"", ""Weight:"": ""1.54 lbs."", ""Dimensions:"": ""0.9\"" x 6.3\"" x 9.2\""""}",https://i.thriftbooks.com/api/imagehandler/m/C4CCF9533596C1094C338DA2E5DE36B23AB31B2B.jpeg
SQL Pocket Guide: A Guide to SQL Usage,Jonathan Gennick,"{""Format:"": ""Paperback"", ""Language:"": ""English"", ""ISBN:"": ""1449394094"", ""Release Date:"": ""December 2010"", ""Publisher:"": ""O'Reilly Media"", ""Length:"": ""204 Pages"", ""Weight:"": ""0.40 lbs."", ""Dimensions:"": ""7.0\"" x 0.5\"" x 4.3\""""}",https://m.media-amazon.com/images/I/41y4crBLVPL._SL350_.jpg
SQL Queries for Mere Mortals: A Hands-On Guide to Data Manipulation in SQL [With CDROM],John L. Viescas,"{""Format:"": ""Paperback"", ""Language:"": ""English"", ""ISBN:"": ""0321444434"", ""ISBN13:"": ""9780321444431"", ""Release Date:"": ""January 2007"", ""Publisher:"": ""Addison-Wesley Professional"", ""Length:"": ""631 Pages"", ""Weight:"": ""2.25 lbs."", ""Dimensions:"": ""1.3\"" x 7.0\"" x 9.2\""""}",https://i.thriftbooks.com/api/imagehandler/m/CFD661989C68FD6B6A99E0615A854153F0D9F837.jpeg
"Structure and Interpretation of Computer Programs, 2nd Edition",Harold Abelson,"{""Format:"": ""Hardcover"", ""Language:"": ""English"", ""ISBN:"": ""0262011530"", ""ISBN13:"": ""9780262011532"", ""Release Date:"": ""July 1996"", ""Publisher:"": ""MIT Press (MA)"", ""Length:"": ""657 Pages"", ""Weight:"": ""0.90 lbs."", ""Dimensions:"": ""1.4\"" x 6.2\"" x 9.1\""""}",https://i.thriftbooks.com/api/imagehandler/m/1CDE66A227BBF81252A67AD832C16FA3D015183A.jpeg
How to Build a Digital Library,Ian H. Witten,"{""Format:"": ""Paperback"", ""Language:"": ""English"", ""ISBN:"": ""0123748577"", ""ISBN13:"": ""9780123748577"", ""Release Date:"": ""October 2009"", ""Publisher:"": ""Morgan Kaufmann Publishers"", ""Length:"": ""656 Pages"", ""Weight:"": ""2.85 lbs."", ""Dimensions:"": ""1.4\"" x 7.4\"" x 9.0\""""}",https://i.thriftbooks.com/api/imagehandler/m/03FF04A1B38304820F0AB95DF9042FFAB11C0B58.jpeg
Management Support Systeme Und Business Intelligence: Computergestützte Informationssysteme Für Fach- Und Führungskräfte [German],Roland Gabriel,"{"""": """", ""Language:"": ""German""}",https://i.thriftbooks.com/api/imagehandler/m/FC6507EF494A566A1E33149210ED183E7EBC58E8.jpeg
"E-Commerce Book, The: Building the E-Empire (Communications, Networking and Multimedia)",Steffano Korper,"{""Format:"": ""Hardcover"", ""Language:"": ""English"", ""ISBN:"": ""0124211607"", ""Release Date:"": ""September 1999"", ""Publisher:"": ""Academic Press"", ""Length:"": ""284 Pages"", ""Weight:"": ""1.39 lbs."", ""Dimensions:"": ""10.0\"" x 6.0\"" x 1.0\""""}",https://m.media-amazon.com/images/I/21r4y5m9hkL._SL350_.jpg
IBM Redux: Lou Gerstner and the Business Turnaround of the Decade,Doug Garr,"{""Format:"": ""Hardcover"", ""Language:"": ""English"", ""ISBN:"": ""0887309437"", ""ISBN13:"": ""9780887309434"", ""Release Date:"": ""August 1999"", ""Publisher:"": ""Harper Business"", ""Length:"": ""384 Pages"", ""Weight:"": ""0.10 lbs."", ""Dimensions:"": ""1.2\"" x 6.5\"" x 9.6\""""}",https://i.thriftbooks.com/api/imagehandler/m/50AF88AAF3E5007FF81262B64DCA09C673A75B2B.jpeg
Super Crunchers: Why Thinking-By-Numbers Is the New Way to Be Smart,Ian Ayres,"{""Format:"": ""Hardcover"", ""Language:"": ""English"", ""ISBN:"": ""0553805401"", ""ISBN13:"": ""9780553805406"", ""Release Date:"": ""August 2007"", ""Publisher:"": ""Bantam Books"", ""Length:"": ""260 Pages"", ""Weight:"": ""1.05 lbs."", ""Dimensions:"": ""1.0\"" x 6.4\"" x 9.2\""""}",https://i.thriftbooks.com/api/imagehandler/m/75106463DB5C074A1C453E8DE070572F1C37EFC0.jpeg
Fully Tuned Radial Basis Function Neural Networks for Flight Control,P. Saratchandran,"{""Format:"": ""Paperback"", ""Language:"": ""English"", ""ISBN:"": ""1441949151"", ""ISBN13:"": ""9781441949158"", ""Release Date:"": ""December 2010"", ""Publisher:"": ""Springer"", ""Length:"": ""158 Pages"", ""Weight:"": ""0.56 lbs."", ""Dimensions:"": ""0.4\"" x 6.1\"" x 9.2\""""}",https://i.thriftbooks.com/api/imagehandler/m/9802F2553698FDBB58E609E936A1013A863F00D4.jpeg
Bioinformatics Technologies,Yi-Ping Phoebe Chen,"{""Format:"": ""Paperback"", ""Language:"": ""English"", ""ISBN:"": ""3642422020"", ""ISBN13:"": ""9783642422027"", ""Release Date:"": ""November 2014"", ""Publisher:"": ""Springer"", ""Length:"": ""396 Pages"", ""Weight:"": ""1.27 lbs."", ""Dimensions:"": ""0.8\"" x 6.1\"" x 9.2\""""}",https://m.media-amazon.com/images/I/41h5jnfA3DL._SL350_.jpg
Exploratory Data Analysis with MATLAB,Angel R. Martinez,"{""Format:"": ""Hardcover"", ""Language:"": ""English"", ""ISBN:"": ""149877606X"", ""ISBN13:"": ""9781498776066"", ""Release Date:"": ""July 2017"", ""Publisher:"": ""CRC Press"", ""Length:"": ""590 Pages"", ""Weight:"": ""2.20 lbs."", ""Dimensions:"": ""1.6\"" x 6.2\"" x 9.3\""""}",https://i.thriftbooks.com/api/imagehandler/m/0B0049018E6C96C99D6702252A5047A272063FAF.jpeg
Data Structures with Java,John R. Hubbard,"{""Format:"": ""Hardcover"", ""Language:"": ""English"", ""ISBN:"": ""0130933740"", ""ISBN13:"": ""9780130933744"", ""Release Date:"": ""September 2003"", ""Publisher:"": ""Prentice Hall"", ""Length:"": ""613 Pages"", ""Weight:"": ""3.00 lbs.""}",https://i.thriftbooks.com/api/imagehandler/m/8860A8369D2FA60B471391B784DCF19E5BB39322.jpeg
Business Intelligence for the Enterprise,Mike Biere,"{"""": """"}",https://i.thriftbooks.com/api/imagehandler/m/47C530847545B89A4C7D8D65288000218945E1C2.jpeg
"Advances in Informatics: 10th Panhellenic Conference on Informatics, PCI 2005, Volas, Greece, November 11-13, 2005, Proceedings",Panayiotis Bozanis,"{"""": """"}",https://i.thriftbooks.com/api/imagehandler/m/F2D4F2E8228822A19BE070586B27F658F97A8C18.jpeg
"Computational Methods in Systems Biology: International Conference, CMSB 2006, Trento, Italy, October 18-19, 2006, Proceedings",Corrado Priami,"{"""": """"}",https://i.thriftbooks.com/api/imagehandler/m/158D704AB7452BAD3AD75CE5FA356F248DEBD3B5.jpeg
Behind the Silicon Curtain: The Seductions of Work in a Lonely Era,Dennis Hayes,"{""Format:"": ""Hardcover"", ""Language:"": ""English"", ""ISBN:"": ""0896083519"", ""ISBN13:"": ""9780896083516"", ""Release Date:"": ""July 1999"", ""Publisher:"": ""South End Press"", ""Length:"": ""215 Pages"", ""Weight:"": ""0.55 lbs."", ""Dimensions:"": ""0.7\"" x 5.6\"" x 8.8\""""}",https://m.media-amazon.com/images/I/41cz2tkoP7L._SL350_.jpg
IT Manager's Handbook: Getting Your New Job Done,Brian D. Jaffe,"{""Format:"": ""Paperback"", ""Language:"": ""English"", ""ISBN:"": ""012370488X"", ""ISBN13:"": ""9780123704887"", ""Release Date:"": ""October 2006"", ""Publisher:"": ""Morgan Kaufmann Publishers"", ""Length:"": ""632 Pages"", ""Weight:"": ""2.80 lbs."", ""Dimensions:"": ""1.1\"" x 7.5\"" x 9.2\""""}",https://i.thriftbooks.com/api/imagehandler/m/520A74AA0DA0DB8E489250694225E50D7A53E041.jpeg
"Direct from Dell: Chairman and Chief Executive Officer, Dell Computer Corporation",Michael Dell,"{""Format:"": ""Hardcover"", ""Language:"": ""English"", ""ISBN:"": ""0887309143"", ""ISBN13:"": ""9780887309144"", ""Release Date:"": ""February 1999"", ""Publisher:"": ""Harper Business"", ""Length:"": ""256 Pages"", ""Weight:"": ""0.50 lbs."", ""Dimensions:"": ""0.9\"" x 6.1\"" x 9.1\""""}",https://i.thriftbooks.com/api/imagehandler/m/9FBA4E0590F709C6205C74CBE88E8732FF8EDF53.jpeg
Investigative Data Mining for Security and Criminal Detection,Jesus Mena,"{""Format:"": ""Paperback"", ""Language:"": ""English"", ""ISBN:"": ""0750676132"", ""ISBN13:"": ""9780750676137"", ""Release Date:"": ""December 2002"", ""Publisher:"": ""Butterworth-Heinemann"", ""Length:"": ""472 Pages"", ""Weight:"": ""2.00 lbs."", ""Dimensions:"": ""0.8\"" x 7.0\"" x 9.2\""""}",https://i.thriftbooks.com/api/imagehandler/m/47397F87DDAFE4C3A8586C1EFE0BE41C298F7C1B.jpeg
Windows Communication Foundation 4 Step by Step [With Access Code],John Sharp,"{"""": """"}",https://i.thriftbooks.com/api/imagehandler/m/D19D1A2CC7064766F291729119209B294D8FE859.jpeg
Data Structures and Algorithms in C++,Adam Drozdek,"{""Format:"": ""Hardcover"", ""Language:"": ""English"", ""ISBN:"": ""0534491820"", ""ISBN13:"": ""9780534491826"", ""Release Date:"": ""September 2004"", ""Publisher:"": ""Course Technology"", ""Length:"": ""758 Pages"", ""Weight:"": ""3.00 lbs."", ""Dimensions:"": ""1.3\"" x 7.5\"" x 9.3\""""}",https://i.thriftbooks.com/api/imagehandler/m/1743D227807E7E92D5912454202CF8A72C037ECF.jpeg
PHP and MySQL for Dummies [With CDROM],Janet Valade,"{""Format:"": ""Paperback"", ""Language:"": ""English"", ""ISBN:"": ""0764516507"", ""ISBN13:"": ""9780764516504"", ""Release Date:"": ""April 2002"", ""Publisher:"": ""For Dummies"", ""Length:"": ""408 Pages"", ""Weight:"": ""1.45 lbs."", ""Dimensions:"": ""0.9\"" x 7.4\"" x 9.2\""""}",https://i.thriftbooks.com/api/imagehandler/m/E3F9F030E5F5ED66B61E369EB81E4541C5EB0144.jpeg
PHP Cookbook,David Sklar,"{""Format:"": ""Paperback"", ""Language:"": ""English"", ""ISBN:"": ""0596101015"", ""ISBN13:"": ""9780596101015"", ""Release Date:"": ""August 2006"", ""Publisher:"": ""O'Reilly Media"", ""Length:"": ""784 Pages"", ""Weight:"": ""2.85 lbs."", ""Dimensions:"": ""1.8\"" x 7.0\"" x 9.1\""""}",https://i.thriftbooks.com/api/imagehandler/m/47F0ED3C25444A6F5FE8FD9E357522C39DC184D6.jpeg
"C++ Plus Data Structures, Third Edition",Nell B. Dale,"{""Format:"": ""Hardcover"", ""Language:"": ""English"", ""ISBN:"": ""0763704814"", ""ISBN13:"": ""9780763704810"", ""Release Date:"": ""November 2002"", ""Publisher:"": ""Jones & Bartlett Publishers"", ""Length:"": ""816 Pages"", ""Weight:"": ""3.30 lbs."", ""Dimensions:"": ""1.4\"" x 8.1\"" x 9.4\""""}",https://i.thriftbooks.com/api/imagehandler/m/B32EDACCD366DB92905DF3853E94478DEC158BA2.jpeg
Data Structures and Abstractions with Java,Frank M. Carrano,"{""Format:"": ""Hardcover"", ""Language:"": ""English"", ""ISBN:"": ""013237045X"", ""ISBN13:"": ""9780132370455"", ""Release Date:"": ""August 2006"", ""Publisher:"": ""Prentice Hall"", ""Length:"": ""998 Pages"", ""Weight:"": ""4.55 lbs."", ""Dimensions:"": ""1.6\"" x 8.0\"" x 10.1\""""}",https://i.thriftbooks.com/api/imagehandler/m/70314ED501734E1271F3144A2218B15ED4CBB71F.jpeg
"Database Systems: A Practical Approach to Design, Implementation and Management",Thomas M. Connolly,"{""Format:"": ""Paperback"", ""Language:"": ""English"", ""ISBN:"": ""0321523067"", ""ISBN13:"": ""9780321523068"", ""Release Date:"": ""March 2009"", ""Publisher:"": ""Addison Wesley Longman"", ""Length:"": ""1243 Pages"", ""Weight:"": ""1.70 lbs."", ""Dimensions:"": ""1.8\"" x 7.3\"" x 9.1\""""}",https://i.thriftbooks.com/api/imagehandler/m/1991C8186ACDF9F5ADE8144310D06E71B3DD9FEF.jpeg
MySQL,Vikram Vaswani,"{""Format:"": ""Paperback"", ""Language:"": ""English"", ""ISBN:"": ""0072224770"", ""ISBN13:"": ""9780072224771"", ""Release Date:"": ""January 2004"", ""Publisher:"": ""McGraw-Hill Companies"", ""Length:"": ""537 Pages"", ""Weight:"": ""2.45 lbs."", ""Dimensions:"": ""1.4\"" x 7.3\"" x 9.1\""""}",https://i.thriftbooks.com/api/imagehandler/m/C779D7635E836EABD08C6878B379A6B0BB42B90D.jpeg
Sams Teach Yourself Microsoft SQL Server T-SQL in 10 Minutes,Ben Forta,"{"""": """"}",https://i.thriftbooks.com/api/imagehandler/m/B7AA71DB197F90083DE793673398546DB6C4344C.jpeg
Compassion Fatigue: Coping With Secondary Traumatic Stress Disorder In Those Who Treat The Traumatized,Charles R. Figley,"{""Format:"": ""Hardcover"", ""Language:"": ""English"", ""ISBN:"": ""0876307594"", ""ISBN13:"": ""9780876307595"", ""Release Date:"": ""June 1995"", ""Publisher:"": ""Routledge"", ""Length:"": ""292 Pages"", ""Weight:"": ""1.25 lbs."", ""Dimensions:"": ""0.9\"" x 6.0\"" x 9.5\""""}",https://i.thriftbooks.com/api/imagehandler/m/8CA90E9A9B803041A5EEBDD347367B08D39A4399.jpeg
An Introduction to Database Systems,C.J. Date,"{""Format:"": ""Hardcover"", ""Language:"": ""English"", ""ISBN:"": ""0201385902"", ""ISBN13:"": ""9780201385908"", ""Release Date:"": ""January 2000"", ""Publisher:"": ""Addison Wesley Longman"", ""Length:"": ""949 Pages"", ""Weight:"": ""0.10 lbs."", ""Dimensions:"": ""1.6\"" x 7.9\"" x 9.5\""""}",https://i.thriftbooks.com/api/imagehandler/m/94BEC4306F08E2B0F20803285112E9C5FC746613.jpeg
The Language of SQL,Larry Rockoff,"{""Format:"": ""Paperback"", ""Language:"": ""English"", ""ISBN:"": ""143545751X"", ""ISBN13:"": ""9781435457515"", ""Release Date:"": ""June 2010"", ""Publisher:"": ""Course Technology"", ""Length:"": ""239 Pages"", ""Weight:"": ""1.00 lbs."", ""Dimensions:"": ""0.6\"" x 7.3\"" x 9.0\""""}",https://i.thriftbooks.com/api/imagehandler/m/032ACCE54AC944FCDE8565E52C0ED4E6E54D50C5.jpeg
Information Visualization: Perception for Design,Colin Ware,"{""Format:"": ""Hardcover"", ""Language:"": ""English"", ""ISBN:"": ""1558608192"", ""ISBN13:"": ""9781558608191"", ""Release Date:"": ""April 2004"", ""Publisher:"": ""Morgan Kaufmann Publishers"", ""Length:"": ""486 Pages"", ""Weight:"": ""2.85 lbs."", ""Dimensions:"": ""1.1\"" x 7.5\"" x 9.2\""""}",https://i.thriftbooks.com/api/imagehandler/m/23D19B992A162C9632758FC2ACAD398346ED26DE.jpeg
SQL Bible [With CDROM],Alex Kriegel,"{""Format:"": ""Paperback"", ""Language:"": ""English"", ""ISBN:"": ""0764525840"", ""ISBN13:"": ""9780764525841"", ""Release Date:"": ""April 2003"", ""Publisher:"": ""John Wiley & Sons"", ""Length:"": ""864 Pages"", ""Weight:"": ""2.90 lbs."", ""Dimensions:"": ""1.9\"" x 7.4\"" x 9.3\""""}",https://i.thriftbooks.com/api/imagehandler/m/6F36F842DB62F945C4A58EDD9DCBEE44266DAFFE.jpeg
MySQL Crash Course,Ben Forta,"{""Format:"": ""Paperback"", ""Language:"": ""English"", ""ISBN:"": ""0672327120"", ""ISBN13:"": ""9780672327124"", ""Release Date:"": ""December 2005"", ""Publisher:"": ""Sams Publishing"", ""Length:"": ""320 Pages"", ""Weight:"": ""1.20 lbs."", ""Dimensions:"": ""0.7\"" x 5.5\"" x 8.3\""""}",https://i.thriftbooks.com/api/imagehandler/m/367CF3B74BF3F45E72D507C28ECAF55D605A4FBD.jpeg
A Visual Introduction to SQL,David Chappell,"{"""": """"}",https://i.thriftbooks.com/api/imagehandler/m/85ADB9ADB26B3073B87F89DDB5BD5F99833A652C.jpeg
Apache: The Definitive Guide,Ben Laurie,"{""Format:"": ""Paperback"", ""Language:"": ""English"", ""ISBN:"": ""0596002033"", ""ISBN13:"": ""9780596002039"", ""Release Date:"": ""December 2002"", ""Publisher:"": ""O'Reilly Media"", ""Length:"": ""588 Pages"", ""Weight:"": ""2.15 lbs."", ""Dimensions:"": ""1.3\"" x 7.0\"" x 9.2\""""}",https://i.thriftbooks.com/api/imagehandler/m/266090F39CCDDF6AF24BA8A821227220AA5591CE.jpeg
Data Structures & Other Objects Using Java,Michael Main,"{""Format:"": ""Paperback"", ""Language:"": ""English"", ""ISBN:"": ""0201357445"", ""ISBN13:"": ""9780201357448"", ""Release Date:"": ""October 1998"", ""Publisher:"": ""Addison Wesley Longman"", ""Length:"": ""768 Pages"", ""Weight:"": ""2.80 lbs."", ""Dimensions:"": ""1.2\"" x 7.4\"" x 9.1\""""}",https://i.thriftbooks.com/api/imagehandler/m/44A202E8494F2821131F16421E8402DA25D5EBEF.jpeg
Librarian's Guide to Online Searching: Cultivating Database Skills for Research and Instruction,Suzanne S. Bell,"{""Format:"": ""Paperback"", ""Language:"": ""English"", ""ISBN:"": ""161069998X"", ""ISBN13:"": ""9781610699983"", ""Release Date:"": ""February 2015"", ""Publisher:"": ""Libraries Unlimited"", ""Length:"": ""320 Pages"", ""Weight:"": ""1.60 lbs."", ""Dimensions:"": ""0.8\"" x 7.0\"" x 10.1\""""}",https://m.media-amazon.com/images/I/51nvEthwZlL._SL350_.jpg
Microsoft Excel Functions and Formulas,Bernd Held,"{""Format:"": ""Paperback"", ""Language:"": ""English"", ""ISBN:"": ""1944534636"", ""ISBN13:"": ""9781944534639"", ""Release Date:"": ""February 2018"", ""Publisher:"": ""Mercury Learning and Information"", ""Length:"": ""394 Pages"", ""Weight:"": ""1.56 lbs."", ""Dimensions:"": ""0.9\"" x 7.0\"" x 8.9\""""}",https://i.thriftbooks.com/api/imagehandler/m/121ADA9D26D12807A7D0EBC8ED576689C43F4F30.jpeg
"High Performance MySQL: Optimization, Backups, Replication, and Load Balancing",Derek J. Balling,"{"""": """"}",https://i.thriftbooks.com/api/imagehandler/m/F968BF18FFA9EE0EDFAD584C95CA76712D6DEA31.jpeg
"Data Mining Techniques: For Marketing, Sales, and Customer Relationship Management",Gordon S. Linoff,"{""Format:"": ""Paperback"", ""Language:"": ""English"", ""ISBN:"": ""0471470643"", ""ISBN13:"": ""9780471470649"", ""Release Date:"": ""April 2004"", ""Publisher:"": ""John Wiley & Sons"", ""Length:"": ""643 Pages"", ""Weight:"": ""2.30 lbs."", ""Dimensions:"": ""1.4\"" x 7.5\"" x 9.2\""""}",https://i.thriftbooks.com/api/imagehandler/m/7B0DE610DF397781131813DB303793B5BB2A15CD.jpeg
Understanding SQL,Martin Gruber,"{"""": """"}",https://i.thriftbooks.com/api/imagehandler/m/335019276CFA5A08A4288AF46B2D1805789ED642.jpeg
Designing Web Usability,Jakob Nielsen,"{"""": """"}",https://i.thriftbooks.com/api/imagehandler/m/52AAF8B0CDB91E6341F5AE9278A5DA7D010BA0C7.jpeg
Oracle PL / SQL For Dummies,Paul Dorsey,"{""Format:"": ""Paperback"", ""Language:"": ""English"", ""ISBN:"": ""0764599577"", ""Release Date:"": ""June 2006"", ""Publisher:"": ""For Dummies"", ""Length:"": ""432 Pages"", ""Weight:"": ""1.50 lbs."", ""Dimensions:"": ""9.3\"" x 1.0\"" x 7.4\""""}",https://m.media-amazon.com/images/I/51qsEGiNdEL._SL350_.jpg
Database Development For Dummies,Allen G. Taylor,"{""Format:"": ""Paperback"", ""Language:"": ""English"", ""ISBN:"": ""0764507524"", ""ISBN13:"": ""9780764507526"", ""Release Date:"": ""November 2000"", ""Publisher:"": ""For Dummies"", ""Length:"": ""368 Pages"", ""Weight:"": ""1.35 lbs."", ""Dimensions:"": ""0.8\"" x 7.4\"" x 9.2\""""}",https://i.thriftbooks.com/api/imagehandler/m/4AD4EA5C9E3982120F12AF7563524922A34930D5.jpeg
"Accidental Empires: How the Boys of Silicon Valley Make Their Millions, Battle Foreign Competition, and Still Can't Get a Date",Robert X. Cringely,"{""Format:"": ""Paperback"", ""Language:"": ""English"", ""ISBN:"": ""0887308554"", ""Release Date:"": ""September 1996"", ""Publisher:"": ""Harper Business"", ""Length:"": ""384 Pages"", ""Weight:"": ""0.61 lbs."", ""Dimensions:"": ""8.0\"" x 0.9\"" x 5.3\""""}",https://m.media-amazon.com/images/I/51f9wnyNUXL._SL350_.jpg
Data Abstraction and Problem Solving with C++: Walls and Mirrors,Timothy Henry,"{""Format:"": ""Hardcover"", ""Language:"": ""English"", ""ISBN:"": ""0201741199"", ""ISBN13:"": ""9780201741193"", ""Release Date:"": ""August 2001"", ""Publisher:"": ""Addison Wesley Publishing Company"", ""Length:"": ""704 Pages"", ""Weight:"": ""4.15 lbs.""}",https://i.thriftbooks.com/api/imagehandler/m/24AB7796430A65578362B9925647ED86E9202134.jpeg
SQL in a Nutshell,Daniel Kline,"{""Format:"": ""Paperback"", ""Language:"": ""English"", ""ISBN:"": ""0596004818"", ""ISBN13:"": ""9780596004811"", ""Release Date:"": ""October 2004"", ""Publisher:"": ""O'Reilly Media"", ""Length:"": ""691 Pages"", ""Weight:"": ""1.90 lbs."", ""Dimensions:"": ""1.3\"" x 6.1\"" x 9.0\""""}",https://i.thriftbooks.com/api/imagehandler/m/49DD98EA138C0BFA317FCDF18F788C9C3A838BC4.jpeg
A Guide to SQL,Philip J. Pratt,"{""Format:"": ""Paperback"", ""Language:"": ""English"", ""ISBN:"": ""0324597681"", ""ISBN13:"": ""9780324597684"", ""Release Date:"": ""October 2008"", ""Publisher:"": ""Cengage Learning"", ""Length:"": ""309 Pages"", ""Weight:"": ""1.30 lbs."", ""Dimensions:"": ""0.8\"" x 7.3\"" x 9.0\""""}",https://i.thriftbooks.com/api/imagehandler/m/7158332CD86DD79C63E4F45F248AAECD460711DA.jpeg
Oracle PL/SQL by Example,Benjamin Rosenzweig,"{""Format:"": ""Paperback"", ""Language:"": ""English"", ""ISBN:"": ""0131172611"", ""ISBN13:"": ""9780131172616"", ""Release Date:"": ""September 2003"", ""Publisher:"": ""Prentice Hall"", ""Length:"": ""768 Pages"", ""Weight:"": ""2.50 lbs."", ""Dimensions:"": ""1.5\"" x 7.0\"" x 9.2\""""}",https://i.thriftbooks.com/api/imagehandler/m/FC8F47171EDA46FEA50DF46BA1739CD0DBC30D9E.jpeg
"Database Processing: Fundamentals, Design, and Implementation",David M. Kroenke,"{""Format:"": ""Hardcover"", ""Language:"": ""English"", ""ISBN:"": ""0131015141"", ""ISBN13:"": ""9780131015142"", ""Release Date:"": ""January 2003"", ""Publisher:"": ""Prentice Hall"", ""Length:"": ""702 Pages"", ""Weight:"": ""3.76 lbs."", ""Dimensions:"": ""1.2\"" x 8.5\"" x 11.4\""""}",https://i.thriftbooks.com/api/imagehandler/m/79212C3D7A9E42C620B8FF0761118D290FC90B7C.jpeg
Data Modeling Made Simple: A Practical Guide for Business and IT Professionals,Steve Hoberman,"{""Format:"": ""Paperback"", ""Language:"": ""English"", ""ISBN:"": ""0977140067"", ""ISBN13:"": ""9780977140060"", ""Release Date:"": ""August 2009"", ""Publisher:"": ""Technics Publications"", ""Length:"": ""246 Pages"", ""Weight:"": ""1.55 lbs."", ""Dimensions:"": ""0.7\"" x 7.4\"" x 9.1\""""}",https://i.thriftbooks.com/api/imagehandler/m/A1B807134C0A7C09B05D6DE404F9A77CA70FA899.jpeg
"SQL the Complete Reference, 3rd Edition",Paul N. Weinberg,"{""Format:"": ""Paperback"", ""Language:"": ""English"", ""ISBN:"": ""0071592555"", ""ISBN13:"": ""9780071592550"", ""Release Date:"": ""September 2009"", ""Publisher:"": ""McGraw-Hill Companies"", ""Length:"": ""912 Pages"", ""Weight:"": ""3.35 lbs."", ""Dimensions:"": ""1.8\"" x 7.4\"" x 9.0\""""}",https://i.thriftbooks.com/api/imagehandler/m/E65F1207C113424FCA3FE71F994FAB979BE9A204.jpeg
Beginning Database Design: From Novice to Professional,Clare Churcher,"{""Format:"": ""Paperback"", ""Language:"": ""English"", ""ISBN:"": ""1590597699"", ""ISBN13:"": ""9781590597699"", ""Release Date:"": ""January 2007"", ""Publisher:"": ""Apress"", ""Length:"": ""300 Pages"", ""Weight:"": ""1.23 lbs."", ""Dimensions:"": ""0.6\"" x 7.5\"" x 9.1\""""}",https://i.thriftbooks.com/api/imagehandler/m/A057234A5E9AC8E1FF7044FCAD93AA8CEB30D150.jpeg
MySQL Pocket Reference,George Reese,"{""Format:"": ""Paperback"", ""Language:"": ""English"", ""ISBN:"": ""059600446X"", ""ISBN13:"": ""9780596004460"", ""Release Date:"": ""February 2003"", ""Publisher:"": ""O'Reilly Media"", ""Length:"": ""96 Pages"", ""Weight:"": ""0.22 lbs."", ""Dimensions:"": ""0.3\"" x 4.2\"" x 7.1\""""}",https://i.thriftbooks.com/api/imagehandler/m/7B8CDFCB43137CAEFF585AA4FDE90DC23977240A.jpeg
Data Structures and Algorithm Analysis in C,Mark Allen Weiss,"{""Format:"": ""Paperback"", ""Language:"": ""English"", ""ISBN:"": ""0201498405"", ""ISBN13:"": ""9780201498400"", ""Release Date:"": ""September 1996"", ""Publisher:"": ""Pearson"", ""Length:"": ""528 Pages"", ""Weight:"": ""2.25 lbs."", ""Dimensions:"": ""1.2\"" x 7.5\"" x 9.4\""""}",https://i.thriftbooks.com/api/imagehandler/m/C21C4DD8C499CBB6C09B091B33491AD2591610B8.jpeg
Concepts of Database Management,Joseph J. Adamski,"{""Format:"": ""Paperback"", ""Language:"": ""English"", ""ISBN:"": ""1111825912"", ""ISBN13:"": ""9781111825911"", ""Release Date:"": ""June 2011"", ""Publisher:"": ""Cengage Learning"", ""Length:"": ""400 Pages"", ""Weight:"": ""1.85 lbs."", ""Dimensions:"": ""0.7\"" x 8.3\"" x 10.9\""""}",https://i.thriftbooks.com/api/imagehandler/m/E9234C2B055E316183D393454FC8386F3CE7FEC1.jpeg
HTML & Xhtml: The Definitive Guide,Chuck Musciano,"{""Format:"": ""Paperback"", ""Language:"": ""English"", ""ISBN:"": ""0596527322"", ""ISBN13:"": ""9780596527327"", ""Release Date:"": ""November 2006"", ""Publisher:"": ""O'Reilly Media"", ""Length:"": ""678 Pages"", ""Weight:"": ""2.25 lbs."", ""Dimensions:"": ""1.5\"" x 9.1\"" x 7.0\""""}",https://i.thriftbooks.com/api/imagehandler/m/BC273A62352C48DBA22D7221384EA4B10587ED06.jpeg
Data Structures and Other Objects Using C++,Walter J. Savitch,"{""Format:"": ""Paperback"", ""Language:"": ""English"", ""ISBN:"": ""032119716X"", ""ISBN13:"": ""9780321197160"", ""Release Date:"": ""January 2004"", ""Publisher:"": ""Addison Wesley Longman"", ""Length:"": ""815 Pages"", ""Weight:"": ""2.70 lbs."", ""Dimensions:"": ""1.2\"" x 7.4\"" x 9.1\""""}",https://i.thriftbooks.com/api/imagehandler/m/06754F7BFBC38F0B88B78949EC946AB3BB9FFF1B.jpeg
Interaction Design: Beyond Human - Computer Interaction,Yvonne Rogers,"{""Format:"": ""Paperback"", ""Language:"": ""English"", ""ISBN:"": ""0470665769"", ""Release Date:"": ""June 2011"", ""Publisher:"": ""Wiley"", ""Length:"": ""602 Pages"", ""Weight:"": ""2.95 lbs."", ""Dimensions:"": ""9.7\"" x 1.1\"" x 7.5\""""}",https://m.media-amazon.com/images/I/513FWpwWjqL._SL350_.jpg
Head First SQL,Lynn Beighley,"{""Format:"": ""Paperback"", ""Language:"": ""English"", ""ISBN:"": ""0596526849"", ""ISBN13:"": ""9780596526849"", ""Release Date:"": ""September 2007"", ""Publisher:"": ""O'Reilly Media"", ""Length:"": ""607 Pages"", ""Weight:"": ""0.50 lbs."", ""Dimensions:"": ""1.3\"" x 8.0\"" x 9.2\""""}",https://i.thriftbooks.com/api/imagehandler/m/9EE6C9FFA74EFA42B8D48F4850338087D2414C0A.jpeg
Hadoop: The Definitive Guide: Storage and Analysis at Internet Scale,Tom White,"{""Format:"": ""Paperback"", ""Language:"": ""English"", ""ISBN:"": ""1491901632"", ""ISBN13:"": ""9781491901632"", ""Release Date:"": ""May 2015"", ""Publisher:"": ""O'Reilly Media"", ""Length:"": ""754 Pages"", ""Weight:"": ""2.73 lbs."", ""Dimensions:"": ""1.6\"" x 6.9\"" x 9.2\""""}",https://i.thriftbooks.com/api/imagehandler/m/32756255DF8746F8126F00C1D02744932C1BD81F.jpeg
TCP/IP for Dummies? [With CDROM],Candace Leiden,"{""Format:"": ""Paperback"", ""Language:"": ""English"", ""ISBN:"": ""0764507265"", ""ISBN13:"": ""9780764507267"", ""Release Date:"": ""August 2000"", ""Publisher:"": ""For Dummies"", ""Length:"": ""408 Pages"", ""Weight:"": ""1.65 lbs."", ""Dimensions:"": ""1.0\"" x 7.5\"" x 9.2\""""}",https://i.thriftbooks.com/api/imagehandler/m/4C126E7CDF0CC24F93C3A7C92804AC4E7DF8B261.jpeg
Programming PHP,Kevin Tatroe,"{""Format:"": ""Paperback"", ""Language:"": ""English"", ""ISBN:"": ""0596006810"", ""ISBN13:"": ""9780596006815"", ""Release Date:"": ""May 2006"", ""Publisher:"": ""O'Reilly Media"", ""Length:"": ""521 Pages"", ""Weight:"": ""1.75 lbs."", ""Dimensions:"": ""1.2\"" x 7.0\"" x 9.2\""""}",https://i.thriftbooks.com/api/imagehandler/m/B057559AC35D2EE1BBF124B75EAD5E5EF2EA0C65.jpeg
Head First PHP & MySQL: A Brain-Friendly Guide,Michael Morrison,"{""Format:"": ""Paperback"", ""Language:"": ""English"", ""ISBN:"": ""0596006306"", ""ISBN13:"": ""9780596006303"", ""Release Date:"": ""December 2008"", ""Publisher:"": ""O'Reilly Media"", ""Length:"": ""812 Pages"", ""Weight:"": ""3.25 lbs."", ""Dimensions:"": ""1.7\"" x 7.9\"" x 9.2\""""}",https://i.thriftbooks.com/api/imagehandler/m/0EC54E8C6D5C17F32BF5751C5D57A4E8FEA00DFA.jpeg
SPSS for Dummies,Arthur Griffith,"{""Format:"": ""Paperback"", ""Language:"": ""English"", ""ISBN:"": ""047048764X"", ""ISBN13:"": ""9780470487648"", ""Release Date:"": ""January 2010"", ""Publisher:"": ""For Dummies"", ""Length:"": ""360 Pages"", ""Weight:"": ""1.30 lbs."", ""Dimensions:"": ""0.9\"" x 7.3\"" x 9.1\""""}",https://i.thriftbooks.com/api/imagehandler/m/5C0A9F4900859D5A86FE173A278EEE9559777C06.jpeg
Database Systems The Complete Book,Jennifer Widom,"{""Format:"": ""Paperback"", ""Language:"": ""English"", ""ISBN:"": ""933251867X"", ""ISBN13:"": ""9789332518674"", ""Release Date:"": ""January 2013"", ""Publisher:"": ""Pearson India Education"", ""Length:"": ""1139 Pages"", ""Weight:"": ""2.90 lbs."", ""Dimensions:"": ""1.9\"" x 10.0\"" x 8.0\""""}",https://m.media-amazon.com/images/I/61annl+fY4L._SL350_.jpg
Data Mining: Concepts and Techniques,Jian Pei,"{""Format:"": ""Hardcover"", ""Language:"": ""English"", ""ISBN:"": ""1558604898"", ""ISBN13:"": ""9781558604896"", ""Release Date:"": ""September 2000"", ""Publisher:"": ""Morgan Kaufmann Publishers"", ""Length:"": ""550 Pages"", ""Weight:"": ""1.05 lbs."", ""Dimensions:"": ""1.3\"" x 7.6\"" x 9.4\""""}",https://i.thriftbooks.com/api/imagehandler/m/440425F3FAB61201368D67CD6751095BB489B814.jpeg
Data Mining: Practical Machine Learning Tools and Techniques with Java Implementations,Ian H. Witten,"{""Format:"": ""Paperback"", ""Language:"": ""English"", ""ISBN:"": ""1558605525"", ""ISBN13:"": ""9781558605527"", ""Release Date:"": ""October 1999"", ""Publisher:"": ""Morgan Kaufmann Publishers"", ""Length:"": ""371 Pages"", ""Weight:"": ""1.55 lbs."", ""Dimensions:"": ""0.8\"" x 7.3\"" x 9.1\""""}",https://i.thriftbooks.com/api/imagehandler/m/CAE17A0F12847B4D6D7B23E86D0BC0176B03EB9E.jpeg
Ambient Findability: What We Find Changes Who We Become,Peter Morville,"{""Format:"": ""Paperback"", ""Language:"": ""English"", ""ISBN:"": ""0596007655"", ""ISBN13:"": ""9780596007652"", ""Release Date:"": ""November 2005"", ""Publisher:"": ""O'Reilly Media"", ""Length:"": ""202 Pages"", ""Weight:"": ""0.75 lbs."", ""Dimensions:"": ""0.5\"" x 6.1\"" x 9.0\""""}",https://i.thriftbooks.com/api/imagehandler/m/C7133FEFA27B7372892147B90AABA9D5DF193218.jpeg
Joe Celko's SQL for Smarties: Advanced SQL Programming Second Edition,Joe Celko,"{""Format:"": ""Paperback"", ""Language:"": ""English"", ""ISBN:"": ""1558605762"", ""ISBN13:"": ""9781558605763"", ""Release Date:"": ""October 1999"", ""Publisher:"": ""Morgan Kaufmann Publishers"", ""Length:"": ""550 Pages"", ""Weight:"": ""2.00 lbs."", ""Dimensions:"": ""1.4\"" x 7.0\"" x 9.0\""""}",https://i.thriftbooks.com/api/imagehandler/m/DEFD1DB3FA7FE471B97CA8E54D228BADC99C7C94.jpeg
Teaching Seminar with Milton H. Erickson,Milton H. Erickson,"{""Format:"": ""Hardcover"", ""Language:"": ""English"", ""ISBN:"": ""0876302479"", ""ISBN13:"": ""9780876302477"", ""Release Date:"": ""January 1980"", ""Publisher:"": ""Routledge"", ""Length:"": ""384 Pages"", ""Weight:"": ""0.05 lbs."", ""Dimensions:"": ""1.2\"" x 6.1\"" x 9.0\""""}",https://i.thriftbooks.com/api/imagehandler/m/5D723DFBA8858790B1A69504621AA7BAD6D551FC.jpeg
Learning MySQL: Get a Handle on Your Data,Hugh E. Williams,"{""Format:"": ""Paperback"", ""Language:"": ""English"", ""ISBN:"": ""0596008643"", ""ISBN13:"": ""9780596008642"", ""Release Date:"": ""December 2006"", ""Publisher:"": ""O'Reilly Media"", ""Length:"": ""622 Pages"", ""Weight:"": ""1.80 lbs."", ""Dimensions:"": ""1.4\"" x 7.0\"" x 9.2\""""}",https://i.thriftbooks.com/api/imagehandler/m/E0201E21EDBA26FE1CA0DACD16187D5D99A1DD99.jpeg
SQL All-In-One Desk Reference for Dummies,Allen G. Taylor,"{""Format:"": ""Paperback"", ""Language:"": ""English"", ""ISBN:"": ""0470119284"", ""ISBN13:"": ""9780470119280"", ""Release Date:"": ""July 2007"", ""Publisher:"": ""For Dummies"", ""Length:"": ""684 Pages"", ""Weight:"": ""2.40 lbs."", ""Dimensions:"": ""1.6\"" x 7.4\"" x 9.2\""""}",https://i.thriftbooks.com/api/imagehandler/m/1479EF243C76ACEFFEBB97008C95B8FC33A00B19.jpeg
Mastering Oracle SQL,Sanjay Mishra,"{""Format:"": ""Paperback"", ""Language:"": ""English"", ""ISBN:"": ""0596006322"", ""ISBN13:"": ""9780596006327"", ""Release Date:"": ""July 2004"", ""Publisher:"": ""O'Reilly Media"", ""Length:"": ""494 Pages"", ""Weight:"": ""1.81 lbs."", ""Dimensions:"": ""1.1\"" x 7.0\"" x 9.1\""""}",https://i.thriftbooks.com/api/imagehandler/m/9CB4A172E2A02BB03F7F31820927D2856AE25950.jpeg
Data Analysis with Open Source Tools: A Hands-On Guide for Programmers and Data Scientists,Philipp K. Janert,"{""Format:"": ""Paperback"", ""Language:"": ""English"", ""ISBN:"": ""0596802358"", ""ISBN13:"": ""9780596802356"", ""Release Date:"": ""December 2010"", ""Publisher:"": ""O'Reilly Media"", ""Length:"": ""530 Pages"", ""Weight:"": ""0.05 lbs."", ""Dimensions:"": ""1.4\"" x 7.0\"" x 9.2\""""}",https://i.thriftbooks.com/api/imagehandler/m/ED3D8FB0C664D394E7A921CDD5F18942097C2B17.jpeg
The Manga Guide to Databases,Mana Takahashi,"{"""": """"}",https://i.thriftbooks.com/api/imagehandler/m/08C3C68ED9CD39538F9114EBB916559A8D7333FB.jpeg
Building the Data Warehouse,William H. Inmon,"{""Format:"": ""Hardcover"", ""Language:"": ""English"", ""ISBN:"": ""0471081302"", ""ISBN13:"": ""9780471081302"", ""Release Date:"": ""March 2002"", ""Publisher:"": ""John Wiley & Sons"", ""Length:"": ""432 Pages"", ""Weight:"": ""1.70 lbs."", ""Dimensions:"": ""1.0\"" x 7.5\"" x 9.2\""""}",https://i.thriftbooks.com/api/imagehandler/m/BCB7032CB017F0B3B2FB486E284C8F3B3873910D.jpeg
Web Database Applications with PHP and MySQL,Hugh E. Williams,"{""Format:"": ""Paperback"", ""Language:"": ""English"", ""ISBN:"": ""0596005431"", ""ISBN13:"": ""9780596005436"", ""Release Date:"": ""May 2004"", ""Publisher:"": ""O'Reilly Media"", ""Length:"": ""796 Pages"", ""Weight:"": ""2.55 lbs."", ""Dimensions:"": ""1.7\"" x 6.9\"" x 9.2\""""}",https://i.thriftbooks.com/api/imagehandler/m/3C651398C69612475BDBA55B3C1C1E6E72792010.jpeg
Data Structures and Algorithm Analysis in C++,Mark Allen Weiss,"{""Format:"": ""Paperback"", ""Language:"": ""English"", ""ISBN:"": ""0201361221"", ""ISBN13:"": ""9780201361223"", ""Release Date:"": ""November 1998"", ""Publisher:"": ""Addison Wesley Longman"", ""Length:"": ""564 Pages"", ""Weight:"": ""2.35 lbs."", ""Dimensions:"": ""1.1\"" x 7.7\"" x 9.6\""""}",https://i.thriftbooks.com/api/imagehandler/m/4DE97039BABCB3F5435DD65290846A0CFB6FF5E1.jpeg
Excel Data Analysis for Dummies,Stephen L. Nelson,"{""Format:"": ""Paperback"", ""Language:"": ""English"", ""ISBN:"": ""0764516612"", ""ISBN13:"": ""9780764516610"", ""Release Date:"": ""August 2002"", ""Publisher:"": ""For Dummies"", ""Length:"": ""384 Pages"", ""Weight:"": ""1.35 lbs."", ""Dimensions:"": ""0.9\"" x 7.5\"" x 9.2\""""}",https://i.thriftbooks.com/api/imagehandler/m/E1EB2712E0948FE9FED6A1C47B494D349979FE43.jpeg
Fundamentals of Database Systems [With Access Code],Shamkant B. Navathe,"{""Format:"": ""Hardcover"", ""Language:"": ""English"", ""ISBN:"": ""0136086209"", ""ISBN13:"": ""9780136086208"", ""Release Date:"": ""April 2010"", ""Publisher:"": ""Addison Wesley Longman"", ""Length:"": ""1172 Pages"", ""Weight:"": ""3.95 lbs."", ""Dimensions:"": ""1.7\"" x 7.7\"" x 9.3\""""}",https://i.thriftbooks.com/api/imagehandler/m/3BD03E1269C629E93DAB6012266E5CB86690CEA0.jpeg
SQL Cookbook: Query Solutions and Techniques for Database Developers,Anthony Molinaro,"{""Format:"": ""Paperback"", ""Language:"": ""English"", ""ISBN:"": ""0596009763"", ""ISBN13:"": ""9780596009762"", ""Release Date:"": ""January 2006"", ""Publisher:"": ""O'Reilly Media"", ""Length:"": ""595 Pages"", ""Weight:"": ""2.05 lbs."", ""Dimensions:"": ""1.3\"" x 6.9\"" x 9.0\""""}",https://i.thriftbooks.com/api/imagehandler/m/5634E419CDB0F8F12FCE84DEF78F252FA21F9E18.jpeg
"Data Structures & Algorithms in Java [With Contains Example Programs, Sun JDK, Java Applets]",Robert Lafore,"{""Format:"": ""Hardcover"", ""Language:"": ""English"", ""ISBN:"": ""1571690956"", ""ISBN13:"": ""9781571690951"", ""Release Date:"": ""January 1998"", ""Publisher:"": ""Prentice Hall"", ""Length:"": ""625 Pages"", ""Weight:"": ""3.08 lbs."", ""Dimensions:"": ""1.6\"" x 8.3\"" x 9.5\""""}",https://i.thriftbooks.com/api/imagehandler/m/AA04A9EF78780EF067692C2E8278E6AF7475C520.jpeg
SAS for Dummies,Chris Hemedinger,"{""Format:"": ""Paperback"", ""Language:"": ""English"", ""ISBN:"": ""0470539682"", ""ISBN13:"": ""9780470539682"", ""Release Date:"": ""April 2010"", ""Publisher:"": ""For Dummies"", ""Length:"": ""384 Pages"", ""Weight:"": ""0.70 lbs."", ""Dimensions:"": ""0.8\"" x 9.1\"" x 14.5\""""}",https://i.thriftbooks.com/api/imagehandler/m/6DF745582BF795711357F8BE356EEE9BF26C53F9.jpeg
Sams Teach Yourself SQL in 24 Hours,Ronald R. Plew,"{""Format:"": ""Paperback"", ""Language:"": ""English"", ""ISBN:"": ""0672335417"", ""ISBN13:"": ""9780672335419"", ""Release Date:"": ""January 2011"", ""Publisher:"": ""Sams Publishing"", ""Length:"": ""473 Pages"", ""Weight:"": ""0.90 lbs."", ""Dimensions:"": ""1.0\"" x 7.0\"" x 9.2\""""}",https://i.thriftbooks.com/api/imagehandler/m/8A7C9CD76C4A0FE9A28043D2B40F5E666CFF9B9D.jpeg
"The Data Warehouse ETL Toolkit: Practical Techniques for Extracting, Cleaning, Conforming, and Delivering Data",Ralph Kimball,"{""Format:"": ""Paperback"", ""Language:"": ""English"", ""ISBN:"": ""0764567578"", ""ISBN13:"": ""9780764567575"", ""Release Date:"": ""October 2004"", ""Publisher:"": ""Wiley"", ""Length:"": ""491 Pages"", ""Weight:"": ""1.75 lbs."", ""Dimensions:"": ""1.1\"" x 7.4\"" x 9.2\""""}",https://i.thriftbooks.com/api/imagehandler/m/89A776D1E3F3CBA2C753D796A5AE06B19FDB1E57.jpeg
"The Data Warehouse Lifecycle Toolkit: Expert Methods for Designing, Developing, and Deploying Data Warehouses [With *]",Ralph Kimball,"{""Format:"": ""Paperback"", ""Language:"": ""English"", ""ISBN:"": ""0471255475"", ""ISBN13:"": ""9780471255475"", ""Release Date:"": ""August 1998"", ""Publisher:"": ""Wiley"", ""Length:"": ""800 Pages"", ""Weight:"": ""3.00 lbs."", ""Dimensions:"": ""1.7\"" x 7.4\"" x 9.2\""""}",https://i.thriftbooks.com/api/imagehandler/m/866C93EEC32A08953352D29503495F34F4D4A165.jpeg
PHP and MySQL Web Development [With CDROM],Laura Thomson,"{""Format:"": ""Paperback"", ""Language:"": ""English"", ""ISBN:"": ""0672329166"", ""ISBN13:"": ""9780672329166"", ""Release Date:"": ""January 2008"", ""Publisher:"": ""Addison-Wesley Professional"", ""Length:"": ""968 Pages"", ""Weight:"": ""1.15 lbs."", ""Dimensions:"": ""2.0\"" x 7.1\"" x 9.1\""""}",https://i.thriftbooks.com/api/imagehandler/m/F398901317D7ECD607BE5D73EC2D74E97C60599C.jpeg
"Introduction to Data Mining by Pang-ning Tan, Michael Steinbach, Vipin Kumar (2005) Paperback",Pang-Ning Tan,"{""Format:"": ""Paperback"", ""Language:"": ""English"", ""ISBN:"": ""8131714721"", ""ISBN13:"": ""9788131714720"", ""Release Date:"": ""January 2005"", ""Publisher:"": ""Pearson"", ""Weight:"": ""2.28 lbs."", ""Dimensions:"": ""1.9\"" x 10.0\"" x 8.0\""""}",https://m.media-amazon.com/images/I/417HeTBGf8L._SL350_.jpg
Oracle PL/SQL Programming,Bill Pribyl,"{""Format:"": ""Paperback"", ""Language:"": ""English"", ""ISBN:"": ""0596514468"", ""ISBN13:"": ""9780596514464"", ""Release Date:"": ""October 2009"", ""Publisher:"": ""O'Reilly Media"", ""Length:"": ""1186 Pages"", ""Weight:"": ""1.75 lbs."", ""Dimensions:"": ""2.2\"" x 7.0\"" x 9.1\""""}",https://i.thriftbooks.com/api/imagehandler/m/B0EE2FB9124854536268D39D12ADF6662CD59CCA.jpeg
Data Analysis Using SQL and Excel,Gordon S. Linoff,"{""Format:"": ""Paperback"", ""Language:"": ""English"", ""ISBN:"": ""0470099518"", ""ISBN13:"": ""9780470099513"", ""Release Date:"": ""October 2007"", ""Publisher:"": ""Wiley"", ""Length:"": ""645 Pages"", ""Weight:"": ""2.35 lbs."", ""Dimensions:"": ""1.5\"" x 7.4\"" x 9.2\""""}",https://i.thriftbooks.com/api/imagehandler/m/ACE5042F3D5F2D4C0BC49D7FC4FF1206A73679C7.jpeg
Database Systems Concepts,Henry F. Korth,"{""Format:"": ""Hardcover"", ""Language:"": ""English"", ""ISBN:"": ""0072958863"", ""ISBN13:"": ""9780072958867"", ""Release Date:"": ""May 2005"", ""Publisher:"": ""McGraw-Hill Education"", ""Length:"": ""1142 Pages"", ""Weight:"": ""4.30 lbs."", ""Dimensions:"": ""1.9\"" x 7.4\"" x 9.4\""""}",https://i.thriftbooks.com/api/imagehandler/m/2CA8E459A64E980570B021B8153FD49096E2B164.jpeg
Data Structures and Algorithm Analysis in Java,Mark Allen Weiss,"{""Format:"": ""Hardcover"", ""Language:"": ""English"", ""ISBN:"": ""0321370139"", ""ISBN13:"": ""9780321370136"", ""Release Date:"": ""March 2006"", ""Publisher:"": ""Addison Wesley Publishing Company"", ""Length:"": ""555 Pages"", ""Weight:"": ""2.30 lbs."", ""Dimensions:"": ""1.1\"" x 7.4\"" x 9.5\""""}",https://i.thriftbooks.com/api/imagehandler/m/089B944A4CC8FB4E4FC065D86EC55E1F81B056F4.jpeg
"The Elements of Statistical Learning: Data Mining, Inference, and Prediction",Jerome Friedman,"{""Format:"": ""Hardcover"", ""Language:"": ""English"", ""ISBN:"": ""0387952845"", ""ISBN13:"": ""9780387952840"", ""Release Date:"": ""January 2003"", ""Publisher:"": ""Springer"", ""Length:"": ""533 Pages"", ""Weight:"": ""2.40 lbs."", ""Dimensions:"": ""1.2\"" x 6.5\"" x 9.4\""""}",https://i.thriftbooks.com/api/imagehandler/m/F116C88336E4B42E861952812C25201CC5D8B3D1.jpeg
"UNIX in a Nutshell: A Desktop Quick Reference - Covers Gnu/Linux, Mac OS X, and Solaris",Arnold Robbins,"{""Format:"": ""Paperback"", ""Language:"": ""English"", ""ISBN:"": ""0596100299"", ""ISBN13:"": ""9780596100292"", ""Release Date:"": ""November 2005"", ""Publisher:"": ""O'Reilly Media"", ""Length:"": ""906 Pages"", ""Weight:"": ""2.63 lbs."", ""Dimensions:"": ""2.0\"" x 6.1\"" x 9.0\""""}",https://i.thriftbooks.com/api/imagehandler/m/A905D43C9C40814ECE470726E152900BDBF64FF4.jpeg
SQL: Visual QuickStart Guide,Chris Fehily,"{""Format:"": ""Paperback"", ""Language:"": ""English"", ""ISBN:"": ""0321118030"", ""ISBN13:"": ""9780321118035"", ""Release Date:"": ""January 2002"", ""Publisher:"": ""Peachpit Press"", ""Length:"": ""400 Pages"", ""Weight:"": ""1.50 lbs."", ""Dimensions:"": ""0.8\"" x 7.1\"" x 9.0\""""}",https://i.thriftbooks.com/api/imagehandler/m/D61A731E1271F7B00D928E35E32A44521FC86E81.jpeg
Visualizing Data: Exploring and Explaining Data with the Processing Environment,Ben Fry,"{""Format:"": ""Paperback"", ""Language:"": ""English"", ""ISBN:"": ""0596514557"", ""ISBN13:"": ""9780596514556"", ""Release Date:"": ""January 2008"", ""Publisher:"": ""O'Reilly Media"", ""Length:"": ""382 Pages"", ""Weight:"": ""1.90 lbs."", ""Dimensions:"": ""0.6\"" x 7.0\"" x 9.1\""""}",https://i.thriftbooks.com/api/imagehandler/m/1B2C270B09599019284191CA90114CD359700921.jpeg
MySQL Cookbook,Paul DuBois,"{""Format:"": ""Paperback"", ""Language:"": ""English"", ""ISBN:"": ""0596001452"", ""ISBN13:"": ""9780596001452"", ""Release Date:"": ""November 2002"", ""Publisher:"": ""O'Reilly Media"", ""Length:"": ""1022 Pages"", ""Weight:"": ""2.80 lbs."", ""Dimensions:"": ""1.6\"" x 7.1\"" x 9.1\""""}",https://i.thriftbooks.com/api/imagehandler/m/646942A1D9D53C7E345BAB7C3F4E0F1D369B521A.jpeg
Access VBA Programming for Dummies,Alan Simpson,"{""Format:"": ""Paperback"", ""Language:"": ""English"", ""ISBN:"": ""0764574116"", ""ISBN13:"": ""9780764574115"", ""Release Date:"": ""August 2004"", ""Publisher:"": ""For Dummies"", ""Length:"": ""416 Pages"", ""Weight:"": ""1.38 lbs."", ""Dimensions:"": ""0.8\"" x 7.4\"" x 9.2\""""}",https://i.thriftbooks.com/api/imagehandler/m/C35355010339DBAF2E6FECB7B36E951B08374E74.jpeg
DB2 for the COBOL Programmer,Steve Eckols,"{""Format:"": ""Paperback"", ""Language:"": ""English"", ""ISBN:"": ""1890774022"", ""ISBN13:"": ""9781890774028"", ""Release Date:"": ""January 1999"", ""Publisher:"": ""Mike Murach & Associates"", ""Length:"": ""448 Pages"", ""Weight:"": ""2.40 lbs."", ""Dimensions:"": ""1.1\"" x 8.1\"" x 10.0\""""}",https://i.thriftbooks.com/api/imagehandler/m/DD651E02B6C64E6A64694539F82F67455F3EFFB3.jpeg
Java Persistence with Hibernate: Revised Edition of Hibernate in Action,Gavin King,"{""Format:"": ""Paperback"", ""Language:"": ""English"", ""ISBN:"": ""1932394885"", ""ISBN13:"": ""9781932394887"", ""Release Date:"": ""November 2006"", ""Publisher:"": ""Manning Publications"", ""Length:"": ""841 Pages"", ""Weight:"": ""3.25 lbs."", ""Dimensions:"": ""1.8\"" x 7.2\"" x 9.4\""""}",https://i.thriftbooks.com/api/imagehandler/m/F6E16D37B98C88ADEA6E29BDDB7D286EDBBCE243.jpeg
Learning Oracle PL/SQL,Bill Pribyl,"{""Format:"": ""Paperback"", ""Language:"": ""English"", ""ISBN:"": ""0596001800"", ""ISBN13:"": ""9780596001803"", ""Release Date:"": ""December 2001"", ""Publisher:"": ""O'Reilly Media"", ""Length:"": ""424 Pages"", ""Weight:"": ""1.50 lbs."", ""Dimensions:"": ""1.1\"" x 7.0\"" x 9.2\""""}",https://i.thriftbooks.com/api/imagehandler/m/6320770B472E6104E191B06B25D5AFA2EBBE269D.jpeg
Data Compression Book,Mark Nelson,"{""Format:"": ""Paperback"", ""Language:"": ""English"", ""ISBN:"": ""1558514341"", ""ISBN13:"": ""9781558514348"", ""Release Date:"": ""December 1995"", ""Publisher:"": ""Wiley"", ""Length:"": ""576 Pages"", ""Weight:"": ""2.15 lbs."", ""Dimensions:"": ""1.4\"" x 7.1\"" x 9.3\""""}",https://i.thriftbooks.com/api/imagehandler/m/BC6C26E888B32417E5FF4E4455908DDC33C59AC9.jpeg
Joe Celko's SQL Puzzles and Answers,Joe Celko,"{""Format:"": ""Paperback"", ""Language:"": ""English"", ""ISBN:"": ""1558604537"", ""ISBN13:"": ""9781558604537"", ""Release Date:"": ""March 1997"", ""Publisher:"": ""Morgan Kaufmann Publishers"", ""Length:"": ""200 Pages"", ""Weight:"": ""0.92 lbs."", ""Dimensions:"": ""0.6\"" x 7.1\"" x 9.0\""""}",https://i.thriftbooks.com/api/imagehandler/m/3BA2FF9595E8CC1F6AFE4A65B09117946B32AD89.jpeg
PostgreSQL,Korry Douglas,"{""Format:"": ""Paperback"", ""Language:"": ""English"", ""ISBN:"": ""0672327562"", ""Release Date:"": ""July 2005"", ""Publisher:"": ""Sams Publishing"", ""Length:"": ""1032 Pages"", ""Weight:"": ""3.45 lbs."", ""Dimensions:"": ""9.1\"" x 2.1\"" x 7.1\""""}",https://m.media-amazon.com/images/I/51nB-4MyKqL._SL350_.jpg
Databases Demystified,Andy Oppel,"{""Format:"": ""Paperback"", ""Language:"": ""English"", ""ISBN:"": ""0072253649"", ""ISBN13:"": ""9780072253641"", ""Release Date:"": ""March 2004"", ""Publisher:"": ""McGraw-Hill/Osborne Media"", ""Length:"": ""338 Pages"", ""Weight:"": ""1.14 lbs."", ""Dimensions:"": ""0.7\"" x 7.4\"" x 9.1\""""}",https://i.thriftbooks.com/api/imagehandler/m/B4F7C0754975C3E7B9A71973C0C41E75284EE8AB.jpeg
Crystal Reports 10 for Dummies,Allen G. Taylor,"{""Format:"": ""Paperback"", ""Language:"": ""English"", ""ISBN:"": ""0764571370"", ""ISBN13:"": ""9780764571374"", ""Release Date:"": ""June 2004"", ""Publisher:"": ""For Dummies"", ""Length:"": ""354 Pages"", ""Weight:"": ""1.25 lbs."", ""Dimensions:"": ""0.9\"" x 7.4\"" x 9.3\""""}",https://i.thriftbooks.com/api/imagehandler/m/56FACB5E218377B16DBF464B60402ABB2D88C97D.jpeg
Object-Oriented Modeling and Design,James Rumbaugh,"{""Format:"": ""Hardcover"", ""Language:"": ""English"", ""ISBN:"": ""0136298419"", ""ISBN13:"": ""9780136298410"", ""Release Date:"": ""January 1991"", ""Publisher:"": ""Prentice Hall"", ""Length:"": ""500 Pages"", ""Weight:"": ""2.05 lbs."", ""Dimensions:"": ""1.0\"" x 7.2\"" x 9.6\""""}",https://i.thriftbooks.com/api/imagehandler/m/24BBC4B30A4C8EF55FBF8966B96FD5233DEB861C.jpeg
Beautiful Data,Toby Segaran,"{""Format:"": ""Paperback"", ""Language:"": ""English"", ""ISBN:"": ""0596157118"", ""ISBN13:"": ""9780596157111"", ""Release Date:"": ""July 2009"", ""Publisher:"": ""O'Reilly Media"", ""Length:"": ""382 Pages"", ""Weight:"": ""1.45 lbs."", ""Dimensions:"": ""0.8\"" x 7.0\"" x 9.2\""""}",https://i.thriftbooks.com/api/imagehandler/m/650AD7BCD3163142FD5290EC33C3D3FDF29E63CC.jpeg
The Practical SQL Handbook: Using SQL Variants [With CDROM],Judith S. Bowman,"{""Format:"": ""Paperback"", ""Language:"": ""English"", ""ISBN:"": ""0201703092"", ""ISBN13:"": ""9780201703092"", ""Release Date:"": ""July 2001"", ""Publisher:"": ""Addison-Wesley Professional"", ""Length:"": ""512 Pages"", ""Weight:"": ""2.15 lbs."", ""Dimensions:"": ""1.1\"" x 7.4\"" x 9.1\""""}",https://i.thriftbooks.com/api/imagehandler/m/14BD963B5B766EBD21DBC1E8B6355742F8A94C2F.jpeg
SQL Tuning,Dan Tow,"{""Format:"": ""Paperback"", ""Language:"": ""English"", ""ISBN:"": ""0596005733"", ""ISBN13:"": ""9780596005733"", ""Release Date:"": ""December 2003"", ""Publisher:"": ""O'Reilly Media"", ""Length:"": ""314 Pages"", ""Weight:"": ""0.75 lbs."", ""Dimensions:"": ""0.8\"" x 7.1\"" x 9.2\""""}",https://i.thriftbooks.com/api/imagehandler/m/17D875E777B397327026F4D3E58DE859AD95D824.jpeg
HTML: The Complete Reference,Thomas A. Powell,"{""Format:"": ""Paperback"", ""Language:"": ""English"", ""ISBN:"": ""0072129514"", ""ISBN13:"": ""9780072129519"", ""Release Date:"": ""December 2000"", ""Publisher:"": ""McGraw-Hill/Osborne Media"", ""Length:"": ""1208 Pages"", ""Weight:"": ""4.50 lbs."", ""Dimensions:"": ""2.4\"" x 7.3\"" x 9.1\""""}",https://i.thriftbooks.com/api/imagehandler/m/89F67F996396B6D33DAAC709D86CF8F4E597DEE0.jpeg
Storage Area Networks for Dummies,Alex Nikitin,"{""Format:"": ""Paperback"", ""Language:"": ""English"", ""ISBN:"": ""0470385138"", ""ISBN13:"": ""9780470385135"", ""Release Date:"": ""January 2009"", ""Publisher:"": ""For Dummies"", ""Length:"": ""464 Pages"", ""Weight:"": ""1.54 lbs."", ""Dimensions:"": ""1.0\"" x 7.4\"" x 9.2\""""}",https://i.thriftbooks.com/api/imagehandler/m/4E93EC78AD6AF556E6E499516D37FDC44497F955.jpeg
"Access Database Design & Programming: Creating Programmable Database Applications with Access 97, 2000, 2002 & 2003",Steven Roman,"{""Format:"": ""Paperback"", ""Language:"": ""English"", ""ISBN:"": ""0596002734"", ""ISBN13:"": ""9780596002732"", ""Release Date:"": ""February 2002"", ""Publisher:"": ""O'Reilly Media"", ""Length:"": ""448 Pages"", ""Weight:"": ""1.60 lbs."", ""Dimensions:"": ""0.9\"" x 7.0\"" x 9.2\""""}",https://i.thriftbooks.com/api/imagehandler/m/6C8EA3D394447747FE300F2101736833F3576CC4.jpeg
DB2 for the COBOL Programmer: An Introductory Course,Steve Eckols,"{"""": """"}",https://i.thriftbooks.com/api/imagehandler/m/AD356F7457E169548050CAEF7CD8403A54B07043.jpeg
Using Samba: A File and Print Server for Heterogeneous Networks [With CDROM],David Collier-Brown,"{""Format:"": ""Paperback"", ""Language:"": ""English"", ""ISBN:"": ""1565924495"", ""ISBN13:"": ""9781565924499"", ""Release Date:"": ""November 1999"", ""Publisher:"": ""O'Reilly Media"", ""Length:"": ""413 Pages"", ""Weight:"": ""1.55 lbs."", ""Dimensions:"": ""0.8\"" x 7.0\"" x 9.1\""""}",https://i.thriftbooks.com/api/imagehandler/m/44B1497D93A44FDC09C7A41DC4C95177BCFA95A0.jpeg
MySQL in a Nutshell: A Desktop Quick Reference,Russell J.T. Dyer,"{""Format:"": ""Paperback"", ""Language:"": ""English"", ""ISBN:"": ""0596514336"", ""ISBN13:"": ""9780596514334"", ""Release Date:"": ""May 2008"", ""Publisher:"": ""O'Reilly Media"", ""Length:"": ""564 Pages"", ""Weight:"": ""1.80 lbs."", ""Dimensions:"": ""1.1\"" x 6.3\"" x 8.9\""""}",https://i.thriftbooks.com/api/imagehandler/m/A16A7D44B98BFEB0A1BFC586186FFE0B523C93E3.jpeg
Oracle SQL by Example,Alice Rischert,"{""Format:"": ""Paperback"", ""Language:"": ""English"", ""ISBN:"": ""0131451316"", ""ISBN13:"": ""9780131451315"", ""Release Date:"": ""June 2004"", ""Publisher:"": ""Pearson"", ""Length:"": ""99998 Pages"", ""Weight:"": ""2.90 lbs."", ""Dimensions:"": ""1.4\"" x 7.0\"" x 9.2\""""}",https://i.thriftbooks.com/api/imagehandler/m/25AE7A0BB9D2E7BE12C236D8109BBDAAF96D1873.jpeg
