Book Name,Authors,Info,Image URL
"The Color of Water, A Black Man's Tribute to His W",James McBride,"{""Format:"": ""Paperback"", ""Language:"": ""English"", ""ISBN:"": ""1573225789"", ""ISBN13:"": ""9781573225786"", ""Release Date:"": ""February 1997"", ""Publisher:"": ""Penguin Publishing Group"", ""Length:"": ""320 Pages"", ""Weight:"": ""0.60 lbs."", ""Dimensions:"": ""0.7\"" x 5.0\"" x 8.0\""""}",https://i.thriftbooks.com/api/imagehandler/m/C3328968BACA0ECC071FAE096ED314B421DC227E.jpeg
"Black Elk Speaks, New Edition",John G. Neihardt,"{""Format:"": ""Paperback"", ""Language:"": ""English"", ""ISBN:"": ""0803283857"", ""ISBN13:"": ""9780803283855"", ""Release Date:"": ""January 2005"", ""Publisher:"": ""Bison Books"", ""Length:"": ""270 Pages"", ""Weight:"": ""0.78 lbs."", ""Dimensions:"": ""0.7\"" x 5.5\"" x 9.3\""""}",https://i.thriftbooks.com/api/imagehandler/m/CF632039B921CA07C891586BD286209FA1052585.jpeg
"Narrative of the Life of Frederick Douglass, an American Slave",Frederick Douglass,"{""Format:"": ""Paperback"", ""Language:"": ""English"", ""ISBN:"": ""1631063278"", ""ISBN13:"": ""9781631063275"", ""Release Date:"": ""March 2017"", ""Publisher:"": ""Race Point Publishing"", ""Length:"": ""256 Pages"", ""Weight:"": ""0.70 lbs."", ""Dimensions:"": ""0.6\"" x 5.9\"" x 7.6\""""}",https://i.thriftbooks.com/api/imagehandler/m/B4DDD07C4DEE2C2F706ACEE11CE6549BAF28C418.jpeg
The Audacity of Hope: Thoughts on Reclaiming the American Dream,Barack Obama,"{""Format:"": ""Hardcover"", ""Language:"": ""English"", ""ISBN:"": ""0307237699"", ""ISBN13:"": ""9780307237699"", ""Release Date:"": ""October 2006"", ""Publisher:"": ""Crown Publishing Group (NY)"", ""Length:"": ""384 Pages"", ""Weight:"": ""1.21 lbs."", ""Dimensions:"": ""1.4\"" x 6.5\"" x 9.5\""""}",https://i.thriftbooks.com/api/imagehandler/m/EA0BD70BA1E8BA9DD6B6152F6E3F9F7960CC21AD.jpeg
The Fire Next Time,James Baldwin,"{""Format:"": ""Paperback"", ""Language:"": ""English"", ""ISBN:"": ""067974472X"", ""ISBN13:"": ""9780679744726"", ""Release Date:"": ""December 1992"", ""Publisher:"": ""Vintage"", ""Length:"": ""128 Pages"", ""Weight:"": ""0.33 lbs."", ""Dimensions:"": ""0.4\"" x 5.2\"" x 7.9\"""", ""Age Range:"": ""14 years and up"", ""Grade Range:"": ""Grade 9""}",https://i.thriftbooks.com/api/imagehandler/m/553ECAAE4DA135378545EF45A9985326EE4756EA.jpeg
I Know Why the Caged Bird Sings,Maya Angelou,"{""Format:"": ""Paperback"", ""Language:"": ""English"", ""ISBN:"": ""0553108425"", ""ISBN13:"": ""9780553108422"", ""Release Date:"": ""January 1971"", ""Publisher:"": ""Bantam Doubleday Dell"", ""Length:"": ""246 Pages"", ""Weight:"": ""0.36 lbs.""}",https://m.media-amazon.com/images/I/41q-wX15IOL._SL350_.jpg
The Measure of a Man: A Spiritual Autobiography,Sidney Poitier,"{""Format:"": ""Hardcover"", ""Language:"": ""English"", ""ISBN:"": ""006135791X"", ""ISBN13:"": ""9780061357916"", ""Release Date:"": ""January 2007"", ""Publisher:"": ""HarperOne"", ""Length:"": ""255 Pages"", ""Weight:"": ""1.05 lbs."", ""Dimensions:"": ""1.0\"" x 6.3\"" x 9.6\""""}",https://i.thriftbooks.com/api/imagehandler/m/2EC3CCDD29956C5CF46EEF2BCBC3799B1A38A572.jpeg
Same Kind Of Different As Me,Denver Moore,"{""Format:"": ""Hardcover"", ""Language:"": ""English"", ""ISBN:"": ""0849900417"", ""Release Date:"": ""January 2006"", ""Publisher:"": ""Thomas Nelson"", ""Length:"": ""237 Pages"", ""Weight:"": ""0.88 lbs."", ""Dimensions:"": ""9.5\"" x 0.8\"" x 6.3\""""}",https://m.media-amazon.com/images/I/51yfXzyZkvL._SL350_.jpg
Incidents in the Life of a Slave Girl,Harriet Ann Jacobs,"{""Format:"": ""Paperback"", ""Language:"": ""English"", ""ISBN:"": ""0486419312"", ""ISBN13:"": ""9780486419312"", ""Release Date:"": ""November 2001"", ""Publisher:"": ""Dover Publications"", ""Length:"": ""176 Pages"", ""Weight:"": ""0.30 lbs."", ""Dimensions:"": ""0.5\"" x 5.0\"" x 7.9\"""", ""Age Range:"": ""11 years and up"", ""Grade Range:"": ""Grade 6 and higher""}",https://i.thriftbooks.com/api/imagehandler/m/510F2E4DEFBF17D26C37434855D47E90346692E9.jpeg
Farewell to Manzanar,James D. Houston,"{""Format:"": ""Paperback"", ""Language:"": ""English"", ""ISBN:"": ""1328742113"", ""ISBN13:"": ""9781328742117"", ""Release Date:"": ""December 2023"", ""Publisher:"": ""Clarion Books"", ""Length:"": ""224 Pages"", ""Weight:"": ""0.40 lbs."", ""Dimensions:"": ""0.6\"" x 5.6\"" x 8.2\"""", ""Age Range:"": ""8 to 12 years"", ""Grade Range:"": ""Grades 3 to 7""}",https://i.thriftbooks.com/api/imagehandler/m/0CEF8AB9D74516AC6BD606B144D4C1A443B5D0BA.jpeg
"Man's Search for Meaning: An Introduction to Logotherapy (Third Edition, Newly Revised and Enlarged)",Viktor E. Frankl,"{""Format:"": ""Paperback"", ""ISBN:"": ""B001TSB1JG"", ""Release Date:"": ""January 1984"", ""Publisher:"": ""Touchstone Book/Simon & Schuster"", ""Weight:"": ""1.01 lbs.""}",https://m.media-amazon.com/images/I/31MTfttopUL._SL350_.jpg
Night,Elie Wiesel,"{""Format:"": ""Paperback"", ""Language:"": ""English"", ""ISBN:"": ""0553272535"", ""Release Date:"": ""April 1982"", ""Publisher:"": ""Bantam Books"", ""Length:"": ""109 Pages"", ""Weight:"": ""0.17 lbs."", ""Dimensions:"": ""6.7\"" x 0.5\"" x 4.1\""""}",https://m.media-amazon.com/images/I/51BK1byaALL._SL350_.jpg
The Diary Of A Young Girl,Anne Frank,"{""Format:"": ""Paperback"", ""Language:"": ""English"", ""ISBN:"": ""0385480334"", ""Release Date:"": ""February 1996"", ""Publisher:"": ""Vintage"", ""Length:"": ""341 Pages"", ""Weight:"": ""0.68 lbs."", ""Dimensions:"": ""8.0\"" x 0.9\"" x 5.2\""""}",https://m.media-amazon.com/images/I/41JHWv+Cz5L._SL350_.jpg
"Unbroken: A World War II Story of Survival, Resilience, and Redemption",Laura Hillenbrand,"{""Format:"": ""Hardcover"", ""Language:"": ""English"", ""ISBN:"": ""1400064163"", ""ISBN13:"": ""9781400064168"", ""Release Date:"": ""November 2010"", ""Publisher:"": ""Random House"", ""Length:"": ""496 Pages"", ""Weight:"": ""1.67 lbs."", ""Dimensions:"": ""1.4\"" x 6.2\"" x 9.4\""""}",https://i.thriftbooks.com/api/imagehandler/m/3B92417C352194888A5D76F6C3C78EB36B23B4ED.jpeg
The Immortal Life of Henrietta Lacks,Rebecca Skloot,"{""Format:"": ""Paperback"", ""Language:"": ""English"", ""ISBN:"": ""1400052181"", ""ISBN13:"": ""8601400205570"", ""Release Date:"": ""March 2011"", ""Publisher:"": ""Broadway Books"", ""Weight:"": ""1.00 lbs.""}",https://img.thriftbooks.com/api/images/m/a1140665f666229ae15fa5faada44abaf8bdb7f9.jpg
The Autobiography of Malcolm X: As Told to Alex Haley,Alex Haley,"{""Format:"": ""Mass Market Paperback"", ""Language:"": ""English"", ""ISBN:"": ""0345350685"", ""Release Date:"": ""November 1992"", ""Publisher:"": ""Ballantine Books"", ""Length:"": ""460 Pages"", ""Weight:"": ""0.64 lbs."", ""Dimensions:"": ""6.9\"" x 1.1\"" x 4.2\""""}",https://m.media-amazon.com/images/I/41Xmnsh3aaL._SL350_.jpg
Maus I: A Survivor's Tale: My Father Bleeds History,Art Spiegelman,"{""Format:"": ""Paperback"", ""Language:"": ""English"", ""ISBN:"": ""0394747232"", ""ISBN13:"": ""9780394747231"", ""Release Date:"": ""August 1986"", ""Publisher:"": ""Pantheon Books"", ""Length:"": ""160 Pages"", ""Weight:"": ""0.87 lbs."", ""Dimensions:"": ""0.6\"" x 6.5\"" x 9.0\""""}",https://i.thriftbooks.com/api/imagehandler/m/0038564ACEBE7752AC400C74E07B8507721C677C.jpeg
"Empire of the Summer Moon: Quanah Parker and the Rise and Fall of the Comanches, the Most Powerful Indian Tribe in American History",S.C. Gwynne,"{""Format:"": ""Paperback"", ""Language:"": ""English"", ""ISBN:"": ""1416591060"", ""ISBN13:"": ""9781416591061"", ""Release Date:"": ""May 2011"", ""Publisher:"": ""Scribner Book Company"", ""Length:"": ""384 Pages"", ""Weight:"": ""0.85 lbs."", ""Dimensions:"": ""1.1\"" x 5.5\"" x 8.3\""""}",https://i.thriftbooks.com/api/imagehandler/m/FE2059ECC5949895E3112CB279F8782994EA7C49.jpeg
The Complete Maus: A Survivor's Tale,Art Spiegelman,"{""Format:"": ""Hardcover"", ""Language:"": ""English"", ""ISBN:"": ""0679406417"", ""Release Date:"": ""November 1996"", ""Publisher:"": ""Pantheon"", ""Length:"": ""296 Pages"", ""Weight:"": ""1.66 lbs."", ""Dimensions:"": ""9.4\"" x 1.2\"" x 6.8\""""}",https://m.media-amazon.com/images/I/51Ud+Rl1SaL._SL350_.jpg
Angela's Ashes,Frank McCourt,"{""Format:"": ""Paperback"", ""Language:"": ""English"", ""ISBN:"": ""068487217X"", ""ISBN13:"": ""9780684872179"", ""Release Date:"": ""November 1999"", ""Publisher:"": ""Scribner Book Company"", ""Length:"": ""368 Pages"", ""Weight:"": ""0.89 lbs."", ""Dimensions:"": ""0.9\"" x 5.6\"" x 8.6\""""}",https://i.thriftbooks.com/api/imagehandler/m/09DCAA7450790E33735B177F6E6B3CDB06B84A5D.jpeg
The Book of Margery Kempe,Margery Kempe,"{""Format:"": ""Paperback"", ""Language:"": ""English"", ""ISBN:"": ""0140432515"", ""ISBN13:"": ""9780140432510"", ""Release Date:"": ""February 2000"", ""Publisher:"": ""Penguin Group"", ""Length:"": ""384 Pages"", ""Weight:"": ""0.65 lbs."", ""Dimensions:"": ""0.8\"" x 5.1\"" x 7.8\"""", ""Age Range:"": ""18 years and up"", ""Grade Range:"": ""Postsecondary and higher""}",https://i.thriftbooks.com/api/imagehandler/m/61DE3B433BB481016E66A9EC08FA5FD98941366F.jpeg
Oscar and Bosie: A Fatal Passion,Trevor Fisher,"{"""": """"}",https://i.thriftbooks.com/api/imagehandler/m/C6F127732CE5996BE490B8F16C2B79AED06C7CFC.jpeg
"Medicine Stories: History, Culture and the Politics of Integrity",Aurora Levins Morales,"{""Format:"": ""Paperback"", ""Language:"": ""English"", ""ISBN:"": ""0896085813"", ""ISBN13:"": ""9780896085817"", ""Release Date:"": ""July 1999"", ""Publisher:"": ""South End Press"", ""Length:"": ""135 Pages"", ""Weight:"": ""0.35 lbs."", ""Dimensions:"": ""0.5\"" x 5.4\"" x 8.5\""""}",https://i.thriftbooks.com/api/imagehandler/m/410DDCADE48047EB98D4FA74827F3514D0CE4B7C.jpeg
The Falcon: A Narrative of the Captivity and Adventures of John Tanner,John Tanner,"{""Format:"": ""Paperback"", ""Language:"": ""English"", ""ISBN:"": ""0142437514"", ""ISBN13:"": ""9780142437513"", ""Release Date:"": ""May 2003"", ""Publisher:"": ""Penguin Publishing Group"", ""Length:"": ""304 Pages"", ""Weight:"": ""0.50 lbs."", ""Dimensions:"": ""0.6\"" x 5.0\"" x 7.8\"""", ""Age Range:"": ""18 years and up"", ""Grade Range:"": ""Postsecondary and higher""}",https://i.thriftbooks.com/api/imagehandler/m/8BB892630F6464C7A50646706AC549CF51EC3EA6.jpeg
"I Have a Dream: Writings and Speeches That Changed the World, Special 75th Anniversary Edition (Martin Luther King, Jr., born January 15, 1929)",Martin Luther King Jr.,"{""Format:"": ""Paperback"", ""Language:"": ""English"", ""ISBN:"": ""0062505521"", ""Release Date:"": ""April 2003"", ""Publisher:"": ""HarperOne"", ""Length:"": ""256 Pages"", ""Weight:"": ""0.58 lbs."", ""Dimensions:"": ""8.3\"" x 0.6\"" x 5.3\""""}",https://m.media-amazon.com/images/I/5101DkOtzRL._SL350_.jpg
I May Not Get There with You: The True Martin Luther King Jr.,Michael Eric Dyson,"{""Format:"": ""Hardcover"", ""Language:"": ""English"", ""ISBN:"": ""0684867761"", ""ISBN13:"": ""9780684867762"", ""Release Date:"": ""January 2000"", ""Publisher:"": ""Free Press"", ""Length:"": ""416 Pages"", ""Weight:"": ""1.50 lbs."", ""Dimensions:"": ""1.2\"" x 6.5\"" x 9.5\""""}",https://i.thriftbooks.com/api/imagehandler/m/5FA9F4982CFD9F56E5C7D04A623604570A481897.jpeg
People of the Deer,Farley Mowat,"{""Format:"": ""Mass Market Paperback"", ""Language:"": ""English"", ""ISBN:"": ""0770422543"", ""ISBN13:"": ""9780770422547"", ""Release Date:"": ""June 1984"", ""Publisher:"": ""Bantam Books"", ""Length:"": ""304 Pages"", ""Weight:"": ""0.35 lbs."", ""Dimensions:"": ""0.9\"" x 4.3\"" x 6.9\""""}",https://i.thriftbooks.com/api/imagehandler/m/07C0229344C3404F3B1E4C13722B472C17F1B5F7.jpeg
Telling Memories/Southern Women,Susan Tucker,"{""Format:"": ""Paperback"", ""Language:"": ""English"", ""ISBN:"": ""0805209530"", ""ISBN13:"": ""9780805209532"", ""Release Date:"": ""January 1990"", ""Publisher:"": ""Pantheon Books"", ""Length:"": ""278 Pages"", ""Weight:"": ""0.83 lbs."", ""Dimensions:"": ""0.8\"" x 5.5\"" x 8.2\""""}",https://i.thriftbooks.com/api/imagehandler/m/FF323D37364146F3E5FE1ADDD0122736D18C04CA.jpeg
"Lieutenant Nun: The True Story of a Cross-Dressing, Transatlantic Adventurer Who Escaped From a Spanish Convent in 1599 and Lived as a Man",Catalina de Erauso,"{""Format:"": ""Paperback"", ""Language:"": ""English"", ""ISBN:"": ""0807070734"", ""Release Date:"": ""June 1997"", ""Publisher:"": ""Beacon Press"", ""Length:"": ""128 Pages"", ""Weight:"": ""0.15 lbs."", ""Dimensions:"": ""8.0\"" x 0.4\"" x 5.4\""""}",https://m.media-amazon.com/images/I/51daDwMBj3L._SL350_.jpg
The Same River Twice: Honoring the Difficult,Alice Walker,"{""Format:"": ""Hardcover"", ""Language:"": ""English"", ""ISBN:"": ""0684814196"", ""ISBN13:"": ""9780684814193"", ""Release Date:"": ""January 1996"", ""Publisher:"": ""Scribner Book Company"", ""Length:"": ""302 Pages"", ""Weight:"": ""1.35 lbs."", ""Dimensions:"": ""1.0\"" x 6.4\"" x 9.6\""""}",https://i.thriftbooks.com/api/imagehandler/m/1F26958E7C7602DE3F14CC38FF2D8CEF78B03FC1.jpeg
The Devil That Danced on the Water: A Daughter's Quest,Aminatta Forna,"{""Format:"": ""Hardcover"", ""Language:"": ""English"", ""ISBN:"": ""0871138654"", ""ISBN13:"": ""9780871138651"", ""Release Date:"": ""December 2002"", ""Publisher:"": ""Atlantic Monthly Press"", ""Length:"": ""416 Pages"", ""Weight:"": ""0.10 lbs."", ""Dimensions:"": ""1.3\"" x 6.3\"" x 9.2\""""}",https://i.thriftbooks.com/api/imagehandler/m/CCC74DCFD76A5BCDD95EC14EBF1A07475639328F.jpeg
Red Seas: Ferdinand Smith and Radical Black Sailors in the United States and Jamaica,Gerald Horne,"{""Format:"": ""Hardcover"", ""Language:"": ""English"", ""ISBN:"": ""0814736688"", ""ISBN13:"": ""9780814736685"", ""Release Date:"": ""June 2005"", ""Publisher:"": ""New York University Press"", ""Length:"": ""380 Pages"", ""Weight:"": ""1.40 lbs."", ""Dimensions:"": ""1.1\"" x 6.4\"" x 9.2\""""}",https://i.thriftbooks.com/api/imagehandler/m/862321A28C0EBC2D8814BD581D9791858E1419D0.jpeg
We Are Your Sisters,Dorothy Sterling,"{""Format:"": ""Paperback"", ""Language:"": ""English"", ""ISBN:"": ""0393302520"", ""ISBN13:"": ""9780393302523"", ""Release Date:"": ""January 1985"", ""Publisher:"": ""W. W. Norton & Company"", ""Length:"": ""535 Pages"", ""Weight:"": ""1.40 lbs."", ""Dimensions:"": ""1.3\"" x 5.4\"" x 8.4\""""}",https://m.media-amazon.com/images/I/51rCIkBAZ4L._SL350_.jpg
Barrio Boy: Theology,Ernesto Galarza,"{""Format:"": ""Paperback"", ""Language:"": ""English"", ""ISBN:"": ""0268004412"", ""ISBN13:"": ""9780268004415"", ""Release Date:"": ""August 1991"", ""Publisher:"": ""University of Notre Dame Press"", ""Length:"": ""288 Pages"", ""Weight:"": ""0.70 lbs."", ""Dimensions:"": ""0.7\"" x 5.5\"" x 8.5\""""}",https://i.thriftbooks.com/api/imagehandler/m/4DF36109674D18353B3F49671D61E603D9B14E3D.jpeg
Anything We Love Can Be Saved:: A Writer's Activism,Alice Walker,"{""Format:"": ""Hardcover"", ""Language:"": ""English"", ""ISBN:"": ""0679455841"", ""ISBN13:"": ""9780679455844"", ""Release Date:"": ""April 1997"", ""Publisher:"": ""Random House (NY)"", ""Length:"": ""225 Pages"", ""Weight:"": ""1.21 lbs."", ""Dimensions:"": ""1.0\"" x 6.5\"" x 9.6\""""}",https://i.thriftbooks.com/api/imagehandler/m/AF7771B2A903A3D083536000031B77525D7F9E8B.jpeg
The Turkish Lover,Esmeralda Santiago,"{""Format:"": ""Hardcover"", ""Language:"": ""English"", ""ISBN:"": ""0738208205"", ""ISBN13:"": ""9780738208206"", ""Release Date:"": ""August 2004"", ""Publisher:"": ""Merloyd Lawrence Books"", ""Length:"": ""341 Pages"", ""Weight:"": ""1.55 lbs."", ""Dimensions:"": ""1.1\"" x 6.3\"" x 9.3\""""}",https://i.thriftbooks.com/api/imagehandler/m/4F16E3D1DC594ACE3C9D91D45FA49A890F64CB63.jpeg
"Skin: Talking about Sex, Class and Literature",Dorothy Allison,"{""Format:"": ""Paperback"", ""Language:"": ""English"", ""ISBN:"": ""1563410443"", ""ISBN13:"": ""9781563410444"", ""Release Date:"": ""April 1994"", ""Publisher:"": ""Firebrand Books"", ""Length:"": ""261 Pages"", ""Weight:"": ""1.60 lbs."", ""Dimensions:"": ""0.6\"" x 5.5\"" x 8.5\""""}",https://i.thriftbooks.com/api/imagehandler/m/BB1D8126A12A920F5137E87737A7FAF9C715A090.jpeg
Black Dog of Fate,Peter Balakian,"{""Format:"": ""Paperback"", ""Language:"": ""English"", ""ISBN:"": ""0465010199"", ""ISBN13:"": ""9780465010196"", ""Release Date:"": ""February 2009"", ""Publisher:"": ""Basic Books"", ""Length:"": ""304 Pages"", ""Weight:"": ""0.90 lbs."", ""Dimensions:"": ""1.1\"" x 5.4\"" x 8.2\""""}",https://i.thriftbooks.com/api/imagehandler/m/9CA62488F848EEACD028C22FF3147C89ADFBE699.jpeg
The Classic Slave Narratives,Henry Louis Gates Jr.,"{""Format:"": ""Mass Market Paperback"", ""Language:"": ""English"", ""ISBN:"": ""0451627261"", ""ISBN13:"": ""9780451627261"", ""Release Date:"": ""September 1987"", ""Publisher:"": ""Mentor Books"", ""Length:"": ""517 Pages"", ""Weight:"": ""0.55 lbs."", ""Dimensions:"": ""1.3\"" x 4.2\"" x 6.8\""""}",https://i.thriftbooks.com/api/imagehandler/m/A293D85BB1004294F7BBF6E74A20AAA5369B8889.jpeg
"Martin Luther King, Jr., on Leadership: Inspiration and Wisdom for Challenging Times",Donald T. Phillips,"{""Format:"": ""Paperback"", ""Language:"": ""English"", ""ISBN:"": ""0446675466"", ""Release Date:"": ""January 2000"", ""Publisher:"": ""Grand Central Publishing"", ""Length:"": ""384 Pages"", ""Weight:"": ""0.85 lbs."", ""Dimensions:"": ""8.3\"" x 1.0\"" x 5.0\""""}",https://m.media-amazon.com/images/I/51xDLToVAYL._SL350_.jpg
My American Journey,Colin Powell,"{""Format:"": ""Hardcover"", ""Language:"": ""English"", ""ISBN:"": ""0679432965"", ""ISBN13:"": ""9780679432968"", ""Release Date:"": ""September 1995"", ""Publisher:"": ""Random House"", ""Length:"": ""656 Pages"", ""Weight:"": ""2.60 lbs."", ""Dimensions:"": ""2.1\"" x 6.4\"" x 9.5\""""}",https://i.thriftbooks.com/api/imagehandler/m/0A9F91B7B7FB14C55E69049DA1F3271B9FF123D1.jpeg
The Lance and the Shield: The Life and Times of Sitting Bull,Robert M. Utley,"{""Format:"": ""Hardcover"", ""Language:"": ""English"", ""ISBN:"": ""0805012745"", ""ISBN13:"": ""9780805012743"", ""Release Date:"": ""January 1993"", ""Publisher:"": ""Henry Holt & Company"", ""Length:"": ""413 Pages"", ""Weight:"": ""1.44 lbs."", ""Dimensions:"": ""1.6\"" x 6.7\"" x 9.5\""""}",https://m.media-amazon.com/images/I/51qWj5ZUs9L._SL350_.jpg
The Wars of the Roses,Alison Weir,"{""Format:"": ""Paperback"", ""Language:"": ""English"", ""ISBN:"": ""0345404335"", ""Release Date:"": ""June 1996"", ""Publisher:"": ""Ballantine Books"", ""Length:"": ""512 Pages"", ""Weight:"": ""1.00 lbs."", ""Dimensions:"": ""8.2\"" x 1.1\"" x 5.5\""""}",https://m.media-amazon.com/images/I/518jmCpnSoL._SL350_.jpg
Slaves in the Family,Edward Ball,"{""Format:"": ""Paperback"", ""Language:"": ""English"", ""ISBN:"": ""0345431057"", ""Release Date:"": ""December 1998"", ""Publisher:"": ""Ballantine Books"", ""Length:"": ""505 Pages"", ""Weight:"": ""1.05 lbs."", ""Dimensions:"": ""8.3\"" x 1.0\"" x 5.5\""""}",https://m.media-amazon.com/images/I/51iu-d-sIkL._SL350_.jpg
"Miles, the Autobiography",Miles Davis,"{""Format:"": ""Hardcover"", ""Language:"": ""English"", ""ISBN:"": ""0671635042"", ""ISBN13:"": ""9780671635046"", ""Release Date:"": ""January 1989"", ""Publisher:"": ""Simon & Schuster"", ""Length:"": ""441 Pages"", ""Weight:"": ""1.53 lbs.""}",https://m.media-amazon.com/images/I/51IRzdNsOAL._SL350_.jpg
"Agent Zigzag: A True Story of Nazi Espionage, Love, and Betrayal",Ben Macintyre,"{""Format:"": ""Hardcover"", ""Language:"": ""English"", ""ISBN:"": ""0307353400"", ""ISBN13:"": ""9780307353405"", ""Release Date:"": ""September 2007"", ""Publisher:"": ""Harmony"", ""Length:"": ""364 Pages"", ""Weight:"": ""1.50 lbs."", ""Dimensions:"": ""1.3\"" x 6.4\"" x 9.2\""""}",https://i.thriftbooks.com/api/imagehandler/m/F503C2D9A79162978C508DDFAF9332BA417B6AF5.jpeg
Amy Carmichael: Rescuer of Precious Gems,Janet Benge,"{""Format:"": ""Paperback"", ""Language:"": ""English"", ""ISBN:"": ""1576580180"", ""ISBN13:"": ""9781576580189"", ""Release Date:"": ""May 1998"", ""Publisher:"": ""YWAM Publishing"", ""Length:"": ""203 Pages"", ""Weight:"": ""0.60 lbs."", ""Dimensions:"": ""0.6\"" x 5.3\"" x 8.0\"""", ""Age Range:"": ""10 to 13 years"", ""Grade Range:"": ""Grades 5 to 8""}",https://i.thriftbooks.com/api/imagehandler/m/D1F1D4D59016287F6034AE360A7A68D49D5B78B6.jpeg
Walking with the Wind: A Memoir of the Movement,John Lewis,"{""Format:"": ""Paperback"", ""Language:"": ""English"", ""ISBN:"": ""1476797714"", ""ISBN13:"": ""9781476797717"", ""Release Date:"": ""February 2015"", ""Publisher:"": ""Simon & Schuster"", ""Length:"": ""544 Pages"", ""Weight:"": ""1.90 lbs."", ""Dimensions:"": ""1.4\"" x 5.9\"" x 8.9\""""}",https://i.thriftbooks.com/api/imagehandler/m/D93DCEDE27326B0F3D0FB85B329369F492681361.jpeg
Falling Leaves: The True Story of an Unwanted Chinese Daughter,Adeline Yen Mah,"{""Format:"": ""Hardcover"", ""Language:"": ""English"", ""ISBN:"": ""0471247421"", ""ISBN13:"": ""9780471247425"", ""Release Date:"": ""February 1998"", ""Publisher:"": ""John Wiley & Sons"", ""Length:"": ""304 Pages"", ""Weight:"": ""1.15 lbs."", ""Dimensions:"": ""1.0\"" x 5.8\"" x 9.0\""""}",https://i.thriftbooks.com/api/imagehandler/m/5E3395672122EEB9DC3ABAB803F5D764A2E0A0F7.jpeg
Pimp,Iceberg Slim,"{""Format:"": ""Paperback"", ""Language:"": ""English"", ""ISBN:"": ""1451617135"", ""ISBN13:"": ""9781451617139"", ""Release Date:"": ""May 2011"", ""Publisher:"": ""Cash Money Content"", ""Length:"": ""320 Pages"", ""Weight:"": ""0.55 lbs."", ""Dimensions:"": ""0.7\"" x 5.3\"" x 8.0\""""}",https://i.thriftbooks.com/api/imagehandler/m/E8B487E25DE5CEDC8630F828A0C5E4128A338ADA.jpeg
Wouldn't Take Nothing for My Journey Now,Maya Angelou,"{""Format:"": ""Hardcover"", ""Language:"": ""English"", ""ISBN:"": ""0679427430"", ""ISBN13:"": ""9780679427438"", ""Release Date:"": ""September 1993"", ""Publisher:"": ""Random House"", ""Length:"": ""160 Pages"", ""Weight:"": ""0.65 lbs."", ""Dimensions:"": ""0.8\"" x 5.8\"" x 8.2\""""}",https://i.thriftbooks.com/api/imagehandler/m/C648F490DC5F6AD225BF65FCECCB55DCCE981251.jpeg
Patton: A Genius for War,Carlo D'Este,"{""Format:"": ""Hardcover"", ""Language:"": ""English"", ""ISBN:"": ""0060164557"", ""ISBN13:"": ""9780060164553"", ""Release Date:"": ""January 1995"", ""Publisher:"": ""HarperCollins Publishers"", ""Length:"": ""977 Pages"", ""Weight:"": ""1.10 lbs."", ""Dimensions:"": ""2.2\"" x 6.4\"" x 9.6\""""}",https://i.thriftbooks.com/api/imagehandler/m/023FAD42A2A2B290B66B835104F0D7B79448F4A0.jpeg
"The Frontiersmen: A Narrative (Narratives of America, Book 1)",Allan W. Eckert,"{""Format:"": ""Paperback"", ""Language:"": ""English"", ""ISBN:"": ""0553139444"", ""Release Date:"": ""January 1970"", ""Publisher:"": ""Bantam Books"", ""Length:"": ""751 Pages"", ""Weight:"": ""0.60 lbs.""}",https://m.media-amazon.com/images/I/51bVWx4joVL._SL350_.jpg
On Gold Mountain,Lisa See,"{""Format:"": ""Paperback"", ""Language:"": ""English"", ""ISBN:"": ""0307950395"", ""Release Date:"": ""February 2012"", ""Publisher:"": ""Vintage"", ""Length:"": ""402 Pages"", ""Weight:"": ""0.75 lbs."", ""Dimensions:"": ""8.0\"" x 0.9\"" x 5.2\""""}",https://m.media-amazon.com/images/I/41eTldozIIL._SL350_.jpg
Eleanor of Aquitaine: A Life,Alison Weir,"{""Format:"": ""Hardcover"", ""Language:"": ""English"", ""ISBN:"": ""0345405404"", ""Release Date:"": ""January 2000"", ""Publisher:"": ""Ballantine Books"", ""Length:"": ""464 Pages"", ""Weight:"": ""1.70 lbs."", ""Dimensions:"": ""9.8\"" x 1.8\"" x 6.8\""""}",https://m.media-amazon.com/images/I/51Rr9i0MlxL._SL350_.jpg
Code Talker,Chester Nez,"{""Format:"": ""Paperback"", ""Language:"": ""English"", ""ISBN:"": ""0425247856"", ""ISBN13:"": ""9780425247853"", ""Release Date:"": ""August 2012"", ""Publisher:"": ""Dutton Caliber"", ""Length:"": ""320 Pages"", ""Weight:"": ""0.80 lbs."", ""Dimensions:"": ""0.9\"" x 6.0\"" x 8.8\"""", ""Age Range:"": ""18 years and up"", ""Grade Range:"": ""Postsecondary and higher""}",https://i.thriftbooks.com/api/imagehandler/m/558142F39543F5A26A77D71E2BB84597FF692EFA.jpeg
Funny in Farsi: A Memoir of Growing Up Iranian in America,Firoozeh Dumas,"{""Format:"": ""Paperback"", ""Language:"": ""English"", ""ISBN:"": ""0812968379"", ""ISBN13:"": ""9780812968378"", ""Release Date:"": ""January 2004"", ""Publisher:"": ""Random House Trade"", ""Length:"": ""240 Pages"", ""Weight:"": ""0.40 lbs."", ""Dimensions:"": ""0.6\"" x 5.2\"" x 8.0\""""}",https://i.thriftbooks.com/api/imagehandler/m/92DF69D0E0C694724B05F4C166BE7C536C95E15A.jpeg
Teacher Man: A Memoir (The Frank McCourt Memoirs),Frank McCourt,"{""Format:"": ""Hardcover"", ""Language:"": ""English"", ""ISBN:"": ""0743243773"", ""Release Date:"": ""November 2005"", ""Publisher:"": ""Scribner"", ""Length:"": ""272 Pages"", ""Weight:"": ""1.20 lbs."", ""Dimensions:"": ""9.3\"" x 1.0\"" x 6.1\""""}",https://m.media-amazon.com/images/I/418kA77IuVL._SL350_.jpg
Children of the Flames: Dr. Josef Mengele and the Untold Story of the Twins of Auschwitz,Sheila Cohn Dekel,"{""Format:"": ""Hardcover"", ""Language:"": ""English"", ""ISBN:"": ""0688096956"", ""ISBN13:"": ""9780688096953"", ""Release Date:"": ""January 1991"", ""Publisher:"": ""William Morrow & Company"", ""Length:"": ""320 Pages"", ""Weight:"": ""1.00 lbs."", ""Dimensions:"": ""1.1\"" x 6.5\"" x 9.5\""""}",https://m.media-amazon.com/images/I/51BzkXswkKL._SL350_.jpg
The Hemingses of Monticello: An American Family,Annette Gordon-Reed,"{""Format:"": ""Paperback"", ""Language:"": ""English"", ""ISBN:"": ""0393337766"", ""ISBN13:"": ""9780393337761"", ""Release Date:"": ""September 2009"", ""Publisher:"": ""W. W. Norton & Company"", ""Length:"": ""816 Pages"", ""Weight:"": ""2.30 lbs."", ""Dimensions:"": ""1.4\"" x 6.2\"" x 9.2\""""}",https://i.thriftbooks.com/api/imagehandler/m/060936905499788CD8C6922F3C75B4C94E08E738.jpeg
The Night Trilogy: Night/Dawn/Day,Elie Wiesel,"{""Format:"": ""Paperback"", ""Language:"": ""English"", ""ISBN:"": ""0809073641"", ""ISBN13:"": ""9780809073641"", ""Release Date:"": ""April 2008"", ""Publisher:"": ""Hill & Wang"", ""Length:"": ""352 Pages"", ""Weight:"": ""0.70 lbs."", ""Dimensions:"": ""1.0\"" x 5.4\"" x 8.1\""""}",https://i.thriftbooks.com/api/imagehandler/m/8F4F8873E27652F9CF624876BCBBD7EE39E1332F.jpeg
All But My Life: A Memoir,Gerda Weissmann Klein,"{""Format:"": ""Paperback"", ""Language:"": ""English"", ""ISBN:"": ""0809015803"", ""Release Date:"": ""March 1995"", ""Publisher:"": ""Hill and Wang"", ""Length:"": ""272 Pages"", ""Weight:"": ""0.63 lbs."", ""Dimensions:"": ""7.9\"" x 0.8\"" x 5.5\""""}",https://m.media-amazon.com/images/I/41zcpaHGz3L._SL350_.jpg
Evidence Not Seen: A Woman's Miraculous Faith in the Jungles of World War II,Darlene Deibler Rose,"{""Format:"": ""Paperback"", ""Language:"": ""English"", ""ISBN:"": ""0060670207"", ""Release Date:"": ""January 1990"", ""Publisher:"": ""Harper Collins"", ""Length:"": ""224 Pages"", ""Weight:"": ""0.45 lbs."", ""Dimensions:"": ""8.0\"" x 0.5\"" x 5.3\""""}",https://m.media-amazon.com/images/I/415K3VeI3zL._SL350_.jpg
The Diary of Ellen Rimbauer: My Life at Rose Red,Joyce Reardon,"{""Format:"": ""Hardcover"", ""Language:"": ""English"", ""ISBN:"": ""0786868015"", ""ISBN13:"": ""9780786868018"", ""Release Date:"": ""January 2001"", ""Publisher:"": ""Hyperion Books"", ""Length:"": ""252 Pages"", ""Weight:"": ""0.54 lbs."", ""Dimensions:"": ""0.8\"" x 5.8\"" x 8.6\""""}",https://i.thriftbooks.com/api/imagehandler/m/9D978327B94BF9AE731CC62CC60C3A2EE77FEA71.jpeg
Notes of a Native Son,James Baldwin,"{""Format:"": ""Paperback"", ""Language:"": ""English"", ""ISBN:"": ""0807006238"", ""ISBN13:"": ""9780807006238"", ""Release Date:"": ""November 2012"", ""Publisher:"": ""Beacon Press"", ""Length:"": ""208 Pages"", ""Weight:"": ""0.62 lbs."", ""Dimensions:"": ""0.6\"" x 5.5\"" x 8.5\""""}",https://i.thriftbooks.com/api/imagehandler/m/BB751678E96D73DB0E8A7D6F4FF5082DCCB3AE03.jpeg
Reading Lolita in Tehran: A Memoir in Books,Azar Nafisi,"{""Format:"": ""Paperback"", ""Language:"": ""English"", ""ISBN:"": ""081297106X"", ""Release Date:"": ""December 2003"", ""Publisher:"": ""Random House Trade Paperbacks"", ""Length:"": ""384 Pages"", ""Weight:"": ""1.19 lbs."", ""Dimensions:"": ""8.0\"" x 0.8\"" x 5.2\""""}",https://m.media-amazon.com/images/I/41b5QabFF4L._SL350_.jpg
My Grandfather's Son: A Memoir,Clarence Thomas,"{""Format:"": ""Hardcover"", ""Language:"": ""English"", ""ISBN:"": ""0060565551"", ""Release Date:"": ""October 2007"", ""Publisher:"": ""Harper"", ""Length:"": ""304 Pages"", ""Weight:"": ""0.65 lbs."", ""Dimensions:"": ""9.0\"" x 1.7\"" x 6.0\""""}",https://m.media-amazon.com/images/I/41ZUSQTgIeL._SL350_.jpg
Gather Together in My Name,Maya Angelou,"{""Format:"": ""Paperback"", ""Language:"": ""English"", ""ISBN:"": ""0553260669"", ""Release Date:"": ""February 1985"", ""Publisher:"": ""Bantam"", ""Length:"": ""192 Pages"", ""Weight:"": ""0.23 lbs."", ""Dimensions:"": ""6.7\"" x 0.6\"" x 4.2\""""}",https://m.media-amazon.com/images/I/51V2HJRJSKL._SL350_.jpg
In My Hands: Memories of a Holocaust Rescuer,Irene Gut Opdyke,"{""Format:"": ""Paperback"", ""Language:"": ""English"", ""ISBN:"": ""0553538845"", ""ISBN13:"": ""9780553538847"", ""Release Date:"": ""March 2016"", ""Publisher:"": ""Ember"", ""Length:"": ""288 Pages"", ""Weight:"": ""0.55 lbs."", ""Dimensions:"": ""0.7\"" x 5.9\"" x 8.5\"""", ""Age Range:"": ""14 years and up"", ""Grade Range:"": ""Grade 9 and higher""}",https://i.thriftbooks.com/api/imagehandler/m/BEF42B55A20F178FAEB65190F5ECDA5F29163B40.jpeg
"The Lemon Tree: An Arab, a Jew, and the Heart of the Middle East",Sandy Tolan,"{""Format:"": ""Paperback"", ""Language:"": ""English"", ""ISBN:"": ""1596913436"", ""ISBN13:"": ""9781596913431"", ""Release Date:"": ""May 2007"", ""Publisher:"": ""Bloomsbury USA"", ""Length:"": ""400 Pages"", ""Weight:"": ""0.82 lbs."", ""Dimensions:"": ""1.0\"" x 5.5\"" x 8.4\""""}",https://i.thriftbooks.com/api/imagehandler/m/80B02BF8D3DDE39DB587247A8B4451E2E51938C6.jpeg
Always Running: La Vida Loca: Gang Days in L.A.,Luis J. Rodríguez,"{""Format:"": ""Paperback"", ""Language:"": ""English"", ""ISBN:"": ""0743276914"", ""Release Date:"": ""October 2005"", ""Publisher:"": ""Atria Books"", ""Length:"": ""262 Pages"", ""Weight:"": ""0.60 lbs."", ""Dimensions:"": ""8.4\"" x 0.7\"" x 5.5\""""}",https://m.media-amazon.com/images/I/51G48+jUkrL._SL350_.jpg
Patrick: Patron Saint of Ireland,Tomie dePaola,"{""Format:"": ""Paperback"", ""Language:"": ""English"", ""ISBN:"": ""0823410773"", ""ISBN13:"": ""9780823410774"", ""Release Date:"": ""January 1992"", ""Publisher:"": ""Holiday House"", ""Length:"": ""32 Pages"", ""Weight:"": ""0.23 lbs."", ""Dimensions:"": ""0.1\"" x 8.3\"" x 10.8\"""", ""Age Range:"": ""5 to 8 years"", ""Grade Range:"": ""Preschool to Grade 3""}",https://i.thriftbooks.com/api/imagehandler/m/DC27D3932D7F50525B072C03C2217B55FB77AD99.jpeg
A Small Place,Jamaica Kincaid,"{""Format:"": ""Paperback"", ""Language:"": ""English"", ""ISBN:"": ""0374527075"", ""Release Date:"": ""April 2000"", ""Publisher:"": ""Farrar, Straus and Giroux"", ""Length:"": ""81 Pages"", ""Weight:"": ""0.33 lbs."", ""Dimensions:"": ""8.2\"" x 0.3\"" x 5.5\""""}",https://m.media-amazon.com/images/I/41B7muxK9TL._SL350_.jpg
"Survival In Auschwitz (Bioarchaeological Interpretations of the Human Past: Local, Regional, and Global)",Primo Levi,"{""Format:"": ""Paperback"", ""Language:"": ""English"", ""ISBN:"": ""0684826801"", ""Release Date:"": ""September 1996"", ""Publisher:"": ""Simon & Schuster"", ""Length:"": ""187 Pages"", ""Weight:"": ""0.40 lbs."", ""Dimensions:"": ""8.3\"" x 0.3\"" x 5.5\""""}",https://m.media-amazon.com/images/I/41t8HQ4nwrL._SL350_.jpg
Monster: The Autobiography of an L.A. Gang Member,Sanyika Shakur,"{""Format:"": ""Paperback"", ""Language:"": ""English"", ""ISBN:"": ""0802141447"", ""ISBN13:"": ""9780802141446"", ""Release Date:"": ""June 2004"", ""Publisher:"": ""Grove Press"", ""Length:"": ""400 Pages"", ""Weight:"": ""0.30 lbs."", ""Dimensions:"": ""1.1\"" x 5.0\"" x 7.7\""""}",https://i.thriftbooks.com/api/imagehandler/m/CEC74416690974D3E521F079E38DDD7BAEFF6036.jpeg
The Interesting Narrative of the Life of Olaudah Equiano: Or Gustavus Vassathe African. Written by Himself,Olaudah Equiano,"{""Format:"": ""Paperback"", ""Language:"": ""English"", ""ISBN:"": ""1946640964"", ""ISBN13:"": ""9781946640963"", ""Release Date:"": ""October 2017"", ""Publisher:"": ""Historic Publishing"", ""Length:"": ""100 Pages"", ""Weight:"": ""0.38 lbs."", ""Dimensions:"": ""0.2\"" x 6.7\"" x 9.6\""""}",https://i.thriftbooks.com/api/imagehandler/m/679564FA05954DE16DF79C0D85BB631BF8AEF503.jpeg
Assata: An Autobiography,Assata Shakur,"{""Format:"": ""Paperback"", ""Language:"": ""English"", ""ISBN:"": ""B0092GGKG6"", ""ISBN13:"": ""9781556520747"", ""Release Date:"": ""November 2001"", ""Publisher:"": ""Lawrence Hill Books"", ""Length:"": ""274 Pages"", ""Weight:"": ""1.08 lbs."", ""Dimensions:"": ""1.0\"" x 6.1\"" x 9.0\""""}",https://i.thriftbooks.com/api/imagehandler/m/E57DA587E5771EC63C2ADF8232931A3C4E5E334B.jpeg
Nicholas and Alexandra: The Classic Account of the Fall of the Romanov Dynasty,Robert K. Massie,"{""Format:"": ""Paperback"", ""Language:"": ""English"", ""ISBN:"": ""0345438310"", ""ISBN13:"": ""9780345438317"", ""Release Date:"": ""February 2000"", ""Publisher:"": ""Random House Trade"", ""Length:"": ""640 Pages"", ""Weight:"": ""0.64 lbs."", ""Dimensions:"": ""1.4\"" x 5.6\"" x 8.3\""""}",https://i.thriftbooks.com/api/imagehandler/m/2DF20A7C5568E0B8BA482625B3D2C5460F522A0F.jpeg
The Hidden Girls: A True Story of the Holocaust,Lola Rein Kaufman,"{""Format:"": ""Mass Market Paperback"", ""Language:"": ""English"", ""ISBN:"": ""0545200539"", ""ISBN13:"": ""9780545200530"", ""Release Date:"": ""March 2010"", ""Publisher:"": ""Scholastic Paperbacks"", ""Length:"": ""97 Pages"", ""Weight:"": ""0.20 lbs."", ""Dimensions:"": ""0.2\"" x 5.3\"" x 7.6\"""", ""Age Range:"": ""10 to 13 years"", ""Grade Range:"": ""Grades 5 to 8""}",https://i.thriftbooks.com/api/imagehandler/m/A7C2FBA462EB0061829546A50F528893EDFEFC5A.jpeg
I Have Lived a Thousand Years,Livia E. Bitton-Jackson,"{""Format:"": ""Paperback"", ""Language:"": ""English"", ""ISBN:"": ""0590642510"", ""ISBN13:"": ""9780590642514"", ""Release Date:"": ""January 1997"", ""Publisher:"": ""Scholastic Inc"", ""Length:"": ""210 Pages"", ""Weight:"": ""0.37 lbs.""}",https://m.media-amazon.com/images/I/51XgE7Z5AEL._SL350_.jpg
Lakota Woman,Richard Erdoes,"{""Format:"": ""Paperback"", ""Language:"": ""English"", ""ISBN:"": ""0060973897"", ""Release Date:"": ""March 1991"", ""Publisher:"": ""Harper Perennial"", ""Length:"": ""263 Pages"", ""Weight:"": ""0.72 lbs."", ""Dimensions:"": ""8.0\"" x 0.7\"" x 5.3\""""}",https://m.media-amazon.com/images/I/510gsvKy+ML._SL350_.jpg
Amazing Grace: William Wilberforce and the Heroic Campaign to End Slavery,Eric Metaxas,"{""Format:"": ""Paperback"", ""Language:"": ""English"", ""ISBN:"": ""0061173886"", ""ISBN13:"": ""9780061173882"", ""Release Date:"": ""November 2007"", ""Publisher:"": ""HarperOne"", ""Length:"": ""320 Pages"", ""Weight:"": ""0.67 lbs."", ""Dimensions:"": ""0.9\"" x 5.3\"" x 7.9\""""}",https://i.thriftbooks.com/api/imagehandler/m/0CB880AD1E18D36113136AFB2A46E0D80B7E845F.jpeg
Coming of Age in Mississippi: The Classic Autobiography of Growing Up Poor and Black in the Rural South,Anne Moody,"{""Format:"": ""Mass Market Paperback"", ""Language:"": ""English"", ""ISBN:"": ""0440314887"", ""ISBN13:"": ""9780440314882"", ""Release Date:"": ""January 1992"", ""Publisher:"": ""Dell"", ""Length:"": ""432 Pages"", ""Weight:"": ""0.61 lbs."", ""Dimensions:"": ""1.2\"" x 4.1\"" x 6.8\""""}",https://i.thriftbooks.com/api/imagehandler/m/FBDEAD7C33FADB73F38302549EB69FD314C9EB04.jpeg
Enrique's Journey: The Story of a Boy's Dangerous Odyssey to Reunite with His Mother,Sonia Nazario,"{""Format:"": ""Paperback"", ""Language:"": ""English"", ""ISBN:"": ""0812971787"", ""ISBN13:"": ""9780812971781"", ""Release Date:"": ""January 2007"", ""Publisher:"": ""Random House Trade"", ""Length:"": ""400 Pages"", ""Weight:"": ""0.50 lbs."", ""Dimensions:"": ""1.1\"" x 5.2\"" x 8.0\"""", ""Age Range:"": ""12 years and up"", ""Grade Range:"": ""Grade 7 and higher""}",https://i.thriftbooks.com/api/imagehandler/m/CAFEFEB2965AAA2CBB9F757E69BACE520DA24EF1.jpeg
"Last Lion, The: Winston Spencer Churchill Alone 1932-1940 - Volume 2",William Manchester,"{""Format:"": ""Hardcover"", ""Language:"": ""English"", ""ISBN:"": ""0316545120"", ""ISBN13:"": ""9780316545129"", ""Release Date:"": ""October 1988"", ""Publisher:"": ""Little Brown and Company"", ""Length:"": ""816 Pages"", ""Weight:"": ""2.95 lbs."", ""Dimensions:"": ""1.8\"" x 6.4\"" x 9.4\"""", ""Age Range:"": ""13 years and up"", ""Grade Range:"": ""Grade 8 and higher""}",https://i.thriftbooks.com/api/imagehandler/m/EC750487279AE408A7F60A0FA35320DA13F4A368.jpeg
Six Wives of Henry VIII,Alison Weir,"{""Format:"": ""Paperback"", ""Language:"": ""English"", ""ISBN:"": ""034538072X"", ""ISBN13:"": ""9780345380722"", ""Release Date:"": ""March 1993"", ""Publisher:"": ""Ballantine Books"", ""Length:"": ""642 Pages"", ""Weight:"": ""1.20 lbs."", ""Dimensions:"": ""1.1\"" x 5.5\"" x 8.3\""""}",https://i.thriftbooks.com/api/imagehandler/m/6C73B9B9CA03AF8A3C3E2B68E08FDAF6B148A51D.jpeg
"The Autobiography of Martin Luther King, Jr.",Clayborne Carson,"{""Format:"": ""Paperback"", ""Language:"": ""English"", ""ISBN:"": ""0446676500"", ""Release Date:"": ""January 2001"", ""Publisher:"": ""Warner Books"", ""Length:"": ""400 Pages"", ""Weight:"": ""1.04 lbs."", ""Dimensions:"": ""9.0\"" x 1.3\"" x 6.0\""""}",https://m.media-amazon.com/images/I/41BPcYr4DXL._SL350_.jpg
Tis: A Memoir,Frank McCourt,"{""Format:"": ""Hardcover"", ""Language:"": ""English"", ""ISBN:"": ""0684848783"", ""ISBN13:"": ""9780684848785"", ""Release Date:"": ""September 1999"", ""Publisher:"": ""Scribner Book Company"", ""Length:"": ""368 Pages"", ""Weight:"": ""0.50 lbs."", ""Dimensions:"": ""1.1\"" x 6.1\"" x 9.3\""""}",https://i.thriftbooks.com/api/imagehandler/m/DC0F941F7D5A365DB2A518726AA5B631426BA8BB.jpeg
All God's Children Need Traveling Shoes: An Autobiography,Maya Angelou,"{""Format:"": ""Paperback"", ""Language:"": ""English"", ""ISBN:"": ""067973404X"", ""ISBN13:"": ""9780679734048"", ""Release Date:"": ""June 1991"", ""Publisher:"": ""Vintage"", ""Length:"": ""224 Pages"", ""Weight:"": ""0.55 lbs."", ""Dimensions:"": ""0.1\"" x 5.3\"" x 8.0\"""", ""Age Range:"": ""9 to 12 years"", ""Grade Range:"": ""Grades 4 to 7""}",https://i.thriftbooks.com/api/imagehandler/m/A8557DEB437ECA511AB425344AC65A918F856E15.jpeg
Dust Tracks on a Road,Zora Neale Hurston,"{""Format:"": ""Paperback"", ""Language:"": ""English"", ""ISBN:"": ""0060965673"", ""ISBN13:"": ""9780060965679"", ""Release Date:"": ""January 1991"", ""Publisher:"": ""Harper Perennial"", ""Length:"": ""277 Pages"", ""Weight:"": ""0.70 lbs."", ""Dimensions:"": ""0.8\"" x 5.3\"" x 8.0\""""}",https://i.thriftbooks.com/api/imagehandler/m/71C5E7F5382679CE0A62814B910CE280FCE356A5.jpeg
"I, Tina",Kurt Loder,"{""Format:"": ""Mass Market Paperback"", ""Language:"": ""English"", ""ISBN:"": ""0380700972"", ""ISBN13:"": ""9780380700974"", ""Release Date:"": ""August 1987"", ""Publisher:"": ""William Morrow & Company"", ""Length:"": ""272 Pages"", ""Weight:"": ""0.38 lbs."", ""Dimensions:"": ""0.7\"" x 4.2\"" x 6.8\""""}",https://i.thriftbooks.com/api/imagehandler/m/200E4F2128C727DE5AC42E4C6DE9743D0330C2DD.jpeg
Neither Wolf nor Dog: On Forgotten Roads with an Indian Elder,Kent Nerburn,"{""Format:"": ""Paperback"", ""Language:"": ""English"", ""ISBN:"": ""1577312333"", ""Release Date:"": ""August 2002"", ""Publisher:"": ""New World Library"", ""Length:"": ""304 Pages"", ""Weight:"": ""0.90 lbs."", ""Dimensions:"": ""8.5\"" x 1.3\"" x 5.5\""""}",https://m.media-amazon.com/images/I/51Uu7GN1bZL._SL350_.jpg
Soul on Ice,Eldridge Cleaver,"{""Format:"": ""Paperback"", ""Language:"": ""English"", ""ISBN:"": ""038533379X"", ""ISBN13:"": ""9780385333795"", ""Release Date:"": ""January 1999"", ""Publisher:"": ""Delta"", ""Length:"": ""256 Pages"", ""Weight:"": ""0.57 lbs."", ""Dimensions:"": ""0.7\"" x 5.3\"" x 8.0\""""}",https://i.thriftbooks.com/api/imagehandler/m/5AC87AAA3DAF4FBBDF463D40EF5BE210C32A03CA.jpeg
Unorthodox: The Scandalous Rejection of My Hasidic Roots,Deborah Feldman,"{""Format:"": ""Hardcover"", ""Language:"": ""English"", ""ISBN:"": ""1439187002"", ""ISBN13:"": ""9781439187005"", ""Release Date:"": ""February 2012"", ""Publisher:"": ""Simon & Schuster"", ""Length:"": ""254 Pages"", ""Weight:"": ""1.05 lbs."", ""Dimensions:"": ""1.1\"" x 6.4\"" x 9.4\""""}",https://i.thriftbooks.com/api/imagehandler/m/9D617A28E9BC3F5DB128F324C5E5575E785544BC.jpeg
A Lucky Child: A Memoir of Surviving Auschwitz as a Young Boy,Thomas Buergenthal,"{""Format:"": ""Paperback"", ""Language:"": ""English"", ""ISBN:"": ""0316043397"", ""ISBN13:"": ""9780316043397"", ""Release Date:"": ""September 2010"", ""Publisher:"": ""Back Bay Books"", ""Length:"": ""272 Pages"", ""Weight:"": ""0.88 lbs."", ""Dimensions:"": ""0.8\"" x 5.5\"" x 8.3\""""}",https://i.thriftbooks.com/api/imagehandler/m/0A04BE73B769B755B5C2085FE16DA4987FE1AA73.jpeg
"The Pianist: The Extraordinary True Story of One Man's Survival in Warsaw, 1939-1945",Władysław Szpilman,"{""Format:"": ""Paperback"", ""Language:"": ""English"", ""ISBN:"": ""0312311354"", ""ISBN13:"": ""9780312311353"", ""Release Date:"": ""December 2002"", ""Publisher:"": ""Picador USA"", ""Length:"": ""224 Pages"", ""Weight:"": ""0.50 lbs."", ""Dimensions:"": ""0.6\"" x 5.5\"" x 8.2\""""}",https://i.thriftbooks.com/api/imagehandler/m/844E27DBEB18442AA20AE1CD73FDF82D0AA60D15.jpeg
The Hare with Amber Eyes: A Family's Century of Art and Loss,Edmund de Waal,"{""Format:"": ""Hardcover"", ""Language:"": ""English"", ""ISBN:"": ""0374105979"", ""ISBN13:"": ""9780374105976"", ""Release Date:"": ""August 2010"", ""Publisher:"": ""Farrar Straus Giroux"", ""Length:"": ""354 Pages"", ""Weight:"": ""1.09 lbs."", ""Dimensions:"": ""1.2\"" x 6.6\"" x 8.7\""""}",https://i.thriftbooks.com/api/imagehandler/m/4D9F8823CAFC267488E32BCAD9C2351A1EECB51D.jpeg
The Fitzgeralds and the Kennedys: An American Saga,Doris Kearns Goodwin,"{""Format:"": ""Hardcover"", ""Language:"": ""English"", ""ISBN:"": ""0671231081"", ""ISBN13:"": ""9780671231088"", ""Release Date:"": ""January 1987"", ""Publisher:"": ""Simon & Schuster"", ""Length:"": ""932 Pages"", ""Weight:"": ""2.40 lbs.""}",https://m.media-amazon.com/images/I/518gl9e48WL._SL350_.jpg
Warriors Don't Cry: A Searing Memoir of the Battle to Integrate Little Rock's Central High,Melba Pattillo Beals,"{""Format:"": ""Paperback"", ""Language:"": ""English"", ""ISBN:"": ""0671866397"", ""Release Date:"": ""February 1995"", ""Publisher:"": ""Washington Square Press"", ""Length:"": ""312 Pages"", ""Weight:"": ""0.65 lbs."", ""Dimensions:"": ""8.3\"" x 0.8\"" x 5.3\""""}",https://m.media-amazon.com/images/I/41kCJnb+k+L._SL350_.jpg
Geisha: A Life,Mineko Iwasaki,"{""Format:"": ""Paperback"", ""Language:"": ""English"", ""ISBN:"": ""0743444299"", ""ISBN13:"": ""9780743444293"", ""Release Date:"": ""September 2003"", ""Publisher:"": ""Atria Books"", ""Length:"": ""320 Pages"", ""Weight:"": ""0.70 lbs."", ""Dimensions:"": ""0.8\"" x 5.3\"" x 8.2\""""}",https://i.thriftbooks.com/api/imagehandler/m/994BFEB621D1A33262F8E4CABA9EBFA539D126CA.jpeg
Singin' and Swingin' and Gettin' Merry Like Christmas,Maya Angelou,"{""Format:"": ""Paperback"", ""Language:"": ""English"", ""ISBN:"": ""0553380052"", ""ISBN13:"": ""9780553380057"", ""Release Date:"": ""May 1997"", ""Publisher:"": ""Bantam"", ""Length:"": ""291 Pages"", ""Weight:"": ""0.80 lbs."", ""Dimensions:"": ""0.8\"" x 5.7\"" x 8.2\""""}",https://i.thriftbooks.com/api/imagehandler/m/CD85CC41700195DD0622936BA6F8FD911E92974E.jpeg
MARY QUEEN OF SCOTS,Antonia Fraser,"{""Format:"": ""Hardcover"", ""ISBN:"": ""B000GKTENI"", ""Release Date:"": ""January 1968"", ""Publisher:"": ""DELacorte Press"", ""Weight:"": ""0.50 lbs.""}",https://m.media-amazon.com/images/I/51E06yKCEYL._SL350_.jpg
Decoded,Jay-Z,"{""Format:"": ""Hardcover"", ""Language:"": ""English"", ""ISBN:"": ""1400068924"", ""ISBN13:"": ""9781400068920"", ""Release Date:"": ""November 2010"", ""Publisher:"": ""One World"", ""Length:"": ""336 Pages"", ""Weight:"": ""2.40 lbs."", ""Dimensions:"": ""1.1\"" x 7.6\"" x 9.4\""""}",https://i.thriftbooks.com/api/imagehandler/m/559DCC089587CD9B6EA4C4F2B27142FE4C8763F1.jpeg
"Quiet Strength: The Principles, Practices, & Priorities of a Winning Life",Tony Dungy,"{""Format:"": ""Hardcover"", ""Language:"": ""English"", ""ISBN:"": ""1414318014"", ""ISBN13:"": ""9781414318011"", ""Release Date:"": ""July 2007"", ""Publisher:"": ""Tyndale Momentum"", ""Length:"": ""336 Pages"", ""Weight:"": ""1.30 lbs."", ""Dimensions:"": ""1.1\"" x 6.3\"" x 9.3\""""}",https://i.thriftbooks.com/api/imagehandler/m/D7B6170F2A035FBC4B63E671D1128B28DBDDA00F.jpeg
The Life of Elizabeth I,Alison Weir,"{""Format:"": ""Paperback"", ""Language:"": ""English"", ""ISBN:"": ""0345425502"", ""Release Date:"": ""October 1999"", ""Publisher:"": ""Ballantine Books"", ""Length:"": ""560 Pages"", ""Weight:"": ""1.03 lbs."", ""Dimensions:"": ""8.2\"" x 1.2\"" x 5.5\""""}",https://m.media-amazon.com/images/I/512x9u5m+GL._SL350_.jpg
I Will Plant You a Lilac Tree: A Memoir of a Schindler's List Survivor,Laura Hillman,"{""Format:"": ""Mass Market Paperback"", ""Language:"": ""English"", ""ISBN:"": ""1416953663"", ""ISBN13:"": ""9781416953661"", ""Release Date:"": ""February 2008"", ""Publisher:"": ""Simon & Schuster Books for Young Readers"", ""Length:"": ""288 Pages"", ""Weight:"": ""0.39 lbs."", ""Dimensions:"": ""0.9\"" x 4.2\"" x 6.9\"""", ""Age Range:"": ""12 to 17 years"", ""Grade Range:"": ""Grades 7 to 12""}",https://i.thriftbooks.com/api/imagehandler/m/EA17C7FC23F2D27B4476A0134536EFF1AF6A0A2F.jpeg
Revolutionary Suicide: (Penguin Classics Deluxe Edition),Huey P. Newton,"{""Format:"": ""Paperback"", ""Language:"": ""English"", ""ISBN:"": ""0143105329"", ""ISBN13:"": ""9780143105329"", ""Release Date:"": ""September 2009"", ""Publisher:"": ""Penguin Group"", ""Length:"": ""384 Pages"", ""Weight:"": ""0.90 lbs."", ""Dimensions:"": ""1.0\"" x 5.5\"" x 8.3\"""", ""Age Range:"": ""18 years and up"", ""Grade Range:"": ""Postsecondary and higher""}",https://i.thriftbooks.com/api/imagehandler/m/FD4A21B841435D0D38E5CE386350F36FC4C9DDF7.jpeg
When I Was Puerto Rican,Esmeralda Santiago,"{""Format:"": ""Paperback"", ""Language:"": ""English"", ""ISBN:"": ""0679756760"", ""ISBN13:"": ""9780679756767"", ""Release Date:"": ""October 1994"", ""Publisher:"": ""Vintage Books USA"", ""Length:"": ""304 Pages"", ""Weight:"": ""0.60 lbs."", ""Dimensions:"": ""0.6\"" x 5.2\"" x 8.1\""""}",https://i.thriftbooks.com/api/imagehandler/m/DDEE130A97A588F22E7FE4FD9065B0DC0409619E.jpeg
Blood Brothers: The Dramatic Story of a Palestinian Christian Working for Peace in Israel,Elias Chacour,"{""Format:"": ""Paperback"", ""Language:"": ""English"", ""ISBN:"": ""0800793218"", ""Release Date:"": ""February 2003"", ""Publisher:"": ""Chosen Books"", ""Length:"": ""240 Pages"", ""Weight:"": ""0.75 lbs."", ""Dimensions:"": ""8.3\"" x 0.5\"" x 5.3\""""}",https://m.media-amazon.com/images/I/51ctiwLWLUL._SL350_.jpg
It Worked for Me: In Life and Leadership,Colin Powell,"{""Format:"": ""Hardcover"", ""Language:"": ""English"", ""ISBN:"": ""0062135120"", ""ISBN13:"": ""9780062135124"", ""Release Date:"": ""May 2012"", ""Publisher:"": ""Harper"", ""Length:"": ""304 Pages"", ""Weight:"": ""1.10 lbs."", ""Dimensions:"": ""1.1\"" x 6.4\"" x 9.1\""""}",https://i.thriftbooks.com/api/imagehandler/m/44D914998E9F8B13D832AEA4740E034595EAA925.jpeg
McDougal Littell Literature Connections: The Diary of Anne Frank - Play Student Editon Grade 8 1997,Frances Goodrich,"{""Format:"": ""Hardcover"", ""Language:"": ""English"", ""ISBN:"": ""0395833647"", ""ISBN13:"": ""9780395833643"", ""Release Date:"": ""October 1996"", ""Publisher:"": ""McDougal Littel"", ""Length:"": ""200 Pages"", ""Weight:"": ""0.98 lbs."", ""Dimensions:"": ""0.6\"" x 5.6\"" x 8.6\""""}",https://i.thriftbooks.com/api/imagehandler/m/B988BA56338827D4817E0AA3B928CCB4067434A2.jpeg
"Lame Deer, Seeker of Visions",Richard Erdoes,"{""Format:"": ""Mass Market Paperback"", ""Language:"": ""English"", ""ISBN:"": ""0671888021"", ""ISBN13:"": ""9780671888022"", ""Release Date:"": ""October 1994"", ""Publisher:"": ""Simon & Schuster"", ""Length:"": ""352 Pages"", ""Weight:"": ""0.83 lbs."", ""Dimensions:"": ""1.0\"" x 4.1\"" x 6.8\""""}",https://i.thriftbooks.com/api/imagehandler/m/9CD2E1AAE295167BC540081AC7E4EFCA072A13C0.jpeg
They Poured Fire on Us from the Sky: The True Story of Three Lost Boys from Sudan,Alephonsion Deng,"{""Format:"": ""Hardcover"", ""Language:"": ""English"", ""ISBN:"": ""1586482696"", ""ISBN13:"": ""9781586482695"", ""Release Date:"": ""June 2005"", ""Publisher:"": ""PublicAffairs"", ""Length:"": ""311 Pages"", ""Weight:"": ""0.45 lbs."", ""Dimensions:"": ""1.1\"" x 5.8\"" x 8.5\""""}",https://i.thriftbooks.com/api/imagehandler/m/CED17554DB2B68C2018178AEF27261F9A403A255.jpeg
Sala's Gift: My Mother's Holocaust Story,Ann Kirschner,"{""Format:"": ""Paperback"", ""Language:"": ""English"", ""ISBN:"": ""1416541705"", ""Release Date:"": ""June 2007"", ""Publisher:"": ""Free Press"", ""Length:"": ""336 Pages"", ""Weight:"": ""0.75 lbs."", ""Dimensions:"": ""8.4\"" x 0.8\"" x 5.5\""""}",https://m.media-amazon.com/images/I/51OLdvM8UML._SL350_.jpg
Confessions of a Video Vixen,Karrine Steffans,"{""Format:"": ""Hardcover"", ""Language:"": ""English"", ""ISBN:"": ""0060842423"", ""ISBN13:"": ""9780060842420"", ""Release Date:"": ""June 2005"", ""Publisher:"": ""Amistad Press"", ""Length:"": ""224 Pages"", ""Weight:"": ""1.05 lbs."", ""Dimensions:"": ""0.8\"" x 6.0\"" x 9.0\""""}",https://i.thriftbooks.com/api/imagehandler/m/D35AD04E699B9A5755D1640C0CD6F22FF2A62E5E.jpeg
Gladys Aylward: The Little Woman,Gladys Aylward,"{""Format:"": ""Paperback"", ""Language:"": ""English"", ""ISBN:"": ""0802429866"", ""ISBN13:"": ""9780802429865"", ""Release Date:"": ""June 1970"", ""Publisher:"": ""Moody Publishers"", ""Length:"": ""160 Pages"", ""Weight:"": ""0.24 lbs."", ""Dimensions:"": ""0.4\"" x 4.2\"" x 7.1\""""}",https://i.thriftbooks.com/api/imagehandler/m/55D1AF27B41B491F88DEAEB05676334A6CF095A8.jpeg
Crazy Horse,Mari Sandoz,"{""Format:"": ""Paperback"", ""Language:"": ""English"", ""ISBN:"": ""0803251718"", ""ISBN13:"": ""9780803251717"", ""Release Date:"": ""December 1961"", ""Publisher:"": ""University of Nebraska Press"", ""Length:"": ""445 Pages"", ""Weight:"": ""1.05 lbs."", ""Dimensions:"": ""1.0\"" x 5.3\"" x 7.9\""""}",https://m.media-amazon.com/images/I/41YJ7XJfiUS._SL350_.jpg
No Disrespect,Sister Souljah,"{""Format:"": ""Paperback"", ""Language:"": ""English"", ""ISBN:"": ""0679767088"", ""ISBN13:"": ""9780679767084"", ""Release Date:"": ""January 1996"", ""Publisher:"": ""Vintage"", ""Length:"": ""384 Pages"", ""Weight:"": ""0.75 lbs."", ""Dimensions:"": ""0.9\"" x 5.1\"" x 7.8\""""}",https://i.thriftbooks.com/api/imagehandler/m/8D3495D3B4E12AF3D63964B94B14879A49228BAB.jpeg
Manchild in the Promised Land,BROWN CLAUDE,"{""Format:"": ""Paperback"", ""Language:"": ""English"", ""ISBN:"": ""0684864185"", ""ISBN13:"": ""9780684864181"", ""Release Date:"": ""June 1999"", ""Publisher:"": ""Touchstone Books"", ""Length:"": ""416 Pages"", ""Weight:"": ""1.05 lbs."", ""Dimensions:"": ""1.0\"" x 5.5\"" x 8.5\""""}",https://i.thriftbooks.com/api/imagehandler/m/F3256340354BF8A9627E403702A6361F3BCD5E86.jpeg
"Celia, a Slave",Melton A. McLaurin,"{""Format:"": ""Paperback"", ""Language:"": ""English"", ""ISBN:"": ""0380719355"", ""ISBN13:"": ""9780380719358"", ""Release Date:"": ""February 1993"", ""Publisher:"": ""William Morrow & Company"", ""Length:"": ""192 Pages"", ""Weight:"": ""0.40 lbs."", ""Dimensions:"": ""0.5\"" x 5.2\"" x 8.0\""""}",https://i.thriftbooks.com/api/imagehandler/m/D280ADA859CEF55E0C52C7A5217CE813FF6E476A.jpeg
Maus II: A Survivor's Tale: And Here My Troubles Began,Art Spiegelman,"{""Format:"": ""Paperback"", ""Language:"": ""English"", ""ISBN:"": ""0679729771"", ""ISBN13:"": ""9780679729778"", ""Release Date:"": ""September 1992"", ""Publisher:"": ""Pantheon Books"", ""Length:"": ""144 Pages"", ""Weight:"": ""0.77 lbs."", ""Dimensions:"": ""0.4\"" x 6.4\"" x 9.1\""""}",https://i.thriftbooks.com/api/imagehandler/m/BDE6929E22E35B75E720B76FCD18D1EFDF429926.jpeg
"Born to Run: A Hidden Tribe, Superathletes, and the Greatest Race the World Has Never Seen",Christopher McDougall,"{""Format:"": ""Paperback"", ""Language:"": ""English"", ""ISBN:"": ""0307279189"", ""ISBN13:"": ""9780307279187"", ""Release Date:"": ""March 2011"", ""Publisher:"": ""Vintage"", ""Length:"": ""304 Pages"", ""Weight:"": ""0.61 lbs."", ""Dimensions:"": ""0.9\"" x 5.1\"" x 7.9\""""}",https://i.thriftbooks.com/api/imagehandler/m/AF531A1D39106434FA3E6F6E4A31AB4A502EF18C.jpeg
Up from Slavery,Booker T. Washington,"{""Format:"": ""Paperback"", ""Language:"": ""English"", ""ISBN:"": ""0486287386"", ""ISBN13:"": ""9780486287386"", ""Release Date:"": ""October 1995"", ""Publisher:"": ""Dover Publications"", ""Length:"": ""176 Pages"", ""Weight:"": ""0.97 lbs."", ""Dimensions:"": ""0.4\"" x 5.5\"" x 8.3\"""", ""Age Range:"": ""11 years and up"", ""Grade Range:"": ""Grade 6 and higher""}",https://i.thriftbooks.com/api/imagehandler/m/82FDBE3F6E030055F440D8CC0FBFFECC20E68CC1.jpeg
Dreams from My Father: A Story of Race and Inheritance,Barack Obama,"{""Format:"": ""Paperback"", ""Language:"": ""English"", ""ISBN:"": ""1400082773"", ""Release Date:"": ""August 2004"", ""Publisher:"": ""Crown"", ""Length:"": ""464 Pages"", ""Weight:"": ""0.85 lbs."", ""Dimensions:"": ""8.0\"" x 0.9\"" x 5.2\""""}",https://m.media-amazon.com/images/I/41KeO5a8mlL._SL350_.jpg
"The Other Wes Moore: One Name, Two Fates",Wes Moore,"{""Format:"": ""Hardcover"", ""Language:"": ""English"", ""ISBN:"": ""0385528191"", ""ISBN13:"": ""9780385528191"", ""Release Date:"": ""April 2010"", ""Publisher:"": ""One World"", ""Length:"": ""256 Pages"", ""Weight:"": ""1.10 lbs."", ""Dimensions:"": ""1.1\"" x 6.3\"" x 9.3\""""}",https://i.thriftbooks.com/api/imagehandler/m/51210D82A94A200634C1F78CA6B368356C780CD4.jpeg
The Heart of a Woman,Maya Angelou,"{""Format:"": ""Paperback"", ""Language:"": ""English"", ""ISBN:"": ""0553380095"", ""ISBN13:"": ""9780553380095"", ""Release Date:"": ""June 1997"", ""Publisher:"": ""Bantam Books"", ""Length:"": ""336 Pages"", ""Weight:"": ""0.05 lbs."", ""Dimensions:"": ""0.9\"" x 5.7\"" x 8.2\""""}",https://i.thriftbooks.com/api/imagehandler/m/654A84F37B94429ED29C7B1820BE0E997B74D559.jpeg
Black Boy,Richard Wright,"{""Format:"": ""Paperback"", ""Language:"": ""English"", ""ISBN:"": ""0060812508"", ""ISBN13:"": ""9780060812508"", ""Release Date:"": ""January 1993"", ""Publisher:"": ""Harper Perennial"", ""Length:"": ""544 Pages"", ""Weight:"": ""0.65 lbs."", ""Dimensions:"": ""1.4\"" x 4.2\"" x 7.0\""""}",https://i.thriftbooks.com/api/imagehandler/m/2B4825D7BBF6E51ABAFE8E788C05ECAD0499B5DF.jpeg
Roots,Alex Haley,"{""Format:"": ""Hardcover"", ""Language:"": ""English"", ""ISBN:"": ""0385037872"", ""ISBN13:"": ""9780385037877"", ""Release Date:"": ""September 1976"", ""Publisher:"": ""Doubleday Books"", ""Length:"": ""688 Pages"", ""Weight:"": ""1.68 lbs."", ""Dimensions:"": ""2.0\"" x 5.8\"" x 8.6\""""}",https://i.thriftbooks.com/api/imagehandler/m/9632CD902C05C4F61073CB15B1ADB90AD3FFCA75.jpeg
The Nazi Officer's Wife: How One Jewish Woman Survived the Holocaust,Susan Dworkin,"{""Format:"": ""Paperback"", ""Language:"": ""English"", ""ISBN:"": ""068817776X"", ""ISBN13:"": ""9780688177768"", ""Release Date:"": ""October 2000"", ""Publisher:"": ""Harper Perennial"", ""Length:"": ""336 Pages"", ""Weight:"": ""0.62 lbs."", ""Dimensions:"": ""1.0\"" x 5.3\"" x 8.0\""""}",https://i.thriftbooks.com/api/imagehandler/m/D14ED2EBD6696FC2D591741531C378620A0A9754.jpeg
Heavenly Man,Paul Hattaway,"{""Format:"": ""Paperback"", ""Language:"": ""English"", ""ISBN:"": ""0825446775"", ""ISBN13:"": ""9780825446771"", ""Release Date:"": ""July 2020"", ""Publisher:"": ""Kregel Publications"", ""Length:"": ""344 Pages"", ""Weight:"": ""0.54 lbs."", ""Dimensions:"": ""0.7\"" x 5.0\"" x 7.8\"""", ""Age Range:"": ""18 years and up"", ""Grade Range:"": ""Postsecondary and higher""}",https://i.thriftbooks.com/api/imagehandler/m/1F970562918AB7167795FC66EA5039B73B43C236.jpeg
The Woman Warrior: Memoirs of a Girlhood Among Ghosts,Maxine Hong Kingston,"{""Format:"": ""Paperback"", ""Language:"": ""English"", ""ISBN:"": ""0679721886"", ""Release Date:"": ""April 1989"", ""Publisher:"": ""Vintage"", ""Length:"": ""209 Pages"", ""Weight:"": ""0.52 lbs."", ""Dimensions:"": ""8.0\"" x 0.6\"" x 5.2\""""}",https://m.media-amazon.com/images/I/41481-LWU+L._SL350_.jpg
"An Invisible Thread: The True Story of an 11-Year-Old Panhandler, a Busy Sales Executive, and an Unlikely Meeting with Destiny",Laura Schroff,"{""Format:"": ""Paperback"", ""Language:"": ""English"", ""ISBN:"": ""1451648979"", ""ISBN13:"": ""9781451648973"", ""Release Date:"": ""August 2012"", ""Publisher:"": ""Howard Books"", ""Length:"": ""272 Pages"", ""Weight:"": ""0.65 lbs."", ""Dimensions:"": ""0.7\"" x 5.5\"" x 8.4\""""}",https://i.thriftbooks.com/api/imagehandler/m/1AC56CACAA752899B3714C808C60EA4AD78A8018.jpeg
Survivors: True Stories of Children in the Holocaust,Allan Zullo,"{""Format:"": ""Mass Market Paperback"", ""Language:"": ""English"", ""ISBN:"": ""0439669960"", ""ISBN13:"": ""9780439669962"", ""Release Date:"": ""March 2005"", ""Publisher:"": ""Scholastic Paperbacks"", ""Length:"": ""208 Pages"", ""Weight:"": ""0.40 lbs."", ""Dimensions:"": ""0.5\"" x 5.3\"" x 7.5\"""", ""Age Range:"": ""9 to 12 years"", ""Grade Range:"": ""Grades 4 to 7""}",https://i.thriftbooks.com/api/imagehandler/m/43A0AC15844E9407E1E84DC4EAD3175F5D8FAC2A.jpeg
Freedom Train: The Story of Harriet Tubman,Dorothy Sterling,"{""Format:"": ""Paperback"", ""Language:"": ""English"", ""ISBN:"": ""0590436287"", ""ISBN13:"": ""9780590436281"", ""Release Date:"": ""May 1987"", ""Publisher:"": ""Scholastic Paperbacks"", ""Length:"": ""192 Pages"", ""Weight:"": ""0.30 lbs."", ""Dimensions:"": ""0.5\"" x 5.2\"" x 7.6\"""", ""Age Range:"": ""9 to 12 years"", ""Grade Range:"": ""Grades 4 to 7""}",https://i.thriftbooks.com/api/imagehandler/m/8F067F1D2565436AA0FD5CE9DB2BF45A631090BF.jpeg
Letter to My Daughter,Maya Angelou,"{""Format:"": ""Hardcover"", ""Language:"": ""English"", ""ISBN:"": ""1400066123"", ""ISBN13:"": ""9781400066124"", ""Release Date:"": ""September 2008"", ""Publisher:"": ""Random House"", ""Length:"": ""192 Pages"", ""Weight:"": ""0.86 lbs."", ""Dimensions:"": ""0.9\"" x 5.7\"" x 8.4\""""}",https://i.thriftbooks.com/api/imagehandler/m/CD641E5EF5CF53C30A94F9DCA078D98329ADFCF7.jpeg
The Boy Who Harnessed the Wind: Creating Currents of Electricity and Hope,William Kamkwamba,"{""Format:"": ""Hardcover"", ""Language:"": ""English"", ""ISBN:"": ""0061730327"", ""ISBN13:"": ""9780061730320"", ""Release Date:"": ""September 2009"", ""Publisher:"": ""William Morrow & Company"", ""Length:"": ""288 Pages"", ""Weight:"": ""1.00 lbs."", ""Dimensions:"": ""1.0\"" x 6.0\"" x 9.0\""""}",https://i.thriftbooks.com/api/imagehandler/m/78B562CC48602AA56E1BD9C9A105640E9DBFB094.jpeg
Gifted Hands: The Ben Carson Story,Ben Carson,"{""Format:"": ""Paperback"", ""Language:"": ""English"", ""ISBN:"": ""0310546516"", ""Release Date:"": ""February 1992"", ""Publisher:"": ""Zondervan"", ""Length:"": ""240 Pages"", ""Weight:"": ""0.50 lbs."", ""Dimensions:"": ""8.1\"" x 0.9\"" x 5.2\""""}",https://m.media-amazon.com/images/I/41zzDlj+gPL._SL350_.jpg
A Piece of Cake: A Memoir,Cupcake Brown,"{""Format:"": ""Paperback"", ""Language:"": ""English"", ""ISBN:"": ""1400052297"", ""ISBN13:"": ""9781400052295"", ""Release Date:"": ""April 2007"", ""Publisher:"": ""Crown Publishing Group (NY)"", ""Length:"": ""480 Pages"", ""Weight:"": ""1.28 lbs."", ""Dimensions:"": ""1.0\"" x 6.1\"" x 9.1\""""}",https://i.thriftbooks.com/api/imagehandler/m/1AAD47D5E233BF04FA32B9386985B694325DB9B5.jpeg
Four Perfect Pebbles: A Holocaust Story,Marion Blumenthal Lazan,"{""Format:"": ""Paperback"", ""Language:"": ""English"", ""ISBN:"": ""0590381962"", ""ISBN13:"": ""9780590381963"", ""Release Date:"": ""January 1"", ""Publisher:"": ""Scholastic Inc"", ""Length:"": ""128 Pages"", ""Weight:"": ""0.52 lbs."", ""Dimensions:"": ""22.4\"" x 14.0\"" x 14.0\""""}",https://m.media-amazon.com/images/I/41wRghEHrkL._SL350_.jpg
Black Like Me,John Howard Griffin,"{""Format:"": ""Paperback"", ""Language:"": ""English"", ""ISBN:"": ""0451208641"", ""ISBN13:"": ""9780451208644"", ""Release Date:"": ""May 2003"", ""Publisher:"": ""Berkley Books"", ""Length:"": ""208 Pages"", ""Weight:"": ""0.40 lbs."", ""Dimensions:"": ""0.6\"" x 5.3\"" x 8.1\""""}",https://i.thriftbooks.com/api/imagehandler/m/82843090E75869DC10A07AD7B5CF67A55141822B.jpeg
