Book Name,Authors,Info,Image URL
A Year in Provence,Peter Mayle,"{""Format:"": ""Hardcover"", ""Language:"": ""English"", ""ISBN:"": ""0307291626"", ""ISBN13:"": ""9780307291622"", ""Release Date:"": ""January 2009"", ""Publisher:"": ""Knopf"", ""Length:"": ""209 Pages"", ""Weight:"": ""0.85 lbs.""}",https://m.media-amazon.com/images/I/51z6Xa8jx0L._SL350_.jpg
Under the Tuscan Sun: At Home in Italy,Frances Mayes,"{""Format:"": ""Hardcover"", ""Language:"": ""English"", ""ISBN:"": ""0811808424"", ""Release Date:"": ""September 1996"", ""Publisher:"": ""Chronicle Books"", ""Length:"": ""288 Pages"", ""Weight:"": ""1.10 lbs."", ""Dimensions:"": ""8.4\"" x 1.0\"" x 6.0\""""}",https://m.media-amazon.com/images/I/41WhL51jv4L._SL350_.jpg
The Endurance: Shackleton's Legendary Antarctic Expedition,Caroline Alexander,"{""Format:"": ""Hardcover"", ""Language:"": ""English"", ""ISBN:"": ""0375404031"", ""ISBN13:"": ""9780375404030"", ""Release Date:"": ""November 1998"", ""Publisher:"": ""Knopf Publishing Group"", ""Length:"": ""224 Pages"", ""Weight:"": ""2.05 lbs."", ""Dimensions:"": ""0.8\"" x 8.5\"" x 9.3\""""}",https://i.thriftbooks.com/api/imagehandler/m/9364B5EBEB4681AA0678BB64E89FD104FCFA0A87.jpeg
Notes from a Small Island,Bill Bryson,"{""Format:"": ""Paperback"", ""Language:"": ""English"", ""ISBN:"": ""0380727501"", ""ISBN13:"": ""9780380727506"", ""Release Date:"": ""May 2001"", ""Publisher:"": ""William Morrow & Company"", ""Length:"": ""368 Pages"", ""Weight:"": ""0.65 lbs."", ""Dimensions:"": ""0.8\"" x 5.3\"" x 8.1\""""}",https://i.thriftbooks.com/api/imagehandler/m/391E6E522EE848EE9706BD82549F258D8A8F55BB.jpeg
Neither Here Nor There: Travels in Europe,Bill Bryson,"{""Format:"": ""Hardcover"", ""Language:"": ""English"", ""ISBN:"": ""0688103111"", ""ISBN13:"": ""9780688103118"", ""Release Date:"": ""January 1992"", ""Publisher:"": ""William Morrow & Company"", ""Length:"": ""254 Pages"", ""Weight:"": ""1.30 lbs."", ""Dimensions:"": ""1.0\"" x 6.4\"" x 9.5\""""}",https://m.media-amazon.com/images/I/41R8eeCaGTL._SL350_.jpg
DK Eyewitness Travel Guide Italy: 2019,D.K. Publishing,"{""Format:"": ""Paperback"", ""Language:"": ""English"", ""ISBN:"": ""1465471588"", ""ISBN13:"": ""9781465471581"", ""Release Date:"": ""October 2018"", ""Publisher:"": ""DK Eyewitness Travel"", ""Length:"": ""560 Pages"", ""Weight:"": ""0.35 lbs."", ""Dimensions:"": ""1.3\"" x 4.9\"" x 8.5\""""}",https://i.thriftbooks.com/api/imagehandler/m/05085F9C2DB72DA708F61128DFAFD73274F996E1.jpeg
Rick Steves Europe Through the Back Door: The Travel Skills Handbook,Rick Steves,"{""Format:"": ""Paperback"", ""Language:"": ""English"", ""ISBN:"": ""1631216252"", ""ISBN13:"": ""9781631216251"", ""Release Date:"": ""September 2017"", ""Publisher:"": ""Rick Steves"", ""Length:"": ""777 Pages"", ""Weight:"": ""1.24 lbs."", ""Dimensions:"": ""1.0\"" x 5.6\"" x 8.5\""""}",https://i.thriftbooks.com/api/imagehandler/m/DB4BB3E4D69A68E0D0B53F5656FD8375CBE345CF.jpeg
"The Pianist: The Extraordinary True Story of One Man's Survival in Warsaw, 1939-1945",Władysław Szpilman,"{""Format:"": ""Paperback"", ""Language:"": ""English"", ""ISBN:"": ""0312311354"", ""ISBN13:"": ""9780312311353"", ""Release Date:"": ""December 2002"", ""Publisher:"": ""Picador USA"", ""Length:"": ""224 Pages"", ""Weight:"": ""0.50 lbs."", ""Dimensions:"": ""0.6\"" x 5.5\"" x 8.2\""""}",https://i.thriftbooks.com/api/imagehandler/m/844E27DBEB18442AA20AE1CD73FDF82D0AA60D15.jpeg
James Herriot's Yorkshire,James Herriot,"{""Format:"": ""Hardcover"", ""Language:"": ""English"", ""ISBN:"": ""0312439709"", ""ISBN13:"": ""9780312439705"", ""Release Date:"": ""January 1979"", ""Publisher:"": ""St. Martin's Press"", ""Length:"": ""223 Pages"", ""Weight:"": ""1.87 lbs."", ""Dimensions:"": ""0.8\"" x 8.5\"" x 9.5\""""}",https://m.media-amazon.com/images/I/51qI45ObGeL._SL350_.jpg
Rick Steves Italy 2019,Rick Steves,"{""Format:"": ""Paperback"", ""Language:"": ""English"", ""ISBN:"": ""1631218328"", ""ISBN13:"": ""9781631218323"", ""Release Date:"": ""September 2018"", ""Publisher:"": ""Rick Steves"", ""Length:"": ""1242 Pages"", ""Weight:"": ""1.35 lbs."", ""Dimensions:"": ""1.5\"" x 4.5\"" x 8.0\""""}",https://i.thriftbooks.com/api/imagehandler/m/80288BE55849C91B827259046A77A584595C87D9.jpeg
In the Footsteps of Alexander the Great,Michael Wood,"{""Format:"": ""Hardcover"", ""Language:"": ""English"", ""ISBN:"": ""0520213076"", ""ISBN13:"": ""9780520213074"", ""Release Date:"": ""November 1997"", ""Publisher:"": ""University of California Press"", ""Length:"": ""256 Pages"", ""Weight:"": ""2.00 lbs."", ""Dimensions:"": ""0.9\"" x 7.7\"" x 10.0\""""}",https://i.thriftbooks.com/api/imagehandler/m/7F5414C230E2788327554B87D020B1CD4713BDD0.jpeg
Bitter Lemons (A Dutton Everyman Paperback),Lawrence Durrell,"{""Format:"": ""Paperback"", ""Language:"": ""English"", ""ISBN:"": ""B002KJCMU0"", ""Release Date:"": ""January 1959"", ""Publisher:"": ""E. P. Dutton"", ""Length:"": ""256 Pages"", ""Weight:"": ""0.45 lbs.""}",https://m.media-amazon.com/images/I/519KHAwMSUL._SL350_.jpg
The Philosopher's Demise: Learning to Speak French,Richard A. Watson,"{""Format:"": ""Paperback"", ""Language:"": ""English"", ""ISBN:"": ""1567922279"", ""ISBN13:"": ""9781567922271"", ""Release Date:"": ""May 2003"", ""Publisher:"": ""David R. Godine Publisher"", ""Length:"": ""160 Pages"", ""Weight:"": ""0.35 lbs."", ""Dimensions:"": ""0.5\"" x 5.5\"" x 8.1\""""}",https://i.thriftbooks.com/api/imagehandler/m/E045AC6CD224F972A189E31E82445C99B3BFF44C.jpeg
Dead Man's Chest: Travels After Robert Louis Stevenson,Nicholas Rankin,"{""Format:"": ""Paperback"", ""Language:"": ""English"", ""ISBN:"": ""0571152341"", ""ISBN13:"": ""9780571152346"", ""Release Date:"": ""January 1988"", ""Publisher:"": ""Faber & Faber"", ""Length:"": ""378 Pages"", ""Weight:"": ""1.00 lbs.""}",https://m.media-amazon.com/images/I/41zvcnyyvUL._SL350_.jpg
Bohemia: Digging the Roots of Cool,Herbert Gold,"{""Format:"": ""Paperback"", ""Language:"": ""English"", ""ISBN:"": ""0671886088"", ""ISBN13:"": ""9780671886080"", ""Release Date:"": ""April 1994"", ""Publisher:"": ""Touchstone Books"", ""Length:"": ""256 Pages"", ""Weight:"": ""0.58 lbs."", ""Dimensions:"": ""0.7\"" x 5.5\"" x 8.4\""""}",https://i.thriftbooks.com/api/imagehandler/m/EF3B0764D390F90EB535B6C39E1FDF35EB139CC5.jpeg
The Yellow on the Broom: The Early Days of a Traveller Woman,Betsy Whyte,"{""Format:"": ""Paperback"", ""Language:"": ""English"", ""ISBN:"": ""1841581356"", ""ISBN13:"": ""9781841581354"", ""Release Date:"": ""April 2001"", ""Publisher:"": ""Birlinn"", ""Length:"": ""224 Pages"", ""Weight:"": ""0.45 lbs."", ""Dimensions:"": ""0.7\"" x 5.0\"" x 7.6\""""}",https://i.thriftbooks.com/api/imagehandler/m/8715E3A8879F737477D46C19D9E10F8066470CDE.jpeg
James Herriot's Yorkshire Revisited,James Herriot,"{""Format:"": ""Hardcover"", ""Language:"": ""English"", ""ISBN:"": ""0312206291"", ""ISBN13:"": ""9780312206291"", ""Release Date:"": ""November 1999"", ""Publisher:"": ""St. Martin's Press"", ""Length:"": ""192 Pages"", ""Weight:"": ""1.50 lbs."", ""Dimensions:"": ""0.8\"" x 7.8\"" x 8.9\""""}",https://i.thriftbooks.com/api/imagehandler/m/C1E6B1F2651635E2AB6CDCAC69B237EC509F368C.jpeg
Dry Storeroom No. 1: The Secret Life of the Natural History Museum,Richard Fortey,"{""Format:"": ""Hardcover"", ""Language:"": ""English"", ""ISBN:"": ""0307263622"", ""ISBN13:"": ""9780307263629"", ""Release Date:"": ""August 2008"", ""Publisher:"": ""Knopf Publishing Group"", ""Length:"": ""335 Pages"", ""Weight:"": ""1.70 lbs."", ""Dimensions:"": ""1.3\"" x 6.6\"" x 9.7\""""}",https://i.thriftbooks.com/api/imagehandler/m/A2C9D2C047E014A779CC704F8A0DD10D1F0E5FCA.jpeg
The Secret Voyage of Sir Francis Drake,R. Samuel Bawlf,"{""Format:"": ""Paperback"", ""Language:"": ""English"", ""ISBN:"": ""1553650417"", ""ISBN13:"": ""9781553650416"", ""Release Date:"": ""January 2004"", ""Publisher:"": ""Douglas & McIntyre, Limited"", ""Length:"": ""400 Pages"", ""Weight:"": ""0.65 lbs."", ""Dimensions:"": ""9.3\"" x 1.1\"" x 6.0\""""}",https://i.thriftbooks.com/api/imagehandler/m/7B379D7D3D79E93CBF76742F196234B55D070827.jpeg
Long Ago in France: The Years in Dijon,M.F.K. Fisher,"{""Format:"": ""Paperback"", ""Language:"": ""English"", ""ISBN:"": ""0671755145"", ""ISBN13:"": ""9780671755140"", ""Release Date:"": ""February 1992"", ""Publisher:"": ""Touchstone Books"", ""Length:"": ""176 Pages"", ""Weight:"": ""0.40 lbs."", ""Dimensions:"": ""0.5\"" x 5.3\"" x 8.8\""""}",https://i.thriftbooks.com/api/imagehandler/m/9E34996E28D9A4BC9EEDB2DC876668E3844D2493.jpeg
The Crofter and the Laird,John McPhee,"{""Format:"": ""Paperback"", ""Language:"": ""English"", ""ISBN:"": ""0374514658"", ""Release Date:"": ""September 1992"", ""Publisher:"": ""Farrar, Straus and Giroux"", ""Length:"": ""176 Pages"", ""Weight:"": ""0.50 lbs."", ""Dimensions:"": ""8.2\"" x 0.7\"" x 5.5\""""}",https://m.media-amazon.com/images/I/41DdmtDDCTL._SL350_.jpg
And There Was Light: The Autobiography of Jacques Lusseyran: Blind Hero of the French Resistance,Jacques Lusseyran,"{""Format:"": ""Paperback"", ""Language:"": ""English"", ""ISBN:"": ""0930407407"", ""ISBN13:"": ""9780930407407"", ""Release Date:"": ""January 2006"", ""Publisher:"": ""Morning Light Press"", ""Length:"": ""316 Pages"", ""Weight:"": ""0.90 lbs."", ""Dimensions:"": ""0.9\"" x 5.5\"" x 8.0\""""}",https://i.thriftbooks.com/api/imagehandler/m/6EFE86510326B24BFFFBC9C2800065321896C15F.jpeg
A Russian Journal,John Steinbeck,"{""Format:"": ""Paperback"", ""Language:"": ""English"", ""ISBN:"": ""0141180196"", ""ISBN13:"": ""9780141180199"", ""Release Date:"": ""December 1999"", ""Publisher:"": ""Penguin Group"", ""Length:"": ""240 Pages"", ""Weight:"": ""0.45 lbs."", ""Dimensions:"": ""0.5\"" x 5.1\"" x 7.8\"""", ""Age Range:"": ""18 years and up"", ""Grade Range:"": ""Postsecondary and higher""}",https://i.thriftbooks.com/api/imagehandler/m/C637F834B8C79E4DC86196FF7D07DBFFF35405F1.jpeg
When Summer's in the Meadow,Christine Breen,"{""Format:"": ""Hardcover"", ""Language:"": ""English"", ""ISBN:"": ""0939149230"", ""ISBN13:"": ""9780939149230"", ""Release Date:"": ""January 1989"", ""Publisher:"": ""Soho Press"", ""Length:"": ""224 Pages"", ""Weight:"": ""1.06 lbs."", ""Dimensions:"": ""1.0\"" x 5.5\"" x 8.8\""""}",https://i.thriftbooks.com/api/imagehandler/m/83FD0C410106F0ADECEF2BA8C678FD76A2DAF74A.jpeg
"From Here, You Can't See Paris: Seasons of a French Village and Its Restaurant",Michael S. Sanders,"{""Format:"": ""Hardcover"", ""Language:"": ""English"", ""ISBN:"": ""0060184728"", ""ISBN13:"": ""9780060184728"", ""Release Date:"": ""November 2002"", ""Publisher:"": ""Harper"", ""Length:"": ""336 Pages"", ""Weight:"": ""1.36 lbs."", ""Dimensions:"": ""1.1\"" x 6.4\"" x 9.3\""""}",https://i.thriftbooks.com/api/imagehandler/m/CC77A03EC362CCA4D86005DE91717426894ECDFC.jpeg
Diana: A Tribute in Photographs,Michael O'Mara,"{""Format:"": ""Hardcover"", ""Language:"": ""English"", ""ISBN:"": ""0312184239"", ""ISBN13:"": ""9780312184230"", ""Release Date:"": ""September 1997"", ""Publisher:"": ""St. Martin's Press"", ""Length:"": ""160 Pages"", ""Weight:"": ""2.00 lbs."", ""Dimensions:"": ""0.8\"" x 8.6\"" x 12.0\""""}",https://i.thriftbooks.com/api/imagehandler/m/EC9A11D9E1E4DCE47DDF09D0F3F4C754DC43BE8A.jpeg
My Life as an Explorer,Sven Hedin,"{""Format:"": ""Paperback"", ""Language:"": ""English"", ""ISBN:"": ""1590480767"", ""ISBN13:"": ""9781590480762"", ""Release Date:"": ""October 2001"", ""Publisher:"": ""Long Riders' Guild Press"", ""Length:"": ""548 Pages"", ""Weight:"": ""2.52 lbs."", ""Dimensions:"": ""1.2\"" x 7.6\"" x 9.3\""""}",https://i.thriftbooks.com/api/imagehandler/m/58EF236921DCE4F2C3158A5683E865E76FD2AC2B.jpeg
The Voyages of Captain Cook (Wordsworth Classics of World Literature),James Cook,"{""Format:"": ""Paperback"", ""Language:"": ""English"", ""ISBN:"": ""1840221003"", ""Release Date:"": ""June 2001"", ""Publisher:"": ""Wordsworth Editions Ltd"", ""Length:"": ""496 Pages"", ""Weight:"": ""0.70 lbs."", ""Dimensions:"": ""7.8\"" x 1.0\"" x 5.1\""""}",https://m.media-amazon.com/images/I/51vE1-yBRnL._SL350_.jpg
"To Marry an English Lord: Tales of Wealth and Marriage, Sex and Snobbery in the Gilded Age (an Inspiration for Downton Abbey)",Gail MacColl,"{""Format:"": ""Paperback"", ""Language:"": ""English"", ""ISBN:"": ""0761171959"", ""ISBN13:"": ""9780761171959"", ""Release Date:"": ""March 2012"", ""Publisher:"": ""Workman Publishing"", ""Length:"": ""416 Pages"", ""Weight:"": ""1.40 lbs."", ""Dimensions:"": ""0.9\"" x 6.0\"" x 9.0\""""}",https://i.thriftbooks.com/api/imagehandler/m/42391512436BDB956654886C04FABD6B0D5C3FAA.jpeg
Books and Islands in Ojibwe Country: Traveling Through the Land of My Ancestors,Louise Erdrich,"{""Format:"": ""Paperback"", ""Language:"": ""English"", ""ISBN:"": ""006230996X"", ""ISBN13:"": ""9780062309969"", ""Release Date:"": ""March 2014"", ""Publisher:"": ""Harper Perennial"", ""Length:"": ""160 Pages"", ""Weight:"": ""1.80 lbs."", ""Dimensions:"": ""0.6\"" x 5.2\"" x 8.0\""""}",https://i.thriftbooks.com/api/imagehandler/m/4DDC7CF613ED3DDAA07E1F81C0810EA425D2A747.jpeg
"Four Seasons in Rome: On Twins, Insomnia, and the Biggest Funeral in the History of the World",Anthony Doerr,"{""Format:"": ""Paperback"", ""Language:"": ""English"", ""ISBN:"": ""141657316X"", ""ISBN13:"": ""9781416573166"", ""Release Date:"": ""June 2008"", ""Publisher:"": ""Scribner Book Company"", ""Length:"": ""224 Pages"", ""Weight:"": ""0.44 lbs."", ""Dimensions:"": ""0.6\"" x 5.3\"" x 8.0\""""}",https://i.thriftbooks.com/api/imagehandler/m/7197354E492FEC1CCD7B8D45E1E0FAA9E1E89742.jpeg
Rick Steves Croatia & Slovenia,Cameron Hewitt,"{""Format:"": ""Paperback"", ""Language:"": ""English"", ""ISBN:"": ""1631218093"", ""ISBN13:"": ""9781631218095"", ""Release Date:"": ""July 2018"", ""Publisher:"": ""Rick Steves"", ""Length:"": ""820 Pages"", ""Weight:"": ""0.30 lbs."", ""Dimensions:"": ""1.1\"" x 4.6\"" x 8.0\""""}",https://i.thriftbooks.com/api/imagehandler/m/7E1EFB9F1E823081CA2AD73A54D532C206566346.jpeg
Lidia's Italy: 140 Simple and Delicious Recipes from the Ten Places in Italy Lidia Loves Most: A Cookbook,Lidia Matticchio Bastianich,"{""Format:"": ""Hardcover"", ""Language:"": ""English"", ""ISBN:"": ""1400040361"", ""ISBN13:"": ""9781400040360"", ""Release Date:"": ""April 2007"", ""Publisher:"": ""Knopf Publishing Group"", ""Length:"": ""384 Pages"", ""Weight:"": ""2.55 lbs."", ""Dimensions:"": ""1.1\"" x 8.2\"" x 9.4\""""}",https://i.thriftbooks.com/api/imagehandler/m/D3A5D644076E6B7129A20177E94067DB4CE670E5.jpeg
DK Eyewitness Travel Guide: Paris,DK Eyewitness Travel,"{""Format:"": ""Paperback"", ""Language:"": ""English"", ""ISBN:"": ""1465428801"", ""ISBN13:"": ""9781465428806"", ""Release Date:"": ""September 2015"", ""Publisher:"": ""DK Eyewitness Travel"", ""Length:"": ""440 Pages"", ""Weight:"": ""1.50 lbs."", ""Dimensions:"": ""0.9\"" x 5.1\"" x 8.6\""""}",https://m.media-amazon.com/images/I/51ZJH5K55dL._SL350_.jpg
The City of Falling Angels,John Berendt,"{""Format:"": ""Hardcover"", ""Language:"": ""English"", ""ISBN:"": ""1594200580"", ""ISBN13:"": ""9781594200588"", ""Release Date:"": ""September 2005"", ""Publisher:"": ""Penguin Press"", ""Length:"": ""414 Pages"", ""Weight:"": ""0.05 lbs."", ""Dimensions:"": ""1.4\"" x 5.8\"" x 9.5\"""", ""Age Range:"": ""18 years and up"", ""Grade Range:"": ""Postsecondary and higher""}",https://i.thriftbooks.com/api/imagehandler/m/1E57745EB71DC8B77FE190C565CF79FF3C62EE30.jpeg
Lonely Planet Iceland 11,Lonely Planet,"{""Format:"": ""Paperback"", ""Language:"": ""English"", ""ISBN:"": ""1786578107"", ""ISBN13:"": ""9781786578105"", ""Release Date:"": ""May 2019"", ""Publisher:"": ""Lonely Planet"", ""Length:"": ""448 Pages"", ""Weight:"": ""0.83 lbs."", ""Dimensions:"": ""0.8\"" x 5.2\"" x 7.9\""""}",https://i.thriftbooks.com/api/imagehandler/m/25104F07F74762AC962229226A8BDD91D260962F.jpeg
Hist of the Vikings Rev/E,Gwyn Jones,"{""Format:"": ""Hardcover"", ""Language:"": ""English"", ""ISBN:"": ""0192158821"", ""ISBN13:"": ""9780192158826"", ""Release Date:"": ""January 1984"", ""Publisher:"": ""Oxford University Press, USA"", ""Length:"": ""504 Pages"", ""Weight:"": ""1.68 lbs.""}",https://m.media-amazon.com/images/I/412ZSf28iqL._SL350_.jpg
Without Reservations: The Travels of an Independent Woman,Alice Steinbach,"{""Format:"": ""Paperback"", ""Language:"": ""English"", ""ISBN:"": ""0375758453"", ""Release Date:"": ""March 2002"", ""Publisher:"": ""Random House Trade Paperbacks"", ""Length:"": ""295 Pages"", ""Weight:"": ""0.05 lbs."", ""Dimensions:"": ""7.9\"" x 0.7\"" x 5.2\""""}",https://m.media-amazon.com/images/I/51vR2-powTL._SL350_.jpg
DK Eyewitness Travel Guide France,D.K. Publishing,"{""Format:"": ""Paperback"", ""Language:"": ""English"", ""ISBN:"": ""1465468277"", ""ISBN13:"": ""9781465468277"", ""Release Date:"": ""April 2018"", ""Publisher:"": ""DK Eyewitness Travel"", ""Length:"": ""672 Pages"", ""Weight:"": ""1.45 lbs."", ""Dimensions:"": ""1.2\"" x 5.3\"" x 8.6\""""}",https://i.thriftbooks.com/api/imagehandler/m/629BBDC3C2DE8A68EC718089576D67F7BEFB1A83.jpeg
Malachy Mc Court's History of Ireland,Malachy McCourt,"{""Format:"": ""Hardcover"", ""ISBN:"": ""1606710370"", ""ISBN13:"": ""9781606710371"", ""Release Date:"": ""January 1"", ""Publisher:"": ""MFJ Books"", ""Weight:"": ""0.63 lbs.""}",https://image-plz.thriftbooks.com/m/57BFB3F7E4EA4E0FABCBB3E8472622C6.png
A Time of Gifts: On Foot to Constantinople: From the Hook of Holland to the Middle Danube,Patrick Leigh Fermor,"{""Format:"": ""Paperback"", ""Language:"": ""English"", ""ISBN:"": ""0140095136"", ""Release Date:"": ""July 1984"", ""Publisher:"": ""Penguin Books"", ""Length:"": ""304 Pages"", ""Weight:"": ""0.50 lbs."", ""Dimensions:"": ""5.0\"" x 1.0\"" x 7.0\""""}",https://m.media-amazon.com/images/I/41sVGDneQRL._SL350_.jpg
This Is Paris,Miroslav Sasek,"{""Format:"": ""Hardcover"", ""Language:"": ""English"", ""ISBN:"": ""0789310635"", ""ISBN13:"": ""9780789310637"", ""Release Date:"": ""April 2004"", ""Publisher:"": ""Universe Publishing(NY)"", ""Length:"": ""60 Pages"", ""Weight:"": ""1.25 lbs."", ""Dimensions:"": ""0.5\"" x 9.0\"" x 12.4\"""", ""Age Range:"": ""7 years and up"", ""Grade Range:"": ""Grade 2 and higher""}",https://i.thriftbooks.com/api/imagehandler/m/A12E6167E5AD3EA23357450F8A4095D2648F1449.jpeg
Rick Steves Switzerland,Rick Steves,"{""Format:"": ""Paperback"", ""Language:"": ""English"", ""ISBN:"": ""1631218247"", ""ISBN13:"": ""9781631218248"", ""Release Date:"": ""May 2018"", ""Publisher:"": ""Rick Steves"", ""Length:"": ""440 Pages"", ""Weight:"": ""0.86 lbs."", ""Dimensions:"": ""0.8\"" x 4.6\"" x 7.9\""""}",https://i.thriftbooks.com/api/imagehandler/m/0F9533A05C3D72FF8935CC181777EF39FA506000.jpeg
A Thousand Days in Tuscany: A Bittersweet Adventure,Marlena de Blasi,"{""Format:"": ""Hardcover"", ""Language:"": ""English"", ""ISBN:"": ""1565123921"", ""ISBN13:"": ""9781565123922"", ""Release Date:"": ""November 2004"", ""Publisher:"": ""Algonquin Books of Chapel Hill"", ""Length:"": ""325 Pages"", ""Weight:"": ""1.00 lbs."", ""Dimensions:"": ""1.2\"" x 5.8\"" x 7.3\""""}",https://i.thriftbooks.com/api/imagehandler/m/1CABB4162F3B2205B5FC5961C0DE03891DF3FD83.jpeg
Encore Provence: New Adventures in the South of France,Peter Mayle,"{""Format:"": ""Hardcover"", ""Language:"": ""English"", ""ISBN:"": ""0679441247"", ""ISBN13:"": ""9780679441243"", ""Release Date:"": ""June 1999"", ""Publisher:"": ""Alfred A. Knopf"", ""Length:"": ""240 Pages"", ""Weight:"": ""1.00 lbs."", ""Dimensions:"": ""1.0\"" x 5.9\"" x 8.7\""""}",https://i.thriftbooks.com/api/imagehandler/m/AA5F0EFC641BA259F5CF980D30A0BCD0439BA5E3.jpeg
Toujours Provence,Peter Mayle,"{""Format:"": ""Paperback"", ""Language:"": ""English"", ""ISBN:"": ""0679736042"", ""Release Date:"": ""June 1992"", ""Publisher:"": ""Vintage"", ""Length:"": ""256 Pages"", ""Weight:"": ""0.67 lbs."", ""Dimensions:"": ""8.0\"" x 0.7\"" x 5.2\""""}",https://m.media-amazon.com/images/I/41P1HVZ6g5L._SL350_.jpg
The Most Beautiful Villages of Tuscany,James Bentley,"{""Format:"": ""Hardcover"", ""Language:"": ""English"", ""ISBN:"": ""050001664X"", ""ISBN13:"": ""9780500016640"", ""Release Date:"": ""September 1995"", ""Publisher:"": ""Thames & Hudson"", ""Length:"": ""224 Pages"", ""Weight:"": ""3.90 lbs."", ""Dimensions:"": ""1.0\"" x 10.2\"" x 12.6\""""}",https://i.thriftbooks.com/api/imagehandler/m/05BB82FB271C1C9ED0F6F6D4BBDCA645852E5400.jpeg
Rick Steves Florence & Tuscany,Rick Steves,"{""Format:"": ""Paperback"", ""Language:"": ""English"", ""ISBN:"": ""1631216651"", ""ISBN13:"": ""9781631216657"", ""Release Date:"": ""October 2017"", ""Publisher:"": ""Rick Steves"", ""Length:"": ""724 Pages"", ""Weight:"": ""0.75 lbs."", ""Dimensions:"": ""0.9\"" x 4.5\"" x 7.9\""""}",https://i.thriftbooks.com/api/imagehandler/m/533DEBC2DEC73304668D1249E76C0AE13C50AD13.jpeg
This Is London,M. Sasek,"{""Format:"": ""Hardcover"", ""Language:"": ""English"", ""ISBN:"": ""0789310627"", ""ISBN13:"": ""9780789310620"", ""Release Date:"": ""April 2004"", ""Publisher:"": ""Universe Publishing(NY)"", ""Length:"": ""60 Pages"", ""Weight:"": ""1.60 lbs."", ""Dimensions:"": ""0.8\"" x 9.1\"" x 12.4\"""", ""Age Range:"": ""7 years and up"", ""Grade Range:"": ""Grade 2 and higher""}",https://i.thriftbooks.com/api/imagehandler/m/854FE2AE6216D5CA69B04A25867CA98154880C3F.jpeg
Bury Me Standing: The Gypsies and Their Journey,Isabel Fonseca,"{""Format:"": ""Paperback"", ""Language:"": ""English"", ""ISBN:"": ""067973743X"", ""ISBN13:"": ""9780679737438"", ""Release Date:"": ""October 1996"", ""Publisher:"": ""Vintage"", ""Length:"": ""352 Pages"", ""Weight:"": ""0.73 lbs."", ""Dimensions:"": ""0.7\"" x 5.1\"" x 7.9\""""}",https://i.thriftbooks.com/api/imagehandler/m/08DDF3A62638F92213704D017DDCA02556F206F0.jpeg
Florence & Tuscany,Christopher Catling,"{""Format:"": ""Paperback"", ""Language:"": ""English"", ""ISBN:"": ""0756615402"", ""ISBN13:"": ""9780756615406"", ""Release Date:"": ""January 2006"", ""Publisher:"": ""DK Publishing (Dorling Kindersley)"", ""Length:"": ""336 Pages"", ""Weight:"": ""1.25 lbs."", ""Dimensions:"": ""0.8\"" x 5.2\"" x 8.7\""""}",https://i.thriftbooks.com/api/imagehandler/m/C020DF76B521C10C7CE14F5B702A0DC946113E7F.jpeg
"The Last Place on Earth: Scott and Amundsen's Race to the South Pole, Revised and Updated",Roland Huntford,"{""Format:"": ""Paperback"", ""Language:"": ""English"", ""ISBN:"": ""0375754741"", ""ISBN13:"": ""9780375754746"", ""Release Date:"": ""September 1999"", ""Publisher:"": ""Modern Library"", ""Length:"": ""640 Pages"", ""Weight:"": ""1.34 lbs."", ""Dimensions:"": ""1.3\"" x 5.3\"" x 8.1\""""}",https://i.thriftbooks.com/api/imagehandler/m/D7089CC94F11743963BCEF4FC9BF101B8A4FD7A5.jpeg
Christ Stopped at Eboli: The Story of a Year,Carlo Levi,"{""Format:"": ""Paperback"", ""Language:"": ""English"", ""ISBN:"": ""0374503168"", ""Release Date:"": ""January 1982"", ""Publisher:"": ""Farrar, Straus and Giroux"", ""Length:"": ""272 Pages"", ""Weight:"": ""0.75 lbs."", ""Dimensions:"": ""8.0\"" x 0.8\"" x 5.3\""""}",https://m.media-amazon.com/images/I/41nuj2kOp+L._SL350_.jpg
"Living in a Foreign Language: A Memoir of Food, Wine, and Love in Italy",Michael Tucker,"{""Format:"": ""Hardcover"", ""Language:"": ""English"", ""ISBN:"": ""0871139626"", ""ISBN13:"": ""9780871139627"", ""Release Date:"": ""July 2007"", ""Publisher:"": ""Atlantic Monthly Press"", ""Length:"": ""272 Pages"", ""Weight:"": ""0.90 lbs."", ""Dimensions:"": ""0.9\"" x 5.5\"" x 8.3\""""}",https://i.thriftbooks.com/api/imagehandler/m/1926BB88128502743E11C8718C57E8B78ED58A7F.jpeg
Man-Eaters of Kumaon,Jim Corbett,"{""Format:"": ""Paperback"", ""Language:"": ""English"", ""ISBN:"": ""1773239317"", ""ISBN13:"": ""9781773239316"", ""Release Date:"": ""November 2022"", ""Publisher:"": ""Must Have Books"", ""Length:"": ""268 Pages"", ""Weight:"": ""0.87 lbs."", ""Dimensions:"": ""0.6\"" x 6.0\"" x 9.0\""""}",https://i.thriftbooks.com/api/imagehandler/m/C582C55813F0DE4827B61FBE8A29EBC8B0CED84A.jpeg
Ghosts of Spain: Travels Through Spain and Its Silent Past,Giles Tremlett,"{""Format:"": ""Paperback"", ""Language:"": ""English"", ""ISBN:"": ""0802716741"", ""ISBN13:"": ""9780802716743"", ""Release Date:"": ""March 2008"", ""Publisher:"": ""Bloomsbury USA"", ""Length:"": ""400 Pages"", ""Weight:"": ""0.95 lbs."", ""Dimensions:"": ""1.2\"" x 5.5\"" x 8.2\""""}",https://i.thriftbooks.com/api/imagehandler/m/39A53BF673C90A709746B3B59B0C1F476457BFAB.jpeg
Bold Spirit: Helga Estby's Forgotten Walk Across Victorian America,Linda Lawrence Hunt,"{""Format:"": ""Paperback"", ""Language:"": ""English"", ""ISBN:"": ""1400079934"", ""ISBN13:"": ""9781400079933"", ""Release Date:"": ""January 2005"", ""Publisher:"": ""Anchor Books"", ""Length:"": ""336 Pages"", ""Weight:"": ""0.51 lbs."", ""Dimensions:"": ""0.7\"" x 5.2\"" x 8.0\""""}",https://i.thriftbooks.com/api/imagehandler/m/16DF5973E7CCC21C5744343F0F7174F11E48BEBF.jpeg
McCarthy's Bar: A Journey of Discovery In Ireland,Pete McCarthy,"{""Format:"": ""Paperback"", ""Language:"": ""English"", ""ISBN:"": ""0312311338"", ""Release Date:"": ""March 2003"", ""Publisher:"": ""St. Martin's Griffin"", ""Length:"": ""352 Pages"", ""Weight:"": ""0.73 lbs."", ""Dimensions:"": ""8.2\"" x 0.9\"" x 5.5\""""}",https://m.media-amazon.com/images/I/51rlsqtsEnL._SL350_.jpg
"Midnight in Sicily: On Art, Feed, History, Travel and La Cosa Nostra",Peter Robb,"{""Format:"": ""Paperback"", ""Language:"": ""English"", ""ISBN:"": ""0312426844"", ""ISBN13:"": ""9780312426842"", ""Release Date:"": ""November 2007"", ""Publisher:"": ""Picador USA"", ""Length:"": ""480 Pages"", ""Weight:"": ""0.85 lbs."", ""Dimensions:"": ""1.0\"" x 5.5\"" x 8.2\""""}",https://i.thriftbooks.com/api/imagehandler/m/95DCA99D800A7B8993403E62BFE408B55047DED4.jpeg
"Two Towns in Provence: Map of Another Town and a Considerable Town, a Celebration of Aix-En-Provence & Marseille",M.F.K. Fisher,"{""Format:"": ""Paperback"", ""Language:"": ""English"", ""ISBN:"": ""0394716310"", ""ISBN13:"": ""9780394716312"", ""Release Date:"": ""August 1983"", ""Publisher:"": ""Vintage"", ""Length:"": ""512 Pages"", ""Weight:"": ""1.00 lbs."", ""Dimensions:"": ""0.9\"" x 5.2\"" x 8.1\""""}",https://i.thriftbooks.com/api/imagehandler/m/320320297E47E630D82CCC92E1527072D6C2B1B7.jpeg
The Discovery of France: A Historical Geography from the Revolution to the First World War,Graham Robb,"{""Format:"": ""Hardcover"", ""Language:"": ""English"", ""ISBN:"": ""0393059731"", ""ISBN13:"": ""9780393059731"", ""Release Date:"": ""October 2007"", ""Publisher:"": ""W. W. Norton & Company"", ""Length:"": ""454 Pages"", ""Weight:"": ""1.85 lbs."", ""Dimensions:"": ""1.4\"" x 6.4\"" x 9.5\""""}",https://i.thriftbooks.com/api/imagehandler/m/FA920D05EA5C5C1D41838BA570967730A6744835.jpeg
The Stones of Florence,Mary McCarthy,"{""Format:"": ""Paperback"", ""Language:"": ""English"", ""ISBN:"": ""0156027631"", ""ISBN13:"": ""9780156027632"", ""Release Date:"": ""November 2002"", ""Publisher:"": ""Mariner Books Classics"", ""Length:"": ""240 Pages"", ""Weight:"": ""0.52 lbs."", ""Dimensions:"": ""0.6\"" x 5.4\"" x 8.0\""""}",https://i.thriftbooks.com/api/imagehandler/m/F8EF40CE9BA2DEBE78DEAC87BEF386D07929A73D.jpeg
A Land So Strange: The Epic Journey of Cabeza de Vaca: The Extraordinary Tale of a Shipwrecked Spaniard Who Walked Across America in the,Andrés Reséndez,"{""Format:"": ""Paperback"", ""Language:"": ""English"", ""ISBN:"": ""0465068413"", ""ISBN13:"": ""9780465068418"", ""Release Date:"": ""January 2009"", ""Publisher:"": ""Basic Books"", ""Length:"": ""336 Pages"", ""Weight:"": ""0.75 lbs."", ""Dimensions:"": ""1.0\"" x 5.4\"" x 8.1\""""}",https://i.thriftbooks.com/api/imagehandler/m/11EE6D415A528F378B0A4B485648A5D550D5E7E9.jpeg
The Holy Land: An Oxford Archaeological Guide from Earliest Times to 1700,Jerome Murphy-O'Connor,"{""Format:"": ""Paperback"", ""Language:"": ""English"", ""ISBN:"": ""0192880136"", ""ISBN13:"": ""9780192880130"", ""Release Date:"": ""June 1998"", ""Publisher:"": ""Oxford University Press, USA"", ""Length:"": ""516 Pages"", ""Weight:"": ""2.65 lbs."", ""Dimensions:"": ""1.2\"" x 8.5\"" x 5.4\""""}",https://i.thriftbooks.com/api/imagehandler/m/2392FA96CE692556354F87C81EFE9570BA9C18AB.jpeg
The World of Venice: Revised Edition,Jan Morris,"{""Format:"": ""Paperback"", ""Language:"": ""English"", ""ISBN:"": ""0156983567"", ""ISBN13:"": ""9780156983563"", ""Release Date:"": ""May 1995"", ""Publisher:"": ""Mariner Books"", ""Length:"": ""320 Pages"", ""Weight:"": ""0.85 lbs."", ""Dimensions:"": ""0.9\"" x 5.3\"" x 7.9\""""}",https://i.thriftbooks.com/api/imagehandler/m/7F1C678099A474129B46A0514B10DC6D769EED3B.jpeg
How the Irish Became White,Noel Ignatiev,"{""Format:"": ""Paperback"", ""Language:"": ""English"", ""ISBN:"": ""0415963095"", ""ISBN13:"": ""9780415963091"", ""Release Date:"": ""January 1995"", ""Publisher:"": ""Routledge"", ""Length:"": ""276 Pages"", ""Weight:"": ""0.72 lbs."", ""Dimensions:"": ""0.9\"" x 5.0\"" x 7.5\"""", ""Age Range:"": ""18 years and up"", ""Grade Range:"": ""Postsecondary""}",https://i.thriftbooks.com/api/imagehandler/m/DA7B4E9D1F9C89AAFBF1CBA76E1107E10AAEDA3B.jpeg
Barcelona,Robert Hughes,"{""Format:"": ""Hardcover"", ""Language:"": ""English"", ""ISBN:"": ""0394580273"", ""ISBN13:"": ""9780394580272"", ""Release Date:"": ""February 1992"", ""Publisher:"": ""Alfred A. Knopf"", ""Length:"": ""573 Pages"", ""Weight:"": ""2.20 lbs."", ""Dimensions:"": ""1.3\"" x 6.6\"" x 9.5\""""}",https://m.media-amazon.com/images/I/51MqCbi-1UL._SL350_.jpg
In Siberia,Colin Thubron,"{""Format:"": ""Hardcover"", ""Language:"": ""English"", ""ISBN:"": ""0060195436"", ""ISBN13:"": ""9780060195434"", ""Release Date:"": ""January 2000"", ""Publisher:"": ""Harper"", ""Length:"": ""304 Pages"", ""Weight:"": ""1.35 lbs."", ""Dimensions:"": ""1.0\"" x 6.1\"" x 9.3\""""}",https://i.thriftbooks.com/api/imagehandler/m/1566C37CFCC082B859E3918E405DCE7C062559BD.jpeg
Iceland: Land of the Sagas,Jon Krakauer,"{""Format:"": ""Paperback"", ""Language:"": ""English"", ""ISBN:"": ""0375752676"", ""Release Date:"": ""October 1998"", ""Publisher:"": ""Villard"", ""Length:"": ""160 Pages"", ""Weight:"": ""1.60 lbs."", ""Dimensions:"": ""11.5\"" x 0.5\"" x 8.6\""""}",https://m.media-amazon.com/images/I/41Z0RZg9FlL._SL350_.jpg
Mediterranean,Fernand Braudel,"{""Format:"": ""Paperback"", ""Language:"": ""English"", ""ISBN:"": ""0060905662"", ""ISBN13:"": ""9780060905668"", ""Release Date:"": ""January 1975"", ""Publisher:"": ""HarperCollins Publishers"", ""Length:"": ""642 Pages"", ""Weight:"": ""1.15 lbs.""}",https://m.media-amazon.com/images/I/51+D4kqHN-L._SL350_.jpg
Bella Tuscany: The Sweet Life in Italy,Frances Mayes,"{""Format:"": ""Hardcover"", ""Language:"": ""English"", ""ISBN:"": ""0767902831"", ""Release Date:"": ""April 1999"", ""Publisher:"": ""Broadway"", ""Length:"": ""304 Pages"", ""Weight:"": ""1.05 lbs."", ""Dimensions:"": ""8.8\"" x 1.3\"" x 5.8\""""}",https://m.media-amazon.com/images/I/418i8mUnKgL._SL350_.jpg
Balkan Ghosts: A Journey Through History,Robert D. Kaplan,"{""Format:"": ""Hardcover"", ""Language:"": ""English"", ""ISBN:"": ""0312087012"", ""ISBN13:"": ""9780312087012"", ""Release Date:"": ""January 1993"", ""Publisher:"": ""St. Martin's Press"", ""Length:"": ""307 Pages"", ""Weight:"": ""1.50 lbs."", ""Dimensions:"": ""1.2\"" x 6.5\"" x 9.6\""""}",https://m.media-amazon.com/images/I/41XZNTxl59L._SL350_.jpg
"French Lessons: Adventures with Knife, Fork, and Corkscrew",Peter Mayle,"{""Format:"": ""Hardcover"", ""Language:"": ""English"", ""ISBN:"": ""0375405909"", ""ISBN13:"": ""9780375405907"", ""Release Date:"": ""May 2001"", ""Publisher:"": ""Alfred A. Knopf"", ""Length:"": ""240 Pages"", ""Weight:"": ""0.95 lbs."", ""Dimensions:"": ""1.2\"" x 6.0\"" x 8.5\""""}",https://i.thriftbooks.com/api/imagehandler/m/5E0AA03BA42CFE337A85D0EDBA4E88908B5E3680.jpeg
Germany,Małgorzata Omilanowska,"{""Format:"": ""Paperback"", ""Language:"": ""English"", ""ISBN:"": ""1465440186"", ""ISBN13:"": ""9781465440181"", ""Release Date:"": ""April 2016"", ""Publisher:"": ""DK Eyewitness Travel"", ""Length:"": ""584 Pages"", ""Weight:"": ""1.20 lbs."", ""Dimensions:"": ""1.2\"" x 5.1\"" x 8.6\""""}",https://m.media-amazon.com/images/I/51RVaDYjvVL._SL350_.jpg
Italian in 10 Minutes a Day,Kristine K. Kershul,"{""Format:"": ""Paperback"", ""Language:"": ""English"", ""ISBN:"": ""0944502334"", ""ISBN13:"": ""9780944502334"", ""Release Date:"": ""April 2002"", ""Publisher:"": ""Bilingual Books (WA)"", ""Length:"": ""132 Pages"", ""Weight:"": ""0.80 lbs."", ""Dimensions:"": ""0.4\"" x 8.3\"" x 10.7\""""}",https://i.thriftbooks.com/api/imagehandler/m/BAE00D21AD21CDC7DBF4628D0E72839A9913A7E1.jpeg
Rick Steves' Europe 101: History and Art for the Traveler,Rick Steves,"{""Format:"": ""Paperback"", ""Language:"": ""English"", ""ISBN:"": ""1566915163"", ""ISBN13:"": ""9781566915168"", ""Release Date:"": ""May 2007"", ""Publisher:"": ""Rick Steves"", ""Length:"": ""536 Pages"", ""Weight:"": ""1.58 lbs."", ""Dimensions:"": ""0.6\"" x 5.5\"" x 8.5\""""}",https://i.thriftbooks.com/api/imagehandler/m/3FDB563E20664F85DD238CC36D523862121197F5.jpeg
The Greek Islands,Marc S. Dubin,"{""Format:"": ""Paperback"", ""Language:"": ""English"", ""ISBN:"": ""0756626374"", ""ISBN13:"": ""9780756626372"", ""Release Date:"": ""January 2007"", ""Publisher:"": ""DK Publishing (Dorling Kindersley)"", ""Length:"": ""408 Pages"", ""Weight:"": ""1.45 lbs."", ""Dimensions:"": ""0.9\"" x 5.3\"" x 8.6\""""}",https://i.thriftbooks.com/api/imagehandler/m/2837C3D56F4736092988EC7B90214F290F06CC89.jpeg
Rick Steves Best of Europe,Rick Steves,"{""Format:"": ""Paperback"", ""Language:"": ""English"", ""ISBN:"": ""1631218034"", ""ISBN13:"": ""9781631218033"", ""Release Date:"": ""November 2018"", ""Publisher:"": ""Rick Steves"", ""Length:"": ""1104 Pages"", ""Weight:"": ""0.60 lbs."", ""Dimensions:"": ""1.3\"" x 5.1\"" x 8.1\""""}",https://i.thriftbooks.com/api/imagehandler/m/585A7C3A771ED351B386353B0022050B0A9E8871.jpeg
The Reluctant Tuscan: How I Discovered My Inner Italian,Phil Doran,"{""Format:"": ""Paperback"", ""Language:"": ""English"", ""ISBN:"": ""1592401899"", ""ISBN13:"": ""9781592401895"", ""Release Date:"": ""March 2006"", ""Publisher:"": ""Penguin Publishing Group"", ""Length:"": ""320 Pages"", ""Weight:"": ""0.80 lbs."", ""Dimensions:"": ""0.7\"" x 5.3\"" x 8.0\"""", ""Age Range:"": ""18 years and up"", ""Grade Range:"": ""Postsecondary and higher""}",https://i.thriftbooks.com/api/imagehandler/m/9640E24448F4BBEF0EC4D30F4F471865536AA991.jpeg
Rick Steves' Mediterranean Cruise Ports,Rick Steves,"{""Format:"": ""Paperback"", ""Language:"": ""English"", ""ISBN:"": ""1612385060"", ""ISBN13:"": ""9781612385068"", ""Release Date:"": ""September 2012"", ""Publisher:"": ""Rick Steves"", ""Length:"": ""1320 Pages"", ""Weight:"": ""1.45 lbs."", ""Dimensions:"": ""1.4\"" x 4.5\"" x 7.9\""""}",https://i.thriftbooks.com/api/imagehandler/m/9972BF161B9F71E439137DE699340502C3A33405.jpeg
In Tuscany,Frances Mayes,"{""Format:"": ""Hardcover"", ""Language:"": ""English"", ""ISBN:"": ""0767905350"", ""ISBN13:"": ""9780767905350"", ""Release Date:"": ""October 2000"", ""Publisher:"": ""Crown Publishing Group (NY)"", ""Length:"": ""272 Pages"", ""Weight:"": ""2.75 lbs."", ""Dimensions:"": ""1.1\"" x 8.3\"" x 10.2\""""}",https://i.thriftbooks.com/api/imagehandler/m/92D5B23758FB368A73FCE58AD0CE97E681D49E69.jpeg
Life in a Medieval City,Frances Gies,"{""Format:"": ""Paperback"", ""Language:"": ""English"", ""ISBN:"": ""0060908807"", ""ISBN13:"": ""9780060908805"", ""Release Date:"": ""September 1981"", ""Publisher:"": ""Harper Perennial"", ""Length:"": ""288 Pages"", ""Weight:"": ""0.60 lbs."", ""Dimensions:"": ""0.7\"" x 5.3\"" x 8.1\""""}",https://i.thriftbooks.com/api/imagehandler/m/F2584F393254E4EF828F1B418B9421509F99379A.jpeg
Greece: Athens & the Mainland,DK Eyewitness Travel,"{""Format:"": ""Paperback"", ""Language:"": ""English"", ""ISBN:"": ""0789494264"", ""ISBN13:"": ""9780789494269"", ""Release Date:"": ""January 2003"", ""Publisher:"": ""DK Publishing (Dorling Kindersley)"", ""Length:"": ""352 Pages"", ""Weight:"": ""1.25 lbs."", ""Dimensions:"": ""0.8\"" x 5.3\"" x 8.9\""""}",https://i.thriftbooks.com/api/imagehandler/m/D072D48F5F37526918EFBB124ECD0EC94983DB16.jpeg
Black Lamb and Grey Falcon: A Journey Through Yugoslavia,Rebecca West,"{""Format:"": ""Paperback"", ""Language:"": ""English"", ""ISBN:"": ""0140188479"", ""ISBN13:"": ""9780140188479"", ""Release Date:"": ""April 1995"", ""Publisher:"": ""Penguin Group"", ""Length:"": ""1181 Pages"", ""Weight:"": ""1.80 lbs."", ""Dimensions:"": ""2.2\"" x 5.1\"" x 7.8\""""}",https://i.thriftbooks.com/api/imagehandler/m/028E17902C65F89AED3D60CD8CBCBFA9BC1F8FD0.jpeg
A Thousand Days in Venice (Ballantine Reader's Circle),Marlena de Blasi,"{""Format:"": ""Paperback"", ""Language:"": ""English"", ""ISBN:"": ""0345457641"", ""ISBN13:"": ""9780345457646"", ""Release Date:"": ""June 2003"", ""Publisher:"": ""Ballantine Books"", ""Length:"": ""304 Pages"", ""Weight:"": ""0.50 lbs."", ""Dimensions:"": ""7.0\"" x 0.8\"" x 5.5\""""}",https://i.thriftbooks.com/api/imagehandler/m/E0CF22579FD0BDD659A74A8229DA04D9A0113A60.jpeg
Driving Over Lemons: An Optimist in Andalucia,Chris Stewart,"{""Format:"": ""Hardcover"", ""Language:"": ""English"", ""ISBN:"": ""0375410287"", ""ISBN13:"": ""9780375410284"", ""Release Date:"": ""March 2000"", ""Publisher:"": ""Pantheon Books"", ""Length:"": ""248 Pages"", ""Weight:"": ""0.85 lbs."", ""Dimensions:"": ""1.0\"" x 5.7\"" x 8.6\""""}",https://i.thriftbooks.com/api/imagehandler/m/41CEFB51428CEF5BEE0A4B1176BD56882F4603EA.jpeg
Paris to the Moon,Adam Gopnik,"{""Format:"": ""Hardcover"", ""Language:"": ""English"", ""ISBN:"": ""0679444920"", ""ISBN13:"": ""9780679444923"", ""Release Date:"": ""October 2000"", ""Publisher:"": ""Random House (NY)"", ""Length:"": ""352 Pages"", ""Weight:"": ""0.60 lbs."", ""Dimensions:"": ""1.2\"" x 5.8\"" x 9.6\""""}",https://i.thriftbooks.com/api/imagehandler/m/4C317B46C69CE9439762B80715ED229E561A5CA8.jpeg
Lidia Cooks from the Heart of Italy: A Feast of 175 Regional Recipes: A Cookbook,Tanya Bastianich Manuali,"{""Format:"": ""Hardcover"", ""Language:"": ""English"", ""ISBN:"": ""0307267512"", ""ISBN13:"": ""9780307267511"", ""Release Date:"": ""October 2009"", ""Publisher:"": ""Knopf Publishing Group"", ""Length:"": ""432 Pages"", ""Weight:"": ""2.90 lbs."", ""Dimensions:"": ""1.2\"" x 8.2\"" x 9.4\""""}",https://i.thriftbooks.com/api/imagehandler/m/64A747DB66E22429090EDF17D2814C6F0AD5C178.jpeg
DK Eyewitness Travel Guide Rome: 2019,D.K. Publishing,"{""Format:"": ""Paperback"", ""Language:"": ""English"", ""ISBN:"": ""1465471545"", ""ISBN13:"": ""9781465471543"", ""Release Date:"": ""October 2018"", ""Publisher:"": ""DK Eyewitness Travel"", ""Length:"": ""352 Pages"", ""Weight:"": ""1.00 lbs."", ""Dimensions:"": ""0.9\"" x 4.9\"" x 8.5\""""}",https://i.thriftbooks.com/api/imagehandler/m/A1E53BD0E63B57ACE32053DA0379BA54299A1A12.jpeg
Norway,Snorre Evensberget,"{""Format:"": ""Paperback"", ""Language:"": ""English"", ""ISBN:"": ""1465441107"", ""ISBN13:"": ""9781465441102"", ""Release Date:"": ""August 2016"", ""Publisher:"": ""DK Eyewitness Travel"", ""Length:"": ""296 Pages"", ""Weight:"": ""1.18 lbs."", ""Dimensions:"": ""0.8\"" x 4.8\"" x 8.5\""""}",https://i.thriftbooks.com/api/imagehandler/m/30803118EA53720498A1F88DE4227E474E8CCF99.jpeg
Sicily,D.K. Publishing,"{""Format:"": ""Paperback"", ""Language:"": ""English"", ""ISBN:"": ""0789451727"", ""ISBN13:"": ""9780789451729"", ""Release Date:"": ""January 2000"", ""Publisher:"": ""DK Publishing (Dorling Kindersley)"", ""Length:"": ""240 Pages"", ""Weight:"": ""1.00 lbs."", ""Dimensions:"": ""0.7\"" x 5.1\"" x 8.8\""""}",https://i.thriftbooks.com/api/imagehandler/m/3666D592491C2B05725A2D5B329D85E3F10DE284.jpeg
One Hundred & One Beautiful Small Towns in Italy,Paolo Lazzarin,"{""Format:"": ""Hardcover"", ""Language:"": ""English"", ""ISBN:"": ""0847826376"", ""ISBN13:"": ""9780847826377"", ""Release Date:"": ""October 2004"", ""Publisher:"": ""Rizzoli International Publications"", ""Length:"": ""276 Pages"", ""Weight:"": ""3.75 lbs."", ""Dimensions:"": ""1.1\"" x 10.2\"" x 10.3\""""}",https://i.thriftbooks.com/api/imagehandler/m/957EECE7D274C7C52333161E25ABBEEBE4FD6F16.jpeg
An Italian Affair,Laura Fraser,"{""Format:"": ""Hardcover"", ""Language:"": ""English"", ""ISBN:"": ""0375420657"", ""ISBN13:"": ""9780375420658"", ""Release Date:"": ""May 2001"", ""Publisher:"": ""Pantheon Books"", ""Length:"": ""226 Pages"", ""Weight:"": ""0.60 lbs."", ""Dimensions:"": ""1.0\"" x 5.8\"" x 8.6\""""}",https://i.thriftbooks.com/api/imagehandler/m/4F8E1F4AB9F04B38B37E0140FEE2FC9D5BAC1B93.jpeg
Trieste and the Meaning of Nowhere,Jan Morris,"{""Format:"": ""Hardcover"", ""Language:"": ""English"", ""ISBN:"": ""0743201280"", ""ISBN13:"": ""9780743201285"", ""Release Date:"": ""October 2001"", ""Publisher:"": ""Simon & Schuster"", ""Length:"": ""203 Pages"", ""Weight:"": ""0.85 lbs."", ""Dimensions:"": ""0.8\"" x 6.0\"" x 8.7\""""}",https://i.thriftbooks.com/api/imagehandler/m/17415BF865093128B467312E7659A8471B2F0A75.jpeg
Italy for Dummies,Bruce Murphy,"{""Format:"": ""Paperback"", ""Language:"": ""English"", ""ISBN:"": ""0470399074"", ""ISBN13:"": ""9780470399071"", ""Release Date:"": ""February 2009"", ""Publisher:"": ""Wiley Publishing"", ""Length:"": ""548 Pages"", ""Weight:"": ""0.75 lbs."", ""Dimensions:"": ""1.4\"" x 5.4\"" x 8.3\""""}",https://i.thriftbooks.com/api/imagehandler/m/7FA6772FD359C9B5385A348EEC15521B5D163305.jpeg
La Bella Figura: A Field Guide to the Italian Mind,Beppe Severgnini,"{""Format:"": ""Hardcover"", ""Language:"": ""English"", ""ISBN:"": ""0767914392"", ""ISBN13:"": ""9780767914390"", ""Release Date:"": ""August 2006"", ""Publisher:"": ""Broadway Books"", ""Length:"": ""217 Pages"", ""Weight:"": ""0.88 lbs."", ""Dimensions:"": ""0.9\"" x 6.0\"" x 8.4\""""}",https://i.thriftbooks.com/api/imagehandler/m/528F6689F0472F537BD337DB86CFA1A440485611.jpeg
Rick Steves Venice,Gene Openshaw,"{""Format:"": ""Paperback"", ""Language:"": ""English"", ""ISBN:"": ""1631214551"", ""ISBN13:"": ""9781631214554"", ""Release Date:"": ""December 2016"", ""Publisher:"": ""Rick Steves"", ""Length:"": ""524 Pages"", ""Weight:"": ""0.86 lbs."", ""Dimensions:"": ""0.8\"" x 4.4\"" x 7.9\""""}",https://i.thriftbooks.com/api/imagehandler/m/499F3E69323F1EB6AC6AF517DA875FDFFD27A7C1.jpeg
This Is Venice,Miroslav Sasek,"{""Format:"": ""Hardcover"", ""Language:"": ""English"", ""ISBN:"": ""0789312239"", ""ISBN13:"": ""9780789312235"", ""Release Date:"": ""February 2005"", ""Publisher:"": ""Universe Publishing(NY)"", ""Length:"": ""64 Pages"", ""Weight:"": ""1.55 lbs."", ""Dimensions:"": ""0.5\"" x 9.1\"" x 12.6\"""", ""Age Range:"": ""7 years and up"", ""Grade Range:"": ""Grade 2 and higher""}",https://i.thriftbooks.com/api/imagehandler/m/ED20C5769E820930EAE51FB24C70A4724258C245.jpeg
Inside the Vatican,Bart McDowell,"{""Format:"": ""Hardcover"", ""Language:"": ""English"", ""ISBN:"": ""0870448579"", ""ISBN13:"": ""9780870448577"", ""Release Date:"": ""August 1993"", ""Publisher:"": ""National Geographic Society"", ""Length:"": ""232 Pages"", ""Weight:"": ""2.13 lbs."", ""Dimensions:"": ""1.2\"" x 9.8\"" x 13.4\""""}",https://i.thriftbooks.com/api/imagehandler/m/997F92085F25046FBD3E85D466CE1DB21C99354B.jpeg
Naples '44: A World War II Diary of Occupied Italy,Norman Lewis,"{""Format:"": ""Paperback"", ""Language:"": ""English"", ""ISBN:"": ""0786714387"", ""ISBN13:"": ""9780786714384"", ""Release Date:"": ""January 2005"", ""Publisher:"": ""Da Capo Press"", ""Length:"": ""192 Pages"", ""Weight:"": ""0.50 lbs."", ""Dimensions:"": ""0.6\"" x 5.5\"" x 8.2\""""}",https://i.thriftbooks.com/api/imagehandler/m/6E45FA71B2D1C5DA00393D590DF3667BA6495664.jpeg
On Persephone's Island: A Sicilian Journal,Mary Taylor Simeti,"{""Format:"": ""Paperback"", ""Language:"": ""English"", ""ISBN:"": ""0679764143"", ""ISBN13:"": ""9780679764144"", ""Release Date:"": ""September 1995"", ""Publisher:"": ""Knopf Doubleday Publishing Group"", ""Length:"": ""352 Pages"", ""Weight:"": ""0.65 lbs."", ""Dimensions:"": ""0.8\"" x 5.3\"" x 8.1\""""}",https://i.thriftbooks.com/api/imagehandler/m/A42566BE210062EB32DDC7626769D6FC5288AF5A.jpeg
Eyewitness Venice & the Veneto,Susie Boulton,"{""Format:"": ""Paperback"", ""Language:"": ""English"", ""ISBN:"": ""0756661323"", ""ISBN13:"": ""9780756661328"", ""Release Date:"": ""February 2010"", ""Publisher:"": ""DK Publishing (Dorling Kindersley)"", ""Length:"": ""320 Pages"", ""Weight:"": ""1.15 lbs."", ""Dimensions:"": ""0.7\"" x 5.3\"" x 8.6\""""}",https://i.thriftbooks.com/api/imagehandler/m/9A1500255B9EBAC72C06C9E41A1183225DC5AD2B.jpeg
Venice: Pure City,Peter Ackroyd,"{""Format:"": ""Hardcover"", ""Language:"": ""English"", ""ISBN:"": ""0385531524"", ""ISBN13:"": ""9780385531528"", ""Release Date:"": ""November 2010"", ""Publisher:"": ""Nan A. Talese"", ""Length:"": ""403 Pages"", ""Weight:"": ""1.80 lbs."", ""Dimensions:"": ""1.3\"" x 6.6\"" x 9.4\""""}",https://i.thriftbooks.com/api/imagehandler/m/041B4266308D76CA4A35B6B281D3C104D7FA37AE.jpeg
"The Pursuit of Italy: A History of a Land, Its Regions, and Their Peoples",David Gilmour,"{""Format:"": ""Hardcover"", ""Language:"": ""English"", ""ISBN:"": ""0374283168"", ""ISBN13:"": ""9780374283162"", ""Release Date:"": ""October 2011"", ""Publisher:"": ""Farrar, Straus and Giroux"", ""Length:"": ""480 Pages"", ""Weight:"": ""1.70 lbs."", ""Dimensions:"": ""1.5\"" x 6.3\"" x 9.1\""""}",https://i.thriftbooks.com/api/imagehandler/m/212370948F1F2F6BDCEF0C4B4E44CDAE264B2086.jpeg
Top 10 Rome [With Fold-Out Maps],DK Eyewitness Travel,"{""Format:"": ""Paperback"", ""Language:"": ""English"", ""ISBN:"": ""0756623987"", ""ISBN13:"": ""9780756623982"", ""Release Date:"": ""February 2008"", ""Publisher:"": ""DK Publishing (Dorling Kindersley)"", ""Length:"": ""192 Pages"", ""Weight:"": ""0.56 lbs."", ""Dimensions:"": ""0.6\"" x 4.0\"" x 7.6\""""}",https://i.thriftbooks.com/api/imagehandler/m/E3F2EA3F18E9C9FA0F0A9373855C3A563A1A1906.jpeg
Lonely Planet Malta & Gozo,Lonely Planet,"{""Format:"": ""Paperback"", ""Language:"": ""English"", ""ISBN:"": ""1743215029"", ""ISBN13:"": ""9781743215029"", ""Release Date:"": ""February 2016"", ""Publisher:"": ""Lonely Planet"", ""Length:"": ""192 Pages"", ""Weight:"": ""0.90 lbs."", ""Dimensions:"": ""0.6\"" x 5.0\"" x 7.7\""""}",https://i.thriftbooks.com/api/imagehandler/m/F934F13A4436268EDC08FA898888C3681C95FFB2.jpeg
Italia: The Art of Living Italian Style,Edmund Howard,"{""Format:"": ""Hardcover"", ""Language:"": ""English"", ""ISBN:"": ""0312148119"", ""ISBN13:"": ""9780312148119"", ""Release Date:"": ""September 1996"", ""Publisher:"": ""St. Martin's Press"", ""Length:"": ""192 Pages"", ""Weight:"": ""1.00 lbs."", ""Dimensions:"": ""0.9\"" x 10.2\"" x 10.3\""""}",https://i.thriftbooks.com/api/imagehandler/m/3CBB7B9A8D5C760887016B52923C4A9EA3E2DC8E.jpeg
Lonely Planet Small Place in Italy,Eric Newby,"{""Format:"": ""Paperback"", ""Language:"": ""English"", ""ISBN:"": ""0864426054"", ""ISBN13:"": ""9780864426055"", ""Release Date:"": ""January 1998"", ""Publisher:"": ""Lonely Planet"", ""Length:"": ""232 Pages"", ""Weight:"": ""0.50 lbs."", ""Dimensions:"": ""0.5\"" x 5.1\"" x 7.8\""""}",https://i.thriftbooks.com/api/imagehandler/m/520C5A896D8D892197D759E2409D91112919A7D7.jpeg
DK Eyewitness Top 10 Sicily,Elaine Trigiani,"{""Format:"": ""Paperback"", ""Language:"": ""English"", ""ISBN:"": ""1465465510"", ""ISBN13:"": ""9781465465511"", ""Release Date:"": ""May 2018"", ""Publisher:"": ""DK Eyewitness Travel"", ""Length:"": ""160 Pages"", ""Weight:"": ""0.50 lbs."", ""Dimensions:"": ""0.6\"" x 3.9\"" x 7.5\""""}",https://i.thriftbooks.com/api/imagehandler/m/58B9EC32658253FB576F18160FC40A5DF09A8A02.jpeg
Karen Brown's Italy Charming Inns & Itineraries 2003 (Karen Brown's Italy Hotels),Karen Brown,"{""Format:"": ""Paperback"", ""Language:"": ""English"", ""ISBN:"": ""1928901387"", ""ISBN13:"": ""9781928901389"", ""Release Date:"": ""January 1900"", ""Publisher:"": ""Karen Brown's Guides, Inc."", ""Length:"": ""352 Pages"", ""Weight:"": ""1.25 lbs."", ""Dimensions:"": ""1.0\"" x 7.0\"" x 7.1\""""}",https://i.thriftbooks.com/api/imagehandler/m/A68E94C1B110160ABDCDBE49880F2387F9366BD9.jpeg
The Songlines,Bruce Chatwin,"{""Format:"": ""Hardcover"", ""Language:"": ""English"", ""ISBN:"": ""0670806056"", ""ISBN13:"": ""9780670806058"", ""Release Date:"": ""August 1987"", ""Publisher:"": ""Viking Books"", ""Length:"": ""293 Pages"", ""Weight:"": ""1.87 lbs."", ""Dimensions:"": ""1.3\"" x 5.9\"" x 8.7\""""}",https://m.media-amazon.com/images/I/414gkHbf0+L._SL350_.jpg
Switzerland,DK Eyewitness Travel,"{""Format:"": ""Paperback"", ""Language:"": ""English"", ""ISBN:"": ""0756661455"", ""ISBN13:"": ""9780756661458"", ""Release Date:"": ""March 2010"", ""Publisher:"": ""DK Publishing (Dorling Kindersley)"", ""Length:"": ""328 Pages"", ""Weight:"": ""1.25 lbs."", ""Dimensions:"": ""0.8\"" x 5.4\"" x 8.7\""""}",https://i.thriftbooks.com/api/imagehandler/m/D9683DDBF8F70B2DBA01FDE8402284B9344C206A.jpeg
Cabeza De Vaca's Adventures in the Unknown Interior of America,Álvar Núñez Cabeza de Vaca,"{""Format:"": ""Mass Market Paperback"", ""ISBN:"": ""B001UQA50S"", ""Release Date:"": ""January 1961"", ""Publisher:"": ""Collier Books"", ""Weight:"": ""0.30 lbs.""}",https://m.media-amazon.com/images/I/5166BsbjhmL._SL350_.jpg
Rick Steves Germany 2019,Rick Steves,"{""Format:"": ""Paperback"", ""Language:"": ""English"", ""ISBN:"": ""1631218301"", ""ISBN13:"": ""9781631218309"", ""Release Date:"": ""January 2019"", ""Publisher:"": ""Rick Steves"", ""Length:"": ""944 Pages"", ""Weight:"": ""1.19 lbs."", ""Dimensions:"": ""1.3\"" x 4.6\"" x 8.1\""""}",https://i.thriftbooks.com/api/imagehandler/m/D3AD872F683AE6C3B1FEF05F6A04F9D6B63CF26F.jpeg
Italian Neighbors,Tim Parks,"{""Format:"": ""Hardcover"", ""Language:"": ""English"", ""ISBN:"": ""0802115314"", ""ISBN13:"": ""9780802115317"", ""Release Date:"": ""February 2018"", ""Publisher:"": ""Grove Press"", ""Length:"": ""272 Pages"", ""Weight:"": ""0.80 lbs.""}",https://m.media-amazon.com/images/I/51JC22dv9HL._SL350_.jpg
Croatia,Leandro Zoppé,"{""Format:"": ""Paperback"", ""Language:"": ""English"", ""ISBN:"": ""0789493306"", ""ISBN13:"": ""9780789493309"", ""Release Date:"": ""April 2003"", ""Publisher:"": ""DK Publishing (Dorling Kindersley)"", ""Length:"": ""288 Pages"", ""Weight:"": ""1.13 lbs."", ""Dimensions:"": ""0.7\"" x 6.4\"" x 8.6\""""}",https://i.thriftbooks.com/api/imagehandler/m/F10FAC0EA12102B3CD43EDD3DE283521692F033E.jpeg
A Year in the World: Journeys of a Passionate Traveller,Frances Mayes,"{""Format:"": ""Hardcover"", ""Language:"": ""English"", ""ISBN:"": ""0767910052"", ""ISBN13:"": ""9780767910057"", ""Release Date:"": ""March 2006"", ""Publisher:"": ""Broadway Books"", ""Length:"": ""420 Pages"", ""Weight:"": ""0.30 lbs."", ""Dimensions:"": ""1.2\"" x 5.8\"" x 8.3\""""}",https://i.thriftbooks.com/api/imagehandler/m/98426859EDE0521006097226F9FC8323918A93DD.jpeg
Stasiland: Stories from Behind the Berlin Wall,Anna Funder,"{""Format:"": ""Paperback"", ""Language:"": ""English"", ""ISBN:"": ""1862076553"", ""ISBN13:"": ""9781862076556"", ""Release Date:"": ""January 2004"", ""Publisher:"": ""Granta Books (Uk)"", ""Length:"": ""304 Pages"", ""Weight:"": ""0.50 lbs."", ""Dimensions:"": ""0.9\"" x 5.0\"" x 7.6\""""}",https://i.thriftbooks.com/api/imagehandler/m/4716A25380491735090A848C99AB4062C858234C.jpeg
The White Spider: The Classic Account of the Ascent of the Eiger,Heinrich Harrer,"{""Format:"": ""Paperback"", ""Language:"": ""English"", ""ISBN:"": ""0874779405"", ""ISBN13:"": ""9780874779400"", ""Release Date:"": ""September 1998"", ""Publisher:"": ""Tarcherperigee"", ""Length:"": ""400 Pages"", ""Weight:"": ""0.80 lbs."", ""Dimensions:"": ""1.1\"" x 5.5\"" x 8.3\"""", ""Age Range:"": ""18 years and up"", ""Grade Range:"": ""Postsecondary and higher""}",https://i.thriftbooks.com/api/imagehandler/m/6FD3115BE60EB96D8DAB2A15778D3954D6AE112F.jpeg
O Come Ye Back to Ireland: Our First Year in County Clare,Niall Williams,"{""Format:"": ""Paperback"", ""Language:"": ""English"", ""ISBN:"": ""0939149222"", ""ISBN13:"": ""9780939149223"", ""Release Date:"": ""July 2003"", ""Publisher:"": ""Soho Press"", ""Length:"": ""233 Pages"", ""Weight:"": ""0.68 lbs."", ""Dimensions:"": ""0.7\"" x 5.5\"" x 8.5\""""}",https://i.thriftbooks.com/api/imagehandler/m/9B5979D0B9D9F9DFEAE9C437483BF3B29CB556A1.jpeg
The Most Beautiful Villages of England,James Bentley,"{""Format:"": ""Hardcover"", ""Language:"": ""English"", ""ISBN:"": ""0500019053"", ""ISBN13:"": ""9780500019054"", ""Release Date:"": ""January 1999"", ""Publisher:"": ""Thames & Hudson"", ""Length:"": ""208 Pages"", ""Weight:"": ""1.30 lbs."", ""Dimensions:"": ""0.9\"" x 10.2\"" x 12.6\""""}",https://i.thriftbooks.com/api/imagehandler/m/A8D37A08B220F6E20A45B04CA3AC3DE10D6A099A.jpeg
The Lady in the Palazzo: At Home in Umbria,Marlena de Blasi,"{""Format:"": ""Hardcover"", ""Language:"": ""English"", ""ISBN:"": ""1565124731"", ""ISBN13:"": ""9781565124738"", ""Release Date:"": ""December 2006"", ""Publisher:"": ""Algonquin Books"", ""Length:"": ""317 Pages"", ""Weight:"": ""1.23 lbs."", ""Dimensions:"": ""8.8\"" x 1.1\"" x 5.9\""""}",https://i.thriftbooks.com/api/imagehandler/m/9347870807A58E4CB571725CA55638A9667ED043.jpeg
"A Pirate of Exquisite Mind : Explorer, Naturalist, and Buccaneer: The Life of William Dampier",Diana Preston,"{""Format:"": ""Hardcover"", ""Language:"": ""English"", ""ISBN:"": ""0670044431"", ""ISBN13:"": ""9780670044436"", ""Release Date:"": ""January 2004"", ""Publisher:"": ""Viking Canada"", ""Weight:"": ""1.50 lbs."", ""Dimensions:"": ""9.3\"" x 1.2\"" x 6.3\""""}",https://m.media-amazon.com/images/I/416fyEMmj8L._SL350_.jpg
Top 10 Iceland,Collectif,"{""Format:"": ""Paperback"", ""Language:"": ""English"", ""ISBN:"": ""1465440933"", ""ISBN13:"": ""9781465440938"", ""Release Date:"": ""February 2016"", ""Publisher:"": ""DK Eyewitness Travel"", ""Length:"": ""144 Pages"", ""Weight:"": ""0.45 lbs."", ""Dimensions:"": ""0.5\"" x 3.9\"" x 7.4\""""}",https://m.media-amazon.com/images/I/4187o-Phk2L._SL350_.jpg
The Colossus of Maroussi,Henry Miller,"{""Format:"": ""Mass Market Paperback"", ""Language:"": ""English"", ""ISBN:"": ""B000N2BZ90"", ""Release Date:"": ""January 1975"", ""Publisher:"": ""Pocket Books"", ""Length:"": ""253 Pages"", ""Weight:"": ""0.80 lbs.""}",https://m.media-amazon.com/images/I/41nxqBrjFEL._SL350_.jpg
Between the Woods and the Water: On Foot to Constantinople: From the Middle Danube to the Iron Gates,Patrick Leigh Fermor,"{""Format:"": ""Paperback"", ""Language:"": ""English"", ""ISBN:"": ""1590171667"", ""ISBN13:"": ""9781590171660"", ""Release Date:"": ""October 2005"", ""Publisher:"": ""New York Review of Books"", ""Length:"": ""280 Pages"", ""Weight:"": ""0.66 lbs."", ""Dimensions:"": ""0.7\"" x 5.0\"" x 7.9\""""}",https://i.thriftbooks.com/api/imagehandler/m/1CCB0C569DC9A6342C09C3F5B0A9AB74D66F1F8B.jpeg
German in 10 Minutes a Day,Kristine K. Kershul,"{""Format:"": ""Paperback"", ""Language:"": ""English"", ""ISBN:"": ""0944502202"", ""Release Date:"": ""May 2002"", ""Publisher:"": ""Bilingual Books"", ""Length:"": ""132 Pages"", ""Weight:"": ""0.90 lbs."", ""Dimensions:"": ""10.8\"" x 0.5\"" x 8.5\""""}",https://m.media-amazon.com/images/I/51YI2ANxr8L._SL350_.jpg
Almost French: Love and a New Life in Paris,Sarah Turnbull,"{""Format:"": ""Hardcover"", ""Language:"": ""English"", ""ISBN:"": ""1592400388"", ""ISBN13:"": ""9781592400386"", ""Release Date:"": ""August 2003"", ""Publisher:"": ""Gotham Books"", ""Length:"": ""320 Pages"", ""Weight:"": ""0.90 lbs."", ""Dimensions:"": ""1.1\"" x 5.8\"" x 8.6\"""", ""Age Range:"": ""18 years and up"", ""Grade Range:"": ""Postsecondary and higher""}",https://i.thriftbooks.com/api/imagehandler/m/32184857664C2BC167BFFB536B2CE4D41BAC5FBF.jpeg
The Flaneur: A Stroll Through the Paradoxes of Paris,Edmund White,"{""Format:"": ""Hardcover"", ""Language:"": ""English"", ""ISBN:"": ""1582341354"", ""ISBN13:"": ""9781582341354"", ""Release Date:"": ""March 2001"", ""Publisher:"": ""Bloomsbury USA"", ""Length:"": ""211 Pages"", ""Weight:"": ""0.58 lbs."", ""Dimensions:"": ""0.7\"" x 4.5\"" x 7.4\""""}",https://i.thriftbooks.com/api/imagehandler/m/9763F12020F6E96DF1DDF550F41301E8CB1BC845.jpeg
This Cold Heaven: Seven Seasons in Greenland,Gretel Ehrlich,"{""Format:"": ""Hardcover"", ""Language:"": ""English"", ""ISBN:"": ""0679442006"", ""ISBN13:"": ""9780679442004"", ""Release Date:"": ""October 2001"", ""Publisher:"": ""Pantheon Books"", ""Length:"": ""400 Pages"", ""Weight:"": ""1.50 lbs."", ""Dimensions:"": ""1.4\"" x 6.4\"" x 9.5\""""}",https://i.thriftbooks.com/api/imagehandler/m/E71DD3585B9CE51D40C7EF8AD2A82DF7A6B971BA.jpeg
