Book Name,Authors,Info,Image URL
Family Fun Night,Cynthia L. Copeland,"{""Format:"": ""Paperback"", ""Language:"": ""English"", ""ISBN:"": ""1604330945"", ""ISBN13:"": ""9781604330946"", ""Release Date:"": ""October 2009"", ""Publisher:"": ""Cider Mill Press"", ""Length:"": ""300 Pages"", ""Weight:"": ""1.05 lbs."", ""Dimensions:"": ""0.7\"" x 5.9\"" x 7.5\""""}",https://i.thriftbooks.com/api/imagehandler/m/08D20C24DE70E3038AB5AC0A19758EC4261066A1.jpeg
"365 Unplugged Family Fun Activities: A Year's Worth of Ideas for TV-Free, Video-Free, and Computer Game-Free Entertainment",Steven J. Bennett,"{"""": """"}",https://i.thriftbooks.com/api/imagehandler/m/2254D9E91C4B4B38591BF4589AC1ADCC42C83186.jpeg
The Big Book of Family Fun: Year-Round Creative Activities,Claudia Arp,"{"""": """"}",https://m.media-amazon.com/images/I/61Q9xKWTR5L._SL350_.jpg
I Love Dirt!: 52 Activities to Help You and Your Kids Discover the Wonders of Nature,Jennifer Ward,"{""Format:"": ""Paperback"", ""Language:"": ""English"", ""ISBN:"": ""1590305353"", ""ISBN13:"": ""9781590305355"", ""Release Date:"": ""May 2008"", ""Publisher:"": ""Roost Books"", ""Length:"": ""144 Pages"", ""Weight:"": ""0.50 lbs."", ""Dimensions:"": ""0.5\"" x 5.6\"" x 7.5\""""}",https://i.thriftbooks.com/api/imagehandler/m/4FFB227ABE934F4BBDBB28F93A34113B7B51E95A.jpeg
"The Toddler's Busy Book: 365 Fun, Creative, Screen-Free Learning Games and Activities to Stimulate Your Toddler Every Day of the Year",Trish Kuffner,"{""Format:"": ""Paperback"", ""Language:"": ""English"", ""ISBN:"": ""0671317741"", ""ISBN13:"": ""9780671317744"", ""Release Date:"": ""November 1999"", ""Publisher:"": ""Da Capo Press"", ""Length:"": ""408 Pages"", ""Weight:"": ""0.75 lbs."", ""Dimensions:"": ""1.0\"" x 5.4\"" x 7.2\""""}",https://i.thriftbooks.com/api/imagehandler/m/6E9E451A61F09B9F9143B66041F79884762CE0FA.jpeg
Fun on the Run!: 324 Instant Family Activities,Cynthia L. Copeland,"{"""": """"}",https://i.thriftbooks.com/api/imagehandler/m/7F1306626039C34AB26368FAD4478863339FA5E2.jpeg
Outdoor Insights,Steve Chapman,"{""Format:"": ""Paperback"", ""Language:"": ""English"", ""ISBN:"": ""0736900594"", ""ISBN13:"": ""9780736900591"", ""Release Date:"": ""January 1999"", ""Publisher:"": ""Harvest House Publishers"", ""Length:"": ""148 Pages"", ""Weight:"": ""0.45 lbs."", ""Dimensions:"": ""0.5\"" x 5.3\"" x 8.0\""""}",https://i.thriftbooks.com/api/imagehandler/m/881395572E730A0B2FEBC804DAFC2A04076EF910.jpeg
Once Upon a Family: 1read Aloud Stories and Activities That Nurture Healthy Kids,Jean Grasso Fitzpatrick,"{"""": """"}",https://i.thriftbooks.com/api/imagehandler/m/C73AA3DE477A51C046EFA9B53D4E48CF38A0AEE7.jpeg
Everybody Wins!,Cynthia MacGregor,"{""Format:"": ""Paperback"", ""Language:"": ""English"", ""ISBN:"": ""1580620639"", ""ISBN13:"": ""9781580620635"", ""Release Date:"": ""January 1998"", ""Publisher:"": ""Adams Media Corporation"", ""Length:"": ""214 Pages"", ""Weight:"": ""0.80 lbs."", ""Dimensions:"": ""0.6\"" x 7.2\"" x 9.2\""""}",https://i.thriftbooks.com/api/imagehandler/m/D8FB0D48085D3444AC3A77190AC2FE015CF7A0E1.jpeg
365 Outdoor Activities You Can Do With Your Child,Steven J. Bennett,"{"""": """"}",https://m.media-amazon.com/images/I/51W3C3DF9YL._SL350_.jpg
Teach Your Child to Read in 100 Easy Lessons: Revised and Updated Second Edition,Phyllis Haddox,"{""Format:"": ""Paperback"", ""Language:"": ""English"", ""ISBN:"": ""0671631985"", ""ISBN13:"": ""9780671631987"", ""Release Date:"": ""June 1986"", ""Publisher:"": ""Avid Reader Press / Simon & Schuster"", ""Length:"": ""420 Pages"", ""Weight:"": ""2.05 lbs."", ""Dimensions:"": ""0.9\"" x 8.3\"" x 10.7\""""}",https://i.thriftbooks.com/api/imagehandler/m/B3714134DDEA16E0CE69951E807A751CDBA918B3.jpeg
I Love You Rituals,Becky A. Bailey,"{""Format:"": ""Paperback"", ""Language:"": ""English"", ""ISBN:"": ""0688161170"", ""ISBN13:"": ""9780688161170"", ""Release Date:"": ""November 2000"", ""Publisher:"": ""William Morrow & Company"", ""Length:"": ""224 Pages"", ""Weight:"": ""0.75 lbs."", ""Dimensions:"": ""0.6\"" x 7.2\"" x 9.1\""""}",https://i.thriftbooks.com/api/imagehandler/m/B818942FD73BA8366E07A2CEA81EAD85EE1C0717.jpeg
The Out-Of-Sync Child Has Fun,Carol Stock Kranowitz,"{""Format:"": ""Paperback"", ""Language:"": ""English"", ""ISBN:"": ""0399528431"", ""ISBN13:"": ""9780399528439"", ""Release Date:"": ""January 2003"", ""Publisher:"": ""Perigee Books"", ""Length:"": ""324 Pages"", ""Weight:"": ""0.88 lbs."", ""Dimensions:"": ""0.9\"" x 6.1\"" x 9.1\""""}",https://i.thriftbooks.com/api/imagehandler/m/C98D4E3B8865F75EE9D28A315C147E155E1D0AF5.jpeg
The Everything Toddler Activities Book: Games and Projects That Entertain and Educate,Joni Levine,"{""Format:"": ""Paperback"", ""Language:"": ""English"", ""ISBN:"": ""1593375883"", ""ISBN13:"": ""9781593375881"", ""Release Date:"": ""June 2006"", ""Publisher:"": ""Everything"", ""Length:"": ""304 Pages"", ""Weight:"": ""1.35 lbs."", ""Dimensions:"": ""0.9\"" x 8.1\"" x 9.4\""""}",https://i.thriftbooks.com/api/imagehandler/m/87A85A48D9131212A2376C0A806FE72783E3FD14.jpeg
A Kid's Herb Book: For Children of All Ages,Lesley Tierra,"{"""": """"}",https://i.thriftbooks.com/api/imagehandler/m/44EB7EE2B206B0B8257311816BF66FF8A46B869D.jpeg
You Are Your Child's First Teacher: What Parents Can Do with and for Their Children from Birth to Age Six,Rahima Baldwin Dancy,"{""Format:"": ""Paperback"", ""Language:"": ""English"", ""ISBN:"": ""0890879672"", ""ISBN13:"": ""9780890879672"", ""Release Date:"": ""August 2000"", ""Publisher:"": ""Celestial Arts"", ""Length:"": ""399 Pages"", ""Weight:"": ""1.12 lbs."", ""Dimensions:"": ""1.1\"" x 6.1\"" x 9.3\""""}",https://i.thriftbooks.com/api/imagehandler/m/7BDBF9D5F6E1D9748C70397776A64998E66EFB1E.jpeg
The Preschooler's Busy Book,Trish Kuffner,"{""Format:"": ""Hardcover"", ""Language:"": ""English"", ""ISBN:"": ""0881663514"", ""ISBN13:"": ""9780881663518"", ""Release Date:"": ""January 1998"", ""Publisher:"": ""Meadowbrook Press"", ""Length:"": ""387 Pages"", ""Weight:"": ""0.85 lbs.""}",https://i.thriftbooks.com/api/imagehandler/m/8102C5EE13B96A7F1A7AC8F69B99665A8B938C0E.jpeg
Teach Me to Do It Myself: Montessori Activities for You and Your Child,Maja Pitamic,"{""Format:"": ""Paperback"", ""Language:"": ""English"", ""ISBN:"": ""0764127896"", ""ISBN13:"": ""9780764127892"", ""Release Date:"": ""August 2004"", ""Publisher:"": ""B.E.S."", ""Length:"": ""176 Pages"", ""Weight:"": ""1.25 lbs."", ""Dimensions:"": ""0.6\"" x 7.2\"" x 8.7\""""}",https://i.thriftbooks.com/api/imagehandler/m/B6AD92AF8F663C901490DA4AACE178A7C51D404F.jpeg
The Encyclopedia of Infant and Toddler Activities: For Children Birth to 3,Kathy Charner,"{""Format:"": ""Paperback"", ""Language:"": ""English"", ""ISBN:"": ""087659013X"", ""ISBN13:"": ""9780876590133"", ""Release Date:"": ""September 2006"", ""Publisher:"": ""Gryphon House"", ""Length:"": ""239 Pages"", ""Weight:"": ""0.10 lbs."", ""Dimensions:"": ""0.7\"" x 8.4\"" x 11.0\"""", ""Age Range:"": ""18 years and up"", ""Grade Range:"": ""Postsecondary and higher""}",https://i.thriftbooks.com/api/imagehandler/m/076F515A57A6EAB06E95AA26F2F872DD78B7413F.jpeg
The Arts & Crafts Busy Book: 365 Art and Craft Activities to Keep Toddlers and Preschoolers Busy,Trish Kuffner,"{""Format:"": ""Paperback"", ""Language:"": ""English"", ""ISBN:"": ""0684018721"", ""ISBN13:"": ""9780684018720"", ""Release Date:"": ""June 2003"", ""Publisher:"": ""Da Capo Press"", ""Length:"": ""408 Pages"", ""Weight:"": ""0.74 lbs."", ""Dimensions:"": ""1.0\"" x 5.4\"" x 6.9\""""}",https://i.thriftbooks.com/api/imagehandler/m/123E2BB121C912CEE2F2FC65CE9D516529E060A3.jpeg
"The Complete Book of Rhymes, Songs, Poems, Fingerplays and Chants: Over 700 Selections [With 2 CD's with 50 Songs]",Jackie Silberg,"{""Format:"": ""Paperback"", ""Language:"": ""English"", ""ISBN:"": ""0876590539"", ""ISBN13:"": ""9780876590539"", ""Release Date:"": ""September 2006"", ""Publisher:"": ""Gryphon House"", ""Length:"": ""507 Pages"", ""Weight:"": ""3.25 lbs."", ""Dimensions:"": ""1.3\"" x 8.5\"" x 10.9\"""", ""Age Range:"": ""18 years and up"", ""Grade Range:"": ""Postsecondary and higher""}",https://i.thriftbooks.com/api/imagehandler/m/C1CD471F90478FEEE04C8644B9F8F4972547197B.jpeg
Blast! (Babysitter Lessons and Safety Training),American Academy of Pediatrics,"{"""": """"}",https://i.thriftbooks.com/api/imagehandler/m/EF3AE904FC275B230D1823709C48E86ECCAC63C2.jpeg
Circle Round: Raising Children in Goddess Traditions,Starhawk,"{""Format:"": ""Paperback"", ""Language:"": ""English"", ""ISBN:"": ""0553378058"", ""ISBN13:"": ""9780553378054"", ""Release Date:"": ""February 2000"", ""Publisher:"": ""Bantam"", ""Length:"": ""464 Pages"", ""Weight:"": ""0.50 lbs."", ""Dimensions:"": ""0.9\"" x 7.4\"" x 9.3\""""}",https://i.thriftbooks.com/api/imagehandler/m/2B8C878186BD47F05CF35CAB2FAC6A542AA1D9C7.jpeg
Sharing Nature with Children: The Classic Parents' & Teachers' Nature Awareness Guidebook,Joseph Bharat Cornell,"{""Format:"": ""Paperback"", ""Language:"": ""English"", ""ISBN:"": ""1883220734"", ""ISBN13:"": ""9781883220730"", ""Release Date:"": ""March 1998"", ""Publisher:"": ""Dawn Publications (CA)"", ""Length:"": ""172 Pages"", ""Weight:"": ""0.52 lbs."", ""Dimensions:"": ""0.5\"" x 4.8\"" x 7.8\""""}",https://i.thriftbooks.com/api/imagehandler/m/483F97D0D0359CB1B32BC68C0D864570E566885E.jpeg
The Kids' Building Workshop: 15 Woodworking Projects for Kids and Parents to Build Together,Allegra Robertson,"{""Format:"": ""Paperback"", ""Language:"": ""English"", ""ISBN:"": ""1580174884"", ""ISBN13:"": ""9781580174886"", ""Release Date:"": ""June 2004"", ""Publisher:"": ""Storey Publishing"", ""Length:"": ""136 Pages"", ""Weight:"": ""1.13 lbs."", ""Dimensions:"": ""0.3\"" x 8.5\"" x 10.8\"""", ""Age Range:"": ""8 to 12 years"", ""Grade Range:"": ""Grades 3 to 7""}",https://i.thriftbooks.com/api/imagehandler/m/6D050ACB1E8C4FCC14EA5E471BC0205B327D6167.jpeg
The Healing Heart Families: Storytelling to Encourage Caring and Healthy Families,Allison M. Cox,"{""Format:"": ""Paperback"", ""Language:"": ""English"", ""ISBN:"": ""0865714665"", ""ISBN13:"": ""9780865714663"", ""Release Date:"": ""February 2003"", ""Publisher:"": ""New Society Publishers"", ""Length:"": ""237 Pages"", ""Weight:"": ""1.05 lbs."", ""Dimensions:"": ""0.7\"" x 7.2\"" x 9.2\"""", ""Age Range:"": ""15 to 18 years"", ""Grade Range:"": ""Grade 10 to Postsecondary""}",https://i.thriftbooks.com/api/imagehandler/m/8302E8DF97BC3016D094377FE585029871D10956.jpeg
Creative Play Activities for Child W Disability Rsrce Bk Tch Prnt: A Resource Book for Teachers and Parents,Lisa Rappaport,"{"""": """"}",https://i.thriftbooks.com/api/imagehandler/m/D6E9277B6EF2503DF4572E651DB476480D43BC03.jpeg
Handmade Home: Simple Ways to Repurpose Old Materials Into New Family Treasures,Amanda Blake Soule,"{""Format:"": ""Paperback"", ""Language:"": ""English"", ""ISBN:"": ""1590305957"", ""ISBN13:"": ""9781590305959"", ""Release Date:"": ""August 2009"", ""Publisher:"": ""Roost Books"", ""Length:"": ""208 Pages"", ""Weight:"": ""0.35 lbs."", ""Dimensions:"": ""0.6\"" x 8.3\"" x 9.2\""""}",https://i.thriftbooks.com/api/imagehandler/m/5DA065CAAFEDD734CA38CB051E25DC49970A07D7.jpeg
How It Works: How Math Works,Carol Vorderman,"{""Format:"": ""Hardcover"", ""Language:"": ""English"", ""ISBN:"": ""0895778505"", ""ISBN13:"": ""9780895778505"", ""Release Date:"": ""August 1996"", ""Publisher:"": ""Reader's Digest Association"", ""Length:"": ""192 Pages"", ""Weight:"": ""2.50 lbs."", ""Dimensions:"": ""0.8\"" x 8.8\"" x 11.3\"""", ""Age Range:"": ""18 years and up"", ""Grade Range:"": ""Postsecondary and higher""}",https://i.thriftbooks.com/api/imagehandler/m/FFFC758258D432CCE141B31D965EF521B3A69DBD.jpeg
Great Big Book of Children's Games,Debra Wise,"{""Format:"": ""Paperback"", ""Language:"": ""English"", ""ISBN:"": ""0071422463"", ""ISBN13:"": ""9780071422468"", ""Release Date:"": ""November 2003"", ""Publisher:"": ""McGraw-Hill Companies"", ""Length:"": ""320 Pages"", ""Weight:"": ""2.45 lbs."", ""Dimensions:"": ""0.8\"" x 8.4\"" x 10.9\"""", ""Age Range:"": ""3 to 14 years"", ""Grade Range:"": ""Preschool to Grade 9""}",https://i.thriftbooks.com/api/imagehandler/m/7690ACE08C27329A4387B62FDCC128C159896500.jpeg
Creative Resources for Infants and Toddlers,Judy Herr,"{""Format:"": ""Paperback"", ""Language:"": ""English"", ""ISBN:"": ""0766830780"", ""ISBN13:"": ""9780766830783"", ""Release Date:"": ""December 2001"", ""Publisher:"": ""Cengage Learning"", ""Length:"": ""480 Pages"", ""Weight:"": ""2.45 lbs."", ""Dimensions:"": ""0.8\"" x 8.5\"" x 10.8\""""}",https://i.thriftbooks.com/api/imagehandler/m/F1A971D1F3A1E518E1480C3720C6D3436B00A82A.jpeg
Inside Picture Books,Ellen Handler Spitz,"{""Format:"": ""Hardcover"", ""Language:"": ""English"", ""ISBN:"": ""0300076029"", ""ISBN13:"": ""9780300076028"", ""Release Date:"": ""April 1999"", ""Publisher:"": ""Yale University Press"", ""Length:"": ""230 Pages"", ""Weight:"": ""1.24 lbs."", ""Dimensions:"": ""1.0\"" x 6.4\"" x 9.5\""""}",https://i.thriftbooks.com/api/imagehandler/m/AC33447CD3982C62B97D8EAABDA781BFF303137A.jpeg
Nurturing Spirituality in Children: Simple Hands-On Activities,Peggy Joy Jenkins,"{""Format:"": ""Paperback"", ""Language:"": ""English"", ""ISBN:"": ""1885223234"", ""ISBN13:"": ""9781885223234"", ""Release Date:"": ""September 1995"", ""Publisher:"": ""Beyond Words Publishing"", ""Length:"": ""136 Pages"", ""Weight:"": ""0.60 lbs."", ""Dimensions:"": ""0.5\"" x 5.4\"" x 8.4\""""}",https://i.thriftbooks.com/api/imagehandler/m/C6167259168A19BEB05A95B5B37F5811C9EAF1CF.jpeg
Bedtime Blessings 1,John Trent,"{""Format:"": ""Hardcover"", ""Language:"": ""English"", ""ISBN:"": ""1561797979"", ""ISBN13:"": ""9781561797974"", ""Release Date:"": ""June 2000"", ""Publisher:"": ""Focus on the Family Publishing"", ""Length:"": ""224 Pages"", ""Weight:"": ""0.60 lbs."", ""Dimensions:"": ""0.8\"" x 5.3\"" x 7.3\"""", ""Age Range:"": ""6 years and under"", ""Grade Range:"": ""Preschool to Grade 1""}",https://i.thriftbooks.com/api/imagehandler/m/9FFF4986FE88EA8CBAD267E0AE8DEA921E98F2FD.jpeg
Reading Magic: Why Reading Aloud to Our Children Will Change Their Lives Forever,Mem Fox,"{""Format:"": ""Paperback"", ""Language:"": ""English"", ""ISBN:"": ""0156035103"", ""Release Date:"": ""July 2008"", ""Publisher:"": ""Harper Paperbacks"", ""Length:"": ""208 Pages"", ""Weight:"": ""0.50 lbs."", ""Dimensions:"": ""8.0\"" x 0.6\"" x 5.3\""""}",https://m.media-amazon.com/images/I/4122ePgf5VL._SL350_.jpg
Free to Be...You and Me,Marlo Thomas,"{""Format:"": ""Hardcover"", ""Language:"": ""English"", ""ISBN:"": ""0762430605"", ""ISBN13:"": ""9780762430604"", ""Release Date:"": ""October 2008"", ""Publisher:"": ""Running Press Kids"", ""Length:"": ""136 Pages"", ""Weight:"": ""1.10 lbs."", ""Dimensions:"": ""0.8\"" x 8.8\"" x 11.1\"""", ""Age Range:"": ""8 to 12 years"", ""Grade Range:"": ""Grades 3 to 7""}",https://i.thriftbooks.com/api/imagehandler/m/E6C20695CCD50FB99BBD0CC6805E2A0460694F61.jpeg
MaryJane's Outpost: Unleashing Your Inner Wild,MaryJane Butters,"{"""": """"}",https://i.thriftbooks.com/api/imagehandler/m/F1B63A212189F72F7F97FCF6771A4CCC34824F41.jpeg
Sharing Nature with Children II,Joseph Bharat Cornell,"{""Format:"": ""Paperback"", ""Language:"": ""English"", ""ISBN:"": ""1883220874"", ""ISBN13:"": ""9781883220877"", ""Release Date:"": ""January 1989"", ""Publisher:"": ""Dawn Publications (CA)"", ""Length:"": ""164 Pages"", ""Weight:"": ""0.53 lbs."", ""Dimensions:"": ""0.5\"" x 5.5\"" x 8.4\""""}",https://i.thriftbooks.com/api/imagehandler/m/FC7783CFF3BDFC5C40BBCF113D15510082F836B9.jpeg
Wise Words: Family Stories That Bring the Proverbs of Life,Peter J. Leithart,"{""Format:"": ""Paperback"", ""Language:"": ""English"", ""ISBN:"": ""1880692236"", ""ISBN13:"": ""9781880692233"", ""Release Date:"": ""January 1995"", ""Publisher:"": ""GCB Publishing Group"", ""Length:"": ""169 Pages"", ""Weight:"": ""0.65 lbs."", ""Dimensions:"": ""0.6\"" x 6.0\"" x 9.0\""""}",https://i.thriftbooks.com/api/imagehandler/m/BE5755117E2B011DEE7BD490B0D3073F6A7455AF.jpeg
Sounding Forth the Trumpet for Children,Peter Marshall,"{""Format:"": ""Paperback"", ""Language:"": ""English"", ""ISBN:"": ""0800756924"", ""ISBN13:"": ""9780800756925"", ""Release Date:"": ""April 1999"", ""Publisher:"": ""Fleming H. Revell Company"", ""Length:"": ""208 Pages"", ""Weight:"": ""0.65 lbs."", ""Dimensions:"": ""0.5\"" x 5.8\"" x 9.3\"""", ""Age Range:"": ""9 to 13 years"", ""Grade Range:"": ""Grades 4 to 8""}",https://i.thriftbooks.com/api/imagehandler/m/84E4AA10257E88C69F0B81C5B0053F537765319A.jpeg
Building Healthy Minds: The Six Experiences That Create Intelligence and Emotional Growth in Babies and Young Children,Nancy Lewis,"{""Format:"": ""Paperback"", ""Language:"": ""English"", ""ISBN:"": ""0738203564"", ""ISBN13:"": ""9780738203560"", ""Release Date:"": ""October 2000"", ""Publisher:"": ""Da Capo Lifelong Books"", ""Length:"": ""416 Pages"", ""Weight:"": ""1.05 lbs."", ""Dimensions:"": ""0.9\"" x 6.0\"" x 9.2\""""}",https://i.thriftbooks.com/api/imagehandler/m/BEBF4EB9D73BCB475892315A98E05C31FFA7D98C.jpeg
Wonderplay,Lois Alter Mark,"{"""": """"}",https://i.thriftbooks.com/api/imagehandler/m/84FCBF2AC46398C81BCAB766DB5D4724D45F7EC0.jpeg
"Sorting Shapes, Show Me, & Many Other Activities for Toddlers: 13 to 24 Months",Herr,"{""Format:"": ""Paperback"", ""Language:"": ""English"", ""ISBN:"": ""140181834X"", ""ISBN13:"": ""9781401818340"", ""Release Date:"": ""November 2002"", ""Publisher:"": ""Wadsworth Publishing Company"", ""Length:"": ""240 Pages"", ""Weight:"": ""1.25 lbs."", ""Dimensions:"": ""0.5\"" x 8.4\"" x 11.1\""""}",https://i.thriftbooks.com/api/imagehandler/m/5B200FAD02CE19754D19E60CB4BF99EBB25B740A.jpeg
The Absolute Best Play Days: From Airplanes to Zoos (and Everything in Between!),Pamela Waterman,"{""Format:"": ""Paperback"", ""Language:"": ""English"", ""ISBN:"": ""1570713952"", ""ISBN13:"": ""9781570713958"", ""Release Date:"": ""January 1999"", ""Publisher:"": ""Sourcebooks"", ""Length:"": ""272 Pages"", ""Weight:"": ""1.15 lbs."", ""Dimensions:"": ""1.5\"" x 9.0\"" x 7.0\""""}",https://i.thriftbooks.com/api/imagehandler/m/C11A07A3C29AD825F4F766B5857862480805C65C.jpeg
"Rattle Time, Face to Face, and Many Other Activities for Infants: Birth to 6 Months",Judy Herr,"{""Format:"": ""Paperback"", ""Language:"": ""English"", ""ISBN:"": ""1401818323"", ""ISBN13:"": ""9781401818326"", ""Release Date:"": ""November 2002"", ""Publisher:"": ""Cengage Learning"", ""Length:"": ""144 Pages"", ""Weight:"": ""0.80 lbs."", ""Dimensions:"": ""0.3\"" x 8.4\"" x 11.1\""""}",https://i.thriftbooks.com/api/imagehandler/m/97E0924078C6038E87CBAEE237B868661D43C769.jpeg
"Making Sounds, Making Music, & Many Other Activities for Infants: 7 to 12 Months",Terri Jo Swim,"{"""": """"}",https://i.thriftbooks.com/api/imagehandler/m/4AFE07E661516663831C39F4DB68F25427BCA42A.jpeg
Active Learning for Fours,Debby Cryer,"{""Format:"": ""Paperback"", ""Language:"": ""English"", ""ISBN:"": ""0201494000"", ""ISBN13:"": ""9780201494006"", ""Release Date:"": ""January 1995"", ""Publisher:"": ""Dale Seymour Publications"", ""Length:"": ""402 Pages"", ""Weight:"": ""2.10 lbs."", ""Dimensions:"": ""0.8\"" x 8.6\"" x 10.9\""""}",https://m.media-amazon.com/images/I/41+ygollUBL._SL350_.jpg
Toddlers Together: The Complete Planning Guide for a Toddler Curriculum,Cynthia Catlin,"{"""": """"}",https://i.thriftbooks.com/api/imagehandler/m/18E0C8D2B52B0FAC922AE6483ABB0E0E6471A2EC.jpeg
"Make Your Own Playdough, Paint, and Other Craft Materials: Easy Recipes to Use with Young Children",Patricia Caskey,"{""Format:"": ""Paperback"", ""Language:"": ""English"", ""ISBN:"": ""1933653051"", ""ISBN13:"": ""9781933653051"", ""Release Date:"": ""January 2006"", ""Publisher:"": ""Redleaf Press"", ""Length:"": ""155 Pages"", ""Weight:"": ""2.25 lbs."", ""Dimensions:"": ""0.4\"" x 7.0\"" x 7.1\""""}",https://i.thriftbooks.com/api/imagehandler/m/CC3A926A86766D07843256850C8AFBBBBC50C6B8.jpeg
"Rhyming Books, Marble Painting, and Many Other Activities for Toddlers: 25 to 36 Months",Terri Jo Swim,"{""Format:"": ""Paperback"", ""Language:"": ""English"", ""ISBN:"": ""1401818412"", ""ISBN13:"": ""9781401818418"", ""Release Date:"": ""November 2002"", ""Publisher:"": ""Delmar Thomson Learning"", ""Length:"": ""181 Pages"", ""Weight:"": ""1.05 lbs."", ""Dimensions:"": ""0.4\"" x 8.4\"" x 11.1\""""}",https://i.thriftbooks.com/api/imagehandler/m/6E24E1E0FB68B16FD6AE9072E9325395FE50DDFA.jpeg
"The Green Hour: A Daily Dose of Nature for Happier, Healthier, Smarter Kids",Todd Christopher,"{""Format:"": ""Paperback"", ""Language:"": ""English"", ""ISBN:"": ""1590307569"", ""ISBN13:"": ""9781590307564"", ""Release Date:"": ""March 2010"", ""Publisher:"": ""Roost Books"", ""Length:"": ""225 Pages"", ""Weight:"": ""0.15 lbs."", ""Dimensions:"": ""0.7\"" x 7.9\"" x 9.0\""""}",https://i.thriftbooks.com/api/imagehandler/m/FF51AD441276ABFFE8601F4AC533D29945FBBA99.jpeg
Creative Learning Activities for Young Children,Judy Herr,"{""Format:"": ""Paperback"", ""Language:"": ""English"", ""ISBN:"": ""0766816133"", ""ISBN13:"": ""9780766816138"", ""Release Date:"": ""December 2000"", ""Publisher:"": ""Cengage Learning"", ""Length:"": ""512 Pages"", ""Weight:"": ""2.15 lbs."", ""Dimensions:"": ""0.8\"" x 8.5\"" x 10.8\""""}",https://i.thriftbooks.com/api/imagehandler/m/A0C172283B744A44314D6081330B123F488C58DE.jpeg
Toddler Theme Calendar: Weekly Activity Ideas for Exploring the Seasons with Toddlers,Elizabeth McKinnon,"{"""": """"}",https://i.thriftbooks.com/api/imagehandler/m/CD4D755E42791AA4198FDBB95C829B08FB2269AE.jpeg
Kitchen Table Play & Learn: Activities and Lessons for Building Your Preschooler's Vital Developmental Skills,Tara Copley,"{""Format:"": ""Paperback"", ""Language:"": ""English"", ""ISBN:"": ""0071460160"", ""ISBN13:"": ""9780071460163"", ""Release Date:"": ""December 2005"", ""Publisher:"": ""McGraw-Hill"", ""Length:"": ""259 Pages"", ""Weight:"": ""0.85 lbs."", ""Dimensions:"": ""0.8\"" x 6.1\"" x 9.1\""""}",https://i.thriftbooks.com/api/imagehandler/m/184047CA647234B99ECBFF1AD79315CC6FBC2B8C.jpeg
Active Learning for Fives Copyright 1996,Adele D. Richardson,"{""Format:"": ""Paperback"", ""Language:"": ""English"", ""ISBN:"": ""0201494019"", ""ISBN13:"": ""9780201494013"", ""Release Date:"": ""January 1995"", ""Publisher:"": ""Dale Seymour Publications"", ""Length:"": ""450 Pages"", ""Weight:"": ""2.35 lbs."", ""Dimensions:"": ""1.0\"" x 8.6\"" x 10.9\"""", ""Age Range:"": ""4 years and up""}",https://i.thriftbooks.com/api/imagehandler/m/965C081AE89B58DDDC2653CF39EA3CA269C3A4CA.jpeg
3-2-1: Time for Parachute Fun,Clare Beswick,"{""Format:"": ""Paperback"", ""Language:"": ""English"", ""ISBN:"": ""0876593007"", ""ISBN13:"": ""9780876593004"", ""Release Date:"": ""August 2010"", ""Publisher:"": ""Gryphon House"", ""Length:"": ""88 Pages"", ""Weight:"": ""0.75 lbs."", ""Dimensions:"": ""0.3\"" x 8.0\"" x 10.0\"""", ""Age Range:"": ""18 years and up"", ""Grade Range:"": ""Postsecondary and higher""}",https://i.thriftbooks.com/api/imagehandler/m/FCF62E3563978623262D75288B5B29B2D58AC2A3.jpeg
"The Write Start: A Guide to Nurturing Writing at Every Stage, from Scribbling to Forming Letters and Writing Stories",Jennifer Hallissy,"{""Format:"": ""Paperback"", ""Language:"": ""English"", ""ISBN:"": ""1590308379"", ""ISBN13:"": ""9781590308370"", ""Release Date:"": ""December 2010"", ""Publisher:"": ""Trumpeter"", ""Length:"": ""226 Pages"", ""Weight:"": ""0.80 lbs."", ""Dimensions:"": ""0.6\"" x 6.5\"" x 8.7\""""}",https://i.thriftbooks.com/api/imagehandler/m/525236E3FE24916DCDAD3F9DFC1F3CEF26A3E5B4.jpeg
"Ultimate Preschool Playbook: Easy, Educational, and Entertaining Activities for Your Two- To Five- Year- Old",Dorothy Einon,"{""Format:"": ""Paperback"", ""Language:"": ""English"", ""ISBN:"": ""0809225301"", ""ISBN13:"": ""9780809225309"", ""Release Date:"": ""April 2000"", ""Publisher:"": ""McGraw-Hill/Contemporary"", ""Length:"": ""176 Pages"", ""Weight:"": ""0.33 lbs."", ""Dimensions:"": ""0.5\"" x 6.5\"" x 9.7\""""}",https://i.thriftbooks.com/api/imagehandler/m/F6A5CEAED0CD15E53073CB1342B186CBBEA129D0.jpeg
An Activity-Based Approach to Early Intervention,Diane Bricker,"{""Format:"": ""Hardcover"", ""Language:"": ""English"", ""ISBN:"": ""1557663513"", ""ISBN13:"": ""9781557663511"", ""Release Date:"": ""January 1998"", ""Publisher:"": ""Brookes Publishing Company"", ""Length:"": ""288 Pages"", ""Weight:"": ""1.18 lbs."", ""Dimensions:"": ""0.7\"" x 7.0\"" x 10.0\""""}",https://i.thriftbooks.com/api/imagehandler/m/92EDC99C2051DE34D18C76C33A5BBFB2EC6B2006.jpeg
It's a Jungle Out There!: 52 Nature Adventures for City Kids,Susie Ghahremani,"{""Format:"": ""Paperback"", ""Language:"": ""English"", ""ISBN:"": ""1590309081"", ""ISBN13:"": ""9781590309087"", ""Release Date:"": ""June 2011"", ""Publisher:"": ""Roost Books"", ""Length:"": ""144 Pages"", ""Weight:"": ""0.50 lbs."", ""Dimensions:"": ""0.5\"" x 5.4\"" x 7.4\""""}",https://i.thriftbooks.com/api/imagehandler/m/96A70A306B0C9C63FB6EEEC4435E948EDD1B93F8.jpeg
Festivals Together: Guide to Multicultural Celebration,Judy Large,"{""Format:"": ""Paperback"", ""Language:"": ""English"", ""ISBN:"": ""1869890469"", ""ISBN13:"": ""9781869890469"", ""Release Date:"": ""October 1993"", ""Publisher:"": ""Hawthorn Press"", ""Length:"": ""220 Pages"", ""Weight:"": ""1.05 lbs."", ""Dimensions:"": ""0.7\"" x 7.9\"" x 9.8\""""}",https://i.thriftbooks.com/api/imagehandler/m/2E60ED9ED85B8F1A381303D7EA3CC67FF9F88A09.jpeg
Weather,Rebecca Rupp,"{""Format:"": ""Paperback"", ""Language:"": ""English"", ""ISBN:"": ""1580174205"", ""ISBN13:"": ""9781580174206"", ""Release Date:"": ""November 2003"", ""Publisher:"": ""Storey Publishing"", ""Length:"": ""136 Pages"", ""Weight:"": ""1.00 lbs."", ""Dimensions:"": ""0.4\"" x 7.4\"" x 9.3\"""", ""Age Range:"": ""8 to 12 years"", ""Grade Range:"": ""Grades 3 to 7""}",https://i.thriftbooks.com/api/imagehandler/m/6D25DB2EB88B5C56A7493682EA85A4B618ECEF2A.jpeg
School Zone Fun and Games Preschool Activity Workbook,School Zone,"{""Format:"": ""Paperback"", ""Language:"": ""English"", ""ISBN:"": ""158947421X"", ""ISBN13:"": ""9781589474215"", ""Release Date:"": ""May 2019"", ""Publisher:"": ""School Zone"", ""Length:"": ""320 Pages"", ""Weight:"": ""1.45 lbs."", ""Dimensions:"": ""0.8\"" x 7.7\"" x 10.6\"""", ""Age Range:"": ""3 to 5 years""}",https://i.thriftbooks.com/api/imagehandler/m/FFCFC86196EF039578C8017A3CE8FBA0EAEA72CB.jpeg
"An Introduction to Family Nights: Family Night Tool Chest, Book One",Amy Nappa,"{""Format:"": ""Paperback"", ""Language:"": ""English"", ""ISBN:"": ""0781400961"", ""ISBN13:"": ""9780781400961"", ""Release Date:"": ""January 1998"", ""Publisher:"": ""Chariot Victor Publishing"", ""Length:"": ""96 Pages"", ""Weight:"": ""0.85 lbs."", ""Dimensions:"": ""0.4\"" x 8.5\"" x 10.9\"""", ""Age Range:"": ""13 to 18 years"", ""Grade Range:"": ""Grade 8 to Postsecondary""}",https://i.thriftbooks.com/api/imagehandler/m/E0425E3DFD3F7690F7768B9197FB4DD6F27E6246.jpeg
The Bumper Book of Nature: A User's Guide to the Outdoors,Stephen Moss,"{""Format:"": ""Hardcover"", ""Language:"": ""English"", ""ISBN:"": ""0307589994"", ""ISBN13:"": ""9780307589996"", ""Release Date:"": ""June 2010"", ""Publisher:"": ""Harmony"", ""Length:"": ""257 Pages"", ""Weight:"": ""2.35 lbs."", ""Dimensions:"": ""1.2\"" x 7.8\"" x 9.8\""""}",https://i.thriftbooks.com/api/imagehandler/m/0FC650507C7E14C17C12E9533DB1E2EDA493ADA0.jpeg
"The Playskool Toddler's Busy Play Book: Over 500 Creative Games, Activities, Crafts and Recipes for Your Very Busy Toddler",Robin Mcclure,"{""Format:"": ""Paperback"", ""Language:"": ""English"", ""ISBN:"": ""1402209339"", ""ISBN13:"": ""9781402209338"", ""Release Date:"": ""July 2007"", ""Publisher:"": ""Sourcebooks"", ""Length:"": ""304 Pages"", ""Weight:"": ""1.54 lbs."", ""Dimensions:"": ""9.0\"" x 0.7\"" x 6.0\""""}",https://i.thriftbooks.com/api/imagehandler/m/B2343653D7DC418F1282FFEB28011D44A05D88D3.jpeg
Agatha's Feather Bed: Not Just Another Wild Goose Story,Carmen Agra Deedy,"{""Format:"": ""Hardcover"", ""Language:"": ""English"", ""ISBN:"": ""1561450081"", ""ISBN13:"": ""9781561450084"", ""Release Date:"": ""January 1991"", ""Publisher:"": ""Peachtree Publishers"", ""Length:"": ""28 Pages"", ""Weight:"": ""0.80 lbs."", ""Dimensions:"": ""0.5\"" x 10.3\"" x 8.8\"""", ""Age Range:"": ""5 to 8 years"", ""Grade Range:"": ""Preschool to Grade 3""}",https://i.thriftbooks.com/api/imagehandler/m/508DA85D80F2975A01053D7F58843E849F0ECA47.jpeg
The One Year Book of Family Devotions,"(Publisher), Tyndale House Publishers","{""Format:"": ""Paperback"", ""Language:"": ""English"", ""ISBN:"": ""0842325417"", ""ISBN13:"": ""9780842325417"", ""Release Date:"": ""October 2000"", ""Publisher:"": ""Tyndale Kids"", ""Length:"": ""400 Pages"", ""Weight:"": ""1.60 lbs."", ""Dimensions:"": ""1.0\"" x 6.3\"" x 8.9\""""}",https://i.thriftbooks.com/api/imagehandler/m/7BA32FCD358F5961FF72BED65BDFCDB4801FD682.jpeg
"101 Life Skills Games for Children: Learning, Growing, Getting Along (Ages 6-12)",Bernie Badegruber,"{""Format:"": ""Paperback"", ""Language:"": ""English"", ""ISBN:"": ""0897934415"", ""ISBN13:"": ""9780897934411"", ""Release Date:"": ""October 2005"", ""Publisher:"": ""Hunter House Publishers"", ""Length:"": ""160 Pages"", ""Weight:"": ""2.50 lbs."", ""Dimensions:"": ""0.5\"" x 6.1\"" x 9.0\""""}",https://i.thriftbooks.com/api/imagehandler/m/FFEF49AA86973A8C1D5B6E458472BE0C2F67CF48.jpeg
Simple Science,Kurt Bruner,"{"""": """"}",https://i.thriftbooks.com/api/imagehandler/m/88A0FC875D8F3C7A03A05CE82CC56C3F8C2F0BA4.jpeg
Summer Bridge Activities: 3rd Grade to 4th Grade,Michele Vanleeuwen,"{""Format:"": ""Paperback"", ""Language:"": ""English"", ""ISBN:"": ""1887923063"", ""Release Date:"": ""January 1996"", ""Publisher:"": ""Rainbow Bridge Pub"", ""Length:"": ""126 Pages"", ""Weight:"": ""1.20 lbs."", ""Dimensions:"": ""11.3\"" x 0.5\"" x 8.5\""""}",https://m.media-amazon.com/images/I/61as-U3MA8L._SL350_.jpg
The Children's Busy Book: 365 Creative Games and Activities to Keep Your 6- To 10-Year Old Busy,Patricia Kuffner,"{""Format:"": ""Paperback"", ""Language:"": ""English"", ""ISBN:"": ""0881664057"", ""ISBN13:"": ""9780881664058"", ""Release Date:"": ""January 2001"", ""Publisher:"": ""Meadowbrook Press"", ""Length:"": ""380 Pages"", ""Weight:"": ""1.55 lbs.""}",https://i.thriftbooks.com/api/imagehandler/m/997E6CB145F29C226CCD3CF092DB5F7E051F3F85.jpeg
Summer Bridge Activities: 5th Grade to 6th Grade,Carla Fisher,"{"""": """"}",https://i.thriftbooks.com/api/imagehandler/m/FAC5928868CCFF7492D1E18D86C11692C23B158D.jpeg
"Young at Art: Teaching Toddlers Self-Expression, Problem-Solving Skills, and an Appreciation for Art",Susan Striker,"{""Format:"": ""Paperback"", ""Language:"": ""English"", ""ISBN:"": ""0805066977"", ""ISBN13:"": ""9780805066975"", ""Release Date:"": ""October 2001"", ""Publisher:"": ""St. Martins Press-3PL"", ""Length:"": ""304 Pages"", ""Weight:"": ""0.80 lbs."", ""Dimensions:"": ""0.7\"" x 6.0\"" x 8.9\"""", ""Age Range:"": ""4 years and up""}",https://i.thriftbooks.com/api/imagehandler/m/9AF418C2DD8704AB187DE6115CD2780ECF7B5446.jpeg
Summer Bridge Activities: 2nd Grade to 3rd Grade,Carla Fisher,"{""Format:"": ""Paperback"", ""Language:"": ""English"", ""ISBN:"": ""1887923055"", ""ISBN13:"": ""9781887923057"", ""Release Date:"": ""January 1996"", ""Publisher:"": ""Rainbow Bridge Publishing (UT)"", ""Length:"": ""176 Pages"", ""Weight:"": ""1.15 lbs."", ""Dimensions:"": ""0.5\"" x 8.2\"" x 11.0\""""}",https://i.thriftbooks.com/api/imagehandler/m/65C282F8490E7ED9B0AA2405BEE71688E5EF8E48.jpeg
365 Activities You And Your Baby Will Love: An Idea a Day for Baby's First Year!,Wendy S. Masi,"{""Format:"": ""Paperback"", ""Language:"": ""English"", ""ISBN:"": ""1552638359"", ""ISBN13:"": ""9781552638354"", ""Release Date:"": ""January 2006"", ""Publisher:"": ""Key Porter Books"", ""Length:"": ""256 Pages"", ""Weight:"": ""1.05 lbs."", ""Dimensions:"": ""7.9\"" x 0.8\"" x 5.8\""""}",https://m.media-amazon.com/images/I/51KD8VZAN1L._SL350_.jpg
"The Grandparents Handbook: Games, Activities, Tips, How-Tos, and All-Around Fun",Elizabeth LaBan,"{""Format:"": ""Hardcover"", ""Language:"": ""English"", ""ISBN:"": ""1594744122"", ""ISBN13:"": ""9781594744129"", ""Release Date:"": ""August 2009"", ""Publisher:"": ""Quirk Books"", ""Length:"": ""192 Pages"", ""Weight:"": ""0.95 lbs."", ""Dimensions:"": ""0.9\"" x 5.8\"" x 7.8\""""}",https://i.thriftbooks.com/api/imagehandler/m/E20BFD9E4AA3C7CE4D279ED62C8FF6C75BFA327A.jpeg
The Fantastic Costume Book: 40 Complete Patterns to Amaze and Amuse,Michelle Lipson,"{""Format:"": ""Hardcover"", ""Language:"": ""English"", ""ISBN:"": ""0806983760"", ""ISBN13:"": ""9780806983769"", ""Release Date:"": ""December 1899"", ""Publisher:"": ""Sterling Publishing (NY)"", ""Length:"": ""128 Pages"", ""Weight:"": ""1.40 lbs."", ""Dimensions:"": ""0.6\"" x 8.8\"" x 10.3\"""", ""Age Range:"": ""9 years and up"", ""Grade Range:"": ""Grade 4 and higher""}",https://i.thriftbooks.com/api/imagehandler/m/0432E2309EA24BC928831500F4328935D1697EF8.jpeg
Book of Joy,Thomas Kinkade,"{""Format:"": ""Hardcover"", ""Language:"": ""English"", ""ISBN:"": ""0740722301"", ""ISBN13:"": ""9780740722301"", ""Release Date:"": ""March 2002"", ""Publisher:"": ""Andrews McMeel Publishing"", ""Length:"": ""1 Pages"", ""Weight:"": ""0.40 lbs."", ""Dimensions:"": ""0.5\"" x 5.4\"" x 5.3\""""}",https://i.thriftbooks.com/api/imagehandler/m/01A2EDB03D74E54BA56C2E13EB851DFA83A83C00.jpeg
"Team Challenges: 170+ Group Activities to Build Cooperation, Communication, and Creativity",Kris Bordessa,"{""Format:"": ""Paperback"", ""Language:"": ""English"", ""ISBN:"": ""1569762015"", ""ISBN13:"": ""9781569762011"", ""Release Date:"": ""November 2005"", ""Publisher:"": ""Zephyr Press"", ""Length:"": ""256 Pages"", ""Weight:"": ""1.40 lbs."", ""Dimensions:"": ""0.6\"" x 8.5\"" x 10.9\"""", ""Age Range:"": ""5 to 17 years"", ""Grade Range:"": ""Preschool to Grade 12""}",https://i.thriftbooks.com/api/imagehandler/m/66DE4F5F5B3F31A17008BAF110189E15B91320F8.jpeg
The Little Big Book for Grandmothers,"Tabori, Lena","{"""": """"}",https://i.thriftbooks.com/api/imagehandler/m/86EEFFFDFEF540FDDD7D827FB07E4C49352B7038.jpeg
Geek Dad: Awesomely Geeky Projects and Activities for Dads and Kids to Share,Ken Denmead,"{""Format:"": ""Paperback"", ""Language:"": ""English"", ""ISBN:"": ""1592405525"", ""ISBN13:"": ""9781592405527"", ""Release Date:"": ""May 2010"", ""Publisher:"": ""Avery Publishing Group"", ""Length:"": ""240 Pages"", ""Weight:"": ""1.01 lbs."", ""Dimensions:"": ""0.6\"" x 7.1\"" x 8.9\"""", ""Age Range:"": ""18 years and up"", ""Grade Range:"": ""Postsecondary and higher""}",https://i.thriftbooks.com/api/imagehandler/m/8DB98F8C42426931251A102EBBDE15D91C7AE9D7.jpeg
"101 Activities for Kids in Tight Spaces: At the Doctor's Office, on Car, Train, and Plane Trips, Home Sick in Bed . . .",Carol Stock Kranowitz,"{""Format:"": ""Paperback"", ""Language:"": ""English"", ""ISBN:"": ""0312134207"", ""Release Date:"": ""November 1995"", ""Publisher:"": ""St. Martin's Griffin"", ""Length:"": ""176 Pages"", ""Weight:"": ""0.40 lbs."", ""Dimensions:"": ""8.5\"" x 0.4\"" x 5.5\""""}",https://m.media-amazon.com/images/I/51PHuUPYqqL._SL350_.jpg
"Rituals for Our Times: Celebrating, Healing, and Changing Our Lives and Our Relationships",Janine Roberts,"{""Format:"": ""Hardcover"", ""Language:"": ""English"", ""ISBN:"": ""0060167149"", ""ISBN13:"": ""9780060167141"", ""Release Date:"": ""January 1992"", ""Publisher:"": ""Harper Perennial"", ""Length:"": ""331 Pages"", ""Weight:"": ""3.25 lbs."", ""Dimensions:"": ""1.2\"" x 6.5\"" x 9.6\""""}",https://m.media-amazon.com/images/I/61tayCXu7lL._SL350_.jpg
The Little Big Book for Dads,"Tabori, Lena","{""Format:"": ""Hardcover"", ""Language:"": ""English"", ""ISBN:"": ""0941807436"", ""ISBN13:"": ""9780941807432"", ""Release Date:"": ""March 2001"", ""Publisher:"": ""Welcome Books"", ""Length:"": ""352 Pages"", ""Weight:"": ""1.90 lbs."", ""Dimensions:"": ""1.7\"" x 6.8\"" x 6.9\""""}",https://i.thriftbooks.com/api/imagehandler/m/91A366FCFBE2B9FA01E5B759E6B4D9E594AC383E.jpeg
Go Wild!: 101 Things to Do Outdoors Before You Grow Up,Fiona Danks,"{"""": """"}",https://i.thriftbooks.com/api/imagehandler/m/D0F53CA7AE49C6D6F208319735C328BE32F6521A.jpeg
Fun & Games for Family Gatherings: With a Focus on Reunions,Adrienne Anderson,"{""Format:"": ""Paperback"", ""Language:"": ""English"", ""ISBN:"": ""0961047054"", ""ISBN13:"": ""9780961047054"", ""Release Date:"": ""January 1996"", ""Publisher:"": ""Reunion Research"", ""Length:"": ""144 Pages"", ""Weight:"": ""0.55 lbs."", ""Dimensions:"": ""0.4\"" x 6.1\"" x 9.1\""""}",https://i.thriftbooks.com/api/imagehandler/m/167F5BC8A3C16A2455EBB47186DE6B9D2A76B5D4.jpeg
"88 Great Daddy-Daughter Dates: Fun, Easy & Creative Ways to Build Memories Together",Rob Teigen,"{""Format:"": ""Paperback"", ""Language:"": ""English"", ""ISBN:"": ""0800720334"", ""ISBN13:"": ""9780800720339"", ""Release Date:"": ""March 2012"", ""Publisher:"": ""Fleming H. Revell Company"", ""Length:"": ""220 Pages"", ""Weight:"": ""0.55 lbs."", ""Dimensions:"": ""0.7\"" x 5.4\"" x 8.4\""""}",https://i.thriftbooks.com/api/imagehandler/m/5773F9E07218DB7FCEBD6A381224A5D39925162A.jpeg
Simplify Your Life with Kids: 1 Ways to Make Family Life Easier and More Fun,Elaine St. James,"{""Format:"": ""Paperback"", ""Language:"": ""English"", ""ISBN:"": ""0740706640"", ""ISBN13:"": ""9780740706646"", ""Release Date:"": ""March 2000"", ""Publisher:"": ""Andrews McMeel Publishing"", ""Length:"": ""298 Pages"", ""Weight:"": ""0.65 lbs."", ""Dimensions:"": ""0.9\"" x 5.3\"" x 6.1\""""}",https://i.thriftbooks.com/api/imagehandler/m/4C7835FE29A9B6CE10FD0979DAA4B0BB10E38767.jpeg
A Private Family Matter: A Memoir,Victor Rivas Rivers,"{""Format:"": ""Hardcover"", ""Language:"": ""English"", ""ISBN:"": ""0743487885"", ""ISBN13:"": ""9780743487887"", ""Release Date:"": ""April 2005"", ""Publisher:"": ""Atria Books"", ""Length:"": ""371 Pages"", ""Weight:"": ""0.65 lbs."", ""Dimensions:"": ""1.3\"" x 6.1\"" x 9.6\""""}",https://i.thriftbooks.com/api/imagehandler/m/AA713A03BCEB1041FEFCCDA8F10A040296E3FB3B.jpeg
"The Geek Dad's Guide to Weekend Fun: Cool Hacks, Cutting-Edge Games, and More Awesome Projects for the Whole Family",Ken Denmead,"{""Format:"": ""Paperback"", ""Language:"": ""English"", ""ISBN:"": ""1592406440"", ""ISBN13:"": ""9781592406449"", ""Release Date:"": ""May 2011"", ""Publisher:"": ""Penguin Publishing Group"", ""Length:"": ""240 Pages"", ""Weight:"": ""1.00 lbs."", ""Dimensions:"": ""0.6\"" x 6.9\"" x 8.9\"""", ""Age Range:"": ""18 years and up"", ""Grade Range:"": ""Postsecondary and higher""}",https://i.thriftbooks.com/api/imagehandler/m/E7EFE875D8FF5073F023BFEE4DA07FF83E98A4DC.jpeg
Mom's Almanac,Lena Tabori,"{""Format:"": ""Hardcover"", ""Language:"": ""English"", ""ISBN:"": ""1932183000"", ""ISBN13:"": ""9781932183009"", ""Release Date:"": ""April 2004"", ""Publisher:"": ""Welcome Books"", ""Length:"": ""256 Pages"", ""Weight:"": ""2.20 lbs."", ""Dimensions:"": ""1.3\"" x 7.4\"" x 9.6\""""}",https://i.thriftbooks.com/api/imagehandler/m/92A6971A5A364B84678CD70CD1CD5D08E32FAF55.jpeg
The New Father Series Boxed Set,Armin A. Brott,"{"""": """"}",https://i.thriftbooks.com/api/imagehandler/m/13E7C59D6F59A3D5741D1E8FBE6857764BF2B60A.jpeg
"365 Games Smart Toddlers Play: Creative Time to Imagine, Grow and Learn",Sheila Ellison,"{"""": """"}",https://i.thriftbooks.com/api/imagehandler/m/568B298E041779A854E80EA449BE7A7BA296A6D0.jpeg
Family Reunion Planning Kit for Dummies [With CDROM],Cheryl Fall,"{""Format:"": ""Paperback"", ""Language:"": ""English"", ""ISBN:"": ""0764553992"", ""ISBN13:"": ""9780764553998"", ""Release Date:"": ""December 2001"", ""Publisher:"": ""For Dummies"", ""Length:"": ""324 Pages"", ""Weight:"": ""1.20 lbs."", ""Dimensions:"": ""0.8\"" x 7.4\"" x 9.2\""""}",https://i.thriftbooks.com/api/imagehandler/m/B1A127C47A598829686E5417D06D54E0A4E80784.jpeg
101 Secrets a Good Dad Knows,Walter Browder,"{""Format:"": ""Hardcover"", ""Language:"": ""English"", ""ISBN:"": ""1558537198"", ""ISBN13:"": ""9781558537194"", ""Release Date:"": ""January 2001"", ""Publisher:"": ""Thomas Nelson"", ""Length:"": ""240 Pages"", ""Weight:"": ""0.90 lbs."", ""Dimensions:"": ""0.9\"" x 6.3\"" x 7.4\""""}",https://i.thriftbooks.com/api/imagehandler/m/A6FCF612B99855730A8F893A032CBEEEC3699277.jpeg
The Goodnight Book: For Moms and Little Ones,Lena Tabori,"{"""": """"}",https://i.thriftbooks.com/api/imagehandler/m/2199DD882B1DB079557D09EF8940563E2CD9D9B1.jpeg
Disney the Little Big Book of Family Classics,Monique Peterson,"{""Format:"": ""Hardcover"", ""Language:"": ""English"", ""ISBN:"": ""1932183167"", ""ISBN13:"": ""9781932183160"", ""Release Date:"": ""October 2004"", ""Publisher:"": ""Welcome Books"", ""Length:"": ""352 Pages"", ""Weight:"": ""2.00 lbs."", ""Dimensions:"": ""1.7\"" x 6.8\"" x 6.5\"""", ""Age Range:"": ""8 to 12 years"", ""Grade Range:"": ""Grades 3 to 7""}",https://i.thriftbooks.com/api/imagehandler/m/3A5F9E2B5DE0A0F8C174FCD33C1FBB4E1B5D76E4.jpeg
"The Joy of Family Traditions: A Season-By-Season Companion to Celebrations, Holidays, and Special Occasions",Jennifer Trainer Thompson,"{""Format:"": ""Paperback"", ""Language:"": ""English"", ""ISBN:"": ""1587611147"", ""ISBN13:"": ""9781587611148"", ""Release Date:"": ""May 2008"", ""Publisher:"": ""Celestial Arts"", ""Length:"": ""272 Pages"", ""Weight:"": ""1.10 lbs."", ""Dimensions:"": ""0.8\"" x 7.0\"" x 7.0\""""}",https://i.thriftbooks.com/api/imagehandler/m/F0FF1856CE27F6AAFBDBE77CB73BCD5129938A75.jpeg
The Winter Solstice: The Sacred Traditions of Christmas,John Matthews,"{""Format:"": ""Hardcover"", ""Language:"": ""English"", ""ISBN:"": ""0835607690"", ""ISBN13:"": ""9780835607698"", ""Release Date:"": ""November 1998"", ""Publisher:"": ""Quest Books (IL)"", ""Length:"": ""247 Pages"", ""Weight:"": ""2.05 lbs."", ""Dimensions:"": ""0.8\"" x 8.3\"" x 10.3\""""}",https://i.thriftbooks.com/api/imagehandler/m/2301F81AA12A3A776B04343B2390EC0BDC524EF9.jpeg
Candymaker's Gift,Helen Haidle,"{""Format:"": ""Hardcover"", ""Language:"": ""English"", ""ISBN:"": ""1562921509"", ""ISBN13:"": ""9781562921507"", ""Release Date:"": ""January 1996"", ""Publisher:"": ""David C Cook"", ""Length:"": ""32 Pages"", ""Weight:"": ""0.80 lbs."", ""Dimensions:"": ""0.3\"" x 8.2\"" x 10.3\""""}",https://i.thriftbooks.com/api/imagehandler/m/126143E48CEF401D6F80C643B0A55ED307DEAE44.jpeg
"101 Games and Activities for Children with Autism, Asperger's and Sensory Processing Disorders",Tara Delaney,"{""Format:"": ""Paperback"", ""Language:"": ""English"", ""ISBN:"": ""0071623361"", ""ISBN13:"": ""9780071623360"", ""Release Date:"": ""August 2009"", ""Publisher:"": ""McGraw-Hill Companies"", ""Length:"": ""240 Pages"", ""Weight:"": ""0.80 lbs."", ""Dimensions:"": ""0.6\"" x 6.5\"" x 9.0\""""}",https://i.thriftbooks.com/api/imagehandler/m/D51CD1FDD684A7208467FFADB2FFD4688B3611D6.jpeg
Sticky Situations: 365 Devotions for Kids and Families,Betsy Schmitt,"{""Format:"": ""Paperback"", ""Language:"": ""English"", ""ISBN:"": ""0842365508"", ""ISBN13:"": ""9780842365505"", ""Release Date:"": ""September 2006"", ""Publisher:"": ""Tyndale Kids"", ""Length:"": ""496 Pages"", ""Weight:"": ""1.40 lbs."", ""Dimensions:"": ""1.4\"" x 6.1\"" x 9.1\"""", ""Age Range:"": ""8 to 12 years"", ""Grade Range:"": ""Grades 3 to 7""}",https://i.thriftbooks.com/api/imagehandler/m/5CC61EE0EF7E826D4EF83DE2682AFA65339ED30A.jpeg
The Creative Family: How to Encourage Imagination & Nurture Family Connections,Amanda Blake Soule,"{""Format:"": ""Paperback"", ""Language:"": ""English"", ""ISBN:"": ""1590304713"", ""ISBN13:"": ""9781590304716"", ""Release Date:"": ""April 2008"", ""Publisher:"": ""Roost Books"", ""Length:"": ""212 Pages"", ""Weight:"": ""1.05 lbs."", ""Dimensions:"": ""0.6\"" x 6.4\"" x 8.0\""""}",https://i.thriftbooks.com/api/imagehandler/m/8B62CA8B9DC24D9FBD7CCAA08473FD0967D74CD1.jpeg
The Rhythm of Family: Discovering a Sense of Wonder Through the Seasons,Amanda Blake Soule,"{"""": """"}",https://i.thriftbooks.com/api/imagehandler/m/67EE2657E21600B16B3AAE5B9C33A01818DD3235.jpeg
"Festivals, Family and Food",Diana Carey,"{""Format:"": ""Paperback"", ""Language:"": ""English"", ""ISBN:"": ""095070623X"", ""ISBN13:"": ""9780950706238"", ""Release Date:"": ""January 1982"", ""Publisher:"": ""Hawthorn Press"", ""Length:"": ""224 Pages"", ""Weight:"": ""0.52 lbs."", ""Dimensions:"": ""0.6\"" x 7.9\"" x 9.8\""""}",https://i.thriftbooks.com/api/imagehandler/m/BD76A508BBA903FD6E042375EB6F9BFA67EED932.jpeg
Christmas with Rosamunde Pilcher,Rosamunde Pilcher,"{""Format:"": ""Hardcover"", ""Language:"": ""English"", ""ISBN:"": ""0312192479"", ""ISBN13:"": ""9780312192471"", ""Release Date:"": ""January 1997"", ""Publisher:"": ""Thomas Dunne Books"", ""Length:"": ""122 Pages"", ""Weight:"": ""1.30 lbs."", ""Dimensions:"": ""0.6\"" x 8.6\"" x 8.7\""""}",https://i.thriftbooks.com/api/imagehandler/m/0CD8EC2CD15D938ED20475ED410382A3EC17972A.jpeg
Games for Reading: Playful Ways to Help Your Child Read,Peggy Kaye,"{""Format:"": ""Paperback"", ""Language:"": ""English"", ""ISBN:"": ""0394721497"", ""ISBN13:"": ""9780394721491"", ""Release Date:"": ""June 1984"", ""Publisher:"": ""Pantheon Books"", ""Length:"": ""240 Pages"", ""Weight:"": ""1.00 lbs."", ""Dimensions:"": ""0.5\"" x 7.5\"" x 8.2\""""}",https://i.thriftbooks.com/api/imagehandler/m/35C10FB11C623FA6EAD3D4D820B63F4FA3DDB702.jpeg
Heaven on Earth: A Handbook for Parents of Young Children,Sharifa Oppenheimer,"{""Format:"": ""Paperback"", ""Language:"": ""English"", ""ISBN:"": ""0880105666"", ""ISBN13:"": ""9780880105668"", ""Release Date:"": ""August 2006"", ""Publisher:"": ""Steiner Books"", ""Length:"": ""256 Pages"", ""Weight:"": ""1.17 lbs."", ""Dimensions:"": ""0.8\"" x 7.6\"" x 9.0\""""}",https://i.thriftbooks.com/api/imagehandler/m/EBDB874D91CF4244BA7C2ECFA22D9A26F007D61B.jpeg
All Year Round: A Calendar of Celebrations,Christine Fynes-Clinton,"{""Format:"": ""Paperback"", ""Language:"": ""English"", ""ISBN:"": ""1869890477"", ""ISBN13:"": ""9781869890476"", ""Release Date:"": ""January 1995"", ""Publisher:"": ""Hawthorn Press"", ""Length:"": ""320 Pages"", ""Weight:"": ""1.85 lbs."", ""Dimensions:"": ""0.9\"" x 7.7\"" x 9.9\"""", ""Age Range:"": ""7 to 11 years"", ""Grade Range:"": ""Grades 2 to 6""}",https://i.thriftbooks.com/api/imagehandler/m/A47784853EEE72E1D483EC0735F3B2794396CE23.jpeg
Toad Cottages & Shooting Stars: A Grandma's Bag of Tricks,Sharon Lovejoy,"{"""": """"}",https://i.thriftbooks.com/api/imagehandler/m/627F5D579D4219B9AE90A2482E02E913EE8C33C0.jpeg
50 Dangerous Things (You Should Let Your Children Do),Julie Spiegler,"{""Format:"": ""Paperback"", ""Language:"": ""English"", ""ISBN:"": ""0451234197"", ""ISBN13:"": ""9780451234193"", ""Release Date:"": ""April 2011"", ""Publisher:"": ""Berkley Books"", ""Length:"": ""144 Pages"", ""Weight:"": ""0.63 lbs."", ""Dimensions:"": ""0.3\"" x 7.6\"" x 9.2\"""", ""Age Range:"": ""18 years and up"", ""Grade Range:"": ""Postsecondary and higher""}",https://i.thriftbooks.com/api/imagehandler/m/A1A4C80A189AD839724A4A64CAF6AF34D434EECA.jpeg
Unplugged Play: No Batteries. No Plugs. Pure Fun.,Bobbi Conner,"{""Format:"": ""Paperback"", ""Language:"": ""English"", ""ISBN:"": ""0761143904"", ""ISBN13:"": ""9780761143901"", ""Release Date:"": ""July 2007"", ""Publisher:"": ""Workman Publishing"", ""Length:"": ""516 Pages"", ""Weight:"": ""1.80 lbs."", ""Dimensions:"": ""1.1\"" x 8.0\"" x 9.1\"""", ""Age Range:"": ""1 to 10 years"", ""Grade Range:"": ""Preschool to Grade 5""}",https://i.thriftbooks.com/api/imagehandler/m/655260334643E7E2B53B31CD9F22CE83A17570C6.jpeg
Celebrations,Susan Branch,"{""Format:"": ""Hardcover"", ""Language:"": ""English"", ""ISBN:"": ""0768321972"", ""ISBN13:"": ""9780768321975"", ""Release Date:"": ""January 2000"", ""Publisher:"": ""Cedco Publishing Company"", ""Length:"": ""112 Pages"", ""Weight:"": ""1.40 lbs."", ""Dimensions:"": ""0.6\"" x 8.5\"" x 8.4\""""}",https://m.media-amazon.com/images/I/51NK647A9ZL._SL350_.jpg
Basic Montessori,David Gettman,"{""Format:"": ""Paperback"", ""Language:"": ""English"", ""ISBN:"": ""0312018649"", ""Release Date:"": ""May 1988"", ""Publisher:"": ""St. Martin's Griffin"", ""Length:"": ""240 Pages"", ""Weight:"": ""0.65 lbs."", ""Dimensions:"": ""9.3\"" x 0.6\"" x 6.0\""""}",https://m.media-amazon.com/images/I/316iZwbro2L._SL350_.jpg
Toddler Play: 100 Fun-Filled Activities to Maximize Your Toddler's Potential,Wendy S. Masi,"{""Format:"": ""Paperback"", ""Language:"": ""English"", ""ISBN:"": ""0865734356"", ""ISBN13:"": ""9780865734357"", ""Release Date:"": ""April 2001"", ""Publisher:"": ""Creative Publishing International"", ""Length:"": ""192 Pages"", ""Weight:"": ""1.70 lbs."", ""Dimensions:"": ""0.6\"" x 9.3\"" x 9.2\""""}",https://i.thriftbooks.com/api/imagehandler/m/8805074F84B495EE13AEFF48D9DA2D8F8A5CAB77.jpeg
The Book of New Family Traditions: How to Create Great Rituals for Holidays and Every Day,Meg Cox,"{""Format:"": ""Paperback"", ""Language:"": ""English"", ""ISBN:"": ""0762414421"", ""ISBN13:"": ""9780762414420"", ""Release Date:"": ""April 2003"", ""Publisher:"": ""Running Press Book Publishers"", ""Length:"": ""128 Pages"", ""Weight:"": ""1.10 lbs."", ""Dimensions:"": ""0.5\"" x 8.0\"" x 9.1\""""}",https://i.thriftbooks.com/api/imagehandler/m/816EC301176E106B873DB11B3D5B3377F5F72352.jpeg
"10-Minute Life Lessons for Kids: 52 Fun and Simple Games and Activities to Teach Your Child Honesty, Trust, Love, and Other Important Values",Jamie C. Miller,"{""Format:"": ""Paperback"", ""Language:"": ""English"", ""ISBN:"": ""0060952555"", ""ISBN13:"": ""9780060952556"", ""Release Date:"": ""September 1998"", ""Publisher:"": ""William Morrow & Company"", ""Length:"": ""240 Pages"", ""Weight:"": ""0.90 lbs."", ""Dimensions:"": ""0.6\"" x 5.3\"" x 8.1\""""}",https://i.thriftbooks.com/api/imagehandler/m/7DAD189099F1F700017140A42864C0E6C6D5AF4F.jpeg
Baby Play,Roni Cohen Leiderman,"{""Format:"": ""Paperback"", ""Language:"": ""English"", ""ISBN:"": ""0865734348"", ""ISBN13:"": ""9780865734340"", ""Release Date:"": ""April 2001"", ""Publisher:"": ""Quarry Books"", ""Length:"": ""192 Pages"", ""Weight:"": ""0.15 lbs."", ""Dimensions:"": ""0.5\"" x 9.5\"" x 9.3\""""}",https://i.thriftbooks.com/api/imagehandler/m/4B82BF628629F3E5C5E9DB4A9BD0AEF249BB6337.jpeg
Montessori Play and Learn: A Parent's Guide to Purposeful Play from Two to Six,Lesley Britton,"{"""": """"}",https://i.thriftbooks.com/api/imagehandler/m/370D376F9FD4929852A28B6197B800C255A888BB.jpeg
125 Brain Games for Babies: Simple Games to Promote Early Brain Development,Jackie Silberg,"{""Format:"": ""Paperback"", ""Language:"": ""English"", ""ISBN:"": ""0876591993"", ""ISBN13:"": ""9780876591994"", ""Release Date:"": ""May 1999"", ""Publisher:"": ""Gryphon House"", ""Length:"": ""143 Pages"", ""Weight:"": ""0.60 lbs."", ""Dimensions:"": ""0.4\"" x 6.3\"" x 9.3\"""", ""Age Range:"": ""4 years and up""}",https://i.thriftbooks.com/api/imagehandler/m/2A2C36FE06920421E4EEC0EF63FED068E9D51100.jpeg
Games for Learning,Peggy Kaye,"{""Format:"": ""Paperback"", ""Language:"": ""English"", ""ISBN:"": ""0374522863"", ""ISBN13:"": ""9780374522865"", ""Release Date:"": ""August 1991"", ""Publisher:"": ""Farrar, Strauss & Giroux-3pl"", ""Length:"": ""272 Pages"", ""Weight:"": ""1.10 lbs."", ""Dimensions:"": ""0.7\"" x 7.3\"" x 8.2\""""}",https://i.thriftbooks.com/api/imagehandler/m/C1EA160AF9B839F1797DDF570410063205E849B7.jpeg
"April Idea Book: A Creative Idea Book for the Elementary Teacher, PS-6",Karen Sevaly,"{""Format:"": ""Paperback"", ""Language:"": ""English"", ""ISBN:"": ""0943263077"", ""ISBN13:"": ""9780943263076"", ""Release Date:"": ""January 1998"", ""Publisher:"": ""Teacher's Friend Publications"", ""Length:"": ""144 Pages"", ""Weight:"": ""1.15 lbs."", ""Dimensions:"": ""0.6\"" x 8.5\"" x 11.0\""""}",https://m.media-amazon.com/images/I/51K0Y74CXAL._SL350_.jpg
"The Wiggle & Giggle Busy Book: 365 Fun, Physical Activities for Your Toddler and Preschooler",Trish Kuffner,"{""Format:"": ""Paperback"", ""Language:"": ""English"", ""ISBN:"": ""0684031353"", ""Release Date:"": ""April 2005"", ""Publisher:"": ""Meadowbrook"", ""Length:"": ""360 Pages"", ""Weight:"": ""0.70 lbs."", ""Dimensions:"": ""7.0\"" x 0.7\"" x 5.4\""""}",https://m.media-amazon.com/images/I/51XIHQK4BIL._SL350_.jpg
Mister Rogers' Playtime,Fred Rogers,"{""Format:"": ""Paperback"", ""Language:"": ""English"", ""ISBN:"": ""0762411236"", ""ISBN13:"": ""9780762411238"", ""Release Date:"": ""October 2001"", ""Publisher:"": ""Running Press Adult"", ""Length:"": ""128 Pages"", ""Weight:"": ""0.85 lbs."", ""Dimensions:"": ""0.6\"" x 8.0\"" x 9.0\""""}",https://i.thriftbooks.com/api/imagehandler/m/9649D7CCAF732DF921E5F17376A7DFCF690CF652.jpeg
Child's Play: Montessori Games and Activities for Your Baby and Toddler,Maja Pitamic,"{""Format:"": ""Paperback"", ""Language:"": ""English"", ""ISBN:"": ""0764142410"", ""ISBN13:"": ""9780764142413"", ""Release Date:"": ""January 2009"", ""Publisher:"": ""B.E.S. Publishing"", ""Length:"": ""160 Pages"", ""Weight:"": ""1.25 lbs."", ""Dimensions:"": ""0.5\"" x 7.3\"" x 8.7\""""}",https://i.thriftbooks.com/api/imagehandler/m/47963F583E9A52BB78B3085097841B3AE8153F80.jpeg
125 Brain Games for Toddlers and Twos: Simple Games to Promote Early Brain Development,Jackie Silberg,"{""Format:"": ""Paperback"", ""Language:"": ""English"", ""ISBN:"": ""0876592051"", ""ISBN13:"": ""9780876592052"", ""Release Date:"": ""May 2000"", ""Publisher:"": ""Gryphon House"", ""Length:"": ""144 Pages"", ""Weight:"": ""0.15 lbs."", ""Dimensions:"": ""0.4\"" x 6.0\"" x 9.0\""""}",https://i.thriftbooks.com/api/imagehandler/m/37B56064E9A1CC29F64434FC7D21FACCEC239AB9.jpeg
Team-Building Activities for Every Group,Alanna Jones,"{""Format:"": ""Paperback"", ""Language:"": ""English"", ""ISBN:"": ""0966234162"", ""ISBN13:"": ""9780966234169"", ""Release Date:"": ""January 2000"", ""Publisher:"": ""Rec Room Publishing"", ""Length:"": ""191 Pages"", ""Weight:"": ""0.88 lbs."", ""Dimensions:"": ""0.5\"" x 6.0\"" x 9.0\""""}",https://i.thriftbooks.com/api/imagehandler/m/525E74C7BCA10D3406F62853AC7A5B52E283B91C.jpeg
"Earth, Water, Fire, and Air: Playful Explorations in the Four Elements",Walter Kraul,"{""Format:"": ""Paperback"", ""Language:"": ""English"", ""ISBN:"": ""086315090X"", ""ISBN13:"": ""9780863150906"", ""Release Date:"": ""January 1995"", ""Publisher:"": ""Floris Books"", ""Length:"": ""120 Pages"", ""Weight:"": ""0.33 lbs."", ""Dimensions:"": ""0.4\"" x 6.8\"" x 7.5\"""", ""Age Range:"": ""6 to 9 years"", ""Grade Range:"": ""Grades 1 to 4""}",https://i.thriftbooks.com/api/imagehandler/m/AAA5B179056B95F83FB48C3F26CB4CBE308EFE6D.jpeg
Games to Play with Two Year Olds,Jackie Silberg,"{""Format:"": ""Paperback"", ""Language:"": ""English"", ""ISBN:"": ""0876592353"", ""Release Date:"": ""May 2002"", ""Publisher:"": ""Gryphon House"", ""Length:"": ""256 Pages"", ""Weight:"": ""1.30 lbs."", ""Dimensions:"": ""9.0\"" x 0.6\"" x 6.0\""""}",https://m.media-amazon.com/images/I/41T1bq-aDRL._SL350_.jpg
Reading Rescue 1-2-3: Raise Your Child's Reading Level 2 Grades with This Easy 3-Step Program,Peggy M. Wilber,"{""Format:"": ""Paperback"", ""Language:"": ""English"", ""ISBN:"": ""0761529632"", ""ISBN13:"": ""9780761529637"", ""Release Date:"": ""September 2000"", ""Publisher:"": ""Harmony"", ""Length:"": ""276 Pages"", ""Weight:"": ""0.90 lbs."", ""Dimensions:"": ""0.6\"" x 7.4\"" x 9.1\""""}",https://i.thriftbooks.com/api/imagehandler/m/601D291AF5810221A721945ABDBF10F1590953A0.jpeg
Sharing Nature with Children,Joseph Bharat Cornell,"{"""": """"}",https://i.thriftbooks.com/api/imagehandler/m/27F236A7A3A1ACCFF58E4E33189DB00D7F0CA7F6.jpeg
300 Three Minute Games: Quick and Easy Activities for 2-5 Year Olds,Jackie Silberg,"{"""": """"}",https://i.thriftbooks.com/api/imagehandler/m/4B966AB49F9C87E218A2EEA091AE2632B8416A8F.jpeg
"Summer Bridge Activities(r), Grades Pk - K [With Punch-Out Flash Cards]",Julia Ann Hobbs,"{""Format:"": ""Paperback"", ""Language:"": ""English"", ""ISBN:"": ""1594417253"", ""ISBN13:"": ""9781594417252"", ""Release Date:"": ""January 2006"", ""Publisher:"": ""Summer Bridge Activities"", ""Length:"": ""150 Pages"", ""Weight:"": ""0.05 lbs."", ""Dimensions:"": ""0.4\"" x 8.4\"" x 10.8\"""", ""Age Range:"": ""8 to 12 years"", ""Grade Range:"": ""Grades 3 to 7""}",https://i.thriftbooks.com/api/imagehandler/m/7B1147072DCC32FA1ABF4768C5F058A7BE686907.jpeg
Teach Your Child Math: Making Math Fun for the Both of You,Michael Shermer,"{""Format:"": ""Paperback"", ""Language:"": ""English"", ""ISBN:"": ""0929923324"", ""ISBN13:"": ""9780929923321"", ""Release Date:"": ""January 1991"", ""Publisher:"": ""Lowell House"", ""Length:"": ""177 Pages"", ""Weight:"": ""0.60 lbs."", ""Dimensions:"": ""0.5\"" x 6.0\"" x 8.9\""""}",https://m.media-amazon.com/images/I/51jyC3B-rSL._SL350_.jpg
Summer Bridge Activities: Kindergarten to 1st Grade,Carla Dawn Fisher,"{""Format:"": ""Paperback"", ""Language:"": ""English"", ""ISBN:"": ""1887923039"", ""ISBN13:"": ""9781887923033"", ""Release Date:"": ""January 1996"", ""Publisher:"": ""Rainbow Bridge Publishing (UT)"", ""Length:"": ""158 Pages"", ""Weight:"": ""1.15 lbs."", ""Dimensions:"": ""0.5\"" x 8.2\"" x 11.0\""""}",https://i.thriftbooks.com/api/imagehandler/m/7FC3B219153F9FAA012D373393C3BBCE7CE2BD13.jpeg
Preschool Arts & Crafts,Teacher Created Materials,"{""Format:"": ""Paperback"", ""Language:"": ""English"", ""ISBN:"": ""1576900975"", ""ISBN13:"": ""9781576900970"", ""Release Date:"": ""January 1997"", ""Publisher:"": ""Teacher Created Resources"", ""Length:"": ""160 Pages"", ""Weight:"": ""0.85 lbs."", ""Dimensions:"": ""0.5\"" x 11.0\"" x 8.4\"""", ""Age Range:"": ""4 years and up""}",https://i.thriftbooks.com/api/imagehandler/m/50F15DD7B1C62B0ACF1E11DFE0B43A283C83DD42.jpeg
"Learn-To-Read Treasure Hunts: Fifty Skill-Building Games for Beginning Readers and Their Parents [With 50 Two-Color, Die-Cut Stickers]",Steve Cohen,"{"""": """"}",https://i.thriftbooks.com/api/imagehandler/m/7E3D88FAF4AF6CC80A8E2D211CB02C60520F008B.jpeg
Games to Play with Toddlers,Jackie Silberg,"{""Format:"": ""Paperback"", ""Language:"": ""English"", ""ISBN:"": ""0876591632"", ""ISBN13:"": ""9780876591635"", ""Release Date:"": ""September 2000"", ""Publisher:"": ""Gryphon House"", ""Length:"": ""285 Pages"", ""Weight:"": ""1.05 lbs."", ""Dimensions:"": ""0.7\"" x 6.0\"" x 9.0\""""}",https://i.thriftbooks.com/api/imagehandler/m/9E4DD6D51A4F82D6490ACEBF693727C30364AE61.jpeg
