Book Name,Authors,Info,Image URL
Style,Kate Spade,"{""Format:"": ""Hardcover"", ""Language:"": ""English"", ""ISBN:"": ""0743250672"", ""ISBN13:"": ""9780743250672"", ""Release Date:"": ""April 2004"", ""Publisher:"": ""Simon & Schuster"", ""Length:"": ""111 Pages"", ""Weight:"": ""0.85 lbs."", ""Dimensions:"": ""0.6\"" x 6.2\"" x 8.5\""""}",https://i.thriftbooks.com/api/imagehandler/m/6894C8CEEA90C6550EAB861506FF0BE015153708.jpeg
The Fashion Book,Phaidon Press,"{""Format:"": ""Paperback"", ""Language:"": ""English"", ""ISBN:"": ""071484859X"", ""ISBN13:"": ""9780714848594"", ""Release Date:"": ""April 2008"", ""Publisher:"": ""Phaidon Press"", ""Length:"": ""512 Pages"", ""Weight:"": ""4.20 lbs."", ""Dimensions:"": ""1.6\"" x 8.3\"" x 9.6\""""}",https://i.thriftbooks.com/api/imagehandler/m/B7BE9AC43F48A708E896F0740014FEEF7D572E20.jpeg
Godey's Fashions Coloring Book,Ming-Ju Sun,"{"""": """"}",https://i.thriftbooks.com/api/imagehandler/m/BAA0DC3609F37772D61CC38BFD85B332011B5C1C.jpeg
Shoes: A Lexicon of Style,Valerie Steele,"{""Format:"": ""Hardcover"", ""Language:"": ""English"", ""ISBN:"": ""0847821668"", ""ISBN13:"": ""9780847821662"", ""Release Date:"": ""February 1999"", ""Publisher:"": ""Rizzoli"", ""Length:"": ""192 Pages"", ""Weight:"": ""2.80 lbs."", ""Dimensions:"": ""11.0\"" x 1.0\"" x 9.5\""""}",https://i.thriftbooks.com/api/imagehandler/m/612ACF91F954CA0DE43BE4D80F189FE873B13AC2.jpeg
Jackie Style,Pamela Clarke Keogh,"{""Format:"": ""Hardcover"", ""Language:"": ""English"", ""ISBN:"": ""0060199520"", ""ISBN13:"": ""9780060199524"", ""Release Date:"": ""April 2001"", ""Publisher:"": ""It Books"", ""Length:"": ""256 Pages"", ""Weight:"": ""2.05 lbs."", ""Dimensions:"": ""0.8\"" x 7.7\"" x 10.3\""""}",https://i.thriftbooks.com/api/imagehandler/m/B1214382C980C69BB7599185DD0AA079E020023C.jpeg
Vintage Fashion: Collecting and Wearing Designer Classics,Sarah Kennedy,"{""Format:"": ""Hardcover"", ""Language:"": ""English"", ""ISBN:"": ""1844422682"", ""ISBN13:"": ""9781844422685"", ""Release Date:"": ""January 2006"", ""Publisher:"": ""Carlton Publishing Group"", ""Length:"": ""223 Pages"", ""Weight:"": ""2.80 lbs.""}",https://i.thriftbooks.com/api/imagehandler/m/FB0A115D4BB550BBD41C8A1797CE763EA0B5F890.jpeg
Dior,Marie-France Pochna,"{""Format:"": ""Hardcover"", ""Language:"": ""English"", ""ISBN:"": ""2843236762"", ""ISBN13:"": ""9782843236761"", ""Release Date:"": ""March 2005"", ""Publisher:"": ""Assouline"", ""Length:"": ""79 Pages"", ""Weight:"": ""0.80 lbs."", ""Dimensions:"": ""0.5\"" x 6.5\"" x 8.8\""""}",https://i.thriftbooks.com/api/imagehandler/m/BABA2DBA35901F33BB9C7A80EE989F8C782353ED.jpeg
Contemporary Fashion,Richard Martin,"{"""": """"}",https://i.thriftbooks.com/api/imagehandler/m/43E363E7B5F1FA2213C6897178E4171FB17D27F0.jpeg
Cartier,Philippe Trétiack,"{""Format:"": ""Hardcover"", ""Language:"": ""English"", ""ISBN:"": ""0789300877"", ""ISBN13:"": ""9780789300874"", ""Release Date:"": ""May 1997"", ""Publisher:"": ""Universe Publishing(NY)"", ""Length:"": ""79 Pages"", ""Weight:"": ""0.80 lbs."", ""Dimensions:"": ""0.5\"" x 6.5\"" x 8.8\""""}",https://i.thriftbooks.com/api/imagehandler/m/B002E57AC03327FAC14B4B5A81CEF082025A232F.jpeg
Textile Art of Japan,Sunny Yang,"{""Format:"": ""Hardcover"", ""Language:"": ""English"", ""ISBN:"": ""0870407732"", ""ISBN13:"": ""9780870407734"", ""Release Date:"": ""January 1989"", ""Publisher:"": ""Kodansha"", ""Length:"": ""144 Pages"", ""Weight:"": ""1.65 lbs."", ""Dimensions:"": ""0.6\"" x 8.7\"" x 10.5\""""}",https://m.media-amazon.com/images/I/51YrRQnjogL._SL350_.jpg
"High Fashion Sewing Secrets from the World's Best Designers: A Step-By-Step Guide to Sewing Stylish Seams, Buttonholes, Pockets, Collars, Hems, and Mo",Claire B. Shaeffer,"{""Format:"": ""Paperback"", ""Language:"": ""English"", ""ISBN:"": ""1579544150"", ""ISBN13:"": ""9781579544157"", ""Release Date:"": ""February 2001"", ""Publisher:"": ""Rodale Books"", ""Length:"": ""256 Pages"", ""Weight:"": ""1.55 lbs."", ""Dimensions:"": ""0.4\"" x 8.4\"" x 10.9\""""}",https://i.thriftbooks.com/api/imagehandler/m/714734CB28C9DA9B85B5B71943DED8A3E9743178.jpeg
Sewing Secrets from the Fashion Industry: Proven Methods to Help You Sew Like the Pros,Susan Huxley,"{""Format:"": ""Hardcover"", ""Language:"": ""English"", ""ISBN:"": ""0875967191"", ""ISBN13:"": ""9780875967196"", ""Release Date:"": ""April 1996"", ""Publisher:"": ""Rodale Books"", ""Length:"": ""256 Pages"", ""Weight:"": ""2.40 lbs."", ""Dimensions:"": ""0.7\"" x 8.6\"" x 11.2\""""}",https://i.thriftbooks.com/api/imagehandler/m/29963799BFF621052E3EB680104334931D5CE574.jpeg
Generation T : 108 Ways to Transform a T-Shirt,Megan Nicolay,"{""Format:"": ""Paperback"", ""Language:"": ""English"", ""ISBN:"": ""0761137858"", ""ISBN13:"": ""9780761137856"", ""Release Date:"": ""February 2006"", ""Publisher:"": ""Workman Publishing Company, Incorporated"", ""Length:"": ""272 Pages"", ""Weight:"": ""1.00 lbs."", ""Dimensions:"": ""0.7\"" x 8.1\"" x 8.0\""""}",https://i.thriftbooks.com/api/imagehandler/m/D48F9602E0E9F432849F009C67C31C2B57FFBE13.jpeg
Simply Beautiful Beading: 53 Quick and Easy Projects,Heidi Boyd,"{""Format:"": ""Paperback"", ""Language:"": ""English"", ""ISBN:"": ""1581805632"", ""ISBN13:"": ""9781581805635"", ""Release Date:"": ""August 2004"", ""Publisher:"": ""North Light Books"", ""Length:"": ""127 Pages"", ""Weight:"": ""1.17 lbs."", ""Dimensions:"": ""0.4\"" x 8.4\"" x 11.0\""""}",https://i.thriftbooks.com/api/imagehandler/m/249899F422FAD36E7B0A37513D2DCE2A1723ED8D.jpeg
The Little Dictionary of Fashion: A Guide to Dress Sense for Every Woman,Christian Dior,"{""Format:"": ""Hardcover"", ""Language:"": ""English"", ""ISBN:"": ""0810994615"", ""ISBN13:"": ""9780810994614"", ""Release Date:"": ""November 2007"", ""Publisher:"": ""Harry N. Abrams"", ""Length:"": ""128 Pages"", ""Weight:"": ""0.65 lbs."", ""Dimensions:"": ""0.7\"" x 5.2\"" x 7.1\""""}",https://i.thriftbooks.com/api/imagehandler/m/2EE4F6F502AC382905B04A033FDDF4E1B88C9A42.jpeg
The Art of Manipulating Fabric,Colette Wolff,"{"""": """"}",https://i.thriftbooks.com/api/imagehandler/m/36D39CAACE230632F880EE98CE182DDAD4693491.jpeg
"Knit Ponchos, Wraps & Scarves",Jane Davis,"{""Format:"": ""Paperback"", ""Language:"": ""English"", ""ISBN:"": ""0873499654"", ""Release Date:"": ""May 2005"", ""Publisher:"": ""Krause Publications"", ""Length:"": ""128 Pages"", ""Weight:"": ""0.15 lbs."", ""Dimensions:"": ""10.8\"" x 0.5\"" x 8.8\""""}",https://m.media-amazon.com/images/I/51Z7K-DB7eL._SL350_.jpg
The Beatrix Potter Knitting Book,Pat Menchini,"{"""": """"}",https://m.media-amazon.com/images/I/51qB3VDrouL._SL350_.jpg
Fine Embellishment Techniques: Classic Details for Today's Clothing,Jane Conlon,"{""Format:"": ""Hardcover"", ""Language:"": ""English"", ""ISBN:"": ""156158231X"", ""ISBN13:"": ""9781561582310"", ""Release Date:"": ""February 1998"", ""Publisher:"": ""Taunton Press"", ""Length:"": ""176 Pages"", ""Weight:"": ""0.45 lbs."", ""Dimensions:"": ""0.8\"" x 9.0\"" x 11.0\""""}",https://i.thriftbooks.com/api/imagehandler/m/C90AC1848AD23C538633202FE2DC7D3347BFF8A7.jpeg
Adorable Knits for Tiny Tots: 25 Stylish Designs for Babies and Toddlers,Zoe Mellor,"{""Format:"": ""Paperback"", ""Language:"": ""English"", ""ISBN:"": ""0873498526"", ""ISBN13:"": ""9780873498524"", ""Release Date:"": ""January 2004"", ""Publisher:"": ""Krause Publications"", ""Length:"": ""144 Pages"", ""Weight:"": ""0.65 lbs."", ""Dimensions:"": ""0.4\"" x 9.0\"" x 9.6\""""}",https://i.thriftbooks.com/api/imagehandler/m/002A1DF046BED612CE2074D1C1D7FD634CB17299.jpeg
Chinese Rugs: A Buyer's Guide,Lee Allane,"{""Format:"": ""Paperback"", ""Language:"": ""English"", ""ISBN:"": ""050027701X"", ""ISBN13:"": ""9780500277010"", ""Release Date:"": ""March 1994"", ""Publisher:"": ""Thames & Hudson"", ""Length:"": ""144 Pages"", ""Weight:"": ""1.05 lbs."", ""Dimensions:"": ""0.5\"" x 7.0\"" x 10.0\""""}",https://i.thriftbooks.com/api/imagehandler/m/B75FD8860EBF75A19D909E14732FB8165C5212B1.jpeg
Shopping Bag Secrets: The Most Irresistible Bags from the World's Most Unique Stores,Fran Michaelman,"{"""": """"}",https://i.thriftbooks.com/api/imagehandler/m/04065E7EA28E710F48B27ECBCE906A2C8B0DBB9B.jpeg
Secrets of a Fashion Therapist: What You Can Learn Behind the Dressing Room Door,Betty Halbreich,"{""Format:"": ""Hardcover"", ""Language:"": ""English"", ""ISBN:"": ""0062701878"", ""ISBN13:"": ""9780062701879"", ""Release Date:"": ""September 1997"", ""Publisher:"": ""Harper Design"", ""Length:"": ""224 Pages"", ""Weight:"": ""1.40 lbs."", ""Dimensions:"": ""0.9\"" x 7.6\"" x 9.4\""""}",https://i.thriftbooks.com/api/imagehandler/m/C142535F109C3B9E8AC127E4E7986619C3C036BD.jpeg
Buckskin & Buffalo,Colin F. Taylor,"{"""": """"}",https://i.thriftbooks.com/api/imagehandler/m/7EAE69F0A69E0A474F37F020508D5D62C263950E.jpeg
Confessions of a Window Dresser,Simon Doonan,"{""Format:"": ""Hardcover"", ""Language:"": ""English"", ""ISBN:"": ""0670882828"", ""ISBN13:"": ""9780670882823"", ""Release Date:"": ""November 1998"", ""Publisher:"": ""Penguin Putnam"", ""Length:"": ""240 Pages"", ""Weight:"": ""2.55 lbs."", ""Dimensions:"": ""1.2\"" x 8.3\"" x 10.3\""""}",https://i.thriftbooks.com/api/imagehandler/m/D1F8DA6633BE412CFF3BF21E0B49A189425A40E2.jpeg
The Aloha Shirt: Spirit of the Islands,Dale Hope,"{""Format:"": ""Hardcover"", ""Language:"": ""English"", ""ISBN:"": ""1582700346"", ""ISBN13:"": ""9781582700342"", ""Release Date:"": ""September 2000"", ""Publisher:"": ""Beyond Words Publishing"", ""Length:"": ""211 Pages"", ""Weight:"": ""3.30 lbs."", ""Dimensions:"": ""1.0\"" x 10.3\"" x 11.3\""""}",https://i.thriftbooks.com/api/imagehandler/m/1B1A9940020D0C904CB604270396667B6CABA8F2.jpeg
Cuff Links,Marilyn Nissenson,"{""Format:"": ""Hardcover"", ""Language:"": ""English"", ""ISBN:"": ""0810931680"", ""ISBN13:"": ""9780810931688"", ""Release Date:"": ""January 1991"", ""Publisher:"": ""ABRAMS"", ""Length:"": ""112 Pages"", ""Weight:"": ""1.85 lbs."", ""Dimensions:"": ""0.8\"" x 8.9\"" x 9.6\""""}",https://i.thriftbooks.com/api/imagehandler/m/6CC3D942F5021E1DA7B553C91857658022A95894.jpeg
The Mini-Mod Sixties Book,Samantha Bleikorn,"{"""": """"}",https://i.thriftbooks.com/api/imagehandler/m/1191637DD4C37D2D5FC378DF89628F0D8823ED27.jpeg
Draping for Fashion Design,Nurie Relis,"{""Format:"": ""Hardcover"", ""Language:"": ""English"", ""ISBN:"": ""0879092106"", ""ISBN13:"": ""9780879092108"", ""Release Date:"": ""January 1975"", ""Publisher:"": ""Reston Publishing Company"", ""Length:"": ""166 Pages"", ""Weight:"": ""1.05 lbs.""}",https://m.media-amazon.com/images/I/51Z1uTRTLoL._SL350_.jpg
Your Modeling Career: You Don't Have to Be a Superstar to Succeed,Debbie Press,"{"""": """"}",https://i.thriftbooks.com/api/imagehandler/m/7ADFAA9BF2E52A68BD34979DBEFFE1787D46E33D.jpeg
"The Fashioned Body: Fashion, Dress and Social Theory",Joanne Entwistle,"{""Format:"": ""Hardcover"", ""Language:"": ""English"", ""ISBN:"": ""0745649378"", ""ISBN13:"": ""9780745649375"", ""Release Date:"": ""January 2015"", ""Publisher:"": ""Polity Press"", ""Length:"": ""272 Pages"", ""Weight:"": ""1.27 lbs."", ""Dimensions:"": ""0.7\"" x 6.0\"" x 9.0\""""}",https://i.thriftbooks.com/api/imagehandler/m/B7BF15BCCDA75E61EFE6CB9B7D82F4617D7377F0.jpeg
Always Remember: The Names Project AIDS Memorial Quilt,Paul Margolies,"{"""": """"}",https://i.thriftbooks.com/api/imagehandler/m/3C7845492ECC6984A65A02890962AB36939E9DEA.jpeg
"The Root of Wild Madder: Chasing the History, Mystery, and Lore of the Persian Carpet",Brian Murphy,"{""Format:"": ""Hardcover"", ""Language:"": ""English"", ""ISBN:"": ""0743264193"", ""ISBN13:"": ""9780743264198"", ""Release Date:"": ""July 2005"", ""Publisher:"": ""Simon & Schuster"", ""Length:"": ""297 Pages"", ""Weight:"": ""0.90 lbs."", ""Dimensions:"": ""1.2\"" x 6.3\"" x 9.8\""""}",https://i.thriftbooks.com/api/imagehandler/m/37853ADF540100B1926BF6E131A814332E6FEB55.jpeg
Buttons,Diana Epstein,"{""Format:"": ""Hardcover"", ""Language:"": ""English"", ""ISBN:"": ""0810931133"", ""ISBN13:"": ""9780810931138"", ""Release Date:"": ""October 1991"", ""Publisher:"": ""Harry N. Abrams"", ""Length:"": ""174 Pages"", ""Weight:"": ""0.05 lbs."", ""Dimensions:"": ""1.0\"" x 9.3\"" x 10.3\""""}",https://i.thriftbooks.com/api/imagehandler/m/C1355D19F65E996618B4F02DD7EE6EB4113997DD.jpeg
Edith Head: The Life and Times of Hollywood's Celebrated Costume Designer,David Chierichetti,"{""Format:"": ""Hardcover"", ""Language:"": ""English"", ""ISBN:"": ""0060194286"", ""ISBN13:"": ""9780060194284"", ""Release Date:"": ""March 2003"", ""Publisher:"": ""Harper"", ""Length:"": ""272 Pages"", ""Weight:"": ""1.55 lbs."", ""Dimensions:"": ""0.9\"" x 7.4\"" x 9.1\""""}",https://i.thriftbooks.com/api/imagehandler/m/AE94507F30481C41BFE1146E0067AC0AFC0358F6.jpeg
"The History of Beads: From 30,000 B.C. to the Present",Lois Sherr Dubin,"{""Format:"": ""Paperback"", ""Language:"": ""English"", ""ISBN:"": ""0810926172"", ""ISBN13:"": ""9780810926172"", ""Release Date:"": ""September 1995"", ""Publisher:"": ""Harry N. Abrams"", ""Length:"": ""136 Pages"", ""Weight:"": ""0.65 lbs."", ""Dimensions:"": ""0.5\"" x 9.0\"" x 11.8\""""}",https://i.thriftbooks.com/api/imagehandler/m/1185E4DD337E256897C4F323127E385057CAF568.jpeg
The Illustrated Encyclopedia of Costume and Fashion: From 1066 to the Present,Jack Cassin-Scott,"{"""": """"}",https://i.thriftbooks.com/api/imagehandler/m/40BDA2AB15C68AC304446929354FADE3020C4E35.jpeg
Green Is the New Black: How to Change the World with Style,Tamsin Blanchard,"{""Format:"": ""Hardcover"", ""Language:"": ""English"", ""ISBN:"": ""0061719307"", ""ISBN13:"": ""9780061719301"", ""Release Date:"": ""November 2008"", ""Publisher:"": ""William Morrow & Company"", ""Length:"": ""288 Pages"", ""Weight:"": ""0.95 lbs."", ""Dimensions:"": ""1.1\"" x 5.7\"" x 8.3\""""}",https://i.thriftbooks.com/api/imagehandler/m/78EA66987E13F4BE9581AC525053A58455B6A9F2.jpeg
Audrey Style,Pamela Clarke Keogh,"{""Format:"": ""Hardcover"", ""Language:"": ""English"", ""ISBN:"": ""0060193298"", ""Release Date:"": ""April 1999"", ""Publisher:"": ""HarperCollins Publishers"", ""Length:"": ""240 Pages"", ""Weight:"": ""1.60 lbs."", ""Dimensions:"": ""0.8\"" x 7.5\"" x 10.5\""""}",https://m.media-amazon.com/images/I/51G4mVAeBvL._SL350_.jpg
"Alligators, Old Mink & New Money: One Woman's Adventures in Vintage Clothing",Alison Houtte,"{""Format:"": ""Paperback"", ""Language:"": ""English"", ""ISBN:"": ""006078668X"", ""ISBN13:"": ""9780060786687"", ""Release Date:"": ""August 2006"", ""Publisher:"": ""William Morrow & Company"", ""Length:"": ""272 Pages"", ""Weight:"": ""0.60 lbs."", ""Dimensions:"": ""0.7\"" x 5.6\"" x 7.9\""""}",https://i.thriftbooks.com/api/imagehandler/m/B9AEFE5E840D25AB7958DDAE0A57DEA1CF13AB36.jpeg
More Big Girl Knits: 25 Designs Full of Color and Texture for Curvy Women,Jillian Moreno,"{""Format:"": ""Hardcover"", ""Language:"": ""English"", ""ISBN:"": ""0307353745"", ""ISBN13:"": ""9780307353740"", ""Release Date:"": ""April 2008"", ""Publisher:"": ""Potter Craft"", ""Length:"": ""160 Pages"", ""Weight:"": ""2.05 lbs."", ""Dimensions:"": ""0.6\"" x 8.8\"" x 11.1\""""}",https://i.thriftbooks.com/api/imagehandler/m/4C51A1AA4FF061D9C8AF7CB37BACCE6A2B3758A0.jpeg
Historic Costumes and How to Make Them,Mary Fernald,"{""Format:"": ""Paperback"", ""Language:"": ""English"", ""ISBN:"": ""0486449068"", ""ISBN13:"": ""9780486449067"", ""Release Date:"": ""June 2006"", ""Publisher:"": ""Dover Publications"", ""Length:"": ""176 Pages"", ""Weight:"": ""0.60 lbs."", ""Dimensions:"": ""0.5\"" x 5.5\"" x 8.5\""""}",https://i.thriftbooks.com/api/imagehandler/m/31CAEFC42832648A71F9881E02F33B3342B624D8.jpeg
"Sweet Needle Felts: 25 Projects to Wear, Give and Hug",Jean Docherty,"{""Format:"": ""Paperback"", ""Language:"": ""English"", ""ISBN:"": ""1600610390"", ""ISBN13:"": ""9781600610394"", ""Release Date:"": ""March 2008"", ""Publisher:"": ""North Light Books"", ""Length:"": ""128 Pages"", ""Weight:"": ""1.21 lbs."", ""Dimensions:"": ""0.4\"" x 8.3\"" x 10.7\""""}",https://i.thriftbooks.com/api/imagehandler/m/C2A92850559CD2A643E9EAC3E7DC623CC774E5AF.jpeg
A Thousand Days of Magic: Dressing Jacqueline Kennedy for the White House,Oleg Cassini,"{""Format:"": ""Hardcover"", ""Language:"": ""English"", ""ISBN:"": ""0847819000"", ""ISBN13:"": ""9780847819003"", ""Release Date:"": ""September 1995"", ""Publisher:"": ""Rizzoli International Publications"", ""Length:"": ""223 Pages"", ""Weight:"": ""3.15 lbs."", ""Dimensions:"": ""0.9\"" x 9.4\"" x 11.3\""""}",https://i.thriftbooks.com/api/imagehandler/m/FD9E45C5556A26F213DE2466BA82AA5E38F080F9.jpeg
"Easy Knits: Over 25 Simple Designs for Babies, Children and Adults",Debbie Bliss,"{""Format:"": ""Paperback"", ""Language:"": ""English"", ""ISBN:"": ""0312290144"", ""ISBN13:"": ""9780312290146"", ""Release Date:"": ""January 2002"", ""Publisher:"": ""St. Martin's Press"", ""Length:"": ""80 Pages"", ""Weight:"": ""0.85 lbs."", ""Dimensions:"": ""0.3\"" x 8.6\"" x 10.6\""""}",https://i.thriftbooks.com/api/imagehandler/m/837B7FCC797AF8268F007FA9B3BA41953B244113.jpeg
Beading: Bracelets Earrings Necklaces and More,Judy Ann Sadler,"{""Format:"": ""Paperback"", ""Language:"": ""English"", ""ISBN:"": ""1550743384"", ""ISBN13:"": ""9781550743388"", ""Release Date:"": ""September 1996"", ""Publisher:"": ""Kids Can Press"", ""Length:"": ""40 Pages"", ""Weight:"": ""0.25 lbs."", ""Dimensions:"": ""0.1\"" x 7.5\"" x 10.0\"""", ""Age Range:"": ""8 to 11 years"", ""Grade Range:"": ""Grades 3 to 6""}",https://i.thriftbooks.com/api/imagehandler/m/FDDF47E4991B14069BA2F2E0BCCB85CCA6A8D069.jpeg
"Sewing with Knits: Classic, Stylish Garments from Swimsuits to Eveningwear",Connie Long,"{""Format:"": ""Paperback"", ""Language:"": ""English"", ""ISBN:"": ""1561583111"", ""ISBN13:"": ""9781561583119"", ""Release Date:"": ""March 2000"", ""Publisher:"": ""Taunton Press"", ""Length:"": ""154 Pages"", ""Weight:"": ""1.00 lbs."", ""Dimensions:"": ""0.4\"" x 8.0\"" x 10.0\""""}",https://i.thriftbooks.com/api/imagehandler/m/6B8C42C9CA85AA711A0A785C1B622E1893B45516.jpeg
Portfolio Presentation for Fashion Designers,Linda Tain,"{""Format:"": ""Paperback"", ""Language:"": ""English"", ""ISBN:"": ""1563672529"", ""ISBN13:"": ""9781563672521"", ""Release Date:"": ""December 2003"", ""Publisher:"": ""Fairchild Publications"", ""Length:"": ""382 Pages"", ""Weight:"": ""2.20 lbs."", ""Dimensions:"": ""0.9\"" x 8.2\"" x 11.1\""""}",https://i.thriftbooks.com/api/imagehandler/m/81FEFEE4C5917E093A2FA6B45C50D60E7F993749.jpeg
Vogue Knitting Mittens & Gloves,Vogue Butterick Publishing,"{"""": """"}",https://i.thriftbooks.com/api/imagehandler/m/7537BCC955250D0D7AB199BEE5F52949A9C73C0F.jpeg
Knitting Beautiful Classics: 65 Great Sweaters from the Studios of Classic Elite,Kristin Nicholas,"{""Format:"": ""Hardcover"", ""Language:"": ""English"", ""ISBN:"": ""1887374361"", ""ISBN13:"": ""9781887374361"", ""Release Date:"": ""December 1999"", ""Publisher:"": ""Sterling"", ""Length:"": ""144 Pages"", ""Weight:"": ""1.70 lbs."", ""Dimensions:"": ""0.6\"" x 8.8\"" x 11.3\""""}",https://i.thriftbooks.com/api/imagehandler/m/7CB676B8E110236A35CABD130E132F1FC1C03AF1.jpeg
Knitting Classic Style: 35 Modern Designs Inspired by Fashion's Archives,Sara Cameron,"{""Format:"": ""Hardcover"", ""Language:"": ""English"", ""ISBN:"": ""158479576X"", ""ISBN13:"": ""9781584795766"", ""Release Date:"": ""September 2007"", ""Publisher:"": ""Harry N. Abrams"", ""Length:"": ""144 Pages"", ""Weight:"": ""1.85 lbs."", ""Dimensions:"": ""0.7\"" x 8.8\"" x 10.0\""""}",https://i.thriftbooks.com/api/imagehandler/m/1BCE308CC904067D459EC271F08B0215E85F569B.jpeg
Authentic American Indian Beadwork and How to Do It: With 50 Charts for Bead Weaving and 21 Full-Size Patterns for Applique,Pamela Stanley-Millner,"{"""": """"}",https://i.thriftbooks.com/api/imagehandler/m/41080DC8196FE5989769ACE2F78DEA05CBBA2353.jpeg
"Make Your Own Dress Patterns: With Over 1,000 How-To Illustrations: A Primer in Patternmaking for Those Who Like to Sew",Adele P. Margolis,"{""Format:"": ""Paperback"", ""Language:"": ""English"", ""ISBN:"": ""0486452549"", ""ISBN13:"": ""9780486452548"", ""Release Date:"": ""October 2006"", ""Publisher:"": ""Dover Publications"", ""Length:"": ""480 Pages"", ""Weight:"": ""1.45 lbs."", ""Dimensions:"": ""0.9\"" x 6.2\"" x 9.2\""""}",https://i.thriftbooks.com/api/imagehandler/m/7CE7D14EB6838DDE20B96AEEA03EE9D22C481353.jpeg
Felt Jewelry: 25 Pieces to Make Using a Variety of Simple Felting Techniques,Teresa Searle,"{"""": """"}",https://i.thriftbooks.com/api/imagehandler/m/9DD332DE987311FF9BB283C5E33A6E189BDECEB7.jpeg
Crocheted Sweaters Print on Demand Edition,Susan Huxley,"{""Format:"": ""Paperback"", ""Language:"": ""English"", ""ISBN:"": ""156477399X"", ""ISBN13:"": ""9781564773999"", ""Release Date:"": ""September 2001"", ""Publisher:"": ""Martingale and Company"", ""Length:"": ""130 Pages"", ""Weight:"": ""1.54 lbs."", ""Dimensions:"": ""0.3\"" x 8.5\"" x 11.0\""""}",https://i.thriftbooks.com/api/imagehandler/m/4DEB6BF0C3F6E1E0319374E6AA08BE0B8A9BAA1E.jpeg
Family Album,Kaffe Fassett,"{""Format:"": ""Hardcover"", ""Language:"": ""English"", ""ISBN:"": ""0517573857"", ""ISBN13:"": ""9780517573853"", ""Release Date:"": ""October 1989"", ""Publisher:"": ""Clarkson Potter Publishers"", ""Length:"": ""200 Pages"", ""Weight:"": ""2.90 lbs."", ""Dimensions:"": ""0.8\"" x 12.6\"" x 9.4\""""}",https://m.media-amazon.com/images/I/51MSpKr7pfL._SL350_.jpg
The Disney Book of Knitting,Debby Robinson,"{""Format:"": ""Hardcover"", ""Language:"": ""English"", ""ISBN:"": ""0312013558"", ""ISBN13:"": ""9780312013554"", ""Release Date:"": ""January 1987"", ""Publisher:"": ""St. Martin's Press"", ""Length:"": ""96 Pages"", ""Weight:"": ""1.55 lbs.""}",https://m.media-amazon.com/images/I/51zPKpo3TjL._SL350_.jpg
Vogue(r) Knitting American Collection,"Malcolm, Trisha","{""Format:"": ""Hardcover"", ""Language:"": ""English"", ""ISBN:"": ""1573890200"", ""ISBN13:"": ""9781573890205"", ""Release Date:"": ""December 2000"", ""Publisher:"": ""Sixth & Spring Books"", ""Length:"": ""160 Pages"", ""Weight:"": ""1.95 lbs."", ""Dimensions:"": ""0.7\"" x 9.3\"" x 11.6\""""}",https://m.media-amazon.com/images/I/51co9VOa9uL._SL350_.jpg
Upbeat and Happy-Go-Lucky Guitar and Piano Arrangements.,Sharon Lee Tate,"{""Format:"": ""Hardcover"", ""Language:"": ""English"", ""ISBN:"": ""0060466782"", ""ISBN13:"": ""9780060466787"", ""Release Date:"": ""January 1989"", ""Publisher:"": ""HarperCollins Publishers"", ""Length:"": ""432 Pages"", ""Weight:"": ""3.20 lbs.""}",https://m.media-amazon.com/images/I/51RsdTUneFL._SL350_.jpg
The Zapp Method of Couture Sewing: Tailor Garments Easily Using Any Pattern,Anna Zapp,"{""Format:"": ""Paperback"", ""Language:"": ""English"", ""ISBN:"": ""0873496817"", ""ISBN13:"": ""9780873496810"", ""Release Date:"": ""March 2004"", ""Publisher:"": ""Krause Publications"", ""Length:"": ""128 Pages"", ""Weight:"": ""1.05 lbs."", ""Dimensions:"": ""0.4\"" x 8.2\"" x 10.8\""""}",https://i.thriftbooks.com/api/imagehandler/m/D5DDD37A825DE294F03B4909AC8CF3449723FCD6.jpeg
Medieval Costume and How to Recreate It,Dorothy Hartley,"{"""": """"}",https://i.thriftbooks.com/api/imagehandler/m/B1D84CC6EFB9041EE0613250FF4FDBA7825725DE.jpeg
The Magic Garment: Principles of Costume Design,Rebecca Cunningham,"{""Format:"": ""Paperback"", ""Language:"": ""English"", ""ISBN:"": ""1577666135"", ""ISBN13:"": ""9781577666134"", ""Release Date:"": ""June 2009"", ""Publisher:"": ""Waveland Press"", ""Length:"": ""422 Pages"", ""Weight:"": ""0.05 lbs."", ""Dimensions:"": ""1.0\"" x 7.4\"" x 9.4\""""}",https://i.thriftbooks.com/api/imagehandler/m/83E3C34EB520E99526390F1CA871838D7B5043EA.jpeg
Creative Machine Knitting,Sally-Anne Elliott,"{"""": """"}",https://m.media-amazon.com/images/I/517RBKsVAdL._SL350_.jpg
The Hat Book: Creating Hats for Every Occasion,Juliet Bawden,"{"""": """"}",https://i.thriftbooks.com/api/imagehandler/m/BCA35B58C7B23060002E9E62520D0AAEE4B9C0D8.jpeg
Vintage Knits: Thirty Knitting Designs for Men and Women,Louisa Harding,"{"""": """"}",https://i.thriftbooks.com/api/imagehandler/m/BB250C45A70CF8BE4B8A484FA5F804EB4C11B3E1.jpeg
More Sensational Knitted Socks,Charlene Schurch,"{""Format:"": ""Paperback"", ""Language:"": ""English"", ""ISBN:"": ""1564777170"", ""Release Date:"": ""March 2007"", ""Publisher:"": ""Martingale"", ""Length:"": ""112 Pages"", ""Weight:"": ""1.00 lbs."", ""Dimensions:"": ""11.0\"" x 0.8\"" x 8.5\""""}",https://m.media-amazon.com/images/I/51wlCE7pi6L._SL350_.jpg
Authentic Victorian Fashion Patterns: A Complete Lady's Wardrobe,Kristina Harris,"{"""": """"}",https://i.thriftbooks.com/api/imagehandler/m/BB76A660711182AA716CB6D20C13357CBE3D9184.jpeg
Vogue Knitting Scarves,Trisha Malcolm,"{""Format:"": ""Hardcover"", ""Language:"": ""English"", ""ISBN:"": ""1573890146"", ""ISBN13:"": ""9781573890144"", ""Release Date:"": ""January 1999"", ""Publisher:"": ""Butterick Company"", ""Length:"": ""96 Pages"", ""Weight:"": ""0.50 lbs."", ""Dimensions:"": ""0.4\"" x 5.8\"" x 7.3\""""}",https://i.thriftbooks.com/api/imagehandler/m/3CB8C12FB181F38FA7926D7549A6835398C43EFC.jpeg
Today's Crochet: Sweaters from the Crochet Guild of America,Susan Huxley,"{""Format:"": ""Paperback"", ""Language:"": ""English"", ""ISBN:"": ""1564774872"", ""ISBN13:"": ""9781564774873"", ""Release Date:"": ""January 2003"", ""Publisher:"": ""Martingale and Company"", ""Length:"": ""96 Pages"", ""Weight:"": ""1.00 lbs."", ""Dimensions:"": ""0.3\"" x 8.4\"" x 10.7\""""}",https://i.thriftbooks.com/api/imagehandler/m/DAA82E530C9DE88BE9626EC9DE0F6F52266F0D4B.jpeg
Vogue Knitting Accessorize: Scarves Hats Ponchos Socks & Mittens,Vogue Knitting,"{""Format:"": ""Hardcover"", ""Language:"": ""English"", ""ISBN:"": ""1931543577"", ""ISBN13:"": ""9781931543576"", ""Release Date:"": ""September 2004"", ""Publisher:"": ""Sixth & Spring Books"", ""Length:"": ""160 Pages"", ""Weight:"": ""1.75 lbs."", ""Dimensions:"": ""0.7\"" x 10.3\"" x 8.8\""""}",https://i.thriftbooks.com/api/imagehandler/m/699F6761B263237DDC30D020A3488D21043FFBCC.jpeg
Beadwork Creates Beaded Bags,Jean Campbell,"{""Format:"": ""Paperback"", ""Language:"": ""English"", ""ISBN:"": ""1931499349"", ""ISBN13:"": ""9781931499347"", ""Release Date:"": ""September 2003"", ""Publisher:"": ""Interweave Press"", ""Length:"": ""136 Pages"", ""Weight:"": ""0.58 lbs."", ""Dimensions:"": ""0.4\"" x 4.3\"" x 10.0\""""}",https://i.thriftbooks.com/api/imagehandler/m/E8AB81CA77A0B4E75F28D80D7142276B22491447.jpeg
Nicky Epstein's Signature Scarves: Dazzling Designs to Knit,Nicky Epstein,"{""Format:"": ""Hardcover"", ""Language:"": ""English"", ""ISBN:"": ""1933027347"", ""ISBN13:"": ""9781933027340"", ""Release Date:"": ""July 2008"", ""Publisher:"": ""Nicky Epstein Books"", ""Length:"": ""160 Pages"", ""Weight:"": ""1.55 lbs."", ""Dimensions:"": ""0.7\"" x 7.2\"" x 10.5\""""}",https://i.thriftbooks.com/api/imagehandler/m/8A11CF2094A14AE9053E207E6C79712F469B224B.jpeg
Vogue(r) Knitting on the Go! Vintage Knits,TurtleMe,"{""Format:"": ""Hardcover"", ""Language:"": ""English"", ""ISBN:"": ""157389026X"", ""ISBN13:"": ""9781573890267"", ""Release Date:"": ""June 2001"", ""Publisher:"": ""Sixth & Spring Books"", ""Length:"": ""88 Pages"", ""Weight:"": ""0.50 lbs."", ""Dimensions:"": ""0.4\"" x 5.6\"" x 7.3\""""}",https://i.thriftbooks.com/api/imagehandler/m/5EBDE470FBDBC316B5461E1D53A08497A6DF2527.jpeg
Sew Subversive: Down and Dirty DIY for the Fabulous Fashionista,Melissa Rannels,"{""Format:"": ""Paperback"", ""Language:"": ""English"", ""ISBN:"": ""1561588091"", ""ISBN13:"": ""9781561588091"", ""Release Date:"": ""September 2006"", ""Publisher:"": ""Taunton Press"", ""Length:"": ""186 Pages"", ""Weight:"": ""1.20 lbs."", ""Dimensions:"": ""0.5\"" x 8.0\"" x 8.1\"""", ""Age Range:"": ""10 to 13 years"", ""Grade Range:"": ""Grades 5 to 8""}",https://i.thriftbooks.com/api/imagehandler/m/0E9A6F8760610552A654ED0AFE243B87650F81A3.jpeg
Easy Guide to Sewing Tops and T-Shirts: Sewing Companion Library,Marcy Tilton,"{"""": """"}",https://i.thriftbooks.com/api/imagehandler/m/C902C952D12C3C6F5C0A47C6EDF1D59094FDDB94.jpeg
The Sweater Chop Shop: Sewing One-Of-A-Kind Creations from Recycled Sweaters,Crispina Ffrench,"{""Format:"": ""Paperback"", ""Language:"": ""English"", ""ISBN:"": ""1603421556"", ""ISBN13:"": ""9781603421553"", ""Release Date:"": ""August 2009"", ""Publisher:"": ""Storey Publishing"", ""Length:"": ""174 Pages"", ""Weight:"": ""1.30 lbs."", ""Dimensions:"": ""0.5\"" x 8.9\"" x 8.6\""""}",https://i.thriftbooks.com/api/imagehandler/m/420C000AE8A06BA550277F25AF4241F3CDA8AAA7.jpeg
"Couture Crochet Workshop: Mastering Fit, Fashion, and Finesse",Lily Chin,"{"""": """"}",https://i.thriftbooks.com/api/imagehandler/m/18627AFE55BAA59B385CC054538F9B66706D9538.jpeg
Crochet Style,Sally Harding,"{""Format:"": ""Paperback"", ""Language:"": ""English"", ""ISBN:"": ""0345340817"", ""ISBN13:"": ""9780345340818"", ""Release Date:"": ""April 1987"", ""Publisher:"": ""Ballantine Books"", ""Length:"": ""120 Pages"", ""Weight:"": ""1.10 lbs.""}",https://m.media-amazon.com/images/I/51cbxpK-nZL._SL350_.jpg
Glorious Crocheted Sweaters,Nola Theiss,"{""Format:"": ""Hardcover"", ""Language:"": ""English"", ""ISBN:"": ""080696992X"", ""ISBN13:"": ""9780806969923"", ""Release Date:"": ""January 1989"", ""Publisher:"": ""Sterling Publishing (NY)"", ""Length:"": ""144 Pages"", ""Weight:"": ""1.80 lbs.""}",https://m.media-amazon.com/images/I/51czotndRHL._SL350_.jpg
Folk Shawls,Cheryl Oberle,"{"""": """"}",https://i.thriftbooks.com/api/imagehandler/m/641BD386306C90038E23DA0538E72110E972BD69.jpeg
No Time to Sew: Fast & Fabulous Patterns & Techniques for Sewing a Figure-Flattering Wardrobe,Sandra Betzina,"{""Format:"": ""Hardcover"", ""Language:"": ""English"", ""ISBN:"": ""0875967442"", ""ISBN13:"": ""9780875967448"", ""Release Date:"": ""October 1996"", ""Publisher:"": ""Rodale Books"", ""Length:"": ""213 Pages"", ""Weight:"": ""2.07 lbs."", ""Dimensions:"": ""0.9\"" x 8.6\"" x 11.1\""""}",https://i.thriftbooks.com/api/imagehandler/m/30CAEF729286D74462F2995CD48DD9F6A0415A94.jpeg
Great Crocheted Sweaters in a Weekend: 50 Easy and Enchanting Designs to Make,Chris Rankin,"{""Format:"": ""Hardcover"", ""Language:"": ""English"", ""ISBN:"": ""0806904410"", ""ISBN13:"": ""9780806904412"", ""Release Date:"": ""December 1899"", ""Publisher:"": ""Sterling Publishing (NY)"", ""Length:"": ""143 Pages"", ""Weight:"": ""1.70 lbs."", ""Dimensions:"": ""0.6\"" x 8.8\"" x 11.3\""""}",https://m.media-amazon.com/images/I/51HnCeW+jOL._SL350_.jpg
Wearable Quilts: Sewing Timeless Fashions Using Traditional Patterns,Roselyn Gadia-Smitley,"{""Format:"": ""Paperback"", ""Language:"": ""English"", ""ISBN:"": ""0806988002"", ""ISBN13:"": ""9780806988009"", ""Release Date:"": ""December 1899"", ""Publisher:"": ""Sterling Publishing (NY)"", ""Length:"": ""224 Pages"", ""Weight:"": ""1.82 lbs."", ""Dimensions:"": ""0.7\"" x 8.3\"" x 11.0\""""}",https://m.media-amazon.com/images/I/41ooArY9ahL._SL350_.jpg
Making Handbags & Purses: 50 Patterns & Designs from Casual to Corporate,Carol Parks,"{""Format:"": ""Hardcover"", ""Language:"": ""English"", ""ISBN:"": ""1579900127"", ""ISBN13:"": ""9781579900120"", ""Release Date:"": ""December 1899"", ""Publisher:"": ""Lark Books (NC)"", ""Length:"": ""128 Pages"", ""Weight:"": ""1.45 lbs."", ""Dimensions:"": ""0.6\"" x 8.9\"" x 10.3\""""}",https://i.thriftbooks.com/api/imagehandler/m/2B7A5D4DACA9B3CB1BF5B45B4C5158D9222CD12B.jpeg
Vogue Knitting Socks,Trisha Malcolm,"{""Format:"": ""Hardcover"", ""Language:"": ""English"", ""ISBN:"": ""1573890081"", ""ISBN13:"": ""9781573890083"", ""Release Date:"": ""December 1899"", ""Publisher:"": ""Butterick Publishing"", ""Length:"": ""95 Pages"", ""Weight:"": ""0.60 lbs."", ""Dimensions:"": ""0.5\"" x 5.9\"" x 7.5\""""}",https://i.thriftbooks.com/api/imagehandler/m/5C5F68C3BA4A24FC4BA93D118DBCAA714EDD81D4.jpeg
Scarf Style,Pam Allen,"{""Format:"": ""Paperback"", ""Language:"": ""English"", ""ISBN:"": ""1931499543"", ""ISBN13:"": ""9781931499545"", ""Release Date:"": ""September 2004"", ""Publisher:"": ""Interweave Press"", ""Length:"": ""152 Pages"", ""Weight:"": ""1.15 lbs."", ""Dimensions:"": ""0.5\"" x 8.5\"" x 9.0\""""}",https://i.thriftbooks.com/api/imagehandler/m/63F37ACEA49969A60A753D1C4927EE016440CE28.jpeg
The Knitter's Handy Book of Sweater Patterns: Basic Designs in Multiple Sizes and Gauges,Ann Budd,"{""Format:"": ""Spiral-bound"", ""Language:"": ""English"", ""ISBN:"": ""1931499438"", ""Release Date:"": ""September 2004"", ""Publisher:"": ""Krause Craft"", ""Length:"": ""224 Pages"", ""Weight:"": ""2.32 lbs."", ""Dimensions:"": ""9.6\"" x 1.1\"" x 8.1\""""}",https://m.media-amazon.com/images/I/41FRVxp+r8L._SL350_.jpg
Costume and Fashion: A Concise History,James Laver,"{""Format:"": ""Paperback"", ""Language:"": ""English"", ""ISBN:"": ""0500203482"", ""ISBN13:"": ""9780500203484"", ""Release Date:"": ""July 2002"", ""Publisher:"": ""Thames & Hudson"", ""Length:"": ""256 Pages"", ""Weight:"": ""1.40 lbs."", ""Dimensions:"": ""0.9\"" x 6.0\"" x 8.3\""""}",https://i.thriftbooks.com/api/imagehandler/m/55079FD35A637037C4B11FB7A3DA2C1BD985A335.jpeg
100 Hats to Knit & Crochet,Rita Weiss,"{""Format:"": ""Paperback"", ""Language:"": ""English"", ""ISBN:"": ""1402740409"", ""ISBN13:"": ""9781402740404"", ""Release Date:"": ""August 2006"", ""Publisher:"": ""Sterling"", ""Length:"": ""204 Pages"", ""Weight:"": ""1.85 lbs."", ""Dimensions:"": ""0.6\"" x 8.6\"" x 11.0\""""}",https://i.thriftbooks.com/api/imagehandler/m/0470049CA10B0A025E38784CBBEEE267298C369B.jpeg
The Button Craft Book,Dawn Cusick,"{""Format:"": ""Paperback"", ""Language:"": ""English"", ""ISBN:"": ""0806931981"", ""ISBN13:"": ""9780806931982"", ""Release Date:"": ""December 1899"", ""Publisher:"": ""Sterling Publishing (NY)"", ""Length:"": ""128 Pages"", ""Weight:"": ""0.95 lbs."", ""Dimensions:"": ""0.4\"" x 8.6\"" x 10.0\""""}",https://i.thriftbooks.com/api/imagehandler/m/55EBB812B7DD6A3B7ABBC1CA8741ED1A5BBD3E6E.jpeg
Fast Fit: Easy Pattern Alterations for Every Figure,Sandra Betzina,"{""Format:"": ""Paperback"", ""Language:"": ""English"", ""ISBN:"": ""1561586498"", ""ISBN13:"": ""9781561586493"", ""Release Date:"": ""September 2003"", ""Publisher:"": ""Taunton Press"", ""Length:"": ""256 Pages"", ""Weight:"": ""1.70 lbs."", ""Dimensions:"": ""0.6\"" x 6.4\"" x 10.7\""""}",https://i.thriftbooks.com/api/imagehandler/m/CE4B8204CCAF9383CE00766FCD4FF014EA699DC3.jpeg
Fit for Real People: Sew Great Clothes Using Any Pattern,Marta Alto,"{""Format:"": ""Hardcover"", ""Language:"": ""English"", ""ISBN:"": ""0935278508"", ""ISBN13:"": ""9780935278507"", ""Release Date:"": ""January 1998"", ""Publisher:"": ""Palmer Pletsch Pub"", ""Length:"": ""256 Pages"", ""Weight:"": ""2.23 lbs.""}",https://m.media-amazon.com/images/I/51G8Az6zpML._SL350_.jpg
Making Vintage Bags: 20 Original Sewing Patterns for Vintage Bags and Purses,Emma Brennan,"{""Format:"": ""Hardcover"", ""Language:"": ""English"", ""ISBN:"": ""1861084110"", ""ISBN13:"": ""9781861084118"", ""Release Date:"": ""March 2005"", ""Publisher:"": ""GMC Publications"", ""Length:"": ""172 Pages"", ""Weight:"": ""2.00 lbs."", ""Dimensions:"": ""0.7\"" x 8.6\"" x 11.1\""""}",https://i.thriftbooks.com/api/imagehandler/m/2B6E4AFBC097BCC2F996E037A66A08974D151751.jpeg
Vogue(r) Knitting Designer Knits,Vogue Knitting,"{""Format:"": ""Hardcover"", ""Language:"": ""English"", ""ISBN:"": ""157389009X"", ""ISBN13:"": ""9781573890090"", ""Release Date:"": ""December 1999"", ""Publisher:"": ""Sixth & Spring Books"", ""Length:"": ""160 Pages"", ""Weight:"": ""1.33 lbs."", ""Dimensions:"": ""0.6\"" x 9.3\"" x 11.6\""""}",https://i.thriftbooks.com/api/imagehandler/m/7580BF7A248364CA28F03B94545C4CF895A87713.jpeg
Power Sewing Step-By-Step,Sandra Betzina,"{""Format:"": ""Hardcover"", ""Language:"": ""English"", ""ISBN:"": ""1561583634"", ""ISBN13:"": ""9781561583638"", ""Release Date:"": ""August 2000"", ""Publisher:"": ""Taunton Press"", ""Length:"": ""240 Pages"", ""Weight:"": ""0.70 lbs."", ""Dimensions:"": ""1.2\"" x 9.3\"" x 10.9\""""}",https://i.thriftbooks.com/api/imagehandler/m/DB4FF07722B8BDBDCF5E52FB7FD4B045FF6241F1.jpeg
A Guide to Fashion Sewing,Connie Amaden-Crawford,"{""Format:"": ""Hardcover"", ""Language:"": ""English"", ""ISBN:"": ""0870057480"", ""ISBN13:"": ""9780870057489"", ""Release Date:"": ""January 1994"", ""Publisher:"": ""Fairchild Publications"", ""Length:"": ""338 Pages"", ""Weight:"": ""1.10 lbs."", ""Grade Range:"": ""Grades 11 to 12""}",https://m.media-amazon.com/images/I/41VwIGJkn9L._SL350_.jpg
Shirtmaking: Developing Skills for Fine Sewing,David Page Coffin,"{""Format:"": ""Paperback"", ""Language:"": ""English"", ""ISBN:"": ""1561582646"", ""ISBN13:"": ""9781561582648"", ""Release Date:"": ""October 1998"", ""Publisher:"": ""Taunton Press"", ""Length:"": ""192 Pages"", ""Weight:"": ""1.25 lbs."", ""Dimensions:"": ""0.4\"" x 7.9\"" x 9.9\""""}",https://i.thriftbooks.com/api/imagehandler/m/C82B91E86A65500946AD9E008BF951D7AA1A9CA7.jpeg
"It's a Wrap: Sewing Fabric Purses, Baskets, and Bowls",Susan Breier,"{"""": """"}",https://i.thriftbooks.com/api/imagehandler/m/D89C41C9A42BC9EE7447E6CBE94078B506202213.jpeg
Victorian Lace Today,Jane Sowerby,"{""Format:"": ""Hardcover"", ""Language:"": ""English"", ""ISBN:"": ""1933064072"", ""ISBN13:"": ""9781933064079"", ""Release Date:"": ""November 2006"", ""Publisher:"": ""XRX Books"", ""Length:"": ""196 Pages"", ""Weight:"": ""2.90 lbs."", ""Dimensions:"": ""0.8\"" x 10.3\"" x 11.1\""""}",https://i.thriftbooks.com/api/imagehandler/m/2A9AE7297B1F14F49798B69B9C529DD5B5A8B67C.jpeg
Patterns from Finished Clothes: Re-Creating the Clothes You Love,Tracy Doyle,"{""Format:"": ""Hardcover"", ""Language:"": ""English"", ""ISBN:"": ""0806948744"", ""ISBN13:"": ""9780806948744"", ""Release Date:"": ""January 1996"", ""Publisher:"": ""Sterling Publishing (NY)"", ""Length:"": ""127 Pages"", ""Weight:"": ""1.45 lbs."", ""Dimensions:"": ""0.6\"" x 8.8\"" x 10.3\""""}",https://m.media-amazon.com/images/I/41lcxmU11vL._SL350_.jpg
Patternmaking for Fashion Design 2e Reprint,Helen Joseph-Armstrong,"{""Format:"": ""Hardcover"", ""Language:"": ""English"", ""ISBN:"": ""067398026X"", ""ISBN13:"": ""9780673980267"", ""Release Date:"": ""January 1995"", ""Publisher:"": ""Addison Wesley Publishing Company"", ""Length:"": ""825 Pages"", ""Weight:"": ""4.45 lbs.""}",https://m.media-amazon.com/images/I/51VznDPzfRL._SL350_.jpg
Knitting Circles Around Socks: Knit Two at a Time on Circular Needles,Antje Gillingham,"{"""": """"}",https://m.media-amazon.com/images/I/61avEtPWOfL._SL350_.jpg
Sock Innovation: Knitting Techniques and Patterns for One-Of-A-Kind Socks,Cookie A.,"{""Format:"": ""Paperback"", ""Language:"": ""English"", ""ISBN:"": ""1596681098"", ""ISBN13:"": ""9781596681095"", ""Release Date:"": ""April 2009"", ""Publisher:"": ""Interweave Press"", ""Length:"": ""144 Pages"", ""Weight:"": ""1.10 lbs."", ""Dimensions:"": ""0.5\"" x 8.5\"" x 8.6\""""}",https://i.thriftbooks.com/api/imagehandler/m/ABF13ADCD06D50946B963A148D4B9B8C7A47A147.jpeg
"Bead Fantasies: Beautiful, Easy-To-Make Jewelry",Takako Samejima,"{""Format:"": ""Paperback"", ""Language:"": ""English"", ""ISBN:"": ""4889961283"", ""ISBN13:"": ""9784889961287"", ""Release Date:"": ""October 2003"", ""Publisher:"": ""Japan Publications Trading"", ""Length:"": ""84 Pages"", ""Weight:"": ""0.65 lbs."", ""Dimensions:"": ""0.4\"" x 7.8\"" x 7.7\""""}",https://i.thriftbooks.com/api/imagehandler/m/5F365354DC571FC9987E7ADE4E42ADD9D17EB216.jpeg
"Cool Crochet: 30 Hot, Fun Designs to Crochet and Wear",Melissa Leapman,"{"""": """"}",https://m.media-amazon.com/images/I/512wrB5s-bL._SL350_.jpg
Knitting Ganseys,Beth Brown-Reinsel,"{"""": """"}",https://i.thriftbooks.com/api/imagehandler/m/EEE8F71BA7DC83B2F301377632E4D0C9FD164175.jpeg
Easy Guide to Sewing Pants: Sewing Companion Library,Lynn Macintyre,"{"""": """"}",https://i.thriftbooks.com/api/imagehandler/m/6014DE8B2D09B3DBD23BE30BACB6C069A8A2924E.jpeg
Bag Boutique: Making Fabulous Purses and Totes,Amy Barickman,"{"""": """"}",https://i.thriftbooks.com/api/imagehandler/m/1F731678A9CB9173E4AF40C56F78B93E7FD0CBE8.jpeg
Felted Crochet,Jane Davis,"{""Format:"": ""Paperback"", ""Language:"": ""English"", ""ISBN:"": ""0873498879"", ""Release Date:"": ""September 2005"", ""Publisher:"": ""Krause Publications"", ""Length:"": ""128 Pages"", ""Weight:"": ""0.05 lbs."", ""Dimensions:"": ""10.5\"" x 0.3\"" x 8.0\""""}",https://m.media-amazon.com/images/I/61ZotdOQAEL._SL350_.jpg
"Sewing Lingerie That Fits: Stylish Underwear, Sleepwear, and Loungewear for Everyday Living",Karen Morris,"{"""": """"}",https://i.thriftbooks.com/api/imagehandler/m/E8AA179C2A91506020D0A56AA55AF33564EE9254.jpeg
Fishermen's Sweaters: 20 Exclusive Knitwear Designs for All Generations,Alice Starmore,"{""Format:"": ""Hardcover"", ""Language:"": ""English"", ""ISBN:"": ""0943955734"", ""ISBN13:"": ""9780943955735"", ""Release Date:"": ""January 1993"", ""Publisher:"": ""Trafalgar Square Publishing"", ""Length:"": ""128 Pages"", ""Weight:"": ""0.05 lbs.""}",https://m.media-amazon.com/images/I/51jPDY3d87L._SL350_.jpg
Rip It!: How to Deconstruct and Reconstruct the Clothes of Your Dreams,Elissa Meyrich,"{"""": """"}",https://i.thriftbooks.com/api/imagehandler/m/AB3A13F68B3DBD7BD7697FACC8636E36010AB5FC.jpeg
Hip Handbags: Creating & Embellishing 40 Great-Looking Bags,Valerie Van Arsdale Shrader,"{""Format:"": ""Hardcover"", ""Language:"": ""English"", ""ISBN:"": ""157990601X"", ""ISBN13:"": ""9781579906016"", ""Release Date:"": ""March 2005"", ""Publisher:"": ""Lark Books (NC)"", ""Length:"": ""128 Pages"", ""Weight:"": ""1.35 lbs."", ""Dimensions:"": ""0.7\"" x 8.9\"" x 10.4\""""}",https://i.thriftbooks.com/api/imagehandler/m/CD4D5E16777AF403760E42C9AB28CCECC667FEB7.jpeg
Custom Knits: Unleash Your Inner Designer with Top-Down and Improvisational Techniques,Wendy Bernard,"{""Format:"": ""Hardcover"", ""Language:"": ""English"", ""ISBN:"": ""1584797134"", ""ISBN13:"": ""9781584797135"", ""Release Date:"": ""September 2008"", ""Publisher:"": ""Harry N. Abrams"", ""Length:"": ""168 Pages"", ""Weight:"": ""2.15 lbs."", ""Dimensions:"": ""0.8\"" x 8.8\"" x 9.7\""""}",https://i.thriftbooks.com/api/imagehandler/m/4413B37FFF6C39DF769A5664D1DB6C2BD96818F5.jpeg
A is for Apron: 25 Fresh & Flirty Designs,Nathalie Mornu,"{""Format:"": ""Paperback"", ""Language:"": ""English"", ""ISBN:"": ""1600592015"", ""ISBN13:"": ""9781600592010"", ""Release Date:"": ""May 2008"", ""Publisher:"": ""Lark Books (NC)"", ""Length:"": ""144 Pages"", ""Weight:"": ""1.20 lbs."", ""Dimensions:"": ""0.5\"" x 9.0\"" x 9.0\""""}",https://i.thriftbooks.com/api/imagehandler/m/7F7E4C141F8EACCEC7427485A46B7F2D18AA0744.jpeg
Just Hats: Favorite Patterns to Knit and Crochet,Lion Brand Yarn Company,"{""Format:"": ""Paperback"", ""Language:"": ""English"", ""ISBN:"": ""1400080592"", ""ISBN13:"": ""9781400080595"", ""Release Date:"": ""August 2005"", ""Publisher:"": ""Clarkson Potter Publishers"", ""Length:"": ""112 Pages"", ""Weight:"": ""0.70 lbs."", ""Dimensions:"": ""0.3\"" x 7.4\"" x 7.5\""""}",https://i.thriftbooks.com/api/imagehandler/m/02441E32302495C39488D8EE8047A650DED3B437.jpeg
"The Decorated Bag: Embellishing Handbags, Purses, and Totes",Genevieve A Sterbenz,"{""Format:"": ""Paperback"", ""Language:"": ""English"", ""ISBN:"": ""158011296X"", ""ISBN13:"": ""9781580112963"", ""Release Date:"": ""January 2006"", ""Publisher:"": ""Creative Homeowner"", ""Length:"": ""143 Pages"", ""Weight:"": ""1.20 lbs."", ""Dimensions:"": ""0.4\"" x 8.7\"" x 9.4\""""}",https://i.thriftbooks.com/api/imagehandler/m/2D5AE7DED42665852F838B4011BF664E3F9CD2D7.jpeg
Simply Baby: 20 Adorable Knits for Baby's First Two Years,Debbie Bliss,"{""Format:"": ""Hardcover"", ""Language:"": ""English"", ""ISBN:"": ""1570763348"", ""ISBN13:"": ""9781570763342"", ""Release Date:"": ""August 2006"", ""Publisher:"": ""Trafalgar Square Books"", ""Length:"": ""144 Pages"", ""Weight:"": ""1.80 lbs."", ""Dimensions:"": ""0.7\"" x 9.1\"" x 9.0\""""}",https://i.thriftbooks.com/api/imagehandler/m/22B4B83169D11BA2D8C10F1036F4B443EFBD292C.jpeg
Easy Guide to Sewing Jackets: Sewing Companion Library,Cecilia Podolak,"{""Format:"": ""Paperback"", ""Language:"": ""English"", ""ISBN:"": ""1561580872"", ""ISBN13:"": ""9781561580873"", ""Release Date:"": ""August 1995"", ""Publisher:"": ""Taunton Press"", ""Length:"": ""112 Pages"", ""Weight:"": ""0.75 lbs."", ""Dimensions:"": ""0.4\"" x 8.0\"" x 10.0\""""}",https://i.thriftbooks.com/api/imagehandler/m/70480760A7B3A3597A1BD65711A6D8EF6A39B301.jpeg
The Total Tote Bag Book: Designer Totes to Craft and Carry,Jean Ray Laury,"{""Format:"": ""Hardcover"", ""Language:"": ""English"", ""ISBN:"": ""0800877934"", ""ISBN13:"": ""9780800877934"", ""Release Date:"": ""January 1977"", ""Publisher:"": ""Taplinger Publishing Company"", ""Length:"": ""160 Pages"", ""Weight:"": ""0.76 lbs.""}",https://m.media-amazon.com/images/I/51v5EcRGnSL._SL350_.jpg
Lion Brand Yarn: Just Scarves: Favorite Patterns to Knit and Crochet,Lion Brand Yarn Company,"{""Format:"": ""Paperback"", ""Language:"": ""English"", ""ISBN:"": ""1400080606"", ""ISBN13:"": ""9781400080601"", ""Release Date:"": ""August 2005"", ""Publisher:"": ""Potter Craft"", ""Length:"": ""112 Pages"", ""Weight:"": ""0.75 lbs."", ""Dimensions:"": ""0.3\"" x 7.4\"" x 7.2\""""}",https://i.thriftbooks.com/api/imagehandler/m/6F325F29213C4C55395A1483F78BE47125153712.jpeg
The Baby Knits Book: The Ultimate Collection of Knitwear Designs for Newborns to 3-Year-Olds,Debbie Bliss,"{""Format:"": ""Hardcover"", ""Language:"": ""English"", ""ISBN:"": ""1570762341"", ""ISBN13:"": ""9781570762345"", ""Release Date:"": ""March 2003"", ""Publisher:"": ""Trafalgar Square Publishing"", ""Length:"": ""128 Pages"", ""Weight:"": ""1.33 lbs."", ""Dimensions:"": ""0.6\"" x 8.7\"" x 11.1\""""}",https://i.thriftbooks.com/api/imagehandler/m/1B3823FDA681C0B92C35A90685BF9137438156EB.jpeg
Designing Knitwear,Deborah Newton,"{""Format:"": ""Hardcover"", ""Language:"": ""English"", ""ISBN:"": ""0942391063"", ""ISBN13:"": ""9780942391060"", ""Release Date:"": ""February 1992"", ""Publisher:"": ""Taunton Press"", ""Length:"": ""272 Pages"", ""Weight:"": ""2.60 lbs."", ""Dimensions:"": ""0.8\"" x 8.5\"" x 11.0\""""}",https://i.thriftbooks.com/api/imagehandler/m/EC5943786ACD421872584FE9608533532D152172.jpeg
Fair Isle Sweaters Simplified: Philosopher's Wool [With Book Comes W/Flaps],Ann Bourgeois,"{""Format:"": ""Paperback"", ""Language:"": ""English"", ""ISBN:"": ""1564773116"", ""ISBN13:"": ""9781564773111"", ""Release Date:"": ""June 2000"", ""Publisher:"": ""Martingale and Company"", ""Length:"": ""128 Pages"", ""Weight:"": ""0.05 lbs."", ""Dimensions:"": ""0.5\"" x 8.4\"" x 10.9\""""}",https://i.thriftbooks.com/api/imagehandler/m/18FF26D6183F1D58213686F406B86A434CC1F006.jpeg
Teach Yourself VISUALLY Sock Knitting,Laura Chau,"{""Format:"": ""Paperback"", ""Language:"": ""English"", ""ISBN:"": ""047027896X"", ""ISBN13:"": ""9780470278963"", ""Release Date:"": ""September 2008"", ""Publisher:"": ""Visual"", ""Length:"": ""224 Pages"", ""Weight:"": ""1.90 lbs."", ""Dimensions:"": ""0.6\"" x 7.9\"" x 8.9\""""}",https://i.thriftbooks.com/api/imagehandler/m/2DC2C3EEDE298226F704A304E3607556EC6356DE.jpeg
The Celtic Collection,Alice Starmore,"{""Format:"": ""Hardcover"", ""Language:"": ""English"", ""ISBN:"": ""1854701185"", ""ISBN13:"": ""9781854701183"", ""Release Date:"": ""January 1992"", ""Publisher:"": ""Anaya"", ""Length:"": ""144 Pages"", ""Weight:"": ""2.45 lbs.""}",https://m.media-amazon.com/images/I/514ZlZkoIiL._SL350_.jpg
Knitted Jackets: 2 Designs from Classic to Contemporary,Cheryl Oberle,"{""Format:"": ""Paperback"", ""Language:"": ""English"", ""ISBN:"": ""1596680261"", ""ISBN13:"": ""9781596680265"", ""Release Date:"": ""December 2008"", ""Publisher:"": ""Interweave Press"", ""Length:"": ""144 Pages"", ""Weight:"": ""1.10 lbs."", ""Dimensions:"": ""0.4\"" x 8.4\"" x 8.9\""""}",https://i.thriftbooks.com/api/imagehandler/m/77776D22F81FA15E90045EB171C78719F341C4DB.jpeg
Vogue(r) Knitting on the Go: Chunky Knits,Trisha Malcolm,"{""Format:"": ""Hardcover"", ""Language:"": ""English"", ""ISBN:"": ""193154302X"", ""ISBN13:"": ""9781931543026"", ""Release Date:"": ""December 2001"", ""Publisher:"": ""Sixth & Spring Books"", ""Length:"": ""95 Pages"", ""Weight:"": ""1.00 lbs."", ""Dimensions:"": ""0.5\"" x 5.8\"" x 7.3\""""}",https://i.thriftbooks.com/api/imagehandler/m/AB3E6B506CB1DC4E951C4FE4D0208D4EB6CA17AA.jpeg
Crochet Hats!: 15 Stylish Projects to Top It All Off,Candi Jensen,"{"""": """"}",https://i.thriftbooks.com/api/imagehandler/m/1EE85F952CF59E3717034AD10637908814DDDDD1.jpeg
"99 Ways to Cut, Sew, Trim, and Tie Your T-Shirt Into Something Special",Faith Blakeney,"{""Format:"": ""Spiral-bound"", ""Language:"": ""English"", ""ISBN:"": ""0307345564"", ""ISBN13:"": ""9780307345561"", ""Release Date:"": ""March 2006"", ""Publisher:"": ""Potter Craft"", ""Length:"": ""208 Pages"", ""Weight:"": ""1.10 lbs."", ""Dimensions:"": ""1.2\"" x 6.5\"" x 7.3\""""}",https://i.thriftbooks.com/api/imagehandler/m/8DD71D43E62AE5289AD384EA5529697F4082F049.jpeg
"Vintage Knits: 30 Exquisite Vintage-Inspired Patterns for Cardigans, Twin Sets, Crewnecks and More",Sarah Dallas,"{""Format:"": ""Paperback"", ""Language:"": ""English"", ""ISBN:"": ""0743224566"", ""ISBN13:"": ""9780743224567"", ""Release Date:"": ""August 2002"", ""Publisher:"": ""Fireside Books"", ""Length:"": ""128 Pages"", ""Weight:"": ""1.15 lbs."", ""Dimensions:"": ""0.4\"" x 8.8\"" x 10.0\""""}",https://i.thriftbooks.com/api/imagehandler/m/56AB82B529E8B52BAC2F506EE2FFA8CF6061D339.jpeg
Sew U: The Built by Wendy Guide to Making Your Own Wardrobe [With Patterns],Wendy Mullin,"{""Format:"": ""Spiral-bound"", ""Language:"": ""English"", ""ISBN:"": ""0821257404"", ""ISBN13:"": ""9780821257401"", ""Release Date:"": ""September 2006"", ""Publisher:"": ""Bulfinch Press"", ""Length:"": ""212 Pages"", ""Weight:"": ""1.70 lbs."", ""Dimensions:"": ""1.4\"" x 8.5\"" x 9.0\""""}",https://i.thriftbooks.com/api/imagehandler/m/F9616AD6EA2961CDBC40BAFE91F454239D88650C.jpeg
Traditional Knitted Lace Shawls,Martha Waterman,"{""Format:"": ""Paperback"", ""Language:"": ""English"", ""ISBN:"": ""1883010489"", ""ISBN13:"": ""9781883010485"", ""Release Date:"": ""January 1998"", ""Publisher:"": ""Interweave Press"", ""Length:"": ""112 Pages"", ""Weight:"": ""0.90 lbs."", ""Dimensions:"": ""0.3\"" x 8.5\"" x 9.0\""""}",https://i.thriftbooks.com/api/imagehandler/m/8C3A376311ABEBC1C55C37FA37BD72ED1293F6B7.jpeg
Beautiful Crocheted Sweaters,Patricia Bevans,"{"""": """"}",https://m.media-amazon.com/images/I/51faDt+luML._SL350_.jpg
"Sew Many Bags, Sew Little Time: Over 30 Simply Stylish Bags and Accessories",Sally Southern,"{""Format:"": ""Paperback"", ""Language:"": ""English"", ""ISBN:"": ""071532649X"", ""ISBN13:"": ""9780715326497"", ""Release Date:"": ""April 2008"", ""Publisher:"": ""David & Charles"", ""Length:"": ""128 Pages"", ""Weight:"": ""0.05 lbs."", ""Dimensions:"": ""0.4\"" x 8.3\"" x 10.7\""""}",https://i.thriftbooks.com/api/imagehandler/m/43ECDC2D8872B864399C54DD6C916824B585BEFE.jpeg
Easy Guide to Sewing Skirts: Sewing Companion Library,Marcy Tilton,"{""Format:"": ""Paperback"", ""Language:"": ""English"", ""ISBN:"": ""1561580880"", ""ISBN13:"": ""9781561580880"", ""Release Date:"": ""August 1995"", ""Publisher:"": ""Taunton Press"", ""Length:"": ""112 Pages"", ""Weight:"": ""0.75 lbs."", ""Dimensions:"": ""0.3\"" x 8.0\"" x 10.0\""""}",https://i.thriftbooks.com/api/imagehandler/m/CACEB874FBFA12A35C17AEE9A2E617AE102B92F7.jpeg
