Book Name,Authors,Info,Image URL
The Wealthy Barber: The Common Sense Guide to Successful Financial Planning,David Chilton,"{""Format:"": ""Paperback"", ""ISBN:"": ""0968394736"", ""ISBN13:"": ""9780968394731"", ""Release Date:"": ""February 2002"", ""Publisher:"": ""Stoddart Pub"", ""Length:"": ""197 Pages"", ""Weight:"": ""0.59 lbs.""}",https://images-na.ssl-images-amazon.com/images/I/51EB05PAA3L._SL160_.jpg
Wall Street Journal Guide to Understanding Money and Investing,Alan M. Siegel,"{""Format:"": ""Paperback"", ""Language:"": ""English"", ""ISBN:"": ""067189451X"", ""ISBN13:"": ""9780671894511"", ""Release Date:"": ""January 1993"", ""Publisher:"": ""Fireside Books"", ""Length:"": ""160 Pages"", ""Weight:"": ""3.65 lbs."", ""Dimensions:"": ""0.4\"" x 5.3\"" x 10.3\""""}",https://i.thriftbooks.com/api/imagehandler/m/2EA8BE954C4D107C7F7D268DCEC4AF3987E18454.jpeg
The Tipping Point: How Little Things Can Make a Big Difference,Malcolm Gladwell,"{""Format:"": ""Paperback"", ""Language:"": ""English"", ""ISBN:"": ""0316346624"", ""ISBN13:"": ""9780316346627"", ""Release Date:"": ""January 2002"", ""Publisher:"": ""Back Bay Books"", ""Length:"": ""304 Pages"", ""Weight:"": ""0.74 lbs."", ""Dimensions:"": ""0.9\"" x 5.4\"" x 8.1\""""}",https://i.thriftbooks.com/api/imagehandler/m/AA3D5A22DFD8E248E875867248C7E241E0102448.jpeg
Against the Gods: The Remarkable Story of Risk,Peter L. Bernstein,"{""Format:"": ""Hardcover"", ""Language:"": ""English"", ""ISBN:"": ""0471121045"", ""ISBN13:"": ""9780471121046"", ""Release Date:"": ""August 1996"", ""Publisher:"": ""Wiley"", ""Length:"": ""400 Pages"", ""Weight:"": ""0.83 lbs."", ""Dimensions:"": ""1.3\"" x 6.3\"" x 9.1\""""}",https://i.thriftbooks.com/api/imagehandler/m/380CDA56D6C3C66BD2D5B64F06A837C2227E4C7F.jpeg
The Essays of Warren Buffett: Lessons for Corporate America,Warren Buffett,"{""Format:"": ""Hardcover"", ""Language:"": ""English"", ""ISBN:"": ""0966446119"", ""ISBN13:"": ""9780966446111"", ""Release Date:"": ""April 2001"", ""Publisher:"": ""Cardozo Law Review"", ""Length:"": ""246 Pages"", ""Weight:"": ""0.85 lbs."", ""Dimensions:"": ""0.6\"" x 6.7\"" x 10.0\""""}",https://i.thriftbooks.com/api/imagehandler/m/6758BDD6EE278655C940A08C1756ACC64D6D8877.jpeg
Multiple Streams of Income: How to Generate a Lifetime of Unlimited Wealth,Robert G. Allen,"{""Format:"": ""Hardcover"", ""Language:"": ""English"", ""ISBN:"": ""0471381802"", ""ISBN13:"": ""9780471381808"", ""Release Date:"": ""March 2000"", ""Publisher:"": ""John Wiley & Sons"", ""Length:"": ""336 Pages"", ""Weight:"": ""1.46 lbs."", ""Dimensions:"": ""1.2\"" x 6.5\"" x 9.6\""""}",https://i.thriftbooks.com/api/imagehandler/m/E687AF02FD688ABE78A5835D9C602101258F1371.jpeg
Smart Women Finish Rich: 9 Steps to Achieving Financial Security and Funding Your Dreams,David Bach,"{""Format:"": ""Paperback"", ""Language:"": ""English"", ""ISBN:"": ""076791029X"", ""ISBN13:"": ""9780767910293"", ""Release Date:"": ""January 2002"", ""Publisher:"": ""Crown Business"", ""Length:"": ""352 Pages"", ""Weight:"": ""0.59 lbs."", ""Dimensions:"": ""0.8\"" x 5.3\"" x 8.0\""""}",https://i.thriftbooks.com/api/imagehandler/m/2EEC3FE7BE51BED6DF8505B5B0474C4C9F5B140C.jpeg
Rich Dad's Guide to Investing: What the Rich Invest in That the Poor and Middle Class Do Not!,Lechter Sharon L.,"{""Format:"": ""Paperback"", ""Language:"": ""English"", ""ISBN:"": ""0446677469"", ""ISBN13:"": ""9780446677462"", ""Release Date:"": ""January 2000"", ""Publisher:"": ""Warner Books (NY)"", ""Length:"": ""384 Pages"", ""Weight:"": ""1.14 lbs."", ""Dimensions:"": ""1.1\"" x 6.1\"" x 9.1\""""}",https://i.thriftbooks.com/api/imagehandler/m/DD50A62360D0CBB3B7F3FFD450E04499AD207BAB.jpeg
Accounting for Dummies,John A. Tracy,"{""Format:"": ""Paperback"", ""Language:"": ""English"", ""ISBN:"": ""0764578367"", ""ISBN13:"": ""9780764578366"", ""Release Date:"": ""December 2004"", ""Publisher:"": ""Wiley Publishing"", ""Length:"": ""386 Pages"", ""Weight:"": ""1.23 lbs."", ""Dimensions:"": ""0.9\"" x 7.3\"" x 9.4\""""}",https://i.thriftbooks.com/api/imagehandler/m/DAF7EBBC52B564F84F9ED5D3F96C4286F4063F81.jpeg
The 9 Steps to Financial Freedom: Practical and Spiritual Steps So You Can Stop Worrying,Suze Orman,"{""Format:"": ""Paperback"", ""Language:"": ""English"", ""ISBN:"": ""030734584X"", ""ISBN13:"": ""9780307345844"", ""Release Date:"": ""August 2006"", ""Publisher:"": ""Crown Currency"", ""Length:"": ""352 Pages"", ""Weight:"": ""0.60 lbs."", ""Dimensions:"": ""0.9\"" x 5.2\"" x 8.0\""""}",https://i.thriftbooks.com/api/imagehandler/m/0ABE1C7AEB679BC0DC977DEAE5923C16EB63322E.jpeg
The Financial Peace Planner: A Step-By-Step Guide to Restoring Your Family's Financial Health,Dave Ramsey,"{""Format:"": ""Paperback"", ""Language:"": ""English"", ""ISBN:"": ""014026468X"", ""ISBN13:"": ""9780140264685"", ""Release Date:"": ""January 1998"", ""Publisher:"": ""Penguin Books"", ""Length:"": ""288 Pages"", ""Weight:"": ""0.93 lbs."", ""Dimensions:"": ""0.7\"" x 7.4\"" x 9.3\"""", ""Age Range:"": ""18 years and up"", ""Grade Range:"": ""Postsecondary and higher""}",https://i.thriftbooks.com/api/imagehandler/m/5387BF0D53A2FF7F344775A4DBA61C17EE9F7865.jpeg
The 22 Immutable Laws of Marketing: Violate Them at Your Own Risk!,Al Ries,"{""Format:"": ""Paperback"", ""Language:"": ""English"", ""ISBN:"": ""0887306667"", ""Release Date:"": ""April 1994"", ""Publisher:"": ""HarperBusiness"", ""Length:"": ""143 Pages"", ""Weight:"": ""0.28 lbs."", ""Dimensions:"": ""8.0\"" x 0.4\"" x 5.3\""""}",https://m.media-amazon.com/images/I/41MclR3KoiL._SL350_.jpg
The Only Investment Guide You'll Ever Need,Andrew Tobias,"{""Format:"": ""Paperback"", ""Language:"": ""English"", ""ISBN:"": ""0544781937"", ""ISBN13:"": ""9780544781931"", ""Release Date:"": ""April 2016"", ""Publisher:"": ""Harper Business"", ""Length:"": ""320 Pages"", ""Weight:"": ""1.17 lbs."", ""Dimensions:"": ""1.0\"" x 5.3\"" x 7.9\""""}",https://i.thriftbooks.com/api/imagehandler/m/D0AC7AA349A3231ACCD8FA2F404A3559BF54FDE0.jpeg
"Rich Dad's Retire Young, Retire Rich: How to Get Rich Quickly and Stay Rich Forever!",Robert T. Kiyosaki,"{""Format:"": ""Paperback"", ""Language:"": ""English"", ""ISBN:"": ""0446678430"", ""ISBN13:"": ""9780446678438"", ""Release Date:"": ""January 2002"", ""Publisher:"": ""Business Plus"", ""Length:"": ""335 Pages"", ""Weight:"": ""1.00 lbs."", ""Dimensions:"": ""1.0\"" x 6.3\"" x 8.8\""""}",https://i.thriftbooks.com/api/imagehandler/m/6EA6C08154FD1141B1B9E97300DFABBD41056297.jpeg
"House of Gucci: A Sensational Story of Murder, Madness, Glamour, and Greed",Sara Gay Forden,"{""Format:"": ""Paperback"", ""Language:"": ""English"", ""ISBN:"": ""0060937750"", ""ISBN13:"": ""9780060937751"", ""Release Date:"": ""October 2001"", ""Publisher:"": ""Custom House"", ""Length:"": ""400 Pages"", ""Weight:"": ""1.38 lbs."", ""Dimensions:"": ""1.1\"" x 6.0\"" x 9.0\""""}",https://i.thriftbooks.com/api/imagehandler/m/6E6CC9F25A2DA7317CFC27E4A0B04FE3CE044C7F.jpeg
Crossing the Chasm,Geoffrey A. Moore,"{""Format:"": ""Paperback"", ""Language:"": ""English"", ""ISBN:"": ""0060517123"", ""ISBN13:"": ""9780060517120"", ""Release Date:"": ""August 2006"", ""Publisher:"": ""HarperBusiness"", ""Length:"": ""256 Pages"", ""Weight:"": ""0.45 lbs."", ""Dimensions:"": ""0.6\"" x 5.3\"" x 8.0\""""}",https://i.thriftbooks.com/api/imagehandler/m/25D1D4112657EF96EF8B0E4E922E1B3A574DEFFE.jpeg
Positioning: The Battle for Your Mind,Al Ries,"{""Format:"": ""Paperback"", ""Language:"": ""English"", ""ISBN:"": ""0071373586"", ""ISBN13:"": ""9780071373586"", ""Release Date:"": ""January 2001"", ""Publisher:"": ""McGraw-Hill Companies"", ""Length:"": ""224 Pages"", ""Weight:"": ""0.56 lbs."", ""Dimensions:"": ""0.5\"" x 5.3\"" x 7.9\""""}",https://i.thriftbooks.com/api/imagehandler/m/C8F4B8B2F36701299F83F45A5F96A031502EBAC0.jpeg
Yes!: 50 Scientifically Proven Ways to Be Persuasive,Steve J. Martin,"{""Format:"": ""Hardcover"", ""Language:"": ""English"", ""ISBN:"": ""1416570969"", ""ISBN13:"": ""9781416570967"", ""Release Date:"": ""June 2008"", ""Publisher:"": ""Free Press"", ""Length:"": ""258 Pages"", ""Weight:"": ""0.72 lbs."", ""Dimensions:"": ""1.0\"" x 5.3\"" x 8.2\""""}",https://i.thriftbooks.com/api/imagehandler/m/0BB316E78FA2F59814B01AA14C1E1F7E28CBA875.jpeg
How to Read a Financial Report,John A. Tracy,"{""Format:"": ""Paperback"", ""Language:"": ""English"", ""ISBN:"": ""0471327069"", ""ISBN13:"": ""9780471327066"", ""Release Date:"": ""February 1999"", ""Publisher:"": ""John Wiley & Sons"", ""Length:"": ""184 Pages"", ""Weight:"": ""1.05 lbs."", ""Dimensions:"": ""0.6\"" x 9.9\"" x 6.7\""""}",https://i.thriftbooks.com/api/imagehandler/m/4D9C9DE9AC266BC99DCBF6BFB94CE3F3A3BC2387.jpeg
The Copywriter's Handbook: A Step-By-Step Guide to Writing Copy That Sells,Robert W. Bly,"{""Format:"": ""Paperback"", ""Language:"": ""English"", ""ISBN:"": ""0805078045"", ""ISBN13:"": ""9780805078046"", ""Release Date:"": ""April 2006"", ""Publisher:"": ""Holt McDougal"", ""Length:"": ""410 Pages"", ""Weight:"": ""1.00 lbs."", ""Dimensions:"": ""0.7\"" x 6.0\"" x 8.2\""""}",https://i.thriftbooks.com/api/imagehandler/m/07FF095CA9D92F2B3AC9E363A31DE71F9B924FE9.jpeg
The 21 Success Secrets of Self-made Millionaires- How to Achieve Financial Independence Faster and Easier Than You Ever Thought Possible,Brian Tracy,"{""Format:"": ""Paperback"", ""ISBN:"": ""1576753964"", ""Release Date:"": ""January 2001"", ""Publisher:"": ""Executive Books"", ""Weight:"": ""0.30 lbs.""}",https://image-plz.thriftbooks.com/m/0D48964821CD4789B616E7932706AD3E.png
"It's Not How Good You Are, It's How Good You Want to Be",Paul Arden,"{""Format:"": ""Paperback"", ""Language:"": ""English"", ""ISBN:"": ""0714843377"", ""ISBN13:"": ""9780714843377"", ""Release Date:"": ""June 2003"", ""Publisher:"": ""Phaidon Press"", ""Length:"": ""128 Pages"", ""Weight:"": ""0.40 lbs."", ""Dimensions:"": ""0.6\"" x 4.8\"" x 7.0\""""}",https://i.thriftbooks.com/api/imagehandler/m/4EB8C06088AF329E7A45F26A9F5389D6856A7BA5.jpeg
Preparing for the Project Management Pmp (R) Certification Exam,Michael W. Newell,"{""Format:"": ""Paperback"", ""Language:"": ""English"", ""ISBN:"": ""0814471722"", ""ISBN13:"": ""9780814471722"", ""Release Date:"": ""January 2002"", ""Publisher:"": ""Amacom"", ""Length:"": ""384 Pages"", ""Weight:"": ""1.45 lbs."", ""Dimensions:"": ""1.2\"" x 6.0\"" x 9.0\""""}",https://i.thriftbooks.com/api/imagehandler/m/D9DFA3FD080822DA9DB16F395DDB6CC71A05A453.jpeg
The Mysterious Death of Mary Rogers: Sex and Culture in Nineteenth-Century New York,Amy Gilman Srebnick,"{""Format:"": ""Paperback"", ""Language:"": ""English"", ""ISBN:"": ""0195113926"", ""ISBN13:"": ""9780195113921"", ""Release Date:"": ""August 1997"", ""Publisher:"": ""Oxford University Press, USA"", ""Length:"": ""240 Pages"", ""Weight:"": ""0.50 lbs."", ""Dimensions:"": ""0.7\"" x 5.3\"" x 8.0\""""}",https://i.thriftbooks.com/api/imagehandler/m/AEC705E5A473063B9714BD3DFD679231011EBAAF.jpeg
Underwriting Democracy: Encouraging Free Enterprise and Democratic Reform Among the Soviets and in Eastern Europe,George Soros,"{""Format:"": ""Paperback"", ""Language:"": ""English"", ""ISBN:"": ""1586482270"", ""ISBN13:"": ""9781586482275"", ""Release Date:"": ""April 2004"", ""Publisher:"": ""PublicAffairs"", ""Length:"": ""258 Pages"", ""Weight:"": ""0.74 lbs."", ""Dimensions:"": ""0.8\"" x 5.6\"" x 8.2\""""}",https://i.thriftbooks.com/api/imagehandler/m/D39730D38B7F9924DA1B207DEB544C88B0934647.jpeg
Selling Sickness: How the World's Biggest Pharmaceutical Companies Are Turning Us All Into Patients,Alan Cassels,"{""Format:"": ""Hardcover"", ""Language:"": ""English"", ""ISBN:"": ""1560256974"", ""ISBN13:"": ""9781560256977"", ""Release Date:"": ""June 2005"", ""Publisher:"": ""Nation Books"", ""Length:"": ""254 Pages"", ""Weight:"": ""0.95 lbs."", ""Dimensions:"": ""0.9\"" x 8.3\"" x 5.8\""""}",https://i.thriftbooks.com/api/imagehandler/m/416623E62F9FC139D3435755B775C407479E535B.jpeg
Atlas of Global Development,World Bank Group,"{""Format:"": ""Paperback"", ""Language:"": ""English"", ""ISBN:"": ""0821385836"", ""ISBN13:"": ""9780821385838"", ""Release Date:"": ""April 2011"", ""Publisher:"": ""World Bank Publications"", ""Length:"": ""144 Pages"", ""Weight:"": ""0.90 lbs."", ""Dimensions:"": ""0.3\"" x 7.5\"" x 9.8\""""}",https://i.thriftbooks.com/api/imagehandler/m/3518312524327A74F34679D87C62D1698F0B38E0.jpeg
The Slave Trade,Hugh Thomas,"{""Format:"": ""Hardcover"", ""Language:"": ""English"", ""ISBN:"": ""0684810638"", ""Release Date:"": ""November 1997"", ""Publisher:"": ""Simon & Schuster"", ""Length:"": ""928 Pages"", ""Weight:"": ""3.00 lbs."", ""Dimensions:"": ""10.0\"" x 2.0\"" x 6.5\""""}",https://m.media-amazon.com/images/I/514M-Q8Kp5L._SL350_.jpg
Import Tariffs as Environmental Policy Instruments,C. Kraus,"{""Format:"": ""Hardcover"", ""Language:"": ""English"", ""ISBN:"": ""0792363183"", ""ISBN13:"": ""9780792363187"", ""Release Date:"": ""May 2000"", ""Publisher:"": ""Springer"", ""Length:"": ""249 Pages"", ""Weight:"": ""1.24 lbs."", ""Dimensions:"": ""0.7\"" x 6.1\"" x 9.2\""""}",https://i.thriftbooks.com/api/imagehandler/m/16360379253E653A175458CF407B656364F8752A.jpeg
International Management of the Environment: Pollution Control in North America,Emmett N. Lombard,"{"""": """"}",https://i.thriftbooks.com/api/imagehandler/m/287598681F995D64E658EBB546D7EA3370747B3C.jpeg
The 22 Immutable Laws of Branding,Al Ries,"{""Format:"": ""Paperback"", ""Language:"": ""English"", ""ISBN:"": ""0060007737"", ""Release Date:"": ""September 2002"", ""Publisher:"": ""Harper Business"", ""Length:"": ""272 Pages"", ""Weight:"": ""0.87 lbs."", ""Dimensions:"": ""9.3\"" x 0.7\"" x 7.4\""""}",https://m.media-amazon.com/images/I/41v3ORs3PPL._SL350_.jpg
How to Get Ideas,Jack Foster,"{""Format:"": ""Paperback"", ""Language:"": ""English"", ""ISBN:"": ""1576754308"", ""ISBN13:"": ""9781576754306"", ""Release Date:"": ""May 2007"", ""Publisher:"": ""Berrett-Koehler Publishers"", ""Length:"": ""232 Pages"", ""Weight:"": ""0.75 lbs."", ""Dimensions:"": ""0.6\"" x 5.4\"" x 8.4\""""}",https://i.thriftbooks.com/api/imagehandler/m/DADA345D2F6E907A1F74D89AA158B8EACBD2B907.jpeg
God Wants You to Be Rich,Paul Zane Pilzer,"{""Format:"": ""Paperback"", ""Language:"": ""English"", ""ISBN:"": ""0684825325"", ""ISBN13:"": ""9780684825328"", ""Release Date:"": ""March 1997"", ""Publisher:"": ""Touchstone Books"", ""Length:"": ""282 Pages"", ""Weight:"": ""0.62 lbs."", ""Dimensions:"": ""0.7\"" x 5.6\"" x 8.4\""""}",https://i.thriftbooks.com/api/imagehandler/m/DA6228F38DBC63B07C64421B4628B17C11C1CA3D.jpeg
Project Management for the 21st Century,Bennet P. Lientz,"{""Format:"": ""Paperback"", ""Language:"": ""English"", ""ISBN:"": ""0124499651"", ""ISBN13:"": ""9780124499652"", ""Release Date:"": ""January 1995"", ""Publisher:"": ""Academic Press"", ""Length:"": ""308 Pages"", ""Weight:"": ""0.75 lbs."", ""Dimensions:"": ""0.6\"" x 5.9\"" x 9.0\""""}",https://m.media-amazon.com/images/I/41i0dAghaYL._SL350_.jpg
Cultures and Organizations: Software for the Mind: Software for the Mind,Gert Jan Hofstede,"{""Format:"": ""Paperback"", ""Language:"": ""English"", ""ISBN:"": ""0071439595"", ""ISBN13:"": ""9780071439596"", ""Release Date:"": ""June 2004"", ""Publisher:"": ""McGraw-Hill"", ""Length:"": ""434 Pages"", ""Weight:"": ""1.35 lbs."", ""Dimensions:"": ""0.9\"" x 6.0\"" x 9.0\""""}",https://i.thriftbooks.com/api/imagehandler/m/0328F5114A037A40687F2F1F5D50155F5342A8EA.jpeg
Becoming a Real-Time Enterprise: Harnessing the Power of Rte to Maximize Competitive Advantage,Behnam Tabrizi,"{"""": """"}",https://i.thriftbooks.com/api/imagehandler/m/FFA3D0DA382862C3EC67196A1B2E6E156B6223E5.jpeg
Greening the Firm: The Politics of Corporate Environmentalism,Aseem Prakash,"{""Format:"": ""Paperback"", ""Language:"": ""English"", ""ISBN:"": ""052166487X"", ""ISBN13:"": ""9780521664875"", ""Release Date:"": ""April 2000"", ""Publisher:"": ""Cambridge University Press"", ""Length:"": ""196 Pages"", ""Weight:"": ""0.68 lbs."", ""Dimensions:"": ""0.5\"" x 6.0\"" x 9.0\""""}",https://i.thriftbooks.com/api/imagehandler/m/52A73A473FBA3BD593A13825316D48922F7DCC44.jpeg
Michael Jordan and the New Global Capitalism,Walter F. LaFeber,"{""Format:"": ""Paperback"", ""Language:"": ""English"", ""ISBN:"": ""0393323692"", ""ISBN13:"": ""9780393323696"", ""Release Date:"": ""September 2002"", ""Publisher:"": ""W. W. Norton & Company"", ""Length:"": ""222 Pages"", ""Weight:"": ""0.49 lbs."", ""Dimensions:"": ""0.6\"" x 5.4\"" x 8.2\""""}",https://i.thriftbooks.com/api/imagehandler/m/9C3DA9951B649B6715E079F40B74783013B2400D.jpeg
Financial Intelligence: A Manager's Guide to Knowing What the Numbers Really Mean,Joe Knight,"{""Format:"": ""Hardcover"", ""Language:"": ""English"", ""ISBN:"": ""1591397642"", ""ISBN13:"": ""9781591397649"", ""Release Date:"": ""January 2006"", ""Publisher:"": ""Harvard Business Review Press"", ""Length:"": ""272 Pages"", ""Weight:"": ""1.26 lbs."", ""Dimensions:"": ""1.0\"" x 6.4\"" x 9.6\""""}",https://i.thriftbooks.com/api/imagehandler/m/0A6F93F9B3B7328D0EB0DB7B7C5F65D293CCA393.jpeg
Permission Marketing: Turning Strangers Into Friends and Friends Into Customers,Seth Godin,"{""Format:"": ""Hardcover"", ""Language:"": ""English"", ""ISBN:"": ""0684856360"", ""ISBN13:"": ""9780684856360"", ""Release Date:"": ""May 1999"", ""Publisher:"": ""Simon & Schuster"", ""Length:"": ""256 Pages"", ""Weight:"": ""1.02 lbs."", ""Dimensions:"": ""1.0\"" x 5.8\"" x 7.7\""""}",https://i.thriftbooks.com/api/imagehandler/m/21F4BF7CA85859AF5AC2C8542E09CCB2E6CF0366.jpeg
Jeffrey Gitomer's Sales Bibles: The Ultimate Sales Resource,Jeffrey Gitomer,"{""Format:"": ""Hardcover"", ""Language:"": ""English"", ""ISBN:"": ""0061379409"", ""ISBN13:"": ""9780061379406"", ""Release Date:"": ""May 2008"", ""Publisher:"": ""Harper Business"", ""Length:"": ""304 Pages"", ""Weight:"": ""1.58 lbs."", ""Dimensions:"": ""0.9\"" x 6.3\"" x 9.3\""""}",https://i.thriftbooks.com/api/imagehandler/m/D1894726D5C4AE64F3204A3F81F06F864D9D6C4B.jpeg
"Options as a Strategic Investment, Third Edition: Third Edition",Lawrence G. McMillan,"{""Format:"": ""Paperback"", ""Language:"": ""English"", ""ISBN:"": ""0136360025"", ""ISBN13:"": ""9780136360025"", ""Release Date:"": ""January 1993"", ""Publisher:"": ""Prentice Hall Press"", ""Length:"": ""912 Pages"", ""Weight:"": ""0.04 lbs."", ""Dimensions:"": ""1.9\"" x 6.5\"" x 9.4\""""}",https://i.thriftbooks.com/api/imagehandler/m/8B8FD64F70142FD02CBB4C7CCB1ED070F0BEE4E1.jpeg
Sway: The Irresistible Pull of Irrational Behavior,Rom Brafman,"{""Format:"": ""Paperback"", ""Language:"": ""English"", ""ISBN:"": ""0385530609"", ""Release Date:"": ""June 2009"", ""Publisher:"": ""Broadway Books"", ""Length:"": ""206 Pages"", ""Weight:"": ""0.40 lbs."", ""Dimensions:"": ""8.0\"" x 0.6\"" x 5.2\""""}",https://m.media-amazon.com/images/I/31LBURJFyOL._SL350_.jpg
Ogilvy on Advertising,David Ogilvy,"{""Format:"": ""Paperback"", ""Language:"": ""English"", ""ISBN:"": ""039472903X"", ""Release Date:"": ""March 1985"", ""Publisher:"": ""Vintage"", ""Length:"": ""224 Pages"", ""Weight:"": ""1.32 lbs."", ""Dimensions:"": ""9.7\"" x 0.6\"" x 7.3\""""}",https://m.media-amazon.com/images/I/41zpbGExtbL._SL350_.jpg
Get a Financial Life: Personal Finance In Your Twenties and Thirties,Beth Kobliner,"{""Format:"": ""Paperback"", ""Language:"": ""English"", ""ISBN:"": ""0743264363"", ""Release Date:"": ""March 2009"", ""Publisher:"": ""Simon & Schuster"", ""Length:"": ""352 Pages"", ""Weight:"": ""0.40 lbs."", ""Dimensions:"": ""8.4\"" x 1.0\"" x 5.5\""""}",https://m.media-amazon.com/images/I/51WOofUX5zL._SL350_.jpg
The Accounting Game: Basic Accounting Fresh from the Lemonade Stand,Judith Orloff,"{""Format:"": ""Paperback"", ""Language:"": ""English"", ""ISBN:"": ""1402211864"", ""ISBN13:"": ""9781402211867"", ""Release Date:"": ""March 2008"", ""Publisher:"": ""Sourcebooks"", ""Length:"": ""192 Pages"", ""Weight:"": ""1.08 lbs."", ""Dimensions:"": ""0.5\"" x 8.5\"" x 10.9\""""}",https://i.thriftbooks.com/api/imagehandler/m/5606AFA8FC3DB37768E90E3893E5998E0FC85891.jpeg
The 16% Solution,Joel S. Moskowitz,"{""Format:"": ""Hardcover"", ""Language:"": ""English"", ""ISBN:"": ""0836280849"", ""ISBN13:"": ""9780836280845"", ""Release Date:"": ""November 1994"", ""Publisher:"": ""Andrews McMeel Publishing"", ""Length:"": ""198 Pages"", ""Weight:"": ""0.05 lbs."", ""Dimensions:"": ""0.8\"" x 7.4\"" x 9.3\""""}",https://i.thriftbooks.com/api/imagehandler/m/F8F71AA5046AA7005486F06FBC55539DDBE4E645.jpeg
Designing Brand Identity: An Essential Guide for the Entire Branding Team,Alina Wheeler,"{""Format:"": ""Hardcover"", ""Language:"": ""English"", ""ISBN:"": ""0470401427"", ""ISBN13:"": ""9780470401422"", ""Release Date:"": ""August 2009"", ""Publisher:"": ""John Wiley & Sons"", ""Length:"": ""310 Pages"", ""Weight:"": ""2.85 lbs."", ""Dimensions:"": ""0.9\"" x 8.8\"" x 11.0\""""}",https://i.thriftbooks.com/api/imagehandler/m/59A98B20A5D648549135610AA2A3459AAEE8F860.jpeg
The Brand Gap: Revised Edition,Marty Neumeier,"{""Format:"": ""Paperback"", ""Language:"": ""English"", ""ISBN:"": ""0321348109"", ""ISBN13:"": ""9780321348104"", ""Release Date:"": ""August 2005"", ""Publisher:"": ""New Riders Publishing"", ""Length:"": ""208 Pages"", ""Weight:"": ""0.65 lbs."", ""Dimensions:"": ""0.6\"" x 5.3\"" x 8.0\""""}",https://i.thriftbooks.com/api/imagehandler/m/F9EC7C06AD2804D54F22521DCEBAE470B14BDA33.jpeg
Guerrilla Marketing: Easy and Inexpensive Strategies for Making Big Profits from Your Small Business,Jay Conrad Levinson,"{""Format:"": ""Paperback"", ""Language:"": ""English"", ""ISBN:"": ""0618785914"", ""ISBN13:"": ""9780618785919"", ""Release Date:"": ""May 2007"", ""Publisher:"": ""Harper Business"", ""Length:"": ""384 Pages"", ""Weight:"": ""0.88 lbs."", ""Dimensions:"": ""0.9\"" x 6.0\"" x 9.0\""""}",https://i.thriftbooks.com/api/imagehandler/m/E99A270A13E5A9F247DC6801958FCB5648B94C67.jpeg
The Executor's Guide: Settling a Loved One's Estate or Trust,Mary Randolph,"{""Format:"": ""Paperback"", ""Language:"": ""English"", ""ISBN:"": ""1413306551"", ""ISBN13:"": ""9781413306552"", ""Release Date:"": ""February 2008"", ""Publisher:"": ""NOLO"", ""Length:"": ""507 Pages"", ""Weight:"": ""1.85 lbs."", ""Dimensions:"": ""1.1\"" x 7.0\"" x 9.1\""""}",https://i.thriftbooks.com/api/imagehandler/m/FCC01E8A7559C5FFECA2DC013C3799AA06FE6902.jpeg
The Alchemy of Finance: Reading the Mind of the Market,George Soros,"{""Format:"": ""Paperback"", ""Language:"": ""English"", ""ISBN:"": ""0471042064"", ""ISBN13:"": ""9780471042068"", ""Release Date:"": ""May 1994"", ""Publisher:"": ""Wiley"", ""Length:"": ""384 Pages"", ""Weight:"": ""1.45 lbs."", ""Dimensions:"": ""1.1\"" x 6.0\"" x 9.0\""""}",https://i.thriftbooks.com/api/imagehandler/m/BC5E564DD17598629F7AC3EF0D7F097B1BE9E4B6.jpeg
Technical Analysis of the Future's Markets: A Comprehensive Guide to Trading Methods and Applications,John J. Murphy,"{""Format:"": ""Mass Market Paperback"", ""Language:"": ""English"", ""ISBN:"": ""013898008X"", ""ISBN13:"": ""9780138980085"", ""Release Date:"": ""March 1986"", ""Publisher:"": ""Prentice Hall Press"", ""Length:"": ""1289 Pages"", ""Weight:"": ""2.89 lbs."", ""Dimensions:"": ""1.8\"" x 7.3\"" x 9.6\""""}",https://i.thriftbooks.com/api/imagehandler/m/6C506C0B687BD0944384F7CF4A314AFDA68FC013.jpeg
"Manias, Panics, and Crashes: A History of Financial Crises",Robert Z. Aliber,"{""Format:"": ""Paperback"", ""Language:"": ""English"", ""ISBN:"": ""0471467146"", ""ISBN13:"": ""9780471467144"", ""Release Date:"": ""October 2005"", ""Publisher:"": ""John Wiley & Sons"", ""Length:"": ""309 Pages"", ""Weight:"": ""0.85 lbs."", ""Dimensions:"": ""1.0\"" x 5.3\"" x 8.7\""""}",https://i.thriftbooks.com/api/imagehandler/m/6231353B8FC54711DF11B7F7C16A6380D0EDC683.jpeg
Intermediate Accounting,Terry D Warfield,"{""Format:"": ""Hardcover"", ""Language:"": ""English"", ""ISBN:"": ""1118743202"", ""ISBN13:"": ""9781118743201"", ""Release Date:"": ""April 2016"", ""Publisher:"": ""Wiley"", ""Length:"": ""1552 Pages"", ""Weight:"": ""6.82 lbs."", ""Dimensions:"": ""1.9\"" x 8.9\"" x 11.0\""""}",https://m.media-amazon.com/images/I/517jMseJ3GL._SL350_.jpg
Loop-Holes of the Rich: How the Rich Legally Make More Money & Pay Less Tax,Diane Kennedy,"{""Format:"": ""Paperback"", ""Language:"": ""English"", ""ISBN:"": ""0446678325"", ""ISBN13:"": ""9780446678322"", ""Release Date:"": ""June 2001"", ""Publisher:"": ""Warner Books (NY)"", ""Length:"": ""384 Pages"", ""Weight:"": ""0.95 lbs."", ""Dimensions:"": ""1.1\"" x 5.9\"" x 9.1\""""}",https://i.thriftbooks.com/api/imagehandler/m/A01A4937F0E24EE0E905EBCE3B654C543CFEA90D.jpeg
Accounting Made Simple: Accounting Explained in 100 Pages or Less (Financial Topics in 100 Pages or Less),Mike Piper,"{""Format:"": ""Paperback"", ""Language:"": ""English"", ""ISBN:"": ""0981454224"", ""Release Date:"": ""January 2013"", ""Publisher:"": ""Simple Subjects, LLC"", ""Length:"": ""114 Pages"", ""Weight:"": ""0.85 lbs."", ""Dimensions:"": ""8.0\"" x 0.3\"" x 5.0\""""}",https://m.media-amazon.com/images/I/41ItQkXvcdL._SL350_.jpg
Unconventional Success: A Fundamental Approach to Personal Investment,David F. Swensen,"{""Format:"": ""Hardcover"", ""Language:"": ""English"", ""ISBN:"": ""0743228383"", ""ISBN13:"": ""9780743228381"", ""Release Date:"": ""August 2005"", ""Publisher:"": ""Free Press"", ""Length:"": ""416 Pages"", ""Weight:"": ""1.33 lbs."", ""Dimensions:"": ""1.3\"" x 6.4\"" x 9.3\""""}",https://i.thriftbooks.com/api/imagehandler/m/3572CA7E1FAC103BF33B3C888A60291D41313D40.jpeg
"Endless Referrals: Network Your Everyday Contacts Into Sales, New & Updated Edition",Bob Burg,"{""Format:"": ""Paperback"", ""Language:"": ""English"", ""ISBN:"": ""0070089973"", ""ISBN13:"": ""9780070089976"", ""Release Date:"": ""October 1998"", ""Publisher:"": ""McGraw-Hill Companies"", ""Length:"": ""257 Pages"", ""Weight:"": ""0.89 lbs."", ""Dimensions:"": ""0.8\"" x 6.0\"" x 9.0\""""}",https://i.thriftbooks.com/api/imagehandler/m/2237F7D82761F454EF6F98C16A05C3D167EE976F.jpeg
Globalization and Its Discontents,Joseph E. Stiglitz,"{""Format:"": ""Paperback"", ""Language:"": ""English"", ""ISBN:"": ""0393324397"", ""ISBN13:"": ""9780393324396"", ""Release Date:"": ""April 2003"", ""Publisher:"": ""W. W. Norton & Company"", ""Length:"": ""304 Pages"", ""Weight:"": ""0.65 lbs."", ""Dimensions:"": ""0.8\"" x 5.5\"" x 8.2\""""}",https://i.thriftbooks.com/api/imagehandler/m/6DD9CC87D1497E205C7EA14C2799CBE0BE88F00C.jpeg
The Hidden Persuaders: The naked Society and the Status Seekers,Vance Packard,"{""Format:"": ""Paperback"", ""Language:"": ""English"", ""ISBN:"": ""0671771620"", ""ISBN13:"": ""9780671771621"", ""Release Date:"": ""May 1970"", ""Publisher:"": ""Pocket Bppls"", ""Length:"": ""242 Pages"", ""Weight:"": ""0.35 lbs.""}",https://m.media-amazon.com/images/I/41REepTeOHL._SL350_.jpg
Small Business Marketing for Dummies?,Barbara Findlay Schenck,"{""Format:"": ""Paperback"", ""Language:"": ""English"", ""ISBN:"": ""0764553097"", ""ISBN13:"": ""9780764553097"", ""Release Date:"": ""April 2001"", ""Publisher:"": ""For Dummies"", ""Length:"": ""384 Pages"", ""Weight:"": ""1.30 lbs."", ""Dimensions:"": ""0.9\"" x 7.4\"" x 9.2\""""}",https://i.thriftbooks.com/api/imagehandler/m/595259132438C84AC4C6CFD577EDBBC5FC994003.jpeg
Bad Samaritans: The Myth of Free Trade and the Secret History of Capitalism,Ha-Joon Chang,"{""Format:"": ""Hardcover"", ""Language:"": ""English"", ""ISBN:"": ""1596913991"", ""Release Date:"": ""December 2007"", ""Publisher:"": ""Bloomsbury Press"", ""Length:"": ""288 Pages"", ""Weight:"": ""1.20 lbs."", ""Dimensions:"": ""9.1\"" x 1.2\"" x 6.7\""""}",https://m.media-amazon.com/images/I/41ZiGASHv3L._SL350_.jpg
The Coming Collapse of China,Gordon G. Chang,"{""Format:"": ""Paperback"", ""Language:"": ""English"", ""ISBN:"": ""0812977564"", ""ISBN13:"": ""9780812977561"", ""Release Date:"": ""July 2001"", ""Publisher:"": ""Random House"", ""Length:"": ""368 Pages"", ""Weight:"": ""0.78 lbs."", ""Dimensions:"": ""0.9\"" x 6.0\"" x 8.9\""""}",https://i.thriftbooks.com/api/imagehandler/m/1063520D5E88AF0D3371B3FC3925EE6C106EFA35.jpeg
Scientific Advertising,Claude C. Hopkins,"{""Format:"": ""Paperback"", ""Language:"": ""English"", ""ISBN:"": ""1684112869"", ""ISBN13:"": ""9781684112869"", ""Release Date:"": ""February 2017"", ""Publisher:"": ""Stanford Inversiones Spa"", ""Length:"": ""76 Pages"", ""Weight:"": ""0.72 lbs."", ""Dimensions:"": ""0.2\"" x 8.5\"" x 11.0\""""}",https://i.thriftbooks.com/api/imagehandler/m/B00728D5B78FAE6E9B20909CA365B6003A6F255B.jpeg
Accounting for Non-Accountants: The Fast and Easy Way to Learn the Basics,Wayne A. Label,"{""Format:"": ""Paperback"", ""Language:"": ""English"", ""ISBN:"": ""1402222637"", ""ISBN13:"": ""9781402222634"", ""Release Date:"": ""January 2010"", ""Publisher:"": ""Sourcebooks"", ""Length:"": ""225 Pages"", ""Weight:"": ""0.90 lbs."", ""Dimensions:"": ""0.6\"" x 6.7\"" x 9.0\""""}",https://i.thriftbooks.com/api/imagehandler/m/6DAFAA3D82541641F75C13C2268CA3D413D97EFB.jpeg
Nonprofit Bookkeeping and Accounting for Dummies,Sharon Farris,"{""Format:"": ""Paperback"", ""Language:"": ""English"", ""ISBN:"": ""0470432365"", ""ISBN13:"": ""9780470432365"", ""Release Date:"": ""May 2009"", ""Publisher:"": ""For Dummies"", ""Length:"": ""368 Pages"", ""Weight:"": ""1.23 lbs."", ""Dimensions:"": ""0.9\"" x 7.3\"" x 9.3\""""}",https://i.thriftbooks.com/api/imagehandler/m/98325FCE3296399CA23BB02F6C3DFD41440F2E13.jpeg
New Ideas from Dead Economists: An Introduction to Modern Economic Thought,Todd G. Buchholz,"{""Format:"": ""Paperback"", ""Language:"": ""English"", ""ISBN:"": ""0452288444"", ""ISBN13:"": ""9780452288447"", ""Release Date:"": ""April 2007"", ""Publisher:"": ""Plume Books"", ""Length:"": ""346 Pages"", ""Weight:"": ""0.67 lbs."", ""Dimensions:"": ""0.9\"" x 5.2\"" x 7.9\"""", ""Age Range:"": ""18 years and up"", ""Grade Range:"": ""Postsecondary and higher""}",https://i.thriftbooks.com/api/imagehandler/m/032B4EE0E8083A9423A9E1766BDB674C8D7E3F4C.jpeg
The Ultimate Marketing Plan: Find Your Hook. Communicate Your Message. Make Your Mark.,Dan S. Kennedy,"{""Format:"": ""Paperback"", ""Language:"": ""English"", ""ISBN:"": ""1593374968"", ""Release Date:"": ""April 2006"", ""Publisher:"": ""Adams Media"", ""Length:"": ""240 Pages"", ""Weight:"": ""0.10 lbs."", ""Dimensions:"": ""9.0\"" x 0.6\"" x 6.0\""""}",https://m.media-amazon.com/images/I/514a+svwVNL._SL350_.jpg
Where Are the Customers' Yachts?: or A Good Hard Look at Wall Street,Fred Schwed Jr.,"{""Format:"": ""Paperback"", ""Language:"": ""English"", ""ISBN:"": ""0471770892"", ""Release Date:"": ""January 2006"", ""Publisher:"": ""Wiley"", ""Length:"": ""208 Pages"", ""Weight:"": ""0.50 lbs."", ""Dimensions:"": ""8.4\"" x 0.7\"" x 5.4\""""}",https://m.media-amazon.com/images/I/51r4HP0kO8L._SL350_.jpg
Estate Planning For Dummies,N. Brian Caverly,"{""Format:"": ""Paperback"", ""Language:"": ""English"", ""ISBN:"": ""0764555014"", ""Release Date:"": ""February 2003"", ""Publisher:"": ""For Dummies"", ""Length:"": ""384 Pages"", ""Weight:"": ""1.35 lbs."", ""Dimensions:"": ""9.1\"" x 1.1\"" x 7.3\""""}",https://m.media-amazon.com/images/I/51Yq63evgDL._SL350_.jpg
Eat the Rich: A Treatise on Economics,P.J. O'Rourke,"{""Format:"": ""Hardcover"", ""Language:"": ""English"", ""ISBN:"": ""0871137194"", ""ISBN13:"": ""9780871137197"", ""Release Date:"": ""January 1998"", ""Publisher:"": ""Grove/Atlantic"", ""Length:"": ""246 Pages"", ""Weight:"": ""1.15 lbs."", ""Dimensions:"": ""0.9\"" x 6.3\"" x 9.3\""""}",https://i.thriftbooks.com/api/imagehandler/m/7D58D0BEBEF941C8C13C786A20123230673B79EE.jpeg
"A Technique for Producing Ideas: The simple, five-step formula anyone can use to be more creative in business and in life!",James Webb Young,"{""Format:"": ""Paperback"", ""Language:"": ""English"", ""ISBN:"": ""1434102750"", ""ISBN13:"": ""9781434102751"", ""Release Date:"": ""July 2009"", ""Publisher:"": ""Waking Lion Press"", ""Length:"": ""38 Pages"", ""Weight:"": ""0.15 lbs."", ""Dimensions:"": ""8.5\"" x 0.1\"" x 5.5\""""}",https://m.media-amazon.com/images/I/41Y0ihc836L._SL350_.jpg
Integrity Selling for the 21st Century: How to Sell the Way People Want to Buy,Ron Willingham,"{""Format:"": ""Hardcover"", ""Language:"": ""English"", ""ISBN:"": ""0385509561"", ""Release Date:"": ""June 2003"", ""Publisher:"": ""Currency Doubleday"", ""Length:"": ""210 Pages"", ""Weight:"": ""0.57 lbs."", ""Dimensions:"": ""9.5\"" x 0.9\"" x 6.3\""""}",https://m.media-amazon.com/images/I/41qvXW2pMwL._SL350_.jpg
Why Smart People Make Big Money Mistakes--And How to Correct Them: Lessons from the New Science of Behavioral Economics,Thomas Gilovich,"{""Format:"": ""Hardcover"", ""Language:"": ""English"", ""ISBN:"": ""0684844931"", ""ISBN13:"": ""9780684844930"", ""Release Date:"": ""January 1999"", ""Publisher:"": ""Simon & Schuster"", ""Length:"": ""220 Pages"", ""Weight:"": ""1.04 lbs."", ""Dimensions:"": ""0.9\"" x 6.4\"" x 9.6\""""}",https://i.thriftbooks.com/api/imagehandler/m/B194ABBE2912022FE92301682622F2D8A9275C15.jpeg
Critical Thinking: Tools for Taking Charge of Your Professional and Personal Life,Richard Paul,"{"""": """"}",https://i.thriftbooks.com/api/imagehandler/m/6959E5A27E0DF23C189557B904CAB5D02666031B.jpeg
"Customer Satisfaction Is Worthless, Customer Loyalty Is Priceless: How to Make Customers Love You, Keep Them Coming Back and Tell Everyone They Know",Jeffrey Gitomer,"{""Format:"": ""Hardcover"", ""Language:"": ""English"", ""ISBN:"": ""188516730X"", ""ISBN13:"": ""9781885167309"", ""Release Date:"": ""June 1998"", ""Publisher:"": ""Bard Press (TX)"", ""Length:"": ""288 Pages"", ""Weight:"": ""1.20 lbs."", ""Dimensions:"": ""1.3\"" x 5.9\"" x 9.1\""""}",https://i.thriftbooks.com/api/imagehandler/m/3664DFB4CD3F94F4EA92416D785417ADE6F70845.jpeg
The Adweek Copywriting Handbook: The Ultimate Guide to Writing Powerful Advertising and Marketing Copy from One of America's Top Copywriters,Joseph Sugarman,"{""Format:"": ""Paperback"", ""Language:"": ""English"", ""ISBN:"": ""0470051248"", ""ISBN13:"": ""9780470051245"", ""Release Date:"": ""December 2006"", ""Publisher:"": ""Wiley"", ""Length:"": ""368 Pages"", ""Weight:"": ""0.55 lbs."", ""Dimensions:"": ""0.7\"" x 7.5\"" x 9.2\""""}",https://i.thriftbooks.com/api/imagehandler/m/F8603F786D1C1742305F0FD673362F72948AB818.jpeg
"The Travels of A T-Shirt in the Global Economy: An Economist Examines the Markets, Power, and Politics of World Trade",Pietra Rivoli,"{""Format:"": ""Paperback"", ""Language:"": ""English"", ""ISBN:"": ""0470287160"", ""ISBN13:"": ""9780470287163"", ""Release Date:"": ""February 2009"", ""Publisher:"": ""John Wiley & Sons"", ""Length:"": ""316 Pages"", ""Weight:"": ""0.88 lbs."", ""Dimensions:"": ""0.9\"" x 6.5\"" x 9.0\""""}",https://i.thriftbooks.com/api/imagehandler/m/F64C6B95616BBAD7F584BA0EB91688F1660A5AE9.jpeg
"Hey, Whipple, Squeeze This: The Classic Guide to Creating Great Ads",Luke Sullivan,"{""Format:"": ""Paperback"", ""Language:"": ""English"", ""ISBN:"": ""1118101332"", ""ISBN13:"": ""9781118101339"", ""Release Date:"": ""February 2012"", ""Publisher:"": ""John Wiley & Sons"", ""Length:"": ""386 Pages"", ""Weight:"": ""3.30 lbs."", ""Dimensions:"": ""1.1\"" x 6.0\"" x 9.0\""""}",https://i.thriftbooks.com/api/imagehandler/m/58F4BDBEBA9C8A03F64073E0F5E1D578D4E00172.jpeg
The McGraw-Hill 36-Hour Course: Accounting,Robert L. Dixon,"{""Format:"": ""Paperback"", ""Language:"": ""English"", ""ISBN:"": ""0071486038"", ""ISBN13:"": ""9780071486033"", ""Release Date:"": ""July 2007"", ""Publisher:"": ""McGraw-Hill Companies"", ""Length:"": ""432 Pages"", ""Weight:"": ""1.70 lbs."", ""Dimensions:"": ""1.0\"" x 6.1\"" x 8.9\""""}",https://i.thriftbooks.com/api/imagehandler/m/18D85A8CBCA414BED1A0B8FE29103A3E5AC9AB76.jpeg
Reading Financial Reports for Dummies,Lita Epstein,"{""Format:"": ""Paperback"", ""Language:"": ""English"", ""ISBN:"": ""0764577336"", ""ISBN13:"": ""9780764577338"", ""Release Date:"": ""December 2004"", ""Publisher:"": ""Wiley Publishing"", ""Length:"": ""362 Pages"", ""Weight:"": ""1.35 lbs."", ""Dimensions:"": ""0.8\"" x 7.4\"" x 9.2\""""}",https://i.thriftbooks.com/api/imagehandler/m/93840F48B241D946B13CA82FF994CA605C264E65.jpeg
Valuation: Measuring and Managing the Value of Companies,"McKinsey & Company, Inc.","{""Format:"": ""Hardcover"", ""Language:"": ""English"", ""ISBN:"": ""0471361909"", ""ISBN13:"": ""9780471361909"", ""Release Date:"": ""July 2000"", ""Publisher:"": ""Wiley"", ""Length:"": ""592 Pages"", ""Weight:"": ""2.50 lbs."", ""Dimensions:"": ""1.6\"" x 7.3\"" x 10.2\""""}",https://i.thriftbooks.com/api/imagehandler/m/727F68C442995B4C7A7A3EE30BA5015B1E910737.jpeg
Every Landlord's Tax Deduction Guide,Stephen Fishman,"{""Format:"": ""Paperback"", ""Language:"": ""English"", ""ISBN:"": ""1413309062"", ""ISBN13:"": ""9781413309065"", ""Release Date:"": ""December 2008"", ""Publisher:"": ""NOLO"", ""Length:"": ""512 Pages"", ""Weight:"": ""1.88 lbs."", ""Dimensions:"": ""1.1\"" x 7.0\"" x 8.9\""""}",https://i.thriftbooks.com/api/imagehandler/m/5D70916D28F4C8A77B91F63EE419A62FC25E0052.jpeg
Fundamental Accounting Principles,John J. Wild,"{""Format:"": ""Hardcover"", ""Language:"": ""English"", ""ISBN:"": ""0078025583"", ""ISBN13:"": ""9780078025587"", ""Release Date:"": ""September 2012"", ""Publisher:"": ""McGraw-Hill Education"", ""Length:"": ""1216 Pages"", ""Weight:"": ""6.40 lbs."", ""Dimensions:"": ""1.7\"" x 9.0\"" x 11.2\""""}",https://i.thriftbooks.com/api/imagehandler/m/CA46D521D93F1DC1163BFBFFC8D7DEF5AA0942C7.jpeg
Trade Your Way to Financial Freedom,Van K. Tharp,"{""Format:"": ""Hardcover"", ""Language:"": ""English"", ""ISBN:"": ""0070647623"", ""ISBN13:"": ""9780070647626"", ""Release Date:"": ""December 1998"", ""Publisher:"": ""McGraw-Hill Companies"", ""Length:"": ""343 Pages"", ""Weight:"": ""1.45 lbs."", ""Dimensions:"": ""1.2\"" x 6.3\"" x 9.3\""""}",https://i.thriftbooks.com/api/imagehandler/m/C318A5F119C8F89BCDF916F0E4CC46B796B5E0FD.jpeg
Financial Accounting for Dummies,Maire Loughran,"{""Format:"": ""Paperback"", ""Language:"": ""English"", ""ISBN:"": ""0470930659"", ""ISBN13:"": ""9780470930656"", ""Release Date:"": ""April 2011"", ""Publisher:"": ""For Dummies"", ""Length:"": ""338 Pages"", ""Weight:"": ""1.13 lbs."", ""Dimensions:"": ""0.8\"" x 7.4\"" x 9.2\""""}",https://i.thriftbooks.com/api/imagehandler/m/4E7203B3B32AC5F5FCD5936C99E9D6DC1FB090A7.jpeg
"The SPIN Selling Fieldbook: Practical Tools, Methods, Exercises, and Resources",Neil Rackham,"{""Format:"": ""Paperback"", ""Language:"": ""English"", ""ISBN:"": ""0070522359"", ""Release Date:"": ""June 1996"", ""Publisher:"": ""McGraw Hill"", ""Length:"": ""208 Pages"", ""Weight:"": ""0.50 lbs."", ""Dimensions:"": ""9.2\"" x 0.6\"" x 7.5\""""}",https://m.media-amazon.com/images/I/51UHM3AqCML._SL350_.jpg
The Bottom Billion: Why the Poorest Countries Are Failing and What Can Be Done about It,Paul Collier,"{""Format:"": ""Hardcover"", ""Language:"": ""English"", ""ISBN:"": ""0195311450"", ""ISBN13:"": ""9780195311457"", ""Release Date:"": ""May 2007"", ""Publisher:"": ""Oxford University Press, USA"", ""Length:"": ""224 Pages"", ""Weight:"": ""1.10 lbs."", ""Dimensions:"": ""0.9\"" x 6.4\"" x 9.4\""""}",https://i.thriftbooks.com/api/imagehandler/m/C2AEB41AC98A15A87F11B34F788746E2D5FAFA2A.jpeg
"Diffusion of Innovations, 5th Edition",Everett M. Rogers,"{""Format:"": ""Paperback"", ""Language:"": ""English"", ""ISBN:"": ""0743222091"", ""Release Date:"": ""August 2003"", ""Publisher:"": ""Free Press"", ""Length:"": ""576 Pages"", ""Weight:"": ""1.39 lbs."", ""Dimensions:"": ""9.3\"" x 1.4\"" x 6.1\""""}",https://m.media-amazon.com/images/I/51QWbwa+fuL._SL350_.jpg
"Kiss, Bow, Or Shake Hands: The Bestselling Guide to Doing Business in More Than 60 Countries",Terri Morrison,"{""Format:"": ""Paperback"", ""Language:"": ""English"", ""ISBN:"": ""1593373686"", ""Release Date:"": ""July 2006"", ""Publisher:"": ""Adams Media"", ""Length:"": ""592 Pages"", ""Weight:"": ""1.25 lbs."", ""Dimensions:"": ""9.1\"" x 1.6\"" x 7.0\""""}",https://m.media-amazon.com/images/I/51DaMPdD5IL._SL350_.jpg
The Interpretation of Financial Statements: The Classic 1937 Edition,Benjamin Graham,"{""Format:"": ""Hardcover"", ""Language:"": ""English"", ""ISBN:"": ""0887309135"", ""ISBN13:"": ""9780887309137"", ""Release Date:"": ""January 1998"", ""Publisher:"": ""Harper Business"", ""Length:"": ""144 Pages"", ""Weight:"": ""0.55 lbs."", ""Dimensions:"": ""0.7\"" x 5.2\"" x 7.5\""""}",https://i.thriftbooks.com/api/imagehandler/m/495F7452D7E71A5897DE6B95E61A88C80AD3A911.jpeg
Kaizen: The Key to Japan's Competitive Success,Masaaki Imai,"{""Format:"": ""Hardcover"", ""Language:"": ""English"", ""ISBN:"": ""007554332X"", ""ISBN13:"": ""9780075543329"", ""Release Date:"": ""November 1986"", ""Publisher:"": ""McGraw-Hill Education"", ""Length:"": ""260 Pages"", ""Weight:"": ""1.65 lbs."", ""Dimensions:"": ""1.2\"" x 6.3\"" x 9.3\""""}",https://i.thriftbooks.com/api/imagehandler/m/26506553F2EF87FCEFEFABCBE856754F3BA5AA30.jpeg
"Managerial Accounting, 9th Edition",Eric W. Noreen,"{""Format:"": ""Hardcover"", ""Language:"": ""English"", ""ISBN:"": ""0070401896"", ""ISBN13:"": ""9780070401891"", ""Release Date:"": ""January 2012"", ""Publisher:"": ""McGraw-Hill Ryerson"", ""Length:"": ""677 Pages"", ""Weight:"": ""4.25 lbs.""}",https://i.thriftbooks.com/api/imagehandler/m/8F78C9CF5DBAD06F1F7320322F9BE91389C5B0AE.jpeg
Financial Shenanigans,Howard Schilit,"{""Format:"": ""Hardcover"", ""Language:"": ""English"", ""ISBN:"": ""0071386262"", ""ISBN13:"": ""9780071386265"", ""Release Date:"": ""March 2002"", ""Publisher:"": ""McGraw-Hill Companies"", ""Length:"": ""240 Pages"", ""Weight:"": ""1.40 lbs."", ""Dimensions:"": ""1.1\"" x 6.3\"" x 9.4\""""}",https://i.thriftbooks.com/api/imagehandler/m/76DB6CBC3B0DA957C1E9934C52D9F21C26DA418A.jpeg
Multiple Streams of Internet Income: How Ordinary People Make Extraordinary Money Online,Robert G. Allen,"{""Format:"": ""Paperback"", ""Language:"": ""English"", ""ISBN:"": ""047121888X"", ""ISBN13:"": ""9780471218883"", ""Release Date:"": ""April 2002"", ""Publisher:"": ""John Wiley & Sons"", ""Length:"": ""279 Pages"", ""Weight:"": ""0.85 lbs."", ""Dimensions:"": ""0.7\"" x 6.4\"" x 9.2\""""}",https://i.thriftbooks.com/api/imagehandler/m/F13E39740DA37BC5A37BC925F572920468D9A624.jpeg
"The Misbehavior of Markets: A Fractal View of Risk, Ruin, and Reward",Benoît B. Mandelbrot,"{""Format:"": ""Hardcover"", ""Language:"": ""English"", ""ISBN:"": ""0465043550"", ""ISBN13:"": ""9780465043552"", ""Release Date:"": ""August 2004"", ""Publisher:"": ""Basic Books"", ""Length:"": ""352 Pages"", ""Weight:"": ""1.45 lbs."", ""Dimensions:"": ""1.2\"" x 15.0\"" x 9.5\""""}",https://i.thriftbooks.com/api/imagehandler/m/C20F2C315A830314B7C578F37D819F06A0897D0E.jpeg
Indispensable: How to Become the Company That Your Customers Can't Live Without,Joe Calloway,"{"""": """"}",https://i.thriftbooks.com/api/imagehandler/m/054BFB8CF5E3F2B2921FE02456A53984997101CF.jpeg
Irrational Exuberance,Robert J. Shiller,"{""Format:"": ""Paperback"", ""Language:"": ""English"", ""ISBN:"": ""0767923634"", ""ISBN13:"": ""9780767923637"", ""Release Date:"": ""May 2006"", ""Publisher:"": ""Crown Business"", ""Length:"": ""336 Pages"", ""Weight:"": ""0.80 lbs."", ""Dimensions:"": ""9.2\"" x 0.7\"" x 6.1\""""}",https://i.thriftbooks.com/api/imagehandler/m/CD4968A08AF715B1EF1774FFF7289A9000460AEE.jpeg
Machine That Changed the World,Daniel T. Jones,"{""Format:"": ""Hardcover"", ""Language:"": ""English"", ""ISBN:"": ""0892563508"", ""ISBN13:"": ""9780892563500"", ""Release Date:"": ""October 1990"", ""Publisher:"": ""Scribner Book Company"", ""Length:"": ""336 Pages"", ""Weight:"": ""1.15 lbs."", ""Dimensions:"": ""1.3\"" x 9.0\"" x 6.3\""""}",https://i.thriftbooks.com/api/imagehandler/m/D1ECB8896306716570C6AA20523D207057EE0EF5.jpeg
Your Infinite Power to Be Rich: Use the Power of Your Subconscious Mind to Obtain the Prosperity You Deserve,Joseph Murphy,"{""Format:"": ""Paperback"", ""Language:"": ""English"", ""ISBN:"": ""013979591X"", ""Release Date:"": ""January 1968"", ""Publisher:"": ""Prentice Hall Press"", ""Length:"": ""192 Pages"", ""Weight:"": ""0.44 lbs."", ""Dimensions:"": ""0.5\"" x 5.4\"" x 8.2\""""}",https://m.media-amazon.com/images/I/41ngQ-r4OJL._SL350_.jpg
Storyselling for Financial Advisors,Mitch Anthony,"{""Format:"": ""Hardcover"", ""Language:"": ""English"", ""ISBN:"": ""0793136644"", ""ISBN13:"": ""9780793136643"", ""Release Date:"": ""January 2000"", ""Publisher:"": ""Kaplan Publishing"", ""Length:"": ""256 Pages"", ""Weight:"": ""1.11 lbs."", ""Dimensions:"": ""0.8\"" x 7.4\"" x 9.4\""""}",https://i.thriftbooks.com/api/imagehandler/m/F24DE0102146BCC8FCC0371E375C0B5A858D8696.jpeg
"Financial Statements, Revised and Expanded Edition: A Step-By-Step Guide to Understanding and Creating Financial Reports",Thomas R. Ittelson,"{""Format:"": ""Paperback"", ""Language:"": ""English"", ""ISBN:"": ""1601630239"", ""ISBN13:"": ""9781601630230"", ""Release Date:"": ""August 2009"", ""Publisher:"": ""Career Press"", ""Length:"": ""285 Pages"", ""Weight:"": ""0.82 lbs."", ""Dimensions:"": ""1.0\"" x 7.0\"" x 10.0\""""}",https://i.thriftbooks.com/api/imagehandler/m/013C7E223599F109A82A48A2F8754EF35B0BBBEB.jpeg
Words That Sell,Richard Bayan,"{""Format:"": ""Paperback"", ""Language:"": ""English"", ""ISBN:"": ""0809247992"", ""ISBN13:"": ""9780809247998"", ""Release Date:"": ""January 1987"", ""Publisher:"": ""McGraw-Hill Companies"", ""Length:"": ""127 Pages"", ""Weight:"": ""0.65 lbs."", ""Dimensions:"": ""0.4\"" x 8.6\"" x 8.7\""""}",https://i.thriftbooks.com/api/imagehandler/m/6BC8DE681C27FFD2B3454D6C4F662C6B3128F03C.jpeg
The End of Fashion,Teri Agins,"{""Format:"": ""Hardcover"", ""Language:"": ""English"", ""ISBN:"": ""0688151604"", ""ISBN13:"": ""9780688151607"", ""Release Date:"": ""August 1999"", ""Publisher:"": ""William Morrow & Company"", ""Length:"": ""336 Pages"", ""Weight:"": ""1.50 lbs."", ""Dimensions:"": ""1.1\"" x 6.1\"" x 9.3\""""}",https://i.thriftbooks.com/api/imagehandler/m/A165AF48B8A7A58E2BDB5792E56382EA8B12D4C2.jpeg
Buffettology: The Previously Unexplained Techniques That Have Made Warren Buffett the Worlds,David Clark,"{""Format:"": ""Hardcover"", ""Language:"": ""English"", ""ISBN:"": ""0684837137"", ""ISBN13:"": ""9780684837130"", ""Release Date:"": ""November 1997"", ""Publisher:"": ""Scribner Book Company"", ""Length:"": ""320 Pages"", ""Weight:"": ""1.34 lbs."", ""Dimensions:"": ""1.1\"" x 6.5\"" x 9.6\""""}",https://i.thriftbooks.com/api/imagehandler/m/E4E8BCED2D351D90375149D53340CA2BA682A233.jpeg
Buyology: Truth and Lies about Why We Buy,Martin Lindstrom,"{""Format:"": ""Hardcover"", ""Language:"": ""English"", ""ISBN:"": ""0385523882"", ""ISBN13:"": ""9780385523882"", ""Release Date:"": ""October 2008"", ""Publisher:"": ""Broadway Business"", ""Length:"": ""240 Pages"", ""Weight:"": ""0.90 lbs."", ""Dimensions:"": ""1.0\"" x 5.8\"" x 8.3\""""}",https://i.thriftbooks.com/api/imagehandler/m/1F483EE9440E03472FBCDEDD065437C5673BA792.jpeg
Perfectly Legal: The Covert Campaign to Rig Our Tax System to Benefit the Super Rich-And Cheat Everybody Else,David Cay Johnston,"{""Format:"": ""Hardcover"", ""Language:"": ""English"", ""ISBN:"": ""1591840198"", ""ISBN13:"": ""9781591840190"", ""Release Date:"": ""December 2003"", ""Publisher:"": ""Portfolio"", ""Length:"": ""338 Pages"", ""Weight:"": ""1.68 lbs."", ""Dimensions:"": ""1.2\"" x 6.4\"" x 9.2\""""}",https://i.thriftbooks.com/api/imagehandler/m/DED5714E2DB9CD055143BFD7E9D44895CA92EB7B.jpeg
Secrets of Question-Based Selling,Thomas Freese,"{""Format:"": ""Hardcover"", ""Language:"": ""English"", ""ISBN:"": ""1570716587"", ""ISBN13:"": ""9781570716584"", ""Release Date:"": ""November 2000"", ""Publisher:"": ""Sourcebooks"", ""Length:"": ""270 Pages"", ""Weight:"": ""1.31 lbs."", ""Dimensions:"": ""1.1\"" x 6.3\"" x 9.3\""""}",https://m.media-amazon.com/images/I/51U-rGpeHeL._SL350_.jpg
Marketing for Dummies.,Alexander Hiam,"{""Format:"": ""Paperback"", ""Language:"": ""English"", ""ISBN:"": ""1568846991"", ""ISBN13:"": ""9781568846996"", ""Release Date:"": ""June 1997"", ""Publisher:"": ""For Dummies"", ""Length:"": ""408 Pages"", ""Weight:"": ""1.50 lbs."", ""Dimensions:"": ""1.0\"" x 7.4\"" x 9.3\""""}",https://i.thriftbooks.com/api/imagehandler/m/CF4BF332C78A22EA4520AEFD5932E7FC6AE28990.jpeg
"Swim with the Sharks Without Being Eaten Alive: Outsell, Outmanage, Outmotivate, and Outnegotiate Your Competition",Harvey MacKay,"{""Format:"": ""Paperback"", ""Language:"": ""English"", ""ISBN:"": ""0449911489"", ""ISBN13:"": ""9780449911488"", ""Release Date:"": ""August 1996"", ""Publisher:"": ""Ballantine Books"", ""Length:"": ""288 Pages"", ""Weight:"": ""0.60 lbs."", ""Dimensions:"": ""0.8\"" x 5.5\"" x 8.3\""""}",https://i.thriftbooks.com/api/imagehandler/m/E55DC52AB83895EF7AEA3F9A5C8D41CF721A3F9D.jpeg
"The One Minute Sales Person: The Quickest Way to Sell People on Yourself, Your Services, Products, or Ideas--At Work and in Life",Spencer Johnson,"{""Format:"": ""Hardcover"", ""Language:"": ""English"", ""ISBN:"": ""0060514922"", ""ISBN13:"": ""9780060514921"", ""Release Date:"": ""October 2002"", ""Publisher:"": ""William Morrow & Company"", ""Length:"": ""112 Pages"", ""Weight:"": ""0.51 lbs."", ""Dimensions:"": ""0.6\"" x 5.9\"" x 8.5\""""}",https://i.thriftbooks.com/api/imagehandler/m/B1503E146CF7940458448B5D0C8CC1FAD5E16B18.jpeg
How to Have More Than Enough: A Step-By-Step Guide to Creating Abundance,Dave Ramsey,"{""Format:"": ""Paperback"", ""Language:"": ""English"", ""ISBN:"": ""0140281932"", ""ISBN13:"": ""9780140281934"", ""Release Date:"": ""April 2000"", ""Publisher:"": ""Penguin Books"", ""Length:"": ""336 Pages"", ""Weight:"": ""0.10 lbs."", ""Dimensions:"": ""0.7\"" x 7.5\"" x 9.3\"""", ""Age Range:"": ""18 years and up"", ""Grade Range:"": ""Postsecondary and higher""}",https://i.thriftbooks.com/api/imagehandler/m/82ECA09839C0B2CFE0320D2A00D6FFC1539AFA68.jpeg
Confessions of an Advertising Man,David Ogilvy,"{""Format:"": ""Paperback"", ""Language:"": ""English"", ""ISBN:"": ""1904915019"", ""ISBN13:"": ""9781904915010"", ""Release Date:"": ""August 2004"", ""Publisher:"": ""Southbank Publishing"", ""Length:"": ""207 Pages"", ""Weight:"": ""0.55 lbs."", ""Dimensions:"": ""0.5\"" x 5.1\"" x 7.8\""""}",https://i.thriftbooks.com/api/imagehandler/m/C89C32416A05B0DB477326A320981D4127C3F696.jpeg
Value Investing: From Graham to Buffett and Beyond,Bruce C.N. Greenwald,"{""Format:"": ""Paperback"", ""Language:"": ""English"", ""ISBN:"": ""0471463396"", ""ISBN13:"": ""9780471463399"", ""Release Date:"": ""January 2004"", ""Publisher:"": ""Wiley"", ""Length:"": ""300 Pages"", ""Weight:"": ""1.00 lbs."", ""Dimensions:"": ""0.8\"" x 6.4\"" x 9.0\""""}",https://i.thriftbooks.com/api/imagehandler/m/DE21F94FDE845A9BD01B675A60FC2E0ACB677348.jpeg
The Wall Street Journal Guide to Understanding Personal Finance,Alan H. Siegel,"{""Format:"": ""Paperback"", ""Language:"": ""English"", ""ISBN:"": ""0743216962"", ""ISBN13:"": ""9780743216968"", ""Release Date:"": ""January 2000"", ""Publisher:"": ""Fireside Books"", ""Length:"": ""176 Pages"", ""Weight:"": ""0.70 lbs."", ""Dimensions:"": ""0.3\"" x 5.2\"" x 10.2\""""}",https://i.thriftbooks.com/api/imagehandler/m/C6F68AA864553BF84A915DEE335931EDF0A29E3E.jpeg
Warren Buffett and the Interpretation of Financial Statements: The Search for the Company with a Durable Competitive Advantage,Mary Buffett,"{""Format:"": ""Hardcover"", ""Language:"": ""English"", ""ISBN:"": ""1416573186"", ""Release Date:"": ""October 2008"", ""Publisher:"": ""Scribner"", ""Length:"": ""224 Pages"", ""Weight:"": ""0.80 lbs."", ""Dimensions:"": ""7.5\"" x 0.7\"" x 5.6\""""}",https://m.media-amazon.com/images/I/41RZ8Nt2lWL._SL350_.jpg
"How to Invest $50-$5,000: The Small Investor's Step-By-Step Plan for Low-Risk, High-Value Investing",Nancy Dunnan,"{""Format:"": ""Paperback"", ""Language:"": ""English"", ""ISBN:"": ""0061129828"", ""ISBN13:"": ""9780061129827"", ""Release Date:"": ""May 2007"", ""Publisher:"": ""Collins"", ""Length:"": ""239 Pages"", ""Weight:"": ""0.52 lbs."", ""Dimensions:"": ""0.7\"" x 5.3\"" x 8.0\""""}",https://i.thriftbooks.com/api/imagehandler/m/6208B89831FBAB1505852A8DE807442837A98A73.jpeg
The History of Money,Jack Weatherford,"{""Format:"": ""Paperback"", ""Language:"": ""English"", ""ISBN:"": ""0609801724"", ""ISBN13:"": ""9780609801727"", ""Release Date:"": ""March 1998"", ""Publisher:"": ""Crown Currency"", ""Length:"": ""304 Pages"", ""Weight:"": ""0.60 lbs."", ""Dimensions:"": ""0.7\"" x 5.2\"" x 7.9\""""}",https://i.thriftbooks.com/api/imagehandler/m/89CD29A4FDF4EB817EE65748A8FB853817CF6CA3.jpeg
Tested Advertising Methods,John Caples,"{""Format:"": ""Paperback"", ""Language:"": ""English"", ""ISBN:"": ""0130957011"", ""ISBN13:"": ""9780130957016"", ""Release Date:"": ""June 1998"", ""Publisher:"": ""Prentice Hall"", ""Length:"": ""278 Pages"", ""Weight:"": ""1.08 lbs."", ""Dimensions:"": ""0.8\"" x 6.0\"" x 8.9\""""}",https://i.thriftbooks.com/api/imagehandler/m/A35F8161C49A5328BF2E00AE6875031A6E141EAF.jpeg
Analysis for Financial Management [With Other],Robert C. Higgins,"{""Format:"": ""Paperback"", ""Language:"": ""English"", ""ISBN:"": ""0077297652"", ""ISBN13:"": ""9780077297657"", ""Release Date:"": ""November 2008"", ""Publisher:"": ""Irwin/McGraw-Hill"", ""Length:"": ""448 Pages"", ""Weight:"": ""1.33 lbs."", ""Dimensions:"": ""0.8\"" x 7.3\"" x 9.0\""""}",https://i.thriftbooks.com/api/imagehandler/m/6A5F66096886F0CC64D07AA9BFCA64D24D33F785.jpeg
Point and Figure Charting: The Essential Application for Forecasting and Tracking Market Prices [With CDROM],Thomas J. Dorsey,"{""Format:"": ""Hardcover"", ""Language:"": ""English"", ""ISBN:"": ""0470043512"", ""ISBN13:"": ""9780470043516"", ""Release Date:"": ""March 2007"", ""Publisher:"": ""John Wiley & Sons"", ""Length:"": ""390 Pages"", ""Weight:"": ""1.40 lbs."", ""Dimensions:"": ""1.1\"" x 6.1\"" x 8.9\""""}",https://i.thriftbooks.com/api/imagehandler/m/572117C462837659A807B136BEAA8EAFFFEB6D00.jpeg
The Complete Book of Trusts,Martin M. Shenkman,"{""Format:"": ""Paperback"", ""Language:"": ""English"", ""ISBN:"": ""0471170445"", ""ISBN13:"": ""9780471170440"", ""Release Date:"": ""August 1997"", ""Publisher:"": ""Wiley"", ""Length:"": ""320 Pages"", ""Weight:"": ""1.65 lbs."", ""Dimensions:"": ""0.8\"" x 8.5\"" x 11.0\""""}",https://i.thriftbooks.com/api/imagehandler/m/EBBCB2A9B15F80D1621D4D877C39FB5A983864A7.jpeg
Deduct It!: Lower Your Small Business Taxes,Stephen Fishman,"{""Format:"": ""Paperback"", ""Language:"": ""English"", ""ISBN:"": ""1413326811"", ""ISBN13:"": ""9781413326819"", ""Release Date:"": ""November 2019"", ""Publisher:"": ""NOLO"", ""Length:"": ""416 Pages"", ""Weight:"": ""1.30 lbs."", ""Dimensions:"": ""0.8\"" x 6.9\"" x 8.9\""""}",https://i.thriftbooks.com/api/imagehandler/m/7BAF0FD94A737F36A742F92DEC28193D5FF6DC5A.jpeg
Hug Your Customers: The Proven Way to Personalize Sales and Achieve Astounding Results,Jack Mitchell,"{""Format:"": ""Hardcover"", ""Language:"": ""English"", ""ISBN:"": ""1401300340"", ""ISBN13:"": ""9781401300340"", ""Release Date:"": ""June 2003"", ""Publisher:"": ""Hyperion Books"", ""Length:"": ""302 Pages"", ""Weight:"": ""0.99 lbs."", ""Dimensions:"": ""1.0\"" x 5.8\"" x 8.6\"""", ""Age Range:"": ""18 years and up"", ""Grade Range:"": ""Postsecondary and higher""}",https://i.thriftbooks.com/api/imagehandler/m/A30446EC41654636192DF2050F49E600E7F69319.jpeg
Cashvertising: How to Use More Than 100 Secrets of Ad-Agency Psychology to Make Big Money Selling Anything to Anyone,Drew Eric Whitman,"{""Format:"": ""Paperback"", ""Language:"": ""English"", ""ISBN:"": ""1601630328"", ""ISBN13:"": ""9781601630322"", ""Release Date:"": ""November 2008"", ""Publisher:"": ""Career Press"", ""Length:"": ""208 Pages"", ""Weight:"": ""0.65 lbs."", ""Dimensions:"": ""0.6\"" x 5.9\"" x 8.7\""""}",https://i.thriftbooks.com/api/imagehandler/m/10B8113F81A9437EC2E74EAD3F67BF1367DAF381.jpeg
The Strategy and Tactics of Pricing: A Guide to Growing More Profitably,Georg M. Larsen,"{""Format:"": ""Hardcover"", ""Language:"": ""English"", ""ISBN:"": ""0136106811"", ""ISBN13:"": ""9780136106814"", ""Release Date:"": ""March 2010"", ""Publisher:"": ""Routledge"", ""Length:"": ""334 Pages"", ""Weight:"": ""1.35 lbs."", ""Dimensions:"": ""0.7\"" x 6.6\"" x 9.5\""""}",https://i.thriftbooks.com/api/imagehandler/m/326B659AE7CAFAD8B5BA088EB73C788587A05F5B.jpeg
The McGraw-Hill 36-Hour Course in Finance for Nonfinancial Managers,Robert A. Cooke,"{""Format:"": ""Hardcover"", ""Language:"": ""English"", ""ISBN:"": ""0070125392"", ""ISBN13:"": ""9780070125391"", ""Release Date:"": ""January 1992"", ""Publisher:"": ""McGraw-Hill Companies"", ""Length:"": ""266 Pages"", ""Weight:"": ""1.40 lbs."", ""Dimensions:"": ""1.1\"" x 6.3\"" x 9.3\""""}",https://i.thriftbooks.com/api/imagehandler/m/70BE507DF4C0818B8958783271D1989F97D58AB1.jpeg
Lower Your Taxes - Big Time!,Sandy Botkin,"{""Format:"": ""Paperback"", ""Language:"": ""English"", ""ISBN:"": ""007140807X"", ""ISBN13:"": ""9780071408073"", ""Release Date:"": ""December 2002"", ""Publisher:"": ""McGraw-Hill Companies"", ""Length:"": ""250 Pages"", ""Weight:"": ""1.20 lbs."", ""Dimensions:"": ""0.8\"" x 7.6\"" x 9.3\""""}",https://i.thriftbooks.com/api/imagehandler/m/0F71966CB4F0EB280E62889830C34473F441BBD8.jpeg
Start-Up Nation: The Story of Israel's Economic Miracle,Dan Senor,"{""Format:"": ""Hardcover"", ""Language:"": ""English"", ""ISBN:"": ""044654146X"", ""ISBN13:"": ""9780446541466"", ""Release Date:"": ""November 2009"", ""Publisher:"": ""Twelve"", ""Length:"": ""320 Pages"", ""Weight:"": ""0.93 lbs."", ""Dimensions:"": ""1.1\"" x 6.2\"" x 9.2\""""}",https://i.thriftbooks.com/api/imagehandler/m/FDD4459D42A8A4F721D478E48BF7AEC39C5804F8.jpeg
Essentials of Supply Chain Management,Michael H. Hugos,"{""Format:"": ""Paperback"", ""Language:"": ""English"", ""ISBN:"": ""0470942185"", ""ISBN13:"": ""9780470942185"", ""Release Date:"": ""August 2011"", ""Publisher:"": ""Wiley"", ""Length:"": ""332 Pages"", ""Weight:"": ""1.00 lbs."", ""Dimensions:"": ""1.2\"" x 6.0\"" x 9.0\""""}",https://i.thriftbooks.com/api/imagehandler/m/73094DB611CE08B35FFA6E2206B4EF6E590A89D6.jpeg
Adventure Capitalist: The Ultimate Road Trip,Jim Rogers,"{""Format:"": ""Hardcover"", ""Language:"": ""English"", ""ISBN:"": ""0375509127"", ""ISBN13:"": ""9780375509124"", ""Release Date:"": ""May 2003"", ""Publisher:"": ""Random House (NY)"", ""Length:"": ""357 Pages"", ""Weight:"": ""1.55 lbs."", ""Dimensions:"": ""1.2\"" x 6.4\"" x 9.5\""""}",https://i.thriftbooks.com/api/imagehandler/m/28DF9A423443441B9B85AC57342F53392AF44B02.jpeg
Alpha Teach Yourself Accounting in 24 Hours,C. Wesley Addison,"{""Format:"": ""Paperback"", ""Language:"": ""English"", ""ISBN:"": ""1592575021"", ""ISBN13:"": ""9781592575022"", ""Release Date:"": ""June 2006"", ""Publisher:"": ""Alpha Books"", ""Length:"": ""351 Pages"", ""Weight:"": ""1.25 lbs."", ""Dimensions:"": ""0.8\"" x 7.4\"" x 9.1\""""}",https://i.thriftbooks.com/api/imagehandler/m/541D03B673E6B579B1AEF29D3E3E3B998A1F0237.jpeg
8 Ways to Avoid Probate,Mary Randolph,"{""Format:"": ""Paperback"", ""Language:"": ""English"", ""ISBN:"": ""1413325130"", ""ISBN13:"": ""9781413325133"", ""Release Date:"": ""April 2018"", ""Publisher:"": ""NOLO"", ""Length:"": ""288 Pages"", ""Weight:"": ""1.10 lbs."", ""Dimensions:"": ""0.6\"" x 7.0\"" x 8.9\""""}",https://i.thriftbooks.com/api/imagehandler/m/CECE2DE45E185CE79083E7CC580DA91E398E7F03.jpeg
"The Conquest of Cool: Business Culture, Counterculture, and the Rise of Hip Consumerism",Thomas Frank,"{""Format:"": ""Hardcover"", ""Language:"": ""English"", ""ISBN:"": ""0226259919"", ""ISBN13:"": ""9780226259918"", ""Release Date:"": ""December 1997"", ""Publisher:"": ""University of Chicago Press"", ""Length:"": ""322 Pages"", ""Weight:"": ""1.46 lbs."", ""Dimensions:"": ""0.9\"" x 5.8\"" x 9.0\""""}",https://i.thriftbooks.com/api/imagehandler/m/D8A8739ED1FABC8F9B6DEB8833B3F013AC36BE05.jpeg
The Choice: A Fable of Free Trade and Protectionism,"Russel ""Russ"" Roberts","{""Format:"": ""Paperback"", ""Language:"": ""English"", ""ISBN:"": ""0130870528"", ""ISBN13:"": ""9780130870520"", ""Release Date:"": ""May 2000"", ""Publisher:"": ""Prentice Hall"", ""Length:"": ""116 Pages"", ""Weight:"": ""1.53 lbs."", ""Dimensions:"": ""0.3\"" x 6.1\"" x 9.0\""""}",https://i.thriftbooks.com/api/imagehandler/m/7A10E560A6B7A5D460CFFA7F614DC98570931320.jpeg
Financial Statement Analysis: A Practitioner's Guide,Martin S. Fridson,"{""Format:"": ""Hardcover"", ""Language:"": ""English"", ""ISBN:"": ""0471409154"", ""ISBN13:"": ""9780471409151"", ""Release Date:"": ""March 2002"", ""Publisher:"": ""John Wiley & Sons"", ""Length:"": ""416 Pages"", ""Weight:"": ""1.55 lbs."", ""Dimensions:"": ""1.5\"" x 6.3\"" x 9.1\""""}",https://i.thriftbooks.com/api/imagehandler/m/4C846CD174FE499555D54DB2903AE848D3EC64B0.jpeg
