Book Name,Authors,Info,Image URL
"Fahrenheit 451: The Temperature at Which Book Paper Catches Fire, and Burns",Ray Bradbury,"{""Format:"": ""Mass Market Paperback"", ""Language:"": ""English"", ""ISBN:"": ""0345342968"", ""ISBN13:"": ""9780345342966"", ""Release Date:"": ""January 1987"", ""Publisher:"": ""Del Rey Books"", ""Length:"": ""190 Pages"", ""Weight:"": ""0.54 lbs."", ""Dimensions:"": ""0.6\"" x 5.1\"" x 6.8\""""}",https://i.thriftbooks.com/api/imagehandler/m/BE32C86A5B3A37B138DC8AB21C8375B5996746CB.jpeg
The Book Thief,Markus Zusak,"{""Format:"": ""Paperback"", ""Language:"": ""English"", ""ISBN:"": ""0375842209"", ""ISBN13:"": ""9780375842207"", ""Release Date:"": ""September 2007"", ""Publisher:"": ""Alfred A. Knopf Books for Young Readers"", ""Length:"": ""608 Pages"", ""Weight:"": ""1.02 lbs."", ""Dimensions:"": ""1.4\"" x 5.2\"" x 7.9\"""", ""Age Range:"": ""12 years and up"", ""Grade Range:"": ""Grade 7 and higher""}",https://i.thriftbooks.com/api/imagehandler/m/9E600B1C66FEEF413210EFE854A7E2C1018EF609.jpeg
"The Old Man and The Sea, Book Cover May Vary",Ernest Hemingway,"{""Format:"": ""Paperback"", ""Language:"": ""English"", ""ISBN:"": ""0684801221"", ""Release Date:"": ""May 1995"", ""Publisher:"": ""Scribner"", ""Length:"": ""128 Pages"", ""Weight:"": ""0.32 lbs."", ""Dimensions:"": ""8.0\"" x 0.3\"" x 5.3\""""}",https://m.media-amazon.com/images/I/41x6069+8wL._SL350_.jpg
One Hundred Years of Solitude,Gabriel García Márquez,"{""Format:"": ""Paperback"", ""Language:"": ""English"", ""ISBN:"": ""0060919655"", ""ISBN13:"": ""9780060919658"", ""Release Date:"": ""January 1991"", ""Publisher:"": ""HarperCollins Publishers"", ""Length:"": ""422 Pages"", ""Weight:"": ""0.71 lbs."", ""Dimensions:"": ""1.1\"" x 5.3\"" x 8.0\""""}",https://i.thriftbooks.com/api/imagehandler/m/9546594BCCB87A743A69DF1E978FF5A704B36350.jpeg
The Stranger,Albert Camus,"{""Format:"": ""Paperback"", ""Language:"": ""English"", ""ISBN:"": ""0679720200"", ""Release Date:"": ""March 1989"", ""Publisher:"": ""Vintage"", ""Length:"": ""123 Pages"", ""Weight:"": ""0.39 lbs."", ""Dimensions:"": ""7.9\"" x 0.5\"" x 5.1\""""}",https://m.media-amazon.com/images/I/517eqjeVDzL._SL350_.jpg
The Silmarillion,J.R.R. Tolkien,"{""Format:"": ""Hardcover"", ""Language:"": ""English"", ""ISBN:"": ""0395257301"", ""ISBN13:"": ""9780395257302"", ""Release Date:"": ""January 1977"", ""Publisher:"": ""Houghton Mifflin"", ""Length:"": ""365 Pages"", ""Weight:"": ""1.51 lbs.""}",https://m.media-amazon.com/images/I/51Qsd46W5xL._SL350_.jpg
The Shack: Where Tragedy Confronts Eternity,William Paul Young,"{""Format:"": ""Paperback"", ""Language:"": ""English"", ""ISBN:"": ""0964729237"", ""Release Date:"": ""July 2007"", ""Publisher:"": ""Windblown Media"", ""Length:"": ""256 Pages"", ""Weight:"": ""0.72 lbs."", ""Dimensions:"": ""5.3\"" x 0.6\"" x 8.0\""""}",https://m.media-amazon.com/images/I/518nBzyV7hL._SL350_.jpg
Winnie-The-Pooh,A.A. Milne,"{""Format:"": ""Hardcover"", ""Language:"": ""English"", ""ISBN:"": ""0525444432"", ""ISBN13:"": ""9780525444435"", ""Release Date:"": ""October 1988"", ""Publisher:"": ""Dutton Books for Young Readers"", ""Length:"": ""176 Pages"", ""Weight:"": ""0.55 lbs."", ""Dimensions:"": ""0.9\"" x 5.3\"" x 7.4\"""", ""Age Range:"": ""7 to 9 years"", ""Grade Range:"": ""Grades 2 to 4""}",https://i.thriftbooks.com/api/imagehandler/m/124825C9D43EDA7CCC739A38114335979B4F8A39.jpeg
Misery,Stephen King,"{""Format:"": ""Mass Market Paperback"", ""Language:"": ""English"", ""ISBN:"": ""0451153553"", ""ISBN13:"": ""9780451153555"", ""Release Date:"": ""June 1988"", ""Publisher:"": ""Signet Book"", ""Length:"": ""338 Pages"", ""Weight:"": ""0.45 lbs."", ""Dimensions:"": ""1.0\"" x 7.0\"" x 5.0\""""}",https://m.media-amazon.com/images/I/51lwgffGT6L._SL350_.jpg
Interview with the Vampire,Anne Rice,"{""Format:"": ""Mass Market Paperback"", ""Language:"": ""English"", ""ISBN:"": ""0345337662"", ""Release Date:"": ""September 1991"", ""Publisher:"": ""Ballantine Books"", ""Length:"": ""368 Pages"", ""Weight:"": ""0.57 lbs."", ""Dimensions:"": ""6.9\"" x 0.9\"" x 4.1\""""}",https://m.media-amazon.com/images/I/41nx412z55L._SL350_.jpg
The Game: Penetrating the Secret Society of Pickup Artists,Neil Strauss,"{""Format:"": ""Imitation Leather"", ""Language:"": ""English"", ""ISBN:"": ""0060554738"", ""Release Date:"": ""September 2005"", ""Publisher:"": ""Harper Collins"", ""Length:"": ""452 Pages"", ""Weight:"": ""1.43 lbs."", ""Dimensions:"": ""1.3\"" x 6.4\"" x 9.1\""""}",https://m.media-amazon.com/images/I/51K53MsT7FL._SL350_.jpg
Evermore: The Immortals,Alyson Noel,"{""Format:"": ""Paperback"", ""Language:"": ""English"", ""ISBN:"": ""031253275X"", ""ISBN13:"": ""9780312532758"", ""Release Date:"": ""February 2009"", ""Publisher:"": ""St. Martin's Griffin"", ""Length:"": ""320 Pages"", ""Weight:"": ""0.66 lbs."", ""Dimensions:"": ""0.8\"" x 5.5\"" x 8.3\"""", ""Age Range:"": ""12 to 18 years"", ""Grade Range:"": ""Grade 7 to Postsecondary""}",https://i.thriftbooks.com/api/imagehandler/m/62FF651B2E15087400DAA68ED55B4F611F0B0D9D.jpeg
The Double Flame: Love and Eroticism,Octavio Paz,"{""Format:"": ""Paperback"", ""Language:"": ""English"", ""ISBN:"": ""0156003651"", ""ISBN13:"": ""9780156003650"", ""Release Date:"": ""June 1996"", ""Publisher:"": ""Ecco Press"", ""Length:"": ""288 Pages"", ""Weight:"": ""0.70 lbs."", ""Dimensions:"": ""0.9\"" x 5.2\"" x 7.9\""""}",https://i.thriftbooks.com/api/imagehandler/m/B69C25E8016019CEEBA9C3B64EA82B34BF8F721C.jpeg
In the Name of Salome,Julia Alvarez,"{""Format:"": ""Hardcover"", ""Language:"": ""English"", ""ISBN:"": ""1565122763"", ""ISBN13:"": ""9781565122765"", ""Release Date:"": ""June 2000"", ""Publisher:"": ""Algonquin Books of Chapel Hill"", ""Length:"": ""357 Pages"", ""Weight:"": ""1.20 lbs."", ""Dimensions:"": ""1.1\"" x 5.9\"" x 8.6\""""}",https://i.thriftbooks.com/api/imagehandler/m/835D9792231D3698B023A7C2D4DDDA7D86C189C6.jpeg
"Aimee and Jaguar: A Love Story, Berlin 1943",Erica Fischer,"{""Format:"": ""Paperback"", ""Language:"": ""English"", ""ISBN:"": ""1555834507"", ""ISBN13:"": ""9781555834500"", ""Release Date:"": ""January 1998"", ""Publisher:"": ""Alyson Books"", ""Length:"": ""320 Pages"", ""Weight:"": ""0.80 lbs."", ""Dimensions:"": ""0.8\"" x 5.5\"" x 9.0\""""}",https://i.thriftbooks.com/api/imagehandler/m/AF00B77259F685A960E998A9618EAE9D30DA99B7.jpeg
Happiness: A Guide to Developing Life's Most Important Skill,Matthieu Ricard,"{""Format:"": ""Paperback"", ""Language:"": ""English"", ""ISBN:"": ""0316167258"", ""ISBN13:"": ""9780316167253"", ""Release Date:"": ""January 2007"", ""Publisher:"": ""Little Brown and Company"", ""Length:"": ""304 Pages"", ""Weight:"": ""0.60 lbs."", ""Dimensions:"": ""0.8\"" x 5.5\"" x 8.3\""""}",https://i.thriftbooks.com/api/imagehandler/m/B594EA550FE02E8431743E451E5B6A9E2B1E63C7.jpeg
I Remain in Darkness,Annie Ernaux,"{""Format:"": ""Paperback"", ""Language:"": ""English"", ""ISBN:"": ""1583220526"", ""ISBN13:"": ""9781583220528"", ""Release Date:"": ""December 2000"", ""Publisher:"": ""Seven Stories Press"", ""Length:"": ""96 Pages"", ""Weight:"": ""0.30 lbs."", ""Dimensions:"": ""0.3\"" x 5.5\"" x 8.2\""""}",https://i.thriftbooks.com/api/imagehandler/m/CF3911EAD88D3A16D1A35C87B5164D81ABC79CC1.jpeg
The Twelve Gifts of Birth,Charlene Costanzo,"{""Format:"": ""Hardcover"", ""Language:"": ""English"", ""ISBN:"": ""0066211042"", ""ISBN13:"": ""9780066211046"", ""Release Date:"": ""January 2001"", ""Publisher:"": ""William Morrow & Company"", ""Length:"": ""64 Pages"", ""Weight:"": ""0.95 lbs."", ""Dimensions:"": ""0.6\"" x 8.6\"" x 8.5\""""}",https://i.thriftbooks.com/api/imagehandler/m/F6D4F056D24D736FA631E66B20FA648ABF6F62DC.jpeg
Youth in Sexual Ecstasy,Carlos Cuauhtémoc Sánchez,"{""Format:"": ""Paperback"", ""Language:"": ""English"", ""ISBN:"": ""9687277165"", ""ISBN13:"": ""9789687277165"", ""Release Date:"": ""September 1997"", ""Publisher:"": ""Giron Books"", ""Length:"": ""221 Pages"", ""Weight:"": ""0.70 lbs."", ""Dimensions:"": ""0.6\"" x 5.5\"" x 8.7\"""", ""Age Range:"": ""13 to 17 years"", ""Grade Range:"": ""Grades 8 to 12""}",https://i.thriftbooks.com/api/imagehandler/m/87D3D9ADF6B971AC561407A0FD89AF2258137DBA.jpeg
The Wheel of Time: The Shamans of Mexico Their Thoughts about Life Death and the Universe,Carlos Castaneda,"{""Format:"": ""Paperback"", ""Language:"": ""English"", ""ISBN:"": ""074341280X"", ""ISBN13:"": ""9780743412803"", ""Release Date:"": ""January 2001"", ""Publisher:"": ""Washington Square Press"", ""Length:"": ""304 Pages"", ""Weight:"": ""0.65 lbs."", ""Dimensions:"": ""0.8\"" x 5.3\"" x 8.3\""""}",https://i.thriftbooks.com/api/imagehandler/m/E9A93F91D9D6FAF2CE5FE56A61DBB50EEEFC5003.jpeg
The Hobbit: An Illustrated Edition of the Fantasy Classic,J.R.R. Tolkien,"{""Format:"": ""Paperback"", ""ISBN:"": ""0385365322"", ""ISBN13:"": ""9780385365321"", ""Release Date:"": ""January 2016"", ""Publisher:"": ""Ballantine Books - Del Rey"", ""Length:"": ""144 Pages"", ""Weight:"": ""1.15 lbs.""}",https://m.media-amazon.com/images/I/51WCd9A9yPL._SL350_.jpg
His Bright Light: The Story of Nick Traina,Danielle Steel,"{""Format:"": ""Hardcover"", ""Language:"": ""English"", ""ISBN:"": ""0385333463"", ""ISBN13:"": ""9780385333467"", ""Release Date:"": ""September 1998"", ""Publisher:"": ""Delacorte Press"", ""Length:"": ""336 Pages"", ""Weight:"": ""1.15 lbs."", ""Dimensions:"": ""1.1\"" x 6.4\"" x 9.6\""""}",https://i.thriftbooks.com/api/imagehandler/m/8C09F12954AA91429329C389EF3CCB29910F8873.jpeg
"The Richest Man Who Ever Lived: King Solomon's Secrets to Success, Wealth, and Happiness",Steven K. Scott,"{""Format:"": ""Hardcover"", ""Language:"": ""English"", ""ISBN:"": ""0385516665"", ""Release Date:"": ""February 2006"", ""Publisher:"": ""Crown Currency"", ""Length:"": ""256 Pages"", ""Weight:"": ""0.72 lbs."", ""Dimensions:"": ""7.8\"" x 1.0\"" x 5.2\""""}",https://m.media-amazon.com/images/I/41no9h6FNeL._SL350_.jpg
Can?cula: Snapshots of a Girlhood En La Frontera,Norma E. Cantú,"{""Format:"": ""Paperback"", ""Language:"": ""English"", ""ISBN:"": ""0826318282"", ""ISBN13:"": ""9780826318282"", ""Release Date:"": ""August 1997"", ""Publisher:"": ""University of New Mexico Press"", ""Length:"": ""144 Pages"", ""Weight:"": ""0.50 lbs."", ""Dimensions:"": ""0.5\"" x 6.1\"" x 8.0\""""}",https://i.thriftbooks.com/api/imagehandler/m/767D18AC00A7EEA0AAD03EE6F5593A9CF98EC015.jpeg
A Very Easy Death: A Memoir,Simone de Beauvoir,"{""Format:"": ""Paperback"", ""Language:"": ""English"", ""ISBN:"": ""0394728998"", ""ISBN13:"": ""9780394728995"", ""Release Date:"": ""February 1985"", ""Publisher:"": ""Pantheon Books"", ""Length:"": ""112 Pages"", ""Weight:"": ""3.05 lbs."", ""Dimensions:"": ""0.3\"" x 5.1\"" x 8.0\""""}",https://i.thriftbooks.com/api/imagehandler/m/64A4AF53182C7AB3106A9243B42E428145E62EDC.jpeg
Fallen,Lauren Kate,"{""Format:"": ""Hardcover"", ""Language:"": ""English"", ""ISBN:"": ""0385738935"", ""ISBN13:"": ""9780385738934"", ""Release Date:"": ""December 2009"", ""Publisher:"": ""Delacorte Press"", ""Length:"": ""464 Pages"", ""Weight:"": ""1.28 lbs."", ""Dimensions:"": ""1.6\"" x 5.7\"" x 8.3\"""", ""Age Range:"": ""12 years and up"", ""Grade Range:"": ""Grade 7 and higher""}",https://i.thriftbooks.com/api/imagehandler/m/87467A21E5488A6BF63267187FFED78FAA80A353.jpeg
Oxford Bookworms Library: William Shakespeare: Level 2: 700-Word Vocabulary,Jennifer Bassett,"{"""": """"}",https://i.thriftbooks.com/api/imagehandler/m/017833F9A96010D7300D3FF337D0DA5C3499CB90.jpeg
Catastrophobia: The Truth Behind Earth Changes in the Coming Age of Light,Barbara Hand Clow,"{"""": """"}",https://m.media-amazon.com/images/I/61iSPouCt3L._SL350_.jpg
Unbowed: An Algerian Woman Confronts Islamic Fundamentalism,Khalida Messaoudi,"{""Format:"": ""Paperback"", ""Language:"": ""English"", ""ISBN:"": ""0812216571"", ""ISBN13:"": ""9780812216578"", ""Release Date:"": ""May 1998"", ""Publisher:"": ""University of Pennsylvania Press"", ""Length:"": ""168 Pages"", ""Weight:"": ""0.55 lbs."", ""Dimensions:"": ""0.5\"" x 5.5\"" x 8.5\""""}",https://i.thriftbooks.com/api/imagehandler/m/ACB93BA8734B7BAF26A09123630F8312416535DD.jpeg
Biography of a Runaway Slave,Miguel Barnet,"{""Format:"": ""Paperback"", ""Language:"": ""English"", ""ISBN:"": ""1880684187"", ""ISBN13:"": ""9781880684184"", ""Release Date:"": ""January 1994"", ""Publisher:"": ""Curbstone Press"", ""Length:"": ""217 Pages"", ""Weight:"": ""0.70 lbs."", ""Dimensions:"": ""0.6\"" x 5.4\"" x 8.5\""""}",https://i.thriftbooks.com/api/imagehandler/m/E83B189E6DC400562945D55BC21DEDFD2955939B.jpeg
A Tale of Three Kings,Gene Edwards,"{""Format:"": ""Paperback"", ""Language:"": ""English"", ""ISBN:"": ""0842369082"", ""ISBN13:"": ""9780842369084"", ""Release Date:"": ""May 1992"", ""Publisher:"": ""Tyndale House Publishers"", ""Length:"": ""136 Pages"", ""Weight:"": ""0.42 lbs."", ""Dimensions:"": ""0.5\"" x 5.5\"" x 8.2\""""}",https://i.thriftbooks.com/api/imagehandler/m/5484C9F9C1AB7FA51105E3C70FD16C7640F0F8C0.jpeg
"Cunningham's Encyclopedia of Crystal, Gem & Metal Magic",Scott Cunningham,"{"""": """"}",https://i.thriftbooks.com/api/imagehandler/m/D9F1F51DD1480CEF6C35692F349BB260995C57B1.jpeg
Billions and Billions: Thoughts on Life and Death at the Brink of the Millennium,Carl Sagan,"{""Format:"": ""Hardcover"", ""Language:"": ""English"", ""ISBN:"": ""0679411607"", ""ISBN13:"": ""9780679411604"", ""Release Date:"": ""June 1997"", ""Publisher:"": ""Random House (NY)"", ""Length:"": ""241 Pages"", ""Weight:"": ""0.79 lbs."", ""Dimensions:"": ""1.0\"" x 6.4\"" x 9.6\""""}",https://i.thriftbooks.com/api/imagehandler/m/80D0F8A69234E153788002E37AC3C8EA00D1826F.jpeg
"Black Skin, White Masks",Frantz Fanon,"{""Format:"": ""Paperback"", ""Language:"": ""English"", ""ISBN:"": ""B00A2QMQWW"", ""ISBN13:"": ""9780802143006"", ""Release Date:"": ""September 2008"", ""Publisher:"": ""Grove Press"", ""Length:"": ""240 Pages"", ""Weight:"": ""1.35 lbs."", ""Dimensions:"": ""0.7\"" x 5.4\"" x 8.2\""""}",https://i.thriftbooks.com/api/imagehandler/m/B23050D2E80566CCF790E931FCE31B00E5588AA7.jpeg
The Diving Bell and the Butterfly: A Memoir of Life in Death,Jean-Dominique Bauby,"{""Format:"": ""Paperback"", ""Language:"": ""English"", ""ISBN:"": ""0375701214"", ""Release Date:"": ""June 1998"", ""Publisher:"": ""Vintage"", ""Length:"": ""131 Pages"", ""Weight:"": ""0.33 lbs."", ""Dimensions:"": ""8.0\"" x 0.4\"" x 5.2\""""}",https://m.media-amazon.com/images/I/41p0pzOgv4L._SL350_.jpg
Mythologies,Roland Barthes,"{""Format:"": ""Paperback"", ""Language:"": ""English"", ""ISBN:"": ""0374521506"", ""ISBN13:"": ""9780374521509"", ""Release Date:"": ""January 1972"", ""Publisher:"": ""Hill & Wang"", ""Length:"": ""160 Pages"", ""Weight:"": ""0.38 lbs."", ""Dimensions:"": ""0.5\"" x 5.3\"" x 8.0\""""}",https://i.thriftbooks.com/api/imagehandler/m/F64FEF138A774B5729418CF8FD850AA46DB59AB8.jpeg
Color by Betty Edwards: A Course in Mastering the Art of Mixing Colors,Betty Edwards,"{""Format:"": ""Paperback"", ""Language:"": ""English"", ""ISBN:"": ""1585422193"", ""Release Date:"": ""September 2004"", ""Publisher:"": ""TarcherPerigee"", ""Length:"": ""224 Pages"", ""Weight:"": ""1.45 lbs."", ""Dimensions:"": ""9.0\"" x 0.6\"" x 7.5\""""}",https://m.media-amazon.com/images/I/41GZPpkWJzL._SL350_.jpg
The Gangs of New York: An Informal History of the Underworld,Herbert Asbury,"{""Format:"": ""Paperback"", ""Language:"": ""English"", ""ISBN:"": ""1560252758"", ""ISBN13:"": ""9781560252757"", ""Release Date:"": ""October 2001"", ""Publisher:"": ""Basic Books"", ""Length:"": ""384 Pages"", ""Weight:"": ""0.30 lbs."", ""Dimensions:"": ""1.1\"" x 5.5\"" x 8.3\""""}",https://i.thriftbooks.com/api/imagehandler/m/463CB89795868B2A57C030FB1D852B92C6699D5B.jpeg
Freedom from the Known,J. Krishnamurti,"{""Format:"": ""Paperback"", ""Language:"": ""English"", ""ISBN:"": ""0060648082"", ""Release Date:"": ""March 2009"", ""Publisher:"": ""HarperSanFrancisco"", ""Length:"": ""124 Pages"", ""Weight:"": ""0.20 lbs."", ""Dimensions:"": ""8.0\"" x 0.3\"" x 5.3\""""}",https://m.media-amazon.com/images/I/41j5OiHMDML._SL350_.jpg
The Woman with the Alabaster Jar: Mary Magdalen and the Holy Grail,Margaret Starbird,"{""Format:"": ""Paperback"", ""Language:"": ""English"", ""ISBN:"": ""1879181037"", ""ISBN13:"": ""9781879181038"", ""Release Date:"": ""June 1993"", ""Publisher:"": ""Bear & Company"", ""Length:"": ""240 Pages"", ""Weight:"": ""0.96 lbs."", ""Dimensions:"": ""0.6\"" x 6.2\"" x 9.1\""""}",https://i.thriftbooks.com/api/imagehandler/m/8EB9AF03B084690EF3CE1D7AE526FA1775C17DF3.jpeg
The Secret of Water: For the Children of the World,Masaru Emoto,"{""Format:"": ""Hardcover"", ""Language:"": ""English"", ""ISBN:"": ""1582701571"", ""ISBN13:"": ""9781582701578"", ""Release Date:"": ""October 2006"", ""Publisher:"": ""Atria Books"", ""Length:"": ""28 Pages"", ""Weight:"": ""0.88 lbs."", ""Dimensions:"": ""0.4\"" x 9.3\"" x 9.3\"""", ""Age Range:"": ""6 to 10 years"", ""Grade Range:"": ""Grades 1 to 5""}",https://i.thriftbooks.com/api/imagehandler/m/ED6D27A41F9BFC1665F6E949296B7073851924DE.jpeg
The True Story of the Bilderberg Group,Daniel Estulin,"{""Format:"": ""Paperback"", ""Language:"": ""English"", ""ISBN:"": ""0977795349"", ""ISBN13:"": ""9780977795345"", ""Release Date:"": ""September 2007"", ""Publisher:"": ""Trine Day"", ""Length:"": ""340 Pages"", ""Weight:"": ""1.12 lbs."", ""Dimensions:"": ""0.8\"" x 6.0\"" x 9.0\""""}",https://i.thriftbooks.com/api/imagehandler/m/422CB881144726EF972539D6186A7E9FF135341C.jpeg
Erotism: Death and Sensuality,Georges Bataille,"{""Format:"": ""Paperback"", ""Language:"": ""English"", ""ISBN:"": ""0872861902"", ""ISBN13:"": ""9780872861909"", ""Release Date:"": ""January 1986"", ""Publisher:"": ""City Lights Books"", ""Length:"": ""288 Pages"", ""Weight:"": ""0.85 lbs."", ""Dimensions:"": ""0.9\"" x 5.5\"" x 8.0\""""}",https://i.thriftbooks.com/api/imagehandler/m/0BEF0A8925444EECD74B2C2DC92BF7CB34E1BAA4.jpeg
The Tao of Love and Sex,Jolan Chang,"{""Format:"": ""Paperback"", ""Language:"": ""English"", ""ISBN:"": ""052548230X"", ""ISBN13:"": ""9780525482307"", ""Release Date:"": ""June 1977"", ""Publisher:"": ""Plume Books"", ""Weight:"": ""0.65 lbs.""}",https://m.media-amazon.com/images/I/31e4W2-vH-L._SL350_.jpg
A Woman's Story,Annie Ernaux,"{""Format:"": ""Paperback"", ""Language:"": ""English"", ""ISBN:"": ""1583225757"", ""ISBN13:"": ""9781583225752"", ""Release Date:"": ""May 2003"", ""Publisher:"": ""Seven Stories Press"", ""Length:"": ""104 Pages"", ""Weight:"": ""0.25 lbs."", ""Dimensions:"": ""0.4\"" x 5.5\"" x 8.2\""""}",https://i.thriftbooks.com/api/imagehandler/m/0CC920E13D6A42B137464E3A3384307447AAAB55.jpeg
The Lord of the Rings: The Making of the Movie Trilogy,Brian Sibley,"{""Format:"": ""Hardcover"", ""Language:"": ""English"", ""ISBN:"": ""0618258000"", ""ISBN13:"": ""9780618258000"", ""Release Date:"": ""November 2002"", ""Publisher:"": ""Houghton Mifflin"", ""Length:"": ""191 Pages"", ""Weight:"": ""2.35 lbs."", ""Dimensions:"": ""0.7\"" x 8.8\"" x 11.4\""""}",https://i.thriftbooks.com/api/imagehandler/m/4C65303969F9263561C04B964E9A68833BAE6F13.jpeg
Japanese mythology,Juliet Piggott,"{""Format:"": ""Paperback"", ""Language:"": ""English"", ""ISBN:"": ""0600021130"", ""ISBN13:"": ""9780600021131"", ""Release Date:"": ""January 1969"", ""Publisher:"": ""Hamlyn"", ""Length:"": ""141 Pages"", ""Weight:"": ""1.54 lbs.""}",https://i.thriftbooks.com/api/imagehandler/m/AA1F23AAE50225F1A4DA033F5D8065B5685046F0.jpeg
Written in Bone,Simon Beckett,"{""Format:"": ""Hardcover"", ""Language:"": ""English"", ""ISBN:"": ""0385340052"", ""ISBN13:"": ""9780385340052"", ""Release Date:"": ""September 2007"", ""Publisher:"": ""Delacorte Press"", ""Length:"": ""328 Pages"", ""Weight:"": ""1.21 lbs."", ""Dimensions:"": ""1.1\"" x 6.3\"" x 9.3\""""}",https://i.thriftbooks.com/api/imagehandler/m/031D4BE047901D40216BD2F5820700EA32C6C86E.jpeg
"God's Favorite House: If You Build It, He Will Come",Tommy Tenney,"{""Format:"": ""Paperback"", ""Language:"": ""English"", ""ISBN:"": ""0768420431"", ""ISBN13:"": ""9780768420432"", ""Release Date:"": ""January 2000"", ""Publisher:"": ""Fresh Bread"", ""Length:"": ""151 Pages"", ""Weight:"": ""0.55 lbs."", ""Dimensions:"": ""0.5\"" x 6.0\"" x 9.0\""""}",https://i.thriftbooks.com/api/imagehandler/m/53B00261CAD241B81BD9E670244BE5406878F9FB.jpeg
Princess Sultana's Circle,Jean Sasson,"{""Format:"": ""Hardcover"", ""Language:"": ""English"", ""ISBN:"": ""0967673712"", ""ISBN13:"": ""9780967673714"", ""Release Date:"": ""January 2010"", ""Publisher:"": ""Windsor-Brooke Books"", ""Length:"": ""256 Pages"", ""Weight:"": ""0.05 lbs."", ""Dimensions:"": ""1.0\"" x 6.3\"" x 9.6\""""}",https://i.thriftbooks.com/api/imagehandler/m/917FA463988D5DD37AFFEC1DBBFAB910FF4263CF.jpeg
The Story of Little Black Sambo,Helen Bannerman,"{""Format:"": ""Hardcover"", ""Language:"": ""English"", ""ISBN:"": ""B008KUPZAC"", ""ISBN13:"": ""9780397300075"", ""Release Date:"": ""January 2023"", ""Publisher:"": ""HarperCollins"", ""Length:"": ""56 Pages"", ""Weight:"": ""0.25 lbs.""}",https://m.media-amazon.com/images/I/41yf-Yxn3lL._SL350_.jpg
A Drop of Water: A Book of Science and Wonder,Walter Wick,"{""Format:"": ""Hardcover"", ""Language:"": ""English"", ""ISBN:"": ""0590221973"", ""ISBN13:"": ""9780590221979"", ""Release Date:"": ""April 1997"", ""Publisher:"": ""Scholastic Press"", ""Length:"": ""40 Pages"", ""Weight:"": ""1.15 lbs."", ""Dimensions:"": ""0.4\"" x 9.2\"" x 11.3\"""", ""Age Range:"": ""4 to 8 years"", ""Grade Range:"": ""Preschool to Grade 3""}",https://i.thriftbooks.com/api/imagehandler/m/FC5B89533EA755CCA42AE55F61F11B1890AA28CF.jpeg
The New Oxford Picture Dictionary,E.C. Parnwell,"{""Format:"": ""Paperback"", ""Language:"": ""English"", ""ISBN:"": ""0194341992"", ""ISBN13:"": ""9780194341998"", ""Release Date:"": ""May 1988"", ""Publisher:"": ""Oxford University Press, USA"", ""Length:"": ""128 Pages"", ""Weight:"": ""0.75 lbs."", ""Dimensions:"": ""0.3\"" x 8.0\"" x 10.0\""""}",https://i.thriftbooks.com/api/imagehandler/m/C1F4CBF4234D64AC7365A56D71568EF2FA2740CA.jpeg
Waiting for Wings,Lois Ehlert,"{""Format:"": ""Hardcover"", ""Language:"": ""English"", ""ISBN:"": ""0152026088"", ""ISBN13:"": ""9780152026080"", ""Release Date:"": ""April 2001"", ""Publisher:"": ""Houghton Mifflin Harcourt P"", ""Length:"": ""40 Pages"", ""Weight:"": ""0.95 lbs."", ""Dimensions:"": ""0.4\"" x 10.2\"" x 12.1\"""", ""Age Range:"": ""4 to 7 years"", ""Grade Range:"": ""Preschool to Grade 2""}",https://i.thriftbooks.com/api/imagehandler/m/FF73E960CDA37AB19023913EED6DF592FADC3FF2.jpeg
"The Everything Learning German Book: Speak, Write, and Understand Basic German in No Time",Edward Swick,"{""Format:"": ""Paperback"", ""Language:"": ""English"", ""ISBN:"": ""1580628753"", ""ISBN13:"": ""9781580628754"", ""Release Date:"": ""June 2003"", ""Publisher:"": ""Everything"", ""Length:"": ""320 Pages"", ""Weight:"": ""0.70 lbs."", ""Dimensions:"": ""1.0\"" x 8.1\"" x 9.3\""""}",https://i.thriftbooks.com/api/imagehandler/m/1CC2F8A1BB48B5AD6321DF53A7A414DF90B95022.jpeg
501 German Verbs,Henry Strutz,"{""Format:"": ""Paperback"", ""Language:"": ""English"", ""ISBN:"": ""0764102842"", ""ISBN13:"": ""9780764102844"", ""Release Date:"": ""January 1998"", ""Publisher:"": ""Barron's Educational Series"", ""Length:"": ""550 Pages"", ""Weight:"": ""1.88 lbs."", ""Dimensions:"": ""1.4\"" x 6.3\"" x 9.0\""""}",https://i.thriftbooks.com/api/imagehandler/m/DB5771786C9C3726615BAE31BDC37F6206B7228E.jpeg
German for Dummies [With CD],Wendy Foster,"{""Format:"": ""Paperback"", ""Language:"": ""English"", ""ISBN:"": ""0764551957"", ""ISBN13:"": ""9780764551956"", ""Release Date:"": ""April 2000"", ""Publisher:"": ""For Dummies"", ""Length:"": ""384 Pages"", ""Weight:"": ""1.15 lbs."", ""Dimensions:"": ""1.0\"" x 7.4\"" x 9.2\""""}",https://i.thriftbooks.com/api/imagehandler/m/0A2EA0D472D138F5C6F2C4E5416407F8270A0313.jpeg
French Stories (A Bantam Dual-Language Book),Wallace Fowlie,"{""Format:"": ""Mass Market Paperback"", ""ISBN:"": ""B000GRBNB2"", ""Release Date:"": ""January 1962"", ""Publisher:"": ""Bantam Books, Inc."", ""Length:"": ""333 Pages"", ""Weight:"": ""0.44 lbs.""}",https://m.media-amazon.com/images/I/41RYIN+47BL._SL350_.jpg
The Rain Came Down,David Shannon,"{""Format:"": ""Hardcover"", ""Language:"": ""English"", ""ISBN:"": ""0439050219"", ""ISBN13:"": ""9780439050210"", ""Release Date:"": ""October 2000"", ""Publisher:"": ""Blue Sky Press"", ""Length:"": ""32 Pages"", ""Weight:"": ""1.10 lbs."", ""Dimensions:"": ""0.3\"" x 10.2\"" x 10.1\"""", ""Age Range:"": ""4 to 8 years"", ""Grade Range:"": ""Preschool to Grade 3""}",https://i.thriftbooks.com/api/imagehandler/m/7E6CA8066E7487CC9B0F9F34A4132736C657035A.jpeg
Thirty-Eight Latin Stories: Designed to Accompany Wheelock's Latin,James M. May,"{""Format:"": ""Paperback"", ""Language:"": ""English"", ""ISBN:"": ""0865162891"", ""ISBN13:"": ""9780865162891"", ""Release Date:"": ""January 2004"", ""Publisher:"": ""Bolchazy-Carducci Publishers"", ""Length:"": ""104 Pages"", ""Weight:"": ""0.35 lbs."", ""Dimensions:"": ""0.3\"" x 6.4\"" x 9.0\""""}",https://i.thriftbooks.com/api/imagehandler/m/F7D8AD307F85DC70AAF5DBC5F0CDD2D21E5941CF.jpeg
Un Deux Trois (Dual Language French/English) [With CD],Opal Dunn,"{""Format:"": ""Paperback"", ""Language:"": ""English"", ""ISBN:"": ""1845076230"", ""ISBN13:"": ""9781845076238"", ""Release Date:"": ""June 2006"", ""Publisher:"": ""Frances Lincoln Ltd"", ""Length:"": ""24 Pages"", ""Weight:"": ""0.30 lbs."", ""Dimensions:"": ""0.2\"" x 9.3\"" x 7.3\"""", ""Age Range:"": ""5 to 8 years"", ""Grade Range:"": ""Preschool to Grade 3""}",https://i.thriftbooks.com/api/imagehandler/m/F5279D884E952F40452F8E0710587D0EC7F48200.jpeg
Learn German the Fast and Fun Way,Henry Strutz,"{""Format:"": ""Paperback"", ""Language:"": ""English"", ""ISBN:"": ""0812028554"", ""ISBN13:"": ""9780812028553"", ""Release Date:"": ""January 1995"", ""Publisher:"": ""Barron's Educational Series"", ""Length:"": ""252 Pages"", ""Weight:"": ""1.20 lbs."", ""Dimensions:"": ""0.7\"" x 7.9\"" x 10.0\""""}",https://i.thriftbooks.com/api/imagehandler/m/F6EDD49178119A149116EF732D51B460BE0AD9F4.jpeg
The Berlitz Self-Teacher: German,Berlitz Publishing Company,"{""Format:"": ""Hardcover"", ""Language:"": ""English"", ""ISBN:"": ""044801422X"", ""Release Date:"": ""March 1987"", ""Publisher:"": ""Perigee"", ""Length:"": ""284 Pages"", ""Weight:"": ""0.96 lbs.""}",https://m.media-amazon.com/images/I/41bQuN+WfgL._SL350_.jpg
The Adventures of Sherlock Holmes,Arthur Conan Doyle,"{""Format:"": ""Hardcover"", ""Language:"": ""English"", ""ISBN:"": ""0866119760"", ""ISBN13:"": ""9780866119764"", ""Release Date:"": ""January 1993"", ""Publisher:"": ""Playmore Publishers"", ""Length:"": ""240 Pages"", ""Weight:"": ""0.80 lbs."", ""Dimensions:"": ""1.1\"" x 5.8\"" x 8.1\"""", ""Age Range:"": ""8 to 12 years"", ""Grade Range:"": ""Grades 3 to 7""}",https://m.media-amazon.com/images/I/51u2l4R-AiL._SL350_.jpg
The War with Hannibal: Books XXI-XXX of the History of Rome from Its Foundation,Livy,"{""Format:"": ""Paperback"", ""Language:"": ""English"", ""ISBN:"": ""014044145X"", ""ISBN13:"": ""9780140441451"", ""Release Date:"": ""July 1965"", ""Publisher:"": ""Penguin Group"", ""Length:"": ""712 Pages"", ""Weight:"": ""1.10 lbs."", ""Dimensions:"": ""1.3\"" x 5.1\"" x 7.4\"""", ""Age Range:"": ""18 years and up"", ""Grade Range:"": ""Postsecondary and higher""}",https://i.thriftbooks.com/api/imagehandler/m/D9F8D517B593928D42B91CCA51E01EDEF44FCCBA.jpeg
The Oxford Picture Dictionary [Spanish],Jayme Adelson-Goldstein,"{""Format:"": ""Paperback"", ""Language:"": ""Spanish"", ""ISBN:"": ""0194351882"", ""ISBN13:"": ""9780194351881"", ""Release Date:"": ""March 1998"", ""Publisher:"": ""Oxford University Press, USA"", ""Length:"": ""240 Pages"", ""Weight:"": ""1.58 lbs."", ""Dimensions:"": ""0.5\"" x 10.8\"" x 8.5\""""}",https://i.thriftbooks.com/api/imagehandler/m/5327250CBB4C37090239C55C1DE540ACFFA8A9C2.jpeg
German in 10 Minutes a Day,Kristine K. Kershul,"{""Format:"": ""Paperback"", ""Language:"": ""English"", ""ISBN:"": ""0944502202"", ""Release Date:"": ""May 2002"", ""Publisher:"": ""Bilingual Books"", ""Length:"": ""132 Pages"", ""Weight:"": ""0.90 lbs."", ""Dimensions:"": ""10.8\"" x 0.5\"" x 8.5\""""}",https://m.media-amazon.com/images/I/51YI2ANxr8L._SL350_.jpg
The Prince and the Pauper (Great Illustrated Classics),Mark Twain,"{""Format:"": ""School & Library Binding"", ""Language:"": ""English"", ""ISBN:"": ""0866119736"", ""Release Date:"": ""January 1992"", ""Publisher:"": ""Abdo Pub Co"", ""Length:"": ""240 Pages"", ""Weight:"": ""3.15 lbs."", ""Dimensions:"": ""8.3\"" x 6.0\"" x 1.0\""""}",https://m.media-amazon.com/images/I/51dtjXqUQ1L._SL350_.jpg
Selected Political Speeches,Marcus Tullius Cicero,"{""Format:"": ""Paperback"", ""Language:"": ""English"", ""ISBN:"": ""0140442146"", ""ISBN13:"": ""9780140442144"", ""Release Date:"": ""December 1977"", ""Publisher:"": ""Penguin Group"", ""Length:"": ""336 Pages"", ""Weight:"": ""0.50 lbs."", ""Dimensions:"": ""0.6\"" x 5.0\"" x 7.7\"""", ""Age Range:"": ""18 years and up"", ""Grade Range:"": ""Postsecondary and higher""}",https://i.thriftbooks.com/api/imagehandler/m/9F42A140EEB23A2247FBCBB55E9B911508ACCC03.jpeg
King Mice & Cheese B39,Nancy Gurney,"{""Format:"": ""Hardcover"", ""Language:"": ""English"", ""ISBN:"": ""0394900391"", ""ISBN13:"": ""9780394900391"", ""Release Date:"": ""October 1965"", ""Publisher:"": ""Random House Books for Young Readers"", ""Length:"": ""63 Pages"", ""Weight:"": ""0.40 lbs."", ""Age Range:"": ""4 to 8 years"", ""Grade Range:"": ""Kindergarten to Grade 3""}",https://m.media-amazon.com/images/I/41Q9+BOVchL._SL350_.jpg
"Romancing Mister Bridgerton: Penelope & Colin's Story, the Inspiration for Bridgerton Season Three",Julia Quinn,"{""Format:"": ""Mass Market Paperback"", ""Language:"": ""English"", ""ISBN:"": ""0062353683"", ""ISBN13:"": ""9780062353689"", ""Release Date:"": ""November 2015"", ""Publisher:"": ""Avon Books"", ""Length:"": ""480 Pages"", ""Weight:"": ""0.50 lbs."", ""Dimensions:"": ""1.3\"" x 4.1\"" x 6.6\""""}",https://i.thriftbooks.com/api/imagehandler/m/742806D36B0C412E1CF1F7AE125819B14AAE3D87.jpeg
Blood Meridian: Or the Evening Redness in the West,Cormac McCarthy,"{""Format:"": ""Paperback"", ""Language:"": ""English"", ""ISBN:"": ""0679728759"", ""ISBN13:"": ""9780679728757"", ""Release Date:"": ""May 1992"", ""Publisher:"": ""Vintage"", ""Length:"": ""368 Pages"", ""Weight:"": ""0.74 lbs."", ""Dimensions:"": ""0.8\"" x 5.2\"" x 8.0\""""}",https://i.thriftbooks.com/api/imagehandler/m/99555672357887FB0D6B6ED9265035637FB5C28B.jpeg
The Mastery of Love: A Practical Guide to the Art of Relationship,Miguel Ruiz,"{""Format:"": ""Paperback"", ""Language:"": ""English"", ""ISBN:"": ""1878424424"", ""ISBN13:"": ""9781878424426"", ""Release Date:"": ""March 1999"", ""Publisher:"": ""Amber-Allen Publishing"", ""Length:"": ""224 Pages"", ""Weight:"": ""0.62 lbs."", ""Dimensions:"": ""0.8\"" x 5.0\"" x 7.2\""""}",https://i.thriftbooks.com/api/imagehandler/m/AD77C1E5C712C4B608BBCD0846F3E266E7002CA1.jpeg
A Walk to Remember,Nicholas Sparks,"{""Format:"": ""Hardcover"", ""Language:"": ""English"", ""ISBN:"": ""0446525537"", ""ISBN13:"": ""9780446525534"", ""Release Date:"": ""October 1999"", ""Publisher:"": ""Grand Central Publishing"", ""Length:"": ""256 Pages"", ""Weight:"": ""0.73 lbs."", ""Dimensions:"": ""0.9\"" x 5.7\"" x 8.6\""""}",https://i.thriftbooks.com/api/imagehandler/m/7B0DFBCE28CF1E2CD3AAB8334B525BFFBC2A6CDA.jpeg
Love in the Time of Cholera (Oprah's Book Club),Gabriel García Márquez,"{""Format:"": ""Paperback"", ""Language:"": ""English"", ""ISBN:"": ""0307389731"", ""Release Date:"": ""October 2007"", ""Publisher:"": ""Vintage"", ""Length:"": ""368 Pages"", ""Weight:"": ""0.85 lbs."", ""Dimensions:"": ""8.0\"" x 0.8\"" x 5.2\""""}",https://m.media-amazon.com/images/I/41-3cZSfttL._SL350_.jpg
The Virgin Suicides,Jeffrey Eugenides,"{""Format:"": ""Paperback"", ""Language:"": ""English"", ""ISBN:"": ""0446670251"", ""ISBN13:"": ""9780446670258"", ""Release Date:"": ""June 1994"", ""Publisher:"": ""Warner Books (NY)"", ""Length:"": ""256 Pages"", ""Weight:"": ""0.65 lbs."", ""Dimensions:"": ""0.8\"" x 5.5\"" x 8.0\""""}",https://i.thriftbooks.com/api/imagehandler/m/58238946CD65655F95F53EBC297A6DD49EB7A329.jpeg
The Shadow of the Wind,Carlos Ruiz Zafón,"{""Format:"": ""Paperback"", ""Language:"": ""English"", ""ISBN:"": ""0143034901"", ""ISBN13:"": ""9780143034902"", ""Release Date:"": ""February 2005"", ""Publisher:"": ""Penguin Books"", ""Length:"": ""512 Pages"", ""Weight:"": ""0.97 lbs."", ""Dimensions:"": ""1.2\"" x 5.4\"" x 8.4\"""", ""Age Range:"": ""18 years and up"", ""Grade Range:"": ""Postsecondary and higher""}",https://i.thriftbooks.com/api/imagehandler/m/D3B2949291C64184284022E58F1E6693225A9050.jpeg
When He Was Wicked (Bridgertons),Julia Quinn,"{""Format:"": ""Mass Market Paperback"", ""Language:"": ""English"", ""ISBN:"": ""0060531231"", ""Release Date:"": ""June 2004"", ""Publisher:"": ""Avon"", ""Length:"": ""384 Pages"", ""Weight:"": ""0.46 lbs."", ""Dimensions:"": ""6.8\"" x 1.0\"" x 4.2\""""}",https://m.media-amazon.com/images/I/51BarH+hh2L._SL350_.jpg
The Plague,Albert Camus,"{""Format:"": ""Paperback"", ""Language:"": ""English"", ""ISBN:"": ""0679720219"", ""ISBN13:"": ""9780679720218"", ""Release Date:"": ""May 1991"", ""Publisher:"": ""Vintage"", ""Length:"": ""320 Pages"", ""Weight:"": ""0.69 lbs."", ""Dimensions:"": ""0.7\"" x 5.2\"" x 8.1\""""}",https://i.thriftbooks.com/api/imagehandler/m/1BEBA474395BD7AFFF253CFF150BF37CC7780E07.jpeg
Inkheart,Cornelia Funke,"{""Format:"": ""Paperback"", ""Language:"": ""English"", ""ISBN:"": ""0439531659"", ""ISBN13:"": ""9780439531658"", ""Release Date:"": ""September 2004"", ""Publisher:"": ""Scholastic"", ""Length:"": ""534 Pages"", ""Weight:"": ""0.86 lbs.""}",https://m.media-amazon.com/images/I/51dRfrERUiL._SL350_.jpg
"Men Are from Mars, Women Are from Venus: A Practical Guide for Improving Communication and Getting What You Want in Your Relationships",John Gray,"{""Format:"": ""Hardcover"", ""Language:"": ""English"", ""ISBN:"": ""B003VW7DZE"", ""Release Date:"": ""January 1994"", ""Publisher:"": ""HarperCollins"", ""Weight:"": ""0.98 lbs.""}",https://m.media-amazon.com/images/I/51jnJkwGEJL._SL350_.jpg
"The Clan of the Cave Bear: Earth's Children, Book One",Jean M. Auel,"{""Format:"": ""Mass Market Paperback"", ""Language:"": ""English"", ""ISBN:"": ""0553250426"", ""Release Date:"": ""September 1983"", ""Publisher:"": ""Bantam Books"", ""Length:"": ""495 Pages"", ""Weight:"": ""0.76 lbs."", ""Dimensions:"": ""6.9\"" x 1.3\"" x 4.1\""""}",https://m.media-amazon.com/images/I/41l+5mu8+iL._SL350_.jpg
The Lost World,Michael Crichton,"{""Format:"": ""Hardcover"", ""Language:"": ""English"", ""ISBN:"": ""0679419462"", ""ISBN13:"": ""9780679419464"", ""Release Date:"": ""September 1995"", ""Publisher:"": ""Knopf Publishing Group"", ""Length:"": ""393 Pages"", ""Weight:"": ""1.92 lbs."", ""Dimensions:"": ""1.5\"" x 6.7\"" x 9.6\""""}",https://i.thriftbooks.com/api/imagehandler/m/17A6BC0E8EA6250B472A694D4524BED413B0B358.jpeg
The Closers,Michael Connelly,"{""Format:"": ""Hardcover"", ""Language:"": ""English"", ""ISBN:"": ""0316734942"", ""ISBN13:"": ""9780316734943"", ""Release Date:"": ""May 2005"", ""Publisher:"": ""Little Brown and Company"", ""Length:"": ""403 Pages"", ""Weight:"": ""1.50 lbs."", ""Dimensions:"": ""1.4\"" x 6.4\"" x 9.3\""""}",https://i.thriftbooks.com/api/imagehandler/m/96D72DF5ADE176874A55BAADC453C36C4E592560.jpeg
The Brass Verdict,Michael Connelly,"{""Format:"": ""Hardcover"", ""Language:"": ""English"", ""ISBN:"": ""0316166294"", ""ISBN13:"": ""9780316166294"", ""Release Date:"": ""October 2008"", ""Publisher:"": ""Little Brown and Company"", ""Length:"": ""422 Pages"", ""Weight:"": ""1.50 lbs."", ""Dimensions:"": ""1.4\"" x 6.3\"" x 9.4\""""}",https://i.thriftbooks.com/api/imagehandler/m/CF13CEEEEBAA45D2B2E8E0AFB2E2439349482E4A.jpeg
INSOMNIA,Stephen King,"{""Format:"": ""Hardcover"", ""Language:"": ""English"", ""ISBN:"": ""0670855030"", ""Release Date:"": ""January 1994"", ""Publisher:"": ""Viking Press"", ""Length:"": ""787 Pages"", ""Weight:"": ""2.43 lbs."", ""Dimensions:"": ""2.4\"" x 6.5\"" x 9.6\""""}",https://m.media-amazon.com/images/I/41KkTG3yY+L._SL350_.jpg
The Last Battle: Full Color Edition: The Classic Fantasy Adventure Series (Official Edition),C.S. Lewis,"{""Format:"": ""Paperback"", ""Language:"": ""English"", ""ISBN:"": ""0064409414"", ""ISBN13:"": ""9780064409414"", ""Release Date:"": ""August 2000"", ""Publisher:"": ""HarperCollins"", ""Length:"": ""224 Pages"", ""Weight:"": ""0.11 lbs."", ""Dimensions:"": ""0.6\"" x 5.0\"" x 7.5\"""", ""Age Range:"": ""8 years and up"", ""Grade Range:"": ""Grade 3 and higher""}",https://i.thriftbooks.com/api/imagehandler/m/67D7E459CFD23156CB3539EA0477403F70DC6E38.jpeg
The Aesop for Children,Aesop,"{""Format:"": ""Hardcover"", ""Language:"": ""English"", ""ISBN:"": ""1566192927"", ""ISBN13:"": ""9781566192927"", ""Release Date:"": ""January 1999"", ""Publisher:"": ""Barnes & Noble"", ""Length:"": ""112 Pages"", ""Weight:"": ""1.03 lbs.""}",https://m.media-amazon.com/images/I/51kmu-aoPeL._SL350_.jpg
Stone Cold,David Baldacci,"{""Format:"": ""Hardcover"", ""Language:"": ""English"", ""ISBN:"": ""0446577391"", ""ISBN13:"": ""9780446577397"", ""Release Date:"": ""November 2007"", ""Publisher:"": ""Grand Central Publishing"", ""Length:"": ""388 Pages"", ""Weight:"": ""1.35 lbs."", ""Dimensions:"": ""1.3\"" x 6.3\"" x 9.4\""""}",https://i.thriftbooks.com/api/imagehandler/m/2A9CB8569ADADE06C24F7C43604DDD76C123AC46.jpeg
In the Time of the Butterflies,Julia Alvarez,"{""Format:"": ""Paperback"", ""Language:"": ""English"", ""ISBN:"": ""1565129768"", ""ISBN13:"": ""9781565129764"", ""Release Date:"": ""January 2010"", ""Publisher:"": ""Algonquin Books"", ""Length:"": ""352 Pages"", ""Weight:"": ""0.65 lbs."", ""Dimensions:"": ""0.9\"" x 5.4\"" x 8.1\""""}",https://i.thriftbooks.com/api/imagehandler/m/9EC1B8F2E5892CA6758FFF7DF3F2AB6066A53AE6.jpeg
It's Okay to Be Different,Todd Parr,"{""Format:"": ""Paperback"", ""Language:"": ""English"", ""ISBN:"": ""0316043478"", ""ISBN13:"": ""9780316043472"", ""Release Date:"": ""April 2009"", ""Publisher:"": ""Little, Brown Books for Young Readers"", ""Length:"": ""32 Pages"", ""Weight:"": ""0.35 lbs."", ""Dimensions:"": ""0.2\"" x 9.5\"" x 9.5\"""", ""Age Range:"": ""3 to 6 years"", ""Grade Range:"": ""Preschool to Grade 1""}",https://i.thriftbooks.com/api/imagehandler/m/85DDE38641A88FE14356F715C4D0BADF9170D45C.jpeg
"Marie Antoinette: Princess of Versailles; Austria-France, 1769",Kathryn Lasky,"{""Format:"": ""Hardcover"", ""Language:"": ""English"", ""ISBN:"": ""0439076668"", ""ISBN13:"": ""9780439076661"", ""Release Date:"": ""April 2000"", ""Publisher:"": ""Scholastic"", ""Length:"": ""236 Pages"", ""Weight:"": ""0.72 lbs."", ""Dimensions:"": ""0.8\"" x 5.5\"" x 7.8\"""", ""Age Range:"": ""10 to 13 years"", ""Grade Range:"": ""Grades 5 to 8""}",https://i.thriftbooks.com/api/imagehandler/m/566A3561CA2A2BA11A2FB9884F449673D4624EBE.jpeg
Pio Peep! Traditional Spanish Nursery Rhymes: Bilingual English-Spanish,Alma Flor Ada,"{""Format:"": ""Hardcover"", ""Language:"": ""English"", ""ISBN:"": ""0688160190"", ""ISBN13:"": ""9780688160197"", ""Release Date:"": ""March 2003"", ""Publisher:"": ""HarperCollins Espanol"", ""Length:"": ""64 Pages"", ""Weight:"": ""1.08 lbs."", ""Dimensions:"": ""0.5\"" x 8.7\"" x 11.5\"""", ""Age Range:"": ""4 to 8 years"", ""Grade Range:"": ""Preschool to Grade 3""}",https://i.thriftbooks.com/api/imagehandler/m/5BAD96F83F900E2B1E7A5B6376548CE50C9A6591.jpeg
The Two Towers: Visual Companion,Jude Fisher,"{""Format:"": ""Hardcover"", ""Language:"": ""English"", ""ISBN:"": ""0618258027"", ""ISBN13:"": ""9780618258024"", ""Release Date:"": ""November 2002"", ""Publisher:"": ""Houghton Mifflin"", ""Length:"": ""65 Pages"", ""Weight:"": ""1.70 lbs."", ""Dimensions:"": ""0.5\"" x 9.3\"" x 12.6\""""}",https://i.thriftbooks.com/api/imagehandler/m/3F63D4AD30AE05A78550139147BBD94674E3E82F.jpeg
Nicholas Again,René Goscinny,"{""Format:"": ""Hardcover"", ""Language:"": ""English"", ""ISBN:"": ""0714845647"", ""ISBN13:"": ""9780714845647"", ""Release Date:"": ""March 2006"", ""Publisher:"": ""Phaidon Press"", ""Length:"": ""120 Pages"", ""Weight:"": ""0.85 lbs."", ""Dimensions:"": ""0.8\"" x 6.1\"" x 8.7\"""", ""Age Range:"": ""8 to 12 years"", ""Grade Range:"": ""Grades 3 to 7""}",https://i.thriftbooks.com/api/imagehandler/m/6F1DFA96A7228AE4E515E28FD47BD101661802F9.jpeg
Learn ancient Greek: A lively introduction to reading the language,Peter Jones,"{""Format:"": ""Hardcover"", ""Language:"": ""English"", ""ISBN:"": ""0760739781"", ""ISBN13:"": ""9780760739785"", ""Release Date:"": ""January 2003"", ""Publisher:"": ""Barnes & Noble"", ""Length:"": ""216 Pages"", ""Weight:"": ""0.88 lbs.""}",https://m.media-amazon.com/images/I/51S2i4RW1uL._SL350_.jpg
Learn Spanish,Nicole Irving,"{""Format:"": ""Paperback"", ""Language:"": ""English"", ""ISBN:"": ""0746005369"", ""ISBN13:"": ""9780746005361"", ""Release Date:"": ""January 1993"", ""Publisher:"": ""E.D.C. Publishing"", ""Length:"": ""64 Pages"", ""Weight:"": ""0.55 lbs."", ""Dimensions:"": ""0.2\"" x 7.9\"" x 9.9\"""", ""Age Range:"": ""12 to 17 years"", ""Grade Range:"": ""Grades 7 to 12""}",https://i.thriftbooks.com/api/imagehandler/m/5DBF01241F660B6EACA253482F271828077093E4.jpeg
Writing Academic English,Ann Hogue,"{""Format:"": ""Paperback"", ""Language:"": ""English"", ""ISBN:"": ""0131523597"", ""ISBN13:"": ""9780131523593"", ""Release Date:"": ""October 2006"", ""Publisher:"": ""Pearson PTR Interactive"", ""Length:"": ""337 Pages"", ""Weight:"": ""1.55 lbs."", ""Dimensions:"": ""0.5\"" x 8.3\"" x 10.8\""""}",https://i.thriftbooks.com/api/imagehandler/m/F38EDF3A31986246C4FF8A6B79C574177A43D314.jpeg
Maigret and the Burglar's Wife,Georges Simenon,"{""Format:"": ""Paperback"", ""Language:"": ""English"", ""ISBN:"": ""0156551675"", ""ISBN13:"": ""9780156551670"", ""Release Date:"": ""January 1992"", ""Publisher:"": ""Harvest Books"", ""Length:"": ""167 Pages"", ""Weight:"": ""0.30 lbs."", ""Dimensions:"": ""0.5\"" x 4.2\"" x 7.0\""""}",https://m.media-amazon.com/images/I/51-Yct8g0QL._SL350_.jpg
Mastering German Vocabulary: A Thematic Approach,Veronika Schnorr,"{"""": """"}",https://i.thriftbooks.com/api/imagehandler/m/F91508EAE0D9A15DEA3F828633754FE9E1FB71CC.jpeg
The Baron in the Trees,Italo Calvino,"{""Format:"": ""Paperback"", ""Language:"": ""English"", ""ISBN:"": ""0544959116"", ""ISBN13:"": ""9780544959118"", ""Release Date:"": ""October 2017"", ""Publisher:"": ""Mariner Books Classics"", ""Length:"": ""320 Pages"", ""Weight:"": ""0.60 lbs."", ""Dimensions:"": ""0.8\"" x 5.3\"" x 8.0\""""}",https://i.thriftbooks.com/api/imagehandler/m/012198A161D3A60CC9A6C396D16B0194FD8F6913.jpeg
"Ingles Para Latinos, Primer Nivel / English for Latinos, Level 1 [With 3 CDs]",William C. Harvey,"{"""": """"}",https://i.thriftbooks.com/api/imagehandler/m/DA4B3A7C8AB70EAFD87BB87153F07E02ED5197CC.jpeg
Macbeth the Graphic Novel: Original Text,William Shakespeare,"{""Format:"": ""Paperback"", ""Language:"": ""English"", ""ISBN:"": ""1906332444"", ""ISBN13:"": ""9781906332440"", ""Release Date:"": ""November 2008"", ""Publisher:"": ""Classical Comics"", ""Length:"": ""144 Pages"", ""Weight:"": ""1.10 lbs."", ""Dimensions:"": ""0.3\"" x 6.5\"" x 9.5\"""", ""Age Range:"": ""12 years and up"", ""Grade Range:"": ""Grade 7 and higher""}",https://i.thriftbooks.com/api/imagehandler/m/8688943A53F73C7BFB05258AFCAE347C7B38B324.jpeg
The Wheels on the Bus,Annie Kubler,"{""Format:"": ""Board book"", ""Language:"": ""English"", ""ISBN:"": ""0859537978"", ""ISBN13:"": ""9780859537971"", ""Release Date:"": ""January 2001"", ""Publisher:"": ""Child's Play International"", ""Length:"": ""14 Pages"", ""Weight:"": ""0.45 lbs."", ""Dimensions:"": ""0.5\"" x 6.3\"" x 6.3\"""", ""Age Range:"": ""1 to 3 years""}",https://i.thriftbooks.com/api/imagehandler/m/FC6BB469BBC5EE40F58227F99973C66F5381DAD1.jpeg
Schaum's Outline of German Grammar,Lois Feuerle,"{""Format:"": ""Paperback"", ""Language:"": ""English"", ""ISBN:"": ""0070251347"", ""Release Date:"": ""September 1997"", ""Publisher:"": ""McGraw-Hill"", ""Length:"": ""290 Pages"", ""Weight:"": ""1.20 lbs."", ""Dimensions:"": ""11.0\"" x 0.5\"" x 8.5\""""}",https://m.media-amazon.com/images/I/51sq2et2FVL._SL350_.jpg
Reading Greek: Text (Joint Association of Classical Teachers Greek Course) (English and Greek Edition),Joint Association of Classical Teachers,"{""Format:"": ""Paperback"", ""Language:"": ""English"", ""ISBN:"": ""0521219760"", ""Release Date:"": ""December 1978"", ""Publisher:"": ""Cambridge University Press"", ""Length:"": ""182 Pages"", ""Weight:"": ""0.90 lbs."", ""Dimensions:"": ""8.8\"" x 0.8\"" x 6.3\""""}",https://m.media-amazon.com/images/I/51yjTyyTJVL._SL350_.jpg
"Legends Series, Leyendas Mexicanas",Genevieve Barlow,"{""Format:"": ""Paperback"", ""Language:"": ""English"", ""ISBN:"": ""0844272388"", ""ISBN13:"": ""9780844272382"", ""Release Date:"": ""January 1996"", ""Publisher:"": ""McGraw-Hill Education"", ""Length:"": ""160 Pages"", ""Weight:"": ""0.60 lbs."", ""Dimensions:"": ""0.5\"" x 6.1\"" x 9.0\""""}",https://i.thriftbooks.com/api/imagehandler/m/8A2B8FD04DD06EFCBCC9BAE867A2CE95284BF405.jpeg
To Each His Own,Leonardo Sciascia,"{""Format:"": ""Paperback"", ""Language:"": ""English"", ""ISBN:"": ""0940322528"", ""ISBN13:"": ""9780940322523"", ""Release Date:"": ""October 2000"", ""Publisher:"": ""New York Review of Books"", ""Length:"": ""176 Pages"", ""Weight:"": ""0.45 lbs."", ""Dimensions:"": ""0.5\"" x 5.1\"" x 8.0\""""}",https://i.thriftbooks.com/api/imagehandler/m/F2D3358D61D64D4DA9F25857C949FEA247746345.jpeg
Souvenirs d'Enfance,Marcel Pagnol,"{""Format:"": ""Hardcover"", ""Language:"": ""English"", ""ISBN:"": ""B0007DUU6O"", ""Release Date:"": ""January 1969"", ""Publisher:"": ""Houghton Mifflin Co"", ""Length:"": ""374 Pages"", ""Weight:"": ""1.01 lbs.""}",https://m.media-amazon.com/images/I/41Ggiq5MloL._SL350_.jpg
Pobre Ana (Past & Present Tense Versions/Color/2020),Blaine Ray,"{""Format:"": ""Perfect Paperback"", ""ISBN:"": ""1603723811"", ""Release Date:"": ""January 2020"", ""Publisher:"": ""TPRS Books"", ""Length:"": ""128 Pages"", ""Weight:"": ""0.48 lbs."", ""Dimensions:"": ""0.3\"" x 5.0\"" x 7.0\""""}",https://m.media-amazon.com/images/I/41IQIw4FmWS._SL350_.jpg
The Arabic Alphabet: How to Read and Write It,Putros Samano,"{""Format:"": ""Paperback"", ""Language:"": ""English"", ""ISBN:"": ""0818404302"", ""ISBN13:"": ""9780818404306"", ""Release Date:"": ""October 2000"", ""Publisher:"": ""Lyle Stuart"", ""Length:"": ""95 Pages"", ""Weight:"": ""0.85 lbs."", ""Dimensions:"": ""0.3\"" x 5.2\"" x 8.7\""""}",https://i.thriftbooks.com/api/imagehandler/m/7E39DF6ECB3459ED3DBC1874A5298F7F6DACE88F.jpeg
Pocket German,Langenscheidt,"{""Format:"": ""Paperback"", ""Language:"": ""English"", ""ISBN:"": ""1585730505"", ""ISBN13:"": ""9781585730506"", ""Release Date:"": ""January 2001"", ""Publisher:"": ""Langenscheidt Publishers"", ""Length:"": ""672 Pages"", ""Weight:"": ""0.70 lbs."", ""Dimensions:"": ""1.1\"" x 4.1\"" x 6.1\""""}",https://i.thriftbooks.com/api/imagehandler/m/4EE8F38A00B1D027CF226DCE729E2F51143F51CA.jpeg
"Stories from Mexico/Historias de Mexico, Second Edition",William N. Stivers,"{"""": """"}",https://i.thriftbooks.com/api/imagehandler/m/A41888DBCEA8865B445E1D4CDB1A3A68C08B898F.jpeg
Woman with Birthmark: An Inspector Van Veeteren Mystery (4),Håkan Nesser,"{""Format:"": ""Paperback"", ""Language:"": ""English"", ""ISBN:"": ""0307387232"", ""ISBN13:"": ""9780307387233"", ""Release Date:"": ""March 2010"", ""Publisher:"": ""Knopf Publishing Group"", ""Length:"": ""352 Pages"", ""Weight:"": ""0.70 lbs."", ""Dimensions:"": ""0.8\"" x 5.0\"" x 8.3\""""}",https://i.thriftbooks.com/api/imagehandler/m/5E14B56CB12F799F6DC34986E925508BBDC8705E.jpeg
Patches (the Puppy Place #8): Where Every Puppy Finds a Home Volume 8,Ellen Miles,"{""Format:"": ""Paperback"", ""Language:"": ""English"", ""ISBN:"": ""0439874130"", ""ISBN13:"": ""9780439874137"", ""Release Date:"": ""November 2007"", ""Publisher:"": ""Scholastic Paperbacks"", ""Length:"": ""80 Pages"", ""Weight:"": ""0.15 lbs."", ""Dimensions:"": ""0.2\"" x 5.3\"" x 7.7\"""", ""Age Range:"": ""7 to 10 years"", ""Grade Range:"": ""Grades 2 to 5""}",https://i.thriftbooks.com/api/imagehandler/m/478AAB2EF2E25F21A83F09F3981C28E9D1BF36B6.jpeg
Aproximaciones Al Estudio de La Literatura Hispanica,Edward Friedman,"{""Format:"": ""Hardcover"", ""Language:"": ""English"", ""ISBN:"": ""0394378326"", ""ISBN13:"": ""9780394378329"", ""Release Date:"": ""January 1989"", ""Publisher:"": ""Random House Trade"", ""Length:"": ""386 Pages"", ""Weight:"": ""0.80 lbs.""}",https://m.media-amazon.com/images/I/516x-LXYJDL._SL350_.jpg
The Tale of the Pie and the Patty-Pan (Peter Rabbit),Beatrix Potter,"{""Format:"": ""Hardcover"", ""Language:"": ""English"", ""ISBN:"": ""0723234760"", ""Release Date:"": ""September 1987"", ""Publisher:"": ""Warne"", ""Length:"": ""64 Pages"", ""Weight:"": ""0.15 lbs."", ""Dimensions:"": ""4.3\"" x 0.3\"" x 5.7\""""}",https://m.media-amazon.com/images/I/519StnJBefL._SL350_.jpg
The Raggedy Andy Stories: The Very First Raggedy Andy Stories,Johnny Gruelle,"{""Format:"": ""Hardcover"", ""Language:"": ""English"", ""ISBN:"": ""051714686X"", ""ISBN13:"": ""9780517146866"", ""Release Date:"": ""April 1996"", ""Publisher:"": ""Derrydale Books"", ""Length:"": ""64 Pages"", ""Weight:"": ""0.65 lbs."", ""Dimensions:"": ""0.5\"" x 6.4\"" x 9.4\"""", ""Age Range:"": ""4 to 8 years"", ""Grade Range:"": ""Preschool to Grade 3""}",https://i.thriftbooks.com/api/imagehandler/m/3AA01F6F036CDE5238F9190A86AC076AC4AE2F34.jpeg
The Complete Idiot's Guide to Learning German on Your Own,Alicia Müller,"{""Format:"": ""Paperback"", ""Language:"": ""English"", ""ISBN:"": ""0028639251"", ""ISBN13:"": ""9780028639253"", ""Release Date:"": ""June 2000"", ""Publisher:"": ""Penguin Putnam"", ""Length:"": ""330 Pages"", ""Weight:"": ""0.86 lbs."", ""Dimensions:"": ""1.0\"" x 7.3\"" x 9.1\""""}",https://i.thriftbooks.com/api/imagehandler/m/3358D88C5998B4235A45D029C36E35961941CCA0.jpeg
Essentials of New Testament Greek,Ray Summers,"{""Format:"": ""Hardcover"", ""Language:"": ""English"", ""ISBN:"": ""080541309X"", ""ISBN13:"": ""9780805413090"", ""Release Date:"": ""January 1950"", ""Publisher:"": ""B&H Publishing Group"", ""Length:"": ""190 Pages"", ""Weight:"": ""0.90 lbs."", ""Dimensions:"": ""0.7\"" x 5.6\"" x 8.2\""""}",https://m.media-amazon.com/images/I/51j4IGkyF9L._SL350_.jpg
Get Talking Chinese: Mandarin Chinese for Beginners [With CD],Elinor Greenwood,"{""Format:"": ""Paperback"", ""Language:"": ""English"", ""ISBN:"": ""0756629020"", ""ISBN13:"": ""9780756629021"", ""Release Date:"": ""June 2007"", ""Publisher:"": ""DK Publishing (Dorling Kindersley)"", ""Length:"": ""128 Pages"", ""Weight:"": ""0.70 lbs."", ""Dimensions:"": ""0.4\"" x 6.6\"" x 8.2\"""", ""Age Range:"": ""8 to 12 years"", ""Grade Range:"": ""Grades 3 to 7""}",https://i.thriftbooks.com/api/imagehandler/m/87C7EAE71BFBBFA16E4F9460C8BA57D9C0A7831F.jpeg
The count of Monte Cristo: Great Illustrated Classics,Alexandre Dumas,"{""Format:"": ""Hardcover"", ""Language:"": ""English"", ""ISBN:"": ""B000LLHO34"", ""Release Date:"": ""January 1992"", ""Publisher:"": ""BARONET BOOKS"", ""Weight:"": ""0.82 lbs.""}",https://m.media-amazon.com/images/I/513R7H6pHxL._SL350_.jpg
The Thief's Journal,Jean Genet,"{""Format:"": ""Paperback"", ""Language:"": ""English"", ""ISBN:"": ""0802128270"", ""ISBN13:"": ""9780802128270"", ""Release Date:"": ""August 2018"", ""Publisher:"": ""Grove Press"", ""Length:"": ""272 Pages"", ""Weight:"": ""0.60 lbs."", ""Dimensions:"": ""0.8\"" x 5.4\"" x 8.2\""""}",https://i.thriftbooks.com/api/imagehandler/m/319455A2DA40ED61994C973D365037FB1D5C0E22.jpeg
Eleven Short Stories: A Dual-Language Book,Luigi Pirandello,"{""Format:"": ""Paperback"", ""Language:"": ""English"", ""ISBN:"": ""0486280918"", ""ISBN13:"": ""9780486280912"", ""Release Date:"": ""May 1994"", ""Publisher:"": ""Dover Publications"", ""Length:"": ""208 Pages"", ""Weight:"": ""0.54 lbs."", ""Dimensions:"": ""0.5\"" x 5.4\"" x 8.5\""""}",https://i.thriftbooks.com/api/imagehandler/m/46C56855BBC737D827F28F9DC119D397C0F2765E.jpeg
First German Reader: A Beginner's Dual-Language Book,Harry Steinhauer,"{""Format:"": ""Paperback"", ""Language:"": ""English"", ""ISBN:"": ""B0092JN5KW"", ""ISBN13:"": ""9780486461793"", ""Release Date:"": ""December 2007"", ""Publisher:"": ""Dover Publications"", ""Length:"": ""224 Pages"", ""Weight:"": ""0.60 lbs."", ""Dimensions:"": ""0.4\"" x 5.4\"" x 8.6\""""}",https://i.thriftbooks.com/api/imagehandler/m/48AA5888C9D6F15264B6E355EAB16EA20AE0C27E.jpeg
Academic Writing for Graduate Students: Essential Tasks and Skills,Christine B. Feak,"{""Format:"": ""Paperback"", ""Language:"": ""English"", ""ISBN:"": ""0472088564"", ""ISBN13:"": ""9780472088560"", ""Release Date:"": ""March 2004"", ""Publisher:"": ""University of Michigan Press ELT"", ""Length:"": ""344 Pages"", ""Weight:"": ""1.25 lbs."", ""Dimensions:"": ""0.8\"" x 6.0\"" x 9.0\""""}",https://i.thriftbooks.com/api/imagehandler/m/B5CB994DA2D9B47FB203AEE93DAF46557655376D.jpeg
"Cassell's German Dictionary: German-English, English-German",Harold T. Betteridge,"{""Format:"": ""Hardcover"", ""Language:"": ""English"", ""ISBN:"": ""0025229303"", ""ISBN13:"": ""9780025229303"", ""Release Date:"": ""August 1978"", ""Publisher:"": ""Houghton Mifflin"", ""Length:"": ""1580 Pages"", ""Weight:"": ""3.10 lbs."", ""Dimensions:"": ""2.1\"" x 6.1\"" x 9.3\""""}",https://i.thriftbooks.com/api/imagehandler/m/55E5388233DC31FAE30BB9C064371FFAB7824F1F.jpeg
Voces de Hispanoamerica: Antologia Literaria,Malva E. Filer,"{""Format:"": ""Hardcover"", ""Language:"": ""English"", ""ISBN:"": ""0838416535"", ""ISBN13:"": ""9780838416532"", ""Release Date:"": ""November 2003"", ""Publisher:"": ""Heinle"", ""Length:"": ""636 Pages"", ""Weight:"": ""2.20 lbs."", ""Dimensions:"": ""1.1\"" x 6.7\"" x 9.5\""""}",https://i.thriftbooks.com/api/imagehandler/m/66DA10B14A0A81E7961C40BF0ABD8C470D1F234D.jpeg
German for Reading Knowledge,Hubert Jannach,"{""Format:"": ""Hardcover"", ""Language:"": ""English"", ""ISBN:"": ""0442256965"", ""ISBN13:"": ""9780442256968"", ""Release Date:"": ""January 1980"", ""Publisher:"": ""Van Nostrand Reinhold Company"", ""Length:"": ""314 Pages"", ""Weight:"": ""1.45 lbs."", ""Dimensions:"": ""1.3\"" x 6.5\"" x 9.3\""""}",https://m.media-amazon.com/images/I/41pRR9pBglL._SL350_.jpg
"Nicolae: The Rise of Antichrist (Left Behind, Book 3)",Tim LaHaye,"{""Format:"": ""Paperback"", ""Language:"": ""English"", ""ISBN:"": ""0842329242"", ""Release Date:"": ""June 1998"", ""Publisher:"": ""Tyndale House Publishers, Inc."", ""Length:"": ""432 Pages"", ""Weight:"": ""0.90 lbs."", ""Dimensions:"": ""8.3\"" x 1.0\"" x 5.5\""""}",https://m.media-amazon.com/images/I/41ahF6zhADL._SL350_.jpg
Armageddon: The Cosmic Battle of the Ages (Left Behind #11),Jerry B. Jenkins,"{""Format:"": ""Hardcover"", ""Language:"": ""English"", ""ISBN:"": ""0842332340"", ""Release Date:"": ""April 2003"", ""Publisher:"": ""Tyndale House Publishers, Inc."", ""Length:"": ""395 Pages"", ""Weight:"": ""1.54 lbs."", ""Dimensions:"": ""9.5\"" x 1.3\"" x 6.5\""""}",https://m.media-amazon.com/images/I/41jMpT7ASxL._SL350_.jpg
Soul Harvest: The World Takes Sides,Tim LaHaye,"{""Format:"": ""Hardcover"", ""Language:"": ""English"", ""ISBN:"": ""0842329153"", ""ISBN13:"": ""9780842329156"", ""Release Date:"": ""June 1998"", ""Publisher:"": ""Tyndale House Publishers"", ""Length:"": ""425 Pages"", ""Weight:"": ""1.76 lbs."", ""Dimensions:"": ""1.4\"" x 6.3\"" x 9.4\""""}",https://i.thriftbooks.com/api/imagehandler/m/D3426396152CCF654810D4259B88059A734C87A6.jpeg
The Lost Boy: A Foster Child's Search for the Love of a Family,Dave Pelzer,"{""Format:"": ""Paperback"", ""Language:"": ""English"", ""ISBN:"": ""1558745157"", ""Release Date:"": ""August 1997"", ""Publisher:"": ""Health Communications"", ""Length:"": ""340 Pages"", ""Weight:"": ""0.70 lbs."", ""Dimensions:"": ""7.5\"" x 0.7\"" x 5.0\""""}",https://m.media-amazon.com/images/I/416mpOStpJL._SL350_.jpg
Sophie's World: A Novel about the History of Philosophy,Jostein Gaarder,"{""Format:"": ""Paperback"", ""Language:"": ""English"", ""ISBN:"": ""0425156842"", ""ISBN13:"": ""9780425156841"", ""Release Date:"": ""January 1997"", ""Publisher:"": ""Berkley Publishing Group"", ""Length:"": ""523 Pages"", ""Weight:"": ""0.95 lbs."", ""Dimensions:"": ""1.2\"" x 5.2\"" x 7.9\""""}",https://i.thriftbooks.com/api/imagehandler/m/8FFE775061D9FC9EF4273172CAD9FC1B3A92694D.jpeg
The Rapture: In the Twinkling of an Eye / Countdown to the Earth's Last Days,Jerry B. Jenkins,"{""Format:"": ""Hardcover"", ""Language:"": ""English"", ""ISBN:"": ""141430580X"", ""ISBN13:"": ""9781414305806"", ""Release Date:"": ""June 2006"", ""Publisher:"": ""Tyndale House Publishers"", ""Length:"": ""384 Pages"", ""Weight:"": ""1.34 lbs."", ""Dimensions:"": ""1.3\"" x 6.5\"" x 9.2\""""}",https://i.thriftbooks.com/api/imagehandler/m/AB3279890058C3BC90B39E02DD2120FAAD7F6387.jpeg
The Rising: Antichrist Is Born / Before They Were Left Behind,Tim LaHaye,"{""Format:"": ""Paperback"", ""Language:"": ""English"", ""ISBN:"": ""0842361936"", ""ISBN13:"": ""9780842361934"", ""Release Date:"": ""September 2005"", ""Publisher:"": ""Tyndale House Publishers"", ""Length:"": ""400 Pages"", ""Weight:"": ""0.83 lbs."", ""Dimensions:"": ""1.1\"" x 5.4\"" x 8.1\""""}",https://i.thriftbooks.com/api/imagehandler/m/79AB4906F744E8B8B32AE3C6D759C81012C2A3DE.jpeg
Warrior of the Light: A Manual,Paulo Coelho,"{""Format:"": ""Paperback"", ""Language:"": ""English"", ""ISBN:"": ""0060527986"", ""ISBN13:"": ""9780060527983"", ""Release Date:"": ""March 2004"", ""Publisher:"": ""HarperOne"", ""Length:"": ""160 Pages"", ""Weight:"": ""0.45 lbs."", ""Dimensions:"": ""0.5\"" x 5.3\"" x 8.0\""""}",https://i.thriftbooks.com/api/imagehandler/m/21B1D317278F37F05B49F93DB1E7F63656F7705A.jpeg
Veronika Decides to Die: A Novel of Redemption,Paulo Coelho,"{""Format:"": ""Paperback"", ""Language:"": ""English"", ""ISBN:"": ""0061124265"", ""ISBN13:"": ""9780061124266"", ""Release Date:"": ""August 2021"", ""Publisher:"": ""HarperOne"", ""Length:"": ""240 Pages"", ""Weight:"": ""0.42 lbs."", ""Dimensions:"": ""0.6\"" x 5.4\"" x 8.0\""""}",https://i.thriftbooks.com/api/imagehandler/m/5960CEB99F6814548045D24F62F55FBD53860552.jpeg
Twenty Love Poems: And a Song of Despair,Pablo Neruda,"{""Format:"": ""Paperback"", ""Language:"": ""English"", ""ISBN:"": ""0140186484"", ""ISBN13:"": ""9780140186482"", ""Release Date:"": ""February 1993"", ""Publisher:"": ""Penguin Group"", ""Length:"": ""63 Pages"", ""Weight:"": ""0.18 lbs."", ""Dimensions:"": ""0.2\"" x 5.0\"" x 7.7\""""}",https://i.thriftbooks.com/api/imagehandler/m/84E044D38C65201D2EE76607035F4E361438D7A7.jpeg
Pedro Páramo,Juan Rulfo,"{""Format:"": ""Paperback"", ""Language:"": ""English"", ""ISBN:"": ""080216093X"", ""ISBN13:"": ""9780802160935"", ""Release Date:"": ""November 2023"", ""Publisher:"": ""Grove Press"", ""Length:"": ""144 Pages"", ""Weight:"": ""1.70 lbs."", ""Dimensions:"": ""0.6\"" x 5.4\"" x 8.1\""""}",https://i.thriftbooks.com/api/imagehandler/m/708D82F970E27F68C4983D460D6C0E8E36B940F0.jpeg
Eleven Minutes: A Novel (P.S.),Paulo Coelho,"{""Format:"": ""Paperback"", ""Language:"": ""English"", ""ISBN:"": ""0060589280"", ""Release Date:"": ""August 2021"", ""Publisher:"": ""HarperOne"", ""Length:"": ""273 Pages"", ""Weight:"": ""0.55 lbs."", ""Dimensions:"": ""8.0\"" x 0.7\"" x 5.3\""""}",https://m.media-amazon.com/images/I/51OtYU1LJzL._SL350_.jpg
Unshaken,Francine Rivers,"{""Format:"": ""Hardcover"", ""Language:"": ""English"", ""ISBN:"": ""0842335978"", ""ISBN13:"": ""9780842335973"", ""Release Date:"": ""March 2001"", ""Publisher:"": ""Tyndale House Publishers"", ""Length:"": ""208 Pages"", ""Weight:"": ""0.71 lbs."", ""Dimensions:"": ""0.8\"" x 5.2\"" x 7.4\""""}",https://i.thriftbooks.com/api/imagehandler/m/934803513E1761C69CC579DA1EA3D9DD1FD2D726.jpeg
The Door in the Dragon's Throat: Volume 1,Frank E. Peretti,"{""Format:"": ""Paperback"", ""Language:"": ""English"", ""ISBN:"": ""1581346182"", ""ISBN13:"": ""9781581346183"", ""Release Date:"": ""July 2004"", ""Publisher:"": ""Crossway"", ""Length:"": ""128 Pages"", ""Weight:"": ""0.20 lbs."", ""Dimensions:"": ""0.4\"" x 5.2\"" x 7.7\"""", ""Age Range:"": ""8 to 12 years"", ""Grade Range:"": ""Grades 3 to 7""}",https://i.thriftbooks.com/api/imagehandler/m/2C22DF789B9EC04A35CADC5F108770969364453F.jpeg
The Woman Destroyed,Simone de Beauvoir,"{""Format:"": ""Paperback"", ""Language:"": ""English"", ""ISBN:"": ""0394711033"", ""ISBN13:"": ""9780394711034"", ""Release Date:"": ""August 1987"", ""Publisher:"": ""Pantheon Books"", ""Length:"": ""256 Pages"", ""Weight:"": ""0.60 lbs."", ""Dimensions:"": ""0.8\"" x 5.1\"" x 7.9\""""}",https://i.thriftbooks.com/api/imagehandler/m/78F952AA83E35043FBF9F597C4BB548A752ACE47.jpeg
The Hawk and the Jewel,Lori Wick,"{""Format:"": ""Paperback"", ""Language:"": ""English"", ""ISBN:"": ""0736913203"", ""ISBN13:"": ""9780736913201"", ""Release Date:"": ""January 2004"", ""Publisher:"": ""Harvest House Publishers"", ""Length:"": ""346 Pages"", ""Weight:"": ""0.77 lbs."", ""Dimensions:"": ""0.8\"" x 5.4\"" x 8.4\""""}",https://i.thriftbooks.com/api/imagehandler/m/885C60C724511D4A12E0FDEE3404D604DAC69909.jpeg
The Love Poems of Rumi,Rumi,"{""Format:"": ""Hardcover"", ""Language:"": ""English"", ""ISBN:"": ""0609602438"", ""ISBN13:"": ""9780609602430"", ""Release Date:"": ""January 1998"", ""Publisher:"": ""Harmony"", ""Length:"": ""64 Pages"", ""Weight:"": ""0.35 lbs."", ""Dimensions:"": ""0.5\"" x 5.1\"" x 7.1\""""}",https://i.thriftbooks.com/api/imagehandler/m/1186E332E864D6923310B97A428FC6761EE8C5BD.jpeg
The Labyrinth of Solitude,Octavio Paz,"{""Format:"": ""Paperback"", ""Language:"": ""English"", ""ISBN:"": ""080215042X"", ""ISBN13:"": ""9780802150424"", ""Release Date:"": ""January 1994"", ""Publisher:"": ""Grove Press"", ""Length:"": ""398 Pages"", ""Weight:"": ""1.05 lbs."", ""Dimensions:"": ""1.2\"" x 5.3\"" x 8.0\""""}",https://i.thriftbooks.com/api/imagehandler/m/2F38D7496E7DE516BE545D82C8920694221F5649.jpeg
Unafraid: Mary,Francine Rivers,"{""Format:"": ""Hardcover"", ""Language:"": ""English"", ""ISBN:"": ""0842335994"", ""ISBN13:"": ""9780842335997"", ""Release Date:"": ""October 2001"", ""Publisher:"": ""Tyndale House Publishers"", ""Length:"": ""224 Pages"", ""Weight:"": ""0.55 lbs."", ""Dimensions:"": ""0.9\"" x 5.2\"" x 7.3\""""}",https://i.thriftbooks.com/api/imagehandler/m/0285E276B848B1BDCE8A11F5CC4EC064FA283BBF.jpeg
Unashamed,Francine Rivers,"{""Format:"": ""Hardcover"", ""Language:"": ""English"", ""ISBN:"": ""084233596X"", ""ISBN13:"": ""9780842335966"", ""Release Date:"": ""October 2000"", ""Publisher:"": ""Tyndale House Publishers"", ""Length:"": ""176 Pages"", ""Weight:"": ""0.60 lbs."", ""Dimensions:"": ""0.7\"" x 5.3\"" x 7.3\""""}",https://i.thriftbooks.com/api/imagehandler/m/6087CC1386E2A26A295C63B1E3B0194AEAD46C83.jpeg
