Book Name,Authors,Info,Image URL
Games Magazine the Book of Sense and Nonsense Puzzles,Ronnie Shushan,"{"""": """"}",https://i.thriftbooks.com/api/imagehandler/m/364A7C02235D477A8706ADD4ABE8AEB30CDA2513.jpeg
Do Penguins Have Knees?: An Imponderables Book,David Feldman,"{""Format:"": ""Paperback"", ""Language:"": ""English"", ""ISBN:"": ""0060740914"", ""ISBN13:"": ""9780060740917"", ""Release Date:"": ""November 2004"", ""Publisher:"": ""Harper Perennial"", ""Length:"": ""336 Pages"", ""Weight:"": ""0.60 lbs."", ""Dimensions:"": ""0.8\"" x 5.3\"" x 8.0\""""}",https://i.thriftbooks.com/api/imagehandler/m/FBDC51F93FC8DEADDBDE9558AF4574E17A8419E5.jpeg
Games Magazine Junior Kids' Big Book of Games,Karen C. Anderson,"{"""": """"}",https://i.thriftbooks.com/api/imagehandler/m/DEF92B66FCAE496985CF46079AF4814991652F59.jpeg
The Lady or the Tiger?,Raymond M. Smullyan,"{""Format:"": ""Hardcover"", ""Language:"": ""English"", ""ISBN:"": ""0394514661"", ""ISBN13:"": ""9780394514666"", ""Release Date:"": ""May 1982"", ""Publisher:"": ""Alfred A. Knopf"", ""Length:"": ""235 Pages"", ""Weight:"": ""1.00 lbs.""}",https://m.media-amazon.com/images/I/51HT+pi5DtL._SL350_.jpg
"1,000 Playthinks: Puzzles, Paradoxes, Illusions & Games",Ivan Moscovich,"{""Format:"": ""Paperback"", ""Language:"": ""English"", ""ISBN:"": ""0761118268"", ""ISBN13:"": ""9780761118268"", ""Release Date:"": ""October 2001"", ""Publisher:"": ""Workman Publishing"", ""Length:"": ""432 Pages"", ""Weight:"": ""4.50 lbs."", ""Dimensions:"": ""1.3\"" x 11.1\"" x 11.8\""""}",https://i.thriftbooks.com/api/imagehandler/m/D2FD945AA4BBAE558C196559DDFEFB220C83D6D6.jpeg
101 Drama Games for Children: Fun and Learning with Acting and Make-Believe,Paul Rooyackers,"{""Format:"": ""Paperback"", ""Language:"": ""English"", ""ISBN:"": ""0897932110"", ""ISBN13:"": ""9780897932110"", ""Release Date:"": ""December 1997"", ""Publisher:"": ""Hunter House Publishers"", ""Length:"": ""160 Pages"", ""Weight:"": ""0.55 lbs."", ""Dimensions:"": ""0.7\"" x 5.9\"" x 8.9\"""", ""Age Range:"": ""4 years and up"", ""Grade Range:"": ""Preschool and higher""}",https://i.thriftbooks.com/api/imagehandler/m/1ADFC6DA0C4A9F109802980033B5DFD5B056E044.jpeg
Brain Games - Bible Word Search [Large Print],Publications International,"{""Format:"": ""Spiral-bound"", ""Large Print:"": ""Yes"", ""Language:"": ""English"", ""ISBN:"": ""1450827152"", ""ISBN13:"": ""9781450827157"", ""Release Date:"": ""October 2011"", ""Publisher:"": ""Publications International, Ltd."", ""Length:"": ""192 Pages"", ""Weight:"": ""1.20 lbs."", ""Dimensions:"": ""0.6\"" x 7.5\"" x 9.1\""""}",https://i.thriftbooks.com/api/imagehandler/m/62B76270BEE5EC1AE67913CECEA4CDD5A147C10B.jpeg
Brain Games - True Crime Puzzles,Publications International,"{""Format:"": ""Spiral-bound"", ""Language:"": ""English"", ""ISBN:"": ""1640302727"", ""ISBN13:"": ""9781640302723"", ""Release Date:"": ""April 2018"", ""Publisher:"": ""Publications International, Ltd."", ""Length:"": ""192 Pages"", ""Weight:"": ""0.90 lbs."", ""Dimensions:"": ""0.6\"" x 7.6\"" x 9.1\""""}",https://i.thriftbooks.com/api/imagehandler/m/660FD686651E2F509115420D0A6298CFB5A0A7AD.jpeg
The Human Brain Coloring Book,Marian C. Diamond,"{""Format:"": ""Paperback"", ""Language:"": ""English"", ""ISBN:"": ""0064603067"", ""ISBN13:"": ""9780064603065"", ""Release Date:"": ""November 1985"", ""Publisher:"": ""Collins Reference"", ""Length:"": ""301 Pages"", ""Weight:"": ""0.82 lbs."", ""Dimensions:"": ""0.8\"" x 8.0\"" x 10.7\""""}",https://i.thriftbooks.com/api/imagehandler/m/495F37392EC164D467BE347DD039F55044C1B634.jpeg
Brain Games - Frame Games,Terry Stickels,"{"""": """"}",https://i.thriftbooks.com/api/imagehandler/m/11CC397776AC3D778D1FADBD12B6A6CF7E3B86EF.jpeg
I Spy Treasure Hunt: A Book of Picture Riddles,Jean Marzollo,"{""Format:"": ""Hardcover"", ""Language:"": ""English"", ""ISBN:"": ""0439042445"", ""Release Date:"": ""October 1999"", ""Publisher:"": ""Scholastic"", ""Length:"": ""36 Pages"", ""Weight:"": ""1.12 lbs."", ""Dimensions:"": ""12.5\"" x 0.5\"" x 9.5\""""}",https://m.media-amazon.com/images/I/61zWljsu2YL._SL350_.jpg
I Spy Spooky Night: A Book of Picture Riddles,Jean Marzollo,"{""Format:"": ""Hardcover"", ""Language:"": ""English"", ""ISBN:"": ""0590481371"", ""ISBN13:"": ""9780590481373"", ""Release Date:"": ""September 1996"", ""Publisher:"": ""Cartwheel Books"", ""Length:"": ""31 Pages"", ""Weight:"": ""1.10 lbs."", ""Dimensions:"": ""0.3\"" x 9.1\"" x 12.2\"""", ""Age Range:"": ""4 to 8 years"", ""Grade Range:"": ""Preschool to Grade 3""}",https://i.thriftbooks.com/api/imagehandler/m/904B5EC8276DD54F4D21EB336D14B0CE97C76AE6.jpeg
I Spy Christmas: A Book of Picture Riddles,Jean Marzollo,"{""Format:"": ""Hardcover"", ""Language:"": ""English"", ""ISBN:"": ""0590458469"", ""ISBN13:"": ""9780590458467"", ""Release Date:"": ""October 1992"", ""Publisher:"": ""Cartwheel Books"", ""Length:"": ""37 Pages"", ""Weight:"": ""1.05 lbs."", ""Dimensions:"": ""0.4\"" x 9.2\"" x 12.5\"""", ""Age Range:"": ""4 to 8 years"", ""Grade Range:"": ""Preschool to Grade 3""}",https://i.thriftbooks.com/api/imagehandler/m/6C1E6E44F3DDCC59A1E1595B5F36C615255C2515.jpeg
I Spy Fantasy: A Book of Picture Riddles,Jean Marzollo,"{""Format:"": ""Hardcover"", ""Language:"": ""English"", ""ISBN:"": ""0590462954"", ""ISBN13:"": ""9780590462952"", ""Release Date:"": ""October 1994"", ""Publisher:"": ""Cartwheel Books"", ""Length:"": ""40 Pages"", ""Weight:"": ""1.10 lbs."", ""Dimensions:"": ""0.3\"" x 9.1\"" x 12.2\"""", ""Age Range:"": ""4 to 8 years"", ""Grade Range:"": ""Preschool to Grade 3""}",https://i.thriftbooks.com/api/imagehandler/m/7DC0E5C8C666FFD6DAEA892B07354C9468B39CCA.jpeg
Where's Waldo?: Martin Handford,Martin Handford,"{""Format:"": ""Hardcover"", ""Language:"": ""English"", ""ISBN:"": ""0316342939"", ""ISBN13:"": ""9780316342933"", ""Release Date:"": ""January 1987"", ""Publisher:"": ""Little Brown and Company"", ""Length:"": ""27 Pages"", ""Weight:"": ""1.13 lbs."", ""Dimensions:"": ""0.4\"" x 10.2\"" x 12.8\"""", ""Age Range:"": ""4 years and up""}",https://i.thriftbooks.com/api/imagehandler/m/5F07D578C0099D76AB76B516177345AF5E30E7F4.jpeg
I Spy School Days: A Book of Picture Riddles,Jean Marzollo,"{""Format:"": ""Hardcover"", ""Language:"": ""English"", ""ISBN:"": ""0590481355"", ""Release Date:"": ""September 1995"", ""Publisher:"": ""Cartwheel"", ""Length:"": ""40 Pages"", ""Weight:"": ""1.08 lbs."", ""Dimensions:"": ""12.3\"" x 0.5\"" x 9.3\""""}",https://m.media-amazon.com/images/I/51Q-qHMdzgL._SL350_.jpg
National Geographic Little Kids First Big Book of Why,Amy Shields,"{""Format:"": ""Hardcover"", ""Language:"": ""English"", ""ISBN:"": ""1426307934"", ""ISBN13:"": ""9781426307935"", ""Release Date:"": ""May 2011"", ""Publisher:"": ""National Geographic Kids"", ""Length:"": ""128 Pages"", ""Weight:"": ""1.56 lbs."", ""Dimensions:"": ""0.6\"" x 10.1\"" x 10.0\"""", ""Age Range:"": ""4 to 7 years"", ""Grade Range:"": ""Preschool to Grade 2""}",https://i.thriftbooks.com/api/imagehandler/m/8E3D66C95B3D1A1A11A7A4889BDF6BE599869AF6.jpeg
I Spy: A Book of Picture Riddles,Walter Wick,"{""Format:"": ""Hardcover"", ""Language:"": ""English"", ""ISBN:"": ""0590450875"", ""ISBN13:"": ""9780590450874"", ""Release Date:"": ""April 1992"", ""Publisher:"": ""Cartwheel Books"", ""Length:"": ""40 Pages"", ""Weight:"": ""1.09 lbs."", ""Dimensions:"": ""0.3\"" x 9.2\"" x 12.1\"""", ""Age Range:"": ""4 to 8 years"", ""Grade Range:"": ""Preschool to Grade 3""}",https://i.thriftbooks.com/api/imagehandler/m/88C626C46D78966DBDA43F90DBA757EE91744449.jpeg
I Spy Mystery: A Book of Picture Riddles,Jean Marzollo,"{""Format:"": ""Hardcover"", ""Language:"": ""English"", ""ISBN:"": ""0590462946"", ""ISBN13:"": ""9780590462945"", ""Release Date:"": ""October 1993"", ""Publisher:"": ""Cartwheel Books"", ""Length:"": ""40 Pages"", ""Weight:"": ""1.15 lbs."", ""Dimensions:"": ""0.3\"" x 9.4\"" x 12.1\"""", ""Age Range:"": ""4 to 8 years"", ""Grade Range:"": ""Preschool to Grade 3""}",https://i.thriftbooks.com/api/imagehandler/m/58912C8B841772B926F274E2B58C2554A782F64B.jpeg
Cain's Jawbone,E. Powys Mathers,"{""Format:"": ""Paperback"", ""Language:"": ""English"", ""ISBN:"": ""1800180799"", ""ISBN13:"": ""9781800180796"", ""Release Date:"": ""May 2021"", ""Publisher:"": ""Unbound"", ""Length:"": ""224 Pages"", ""Weight:"": ""0.45 lbs."", ""Dimensions:"": ""0.8\"" x 4.4\"" x 7.0\""""}",https://i.thriftbooks.com/api/imagehandler/m/7DAC0A4D0BB2A22BEBDE4E11EE700603720E9BF7.jpeg
Do Princesses Scrape Their Knees?,Carmela LaVigna Coyle,"{""Format:"": ""Hardcover"", ""Language:"": ""English"", ""ISBN:"": ""0873589092"", ""ISBN13:"": ""9780873589093"", ""Release Date:"": ""July 2006"", ""Publisher:"": ""Cooper Square Pub"", ""Length:"": ""32 Pages"", ""Weight:"": ""1.05 lbs."", ""Dimensions:"": ""0.5\"" x 10.8\"" x 9.3\"""", ""Age Range:"": ""3 to 7 years"", ""Grade Range:"": ""Preschool to Grade 2""}",https://i.thriftbooks.com/api/imagehandler/m/AF68556283B49CCB7AD079169EC7C6ADDFFD0FEE.jpeg
The Conversation Piece: Creative Questions to Tickle the Mind,Bret Nicholaus,"{""Format:"": ""Hardcover"", ""Language:"": ""English"", ""ISBN:"": ""0345407113"", ""ISBN13:"": ""9780345407115"", ""Release Date:"": ""June 1996"", ""Publisher:"": ""Ballantine Books"", ""Length:"": ""144 Pages"", ""Weight:"": ""0.48 lbs."", ""Dimensions:"": ""0.6\"" x 5.8\"" x 6.2\""""}",https://i.thriftbooks.com/api/imagehandler/m/8611F2EAAB9F03743C98C96275A2D9F54AE004A5.jpeg
More Stories to Solve: Fifteen Folktales from Around the World,George Shannon,"{""Format:"": ""Hardcover"", ""Language:"": ""English"", ""ISBN:"": ""068809161X"", ""ISBN13:"": ""9780688091613"", ""Release Date:"": ""January 1990"", ""Publisher:"": ""Greenwillow Books"", ""Length:"": ""64 Pages"", ""Weight:"": ""0.85 lbs."", ""Dimensions:"": ""0.5\"" x 7.3\"" x 9.3\"""", ""Age Range:"": ""8 to 12 years"", ""Grade Range:"": ""Grades 3 to 7""}",https://image-plz.thriftbooks.com/m/E52948BF3E5443D99A9FC5259149B0D9.png
Secrets of the Game Business,François Dominic Laramèe,"{""Format:"": ""Paperback"", ""Language:"": ""English"", ""ISBN:"": ""1584503998"", ""ISBN13:"": ""9781584503996"", ""Release Date:"": ""April 2005"", ""Publisher:"": ""Charles River Media"", ""Length:"": ""410 Pages"", ""Weight:"": ""1.85 lbs."", ""Dimensions:"": ""1.1\"" x 7.4\"" x 9.3\""""}",https://i.thriftbooks.com/api/imagehandler/m/1FC3D84E9BF1F618E0D6FF14ED8077A727FB5949.jpeg
I Spy Fly Guy!,Tedd Arnold,"{""Format:"": ""Hardcover"", ""Language:"": ""English"", ""ISBN:"": ""0545110289"", ""Release Date:"": ""October 2009"", ""Publisher:"": ""Cartwheel Books"", ""Length:"": ""32 Pages"", ""Weight:"": ""0.45 lbs."", ""Dimensions:"": ""9.5\"" x 0.3\"" x 6.3\""""}",https://m.media-amazon.com/images/I/51S-OwC3HUL._SL350_.jpg
"Positively Fifth Street: Murderers, Cheetahs, and Binion's World Series of Poker",James McManus,"{""Format:"": ""Paperback"", ""Language:"": ""English"", ""ISBN:"": ""0312422520"", ""ISBN13:"": ""9780312422523"", ""Release Date:"": ""March 2004"", ""Publisher:"": ""Picador USA"", ""Length:"": ""448 Pages"", ""Weight:"": ""0.90 lbs."", ""Dimensions:"": ""0.8\"" x 5.5\"" x 8.3\""""}",https://i.thriftbooks.com/api/imagehandler/m/E6C2169033A62A67138ABC33022604C5111D90F0.jpeg
The Cube,Slobodan Pesic,"{""Format:"": ""Paperback"", ""Language:"": ""English"", ""ISBN:"": ""0062512668"", ""ISBN13:"": ""9780062512666"", ""Release Date:"": ""August 1995"", ""Publisher:"": ""HarperOne"", ""Length:"": ""208 Pages"", ""Weight:"": ""0.40 lbs."", ""Dimensions:"": ""0.5\"" x 5.9\"" x 6.1\""""}",https://i.thriftbooks.com/api/imagehandler/m/FA427BC8D628A4206BE2EFA9BF04853BB8DCC5EC.jpeg
The Queen of Katwe: One Girl's Triumphant Path to Becoming a Chess Champion,Tim Crothers,"{""Format:"": ""Paperback"", ""Language:"": ""English"", ""ISBN:"": ""1501127187"", ""ISBN13:"": ""9781501127182"", ""Release Date:"": ""September 2016"", ""Publisher:"": ""Scribner Book Company"", ""Length:"": ""256 Pages"", ""Weight:"": ""0.55 lbs."", ""Dimensions:"": ""0.7\"" x 5.4\"" x 8.3\""""}",https://i.thriftbooks.com/api/imagehandler/m/F522D80C247C1C4BA525F82FFE944DE2D1A37AD7.jpeg
Dragon Quest,Andy Dixon,"{""Format:"": ""Paperback"", ""Language:"": ""English"", ""ISBN:"": ""0746023456"", ""ISBN13:"": ""9780746023457"", ""Release Date:"": ""March 1997"", ""Publisher:"": ""E.D.C. Publishing"", ""Length:"": ""31 Pages"", ""Weight:"": ""0.50 lbs."", ""Dimensions:"": ""0.1\"" x 9.5\"" x 12.8\"""", ""Age Range:"": ""8 to 12 years"", ""Grade Range:"": ""Grades 3 to 7""}",https://m.media-amazon.com/images/I/31qmIiMozyL._SL350_.jpg
Indian Gaming and Tribal Sovereignty: The Casino Compromise,Steven Andrew Light,"{""Format:"": ""Paperback"", ""Language:"": ""English"", ""ISBN:"": ""0700615539"", ""ISBN13:"": ""9780700615537"", ""Release Date:"": ""September 2005"", ""Publisher:"": ""University Press of Kansas"", ""Length:"": ""256 Pages"", ""Weight:"": ""0.90 lbs."", ""Dimensions:"": ""0.7\"" x 6.7\"" x 9.0\""""}",https://i.thriftbooks.com/api/imagehandler/m/A742AC29E281FD9EA674256DDF3A9229266E100B.jpeg
Hush,Jeph Loeb,"{""Format:"": ""Hardcover"", ""Language:"": ""English"", ""ISBN:"": ""1401200842"", ""ISBN13:"": ""9781401200848"", ""Release Date:"": ""January 2004"", ""Publisher:"": ""DC Comics"", ""Length:"": ""176 Pages"", ""Weight:"": ""0.05 lbs."", ""Dimensions:"": ""0.5\"" x 6.9\"" x 10.5\""""}",https://i.thriftbooks.com/api/imagehandler/m/660B2949FE00E8D0FEBD03F2CF71BBE804C6569F.jpeg
How Computer Games Help Children Learn,David Williamson Shaffer,"{""Format:"": ""Paperback"", ""Language:"": ""English"", ""ISBN:"": ""0230602525"", ""ISBN13:"": ""9780230602526"", ""Release Date:"": ""February 2007"", ""Publisher:"": ""Palgrave MacMillan"", ""Length:"": ""242 Pages"", ""Weight:"": ""0.95 lbs."", ""Dimensions:"": ""0.7\"" x 6.0\"" x 9.0\""""}",https://i.thriftbooks.com/api/imagehandler/m/C7FFD6AAD14D2B1116F642DF1890741DF5A9FC53.jpeg
What Video Games Have to Teach Us about Learning and Literacy,James Paul Gee,"{""Format:"": ""Paperback"", ""Language:"": ""English"", ""ISBN:"": ""1403965382"", ""ISBN13:"": ""9781403965387"", ""Release Date:"": ""May 2004"", ""Publisher:"": ""Palgrave MacMillan"", ""Length:"": ""224 Pages"", ""Weight:"": ""0.65 lbs."", ""Dimensions:"": ""0.6\"" x 6.1\"" x 9.1\""""}",https://i.thriftbooks.com/api/imagehandler/m/802E0872E5E0349FE0AE07D28C953F273B5DD5AA.jpeg
Prisoner's Dilemma,William Poundstone,"{""Format:"": ""Hardcover"", ""Language:"": ""English"", ""ISBN:"": ""0385415672"", ""ISBN13:"": ""9780385415675"", ""Release Date:"": ""January 1992"", ""Publisher:"": ""Doubleday Books"", ""Length:"": ""290 Pages"", ""Weight:"": ""1.34 lbs."", ""Dimensions:"": ""1.2\"" x 6.4\"" x 9.6\""""}",https://i.thriftbooks.com/api/imagehandler/m/09CA12C0DE02C1D3A54FB932CE0B4592BD44C5B2.jpeg
Magickal Mystical Creatures: Invite Their Powers Into Your Life,D.J. Conway,"{""Format:"": ""Paperback"", ""Language:"": ""English"", ""ISBN:"": ""156718149X"", ""ISBN13:"": ""9781567181494"", ""Release Date:"": ""January 2001"", ""Publisher:"": ""Llewellyn Publications"", ""Length:"": ""259 Pages"", ""Weight:"": ""0.75 lbs."", ""Dimensions:"": ""0.7\"" x 6.2\"" x 9.1\""""}",https://i.thriftbooks.com/api/imagehandler/m/A8FBC023C546616355ADD79CF65806ACB63F3719.jpeg
Epic,Conor Kostick,"{""Format:"": ""Hardcover"", ""Language:"": ""English"", ""ISBN:"": ""0670061794"", ""ISBN13:"": ""9780670061792"", ""Release Date:"": ""April 2007"", ""Publisher:"": ""Viking Books for Young Readers"", ""Length:"": ""384 Pages"", ""Weight:"": ""0.99 lbs."", ""Dimensions:"": ""8.8\"" x 1.5\"" x 6.0\""""}",https://i.thriftbooks.com/api/imagehandler/m/C0B58408C3F619862451BA78DE2807AC4FD55FE4.jpeg
The Gollywhopper Games,Jody Feldman,"{""Format:"": ""Paperback"", ""Language:"": ""English"", ""ISBN:"": ""0061214523"", ""ISBN13:"": ""9780061214523"", ""Release Date:"": ""December 2013"", ""Publisher:"": ""Greenwillow Books"", ""Length:"": ""336 Pages"", ""Weight:"": ""0.50 lbs."", ""Dimensions:"": ""0.8\"" x 5.3\"" x 7.6\"""", ""Age Range:"": ""8 to 12 years"", ""Grade Range:"": ""Grades 3 to 7""}",https://i.thriftbooks.com/api/imagehandler/m/1E89F9B9BA479CEF791D2706B22433B0AB6BDCA3.jpeg
How to Pass Advanced Aptitude Tests,Jim Barrett,"{"""": """"}",https://i.thriftbooks.com/api/imagehandler/m/ACF6B0B74C3A06ED3546ED9D5961E030D61BBAD3.jpeg
The Turk: The Life and Times of the Famous 19th Century Chess-Playing Machine,Tom Standage,"{""Format:"": ""Hardcover"", ""Language:"": ""English"", ""ISBN:"": ""0802713912"", ""ISBN13:"": ""9780802713919"", ""Release Date:"": ""April 2002"", ""Publisher:"": ""Walker Books"", ""Length:"": ""224 Pages"", ""Weight:"": ""1.00 lbs."", ""Dimensions:"": ""1.0\"" x 5.8\"" x 8.0\""""}",https://i.thriftbooks.com/api/imagehandler/m/516BEE4BA6DCC6770456676AC53E363B4A63C062.jpeg
Bobby Fischer Goes to War : How the Soviets Lost the Most Extraordinary Chess Match of All Time,John Eidinow,"{""Format:"": ""Hardcover"", ""Language:"": ""English"", ""ISBN:"": ""0060510242"", ""Release Date:"": ""February 2004"", ""Publisher:"": ""Ecco"", ""Length:"": ""368 Pages"", ""Weight:"": ""1.30 lbs."", ""Dimensions:"": ""9.3\"" x 1.2\"" x 5.5\""""}",https://m.media-amazon.com/images/I/41XaZMuB8oL._SL350_.jpg
The American Boy's Handy Book: What to Do and How Do It,Daniel Carter Beard,"{""Format:"": ""Paperback"", ""Language:"": ""English"", ""ISBN:"": ""0879234490"", ""ISBN13:"": ""9780879234492"", ""Release Date:"": ""July 2010"", ""Publisher:"": ""David R. Godine Publisher"", ""Length:"": ""441 Pages"", ""Weight:"": ""1.15 lbs."", ""Dimensions:"": ""1.5\"" x 5.5\"" x 7.6\"""", ""Age Range:"": ""9 to 13 years"", ""Grade Range:"": ""Grades 4 to 8""}",https://i.thriftbooks.com/api/imagehandler/m/A24F1CB8F09CCA3082463B0472EC36A639F2396F.jpeg
Bobby Fischer Teaches Chess,Stuart Margulies,"{""Format:"": ""Mass Market Paperback"", ""Language:"": ""English"", ""ISBN:"": ""0553263153"", ""ISBN13:"": ""9780553130539"", ""Release Date:"": ""July 1982"", ""Publisher:"": ""Bantam"", ""Length:"": ""352 Pages"", ""Weight:"": ""0.42 lbs."", ""Dimensions:"": ""0.4\"" x 5.1\"" x 7.8\""""}",https://m.media-amazon.com/images/I/41PolfC-iYL._SL350_.jpg
Magic Eye: A New Way of Looking at the World,N.E. Thing Enterprises,"{""Format:"": ""Hardcover"", ""Language:"": ""English"", ""ISBN:"": ""0836270061"", ""Release Date:"": ""October 1993"", ""Publisher:"": ""Andrews and McMeel Publishing"", ""Length:"": ""32 Pages"", ""Weight:"": ""1.03 lbs."", ""Dimensions:"": ""8.7\"" x 0.4\"" x 11.2\""""}",https://m.media-amazon.com/images/I/61xy8a7TgLL._SL350_.jpg
Chess for Dummies,James Eade,"{""Format:"": ""Paperback"", ""Language:"": ""English"", ""ISBN:"": ""0764550039"", ""ISBN13:"": ""9780764550034"", ""Release Date:"": ""October 1996"", ""Publisher:"": ""For Dummies"", ""Length:"": ""384 Pages"", ""Weight:"": ""1.50 lbs."", ""Dimensions:"": ""0.9\"" x 7.3\"" x 9.2\""""}",https://i.thriftbooks.com/api/imagehandler/m/3B102DEB58234928C97321CB485637939CC63EA3.jpeg
Brown Paper School Book: Blood and Guts,Linda Allison,"{""Format:"": ""Paperback"", ""Language:"": ""English"", ""ISBN:"": ""0316034436"", ""ISBN13:"": ""9780316034432"", ""Release Date:"": ""October 1976"", ""Publisher:"": ""Little, Brown Books for Young Readers"", ""Length:"": ""127 Pages"", ""Weight:"": ""0.57 lbs."", ""Dimensions:"": ""0.4\"" x 7.5\"" x 10.0\"""", ""Age Range:"": ""8 to 12 years"", ""Grade Range:"": ""Grades 3 to 7""}",https://i.thriftbooks.com/api/imagehandler/m/0094C20B3AC1E0BBF29E89255D9DE4DC1FE67358.jpeg
Doyle Brunson's Super System,Doyle Brunson,"{""Format:"": ""Paperback"", ""Language:"": ""English"", ""ISBN:"": ""1580420818"", ""ISBN13:"": ""9781580420815"", ""Release Date:"": ""January 2002"", ""Publisher:"": ""Cardoza Publishing"", ""Length:"": ""624 Pages"", ""Weight:"": ""2.33 lbs."", ""Dimensions:"": ""1.4\"" x 6.0\"" x 8.9\""""}",https://i.thriftbooks.com/api/imagehandler/m/248AC193DED1B7F66CCBDC968DBA1B995F577140.jpeg
Bridge for Dummies,Eddie Kantar,"{""Format:"": ""Paperback"", ""Language:"": ""English"", ""ISBN:"": ""0471924261"", ""ISBN13:"": ""9780471924265"", ""Release Date:"": ""September 2006"", ""Publisher:"": ""For Dummies"", ""Length:"": ""388 Pages"", ""Weight:"": ""1.23 lbs."", ""Dimensions:"": ""0.9\"" x 7.4\"" x 9.2\""""}",https://i.thriftbooks.com/api/imagehandler/m/BBBB3B8BA41182B65AD5698F3F5A7841F6075A89.jpeg
"Interesting Stories For Curious People: A Collection of Fascinating Stories About History, Science, Pop Culture and Just About Anything Else You Can T",Bill O'Neill,"{""Format:"": ""Paperback"", ""Language:"": ""English"", ""ISBN:"": ""164845044X"", ""ISBN13:"": ""9781648450440"", ""Release Date:"": ""March 2020"", ""Publisher:"": ""Lak Publishing"", ""Length:"": ""238 Pages"", ""Weight:"": ""0.84 lbs."", ""Dimensions:"": ""0.5\"" x 6.0\"" x 9.0\""""}",https://i.thriftbooks.com/api/imagehandler/m/7FB4705829CEC65D11E8E12FAF436DA7A13F55BA.jpeg
"Harrington on Hold 'em Expert Strategy for No Limit Tournaments, Vol. 1: Strategic Play",Dan Harrington,"{""Format:"": ""Paperback"", ""Language:"": ""English"", ""ISBN:"": ""1880685337"", ""Release Date:"": ""August 2023"", ""Publisher:"": ""Two Plus Two"", ""Length:"": ""400 Pages"", ""Weight:"": ""1.19 lbs."", ""Dimensions:"": ""8.5\"" x 0.9\"" x 5.5\""""}",https://m.media-amazon.com/images/I/41kudbqvyeL._SL350_.jpg
Bridge Basics 1: An Introduction,Audrey Grant,"{""Format:"": ""Paperback"", ""Language:"": ""English"", ""ISBN:"": ""0939460904"", ""ISBN13:"": ""9780939460908"", ""Release Date:"": ""March 2006"", ""Publisher:"": ""Baron Barclay Bridge Supplies"", ""Length:"": ""206 Pages"", ""Weight:"": ""0.51 lbs."", ""Dimensions:"": ""0.5\"" x 5.6\"" x 8.5\""""}",https://i.thriftbooks.com/api/imagehandler/m/DAF570BE9684203E594C4B85AB7C6A0B2B74791E.jpeg
Bicycle Official Rules of Card Games: Over 250 Card Games,The United States Playing Card Company,"{""Format:"": ""Paperback"", ""Language:"": ""English"", ""ISBN:"": ""1889752061"", ""ISBN13:"": ""9781889752068"", ""Release Date:"": ""January 1999"", ""Publisher:"": ""United States Playing Card Company"", ""Length:"": ""338 Pages"", ""Weight:"": ""0.81 lbs."", ""Dimensions:"": ""0.7\"" x 5.3\"" x 8.0\""""}",https://i.thriftbooks.com/api/imagehandler/m/317CC64941098A6827CE679E3B2DE39A2A2E54C5.jpeg
The Book of Useless Information,Publications International Ltd,"{""Format:"": ""Hardcover"", ""Language:"": ""English"", ""ISBN:"": ""1450807461"", ""ISBN13:"": ""9781450807463"", ""Release Date:"": ""January 2011"", ""Publisher:"": ""Publications International, Ltd."", ""Length:"": ""704 Pages"", ""Weight:"": ""1.30 lbs."", ""Dimensions:"": ""2.1\"" x 6.5\"" x 9.1\""""}",https://i.thriftbooks.com/api/imagehandler/m/7103A784F912B41C6DE5ABD9E8180FD60CB32DB2.jpeg
The Ultimate Lego Book: Discover the Lego Universe,Kjeld Kirk Kristiansen,"{""Format:"": ""Hardcover"", ""Language:"": ""English"", ""ISBN:"": ""078944691X"", ""ISBN13:"": ""9780789446916"", ""Release Date:"": ""September 1999"", ""Publisher:"": ""DK Publishing (Dorling Kindersley)"", ""Length:"": ""124 Pages"", ""Weight:"": ""1.58 lbs."", ""Dimensions:"": ""0.6\"" x 9.5\"" x 12.3\"""", ""Age Range:"": ""10 years and up"", ""Grade Range:"": ""Grade 5 and higher""}",https://i.thriftbooks.com/api/imagehandler/m/9C92E52E33706C2888F25B2C6CBB0C3DC1D9185E.jpeg
882 1/2 Amazing Answers to Your Questions about the Titanic,Laurie Coulter,"{""Format:"": ""Hardcover"", ""Language:"": ""English"", ""ISBN:"": ""0590187309"", ""ISBN13:"": ""9780590187305"", ""Release Date:"": ""November 1998"", ""Publisher:"": ""Scholastic"", ""Length:"": ""96 Pages"", ""Weight:"": ""1.45 lbs."", ""Dimensions:"": ""0.5\"" x 8.8\"" x 11.1\"""", ""Age Range:"": ""8 to 12 years"", ""Grade Range:"": ""Grades 3 to 7""}",https://i.thriftbooks.com/api/imagehandler/m/E24B796DA665AA62EC0FF17AEDF5609F5623BE93.jpeg
The Ultimate Book of Optical Illusions,Al Seckel,"{""Format:"": ""Paperback"", ""Language:"": ""English"", ""ISBN:"": ""1402734042"", ""Release Date:"": ""September 2006"", ""Publisher:"": ""Union Square & Co."", ""Length:"": ""368 Pages"", ""Weight:"": ""2.24 lbs."", ""Dimensions:"": ""8.0\"" x 1.0\"" x 8.0\""""}",https://m.media-amazon.com/images/I/51LU8fDkP5S._SL350_.jpg
Doyle Brunson's Super System II,Doyle Brunson,"{""Format:"": ""Paperback"", ""Language:"": ""English"", ""ISBN:"": ""1580421369"", ""ISBN13:"": ""9781580421362"", ""Release Date:"": ""February 2005"", ""Publisher:"": ""Cardoza Publishing"", ""Length:"": ""672 Pages"", ""Weight:"": ""2.43 lbs."", ""Dimensions:"": ""2.0\"" x 6.1\"" x 9.0\""""}",https://i.thriftbooks.com/api/imagehandler/m/D17529B343BE3B8ADE1B5B050827C76A96ED4D8F.jpeg
Bridge Basics 2: Competitive Bidding,Audrey Grant,"{""Format:"": ""Paperback"", ""Language:"": ""English"", ""ISBN:"": ""0939460912"", ""ISBN13:"": ""9780939460915"", ""Release Date:"": ""January 2005"", ""Publisher:"": ""Baron Barclay Bridge Supplies"", ""Length:"": ""230 Pages"", ""Weight:"": ""0.75 lbs."", ""Dimensions:"": ""0.6\"" x 5.5\"" x 8.6\""""}",https://i.thriftbooks.com/api/imagehandler/m/500D141E828FAC4C7D05F01B267F62B6CE53A14E.jpeg
Harrington on Hold 'em: Expert Strategy for No-Limit Tournaments; Volume II: the Endgame,Dan Harrington,"{""Format:"": ""Paperback"", ""Language:"": ""English"", ""ISBN:"": ""1880685353"", ""ISBN13:"": ""9781880685358"", ""Release Date:"": ""August 2023"", ""Publisher:"": ""Two Plus Two"", ""Length:"": ""468 Pages"", ""Weight:"": ""1.55 lbs."", ""Dimensions:"": ""1.1\"" x 5.5\"" x 8.4\""""}",https://i.thriftbooks.com/api/imagehandler/m/42F08E9DB1544B6F1AFB5088C125EC489153DF83.jpeg
How to Reassess Your Chess: Chess Mastery Through Chess Imbalances,Jeremy Silman,"{""Format:"": ""Paperback"", ""Language:"": ""English"", ""ISBN:"": ""1890085138"", ""ISBN13:"": ""9781890085131"", ""Release Date:"": ""October 2010"", ""Publisher:"": ""Siles Press"", ""Length:"": ""658 Pages"", ""Weight:"": ""2.70 lbs."", ""Dimensions:"": ""1.4\"" x 7.1\"" x 10.0\""""}",https://i.thriftbooks.com/api/imagehandler/m/58252FDFA800ECF6FF119E0EA3F725CD839DA701.jpeg
The Book of Bizarre Truths,Publications International,"{""Format:"": ""Hardcover"", ""Language:"": ""English"", ""ISBN:"": ""145080747X"", ""ISBN13:"": ""9781450807470"", ""Release Date:"": ""January 2011"", ""Publisher:"": ""Publications International, Ltd."", ""Length:"": ""704 Pages"", ""Weight:"": ""2.25 lbs."", ""Dimensions:"": ""2.2\"" x 6.3\"" x 9.3\""""}",https://i.thriftbooks.com/api/imagehandler/m/23C15421FB743FC3055F1433C34C7AC11BD2CE9E.jpeg
The Great Waldo Search,Martin Handford,"{""Format:"": ""Hardcover"", ""Language:"": ""English"", ""ISBN:"": ""0316342823"", ""ISBN13:"": ""9780316342827"", ""Release Date:"": ""January 1989"", ""Publisher:"": ""Little Brown and Company"", ""Length:"": ""28 Pages"", ""Weight:"": ""0.45 lbs."", ""Dimensions:"": ""0.4\"" x 10.3\"" x 12.8\"""", ""Age Range:"": ""4 years and up""}",https://i.thriftbooks.com/api/imagehandler/m/9FA8F18E9E40C905B7DFBB79A6BD52F078905796.jpeg
Where's Waldo Now?: Reissue,Martin Handford,"{""Format:"": ""Hardcover"", ""Language:"": ""English"", ""ISBN:"": ""0763603082"", ""ISBN13:"": ""9780763603083"", ""Release Date:"": ""October 1997"", ""Publisher:"": ""Candlewick Press (MA)"", ""Length:"": ""1 Pages"", ""Weight:"": ""1.10 lbs."", ""Dimensions:"": ""0.4\"" x 10.1\"" x 12.5\"""", ""Age Range:"": ""5 to 9 years"", ""Grade Range:"": ""Preschool to Grade 4""}",https://i.thriftbooks.com/api/imagehandler/m/0794BB7BC76D360A9554B6C7743F3C0EBDAB3BB5.jpeg
I Spy Fun House: A Book of Picture Riddles,Jean Marzollo,"{""Format:"": ""Hardcover"", ""Language:"": ""English"", ""ISBN:"": ""0590462938"", ""ISBN13:"": ""9780590462938"", ""Release Date:"": ""March 1993"", ""Publisher:"": ""Cartwheel Books"", ""Length:"": ""40 Pages"", ""Weight:"": ""1.05 lbs."", ""Dimensions:"": ""0.3\"" x 9.2\"" x 12.3\"""", ""Age Range:"": ""4 to 8 years"", ""Grade Range:"": ""Preschool to Grade 3""}",https://i.thriftbooks.com/api/imagehandler/m/6EA51F5DC1879BBDCA02834C4C9F10C660C3525E.jpeg
Where's Waldo? the Wonder Book,Martin Handford,"{""Format:"": ""Paperback"", ""Language:"": ""English"", ""ISBN:"": ""0763635022"", ""ISBN13:"": ""9780763635022"", ""Release Date:"": ""April 2007"", ""Publisher:"": ""Candlewick Press (MA)"", ""Length:"": ""32 Pages"", ""Weight:"": ""1.15 lbs."", ""Dimensions:"": ""0.2\"" x 9.8\"" x 12.1\"""", ""Age Range:"": ""5 to 9 years"", ""Grade Range:"": ""Preschool to Grade 4""}",https://i.thriftbooks.com/api/imagehandler/m/12E921F29E232EA9FA0322A6CEF6AF8D47BF6701.jpeg
"Peek-a Who? (Lift the Flap Books, Interactive Books for Kids, Interactive Read Aloud Books)",Nina Laden,"{""Format:"": ""Board book"", ""Language:"": ""English"", ""ISBN:"": ""0811826023"", ""Release Date:"": ""February 2000"", ""Publisher:"": ""Chronicle Books"", ""Length:"": ""10 Pages"", ""Weight:"": ""0.05 lbs."", ""Dimensions:"": ""5.0\"" x 0.6\"" x 5.0\""""}",https://m.media-amazon.com/images/I/6130Hw3f5eL._SL350_.jpg
1001 Things to Spot in the Sea,Katie Daynes,"{""Format:"": ""Hardcover"", ""Language:"": ""English"", ""ISBN:"": ""0794526152"", ""ISBN13:"": ""9780794526153"", ""Release Date:"": ""April 2000"", ""Publisher:"": ""Usborne Books"", ""Length:"": ""32 Pages"", ""Weight:"": ""1.10 lbs."", ""Dimensions:"": ""0.6\"" x 9.1\"" x 10.6\"""", ""Age Range:"": ""6 to 9 years"", ""Grade Range:"": ""Grades 1 to 4""}",https://i.thriftbooks.com/api/imagehandler/m/9D1785A36CE34CE55F141215CDEE6A0508609FD4.jpeg
I Spy Year Round Challenger: A Book of Picture Riddles,Jean Marzollo,"{""Format:"": ""Hardcover"", ""Language:"": ""English"", ""ISBN:"": ""0439316340"", ""Release Date:"": ""November 2001"", ""Publisher:"": ""Cartwheel Books"", ""Length:"": ""40 Pages"", ""Weight:"": ""1.05 lbs."", ""Dimensions:"": ""12.3\"" x 0.3\"" x 9.3\""""}",https://m.media-amazon.com/images/I/61JJnqy79HL._SL350_.jpg
Where Is Baby's Belly Button?,Karen Katz,"{""Format:"": ""Board book"", ""Language:"": ""English"", ""ISBN:"": ""1416987339"", ""ISBN13:"": ""9781416987338"", ""Release Date:"": ""December 2009"", ""Publisher:"": ""Little Simon"", ""Length:"": ""14 Pages"", ""Weight:"": ""0.79 lbs."", ""Dimensions:"": ""0.4\"" x 8.7\"" x 9.8\"""", ""Age Range:"": ""1 to 3 years""}",https://i.thriftbooks.com/api/imagehandler/m/7956B1E1ED7DA8ABEA8CDC9C74D2DB58C7A799EF.jpeg
I Spy A to Z: A Book of Picture Riddles,Jean Marzollo,"{""Format:"": ""Hardcover"", ""Language:"": ""English"", ""ISBN:"": ""0545107822"", ""Release Date:"": ""June 2009"", ""Publisher:"": ""Cartwheel Books"", ""Length:"": ""56 Pages"", ""Weight:"": ""0.53 lbs."", ""Dimensions:"": ""12.3\"" x 0.3\"" x 9.5\""""}",https://m.media-amazon.com/images/I/617cgF-Gn9L._SL350_.jpg
I Spy Gold Challenger: A Book of Picture Riddles,Jean Marzollo,"{""Format:"": ""Hardcover"", ""Language:"": ""English"", ""ISBN:"": ""0590042963"", ""Release Date:"": ""October 1998"", ""Publisher:"": ""Cartwheel Books"", ""Length:"": ""40 Pages"", ""Weight:"": ""0.80 lbs."", ""Dimensions:"": ""12.8\"" x 0.5\"" x 9.5\""""}",https://m.media-amazon.com/images/I/517MDiRT1ZL._SL350_.jpg
I Spy Little Animals: A Book of Picture Riddles,Jean Marzollo,"{""Format:"": ""Board book"", ""Language:"": ""English"", ""ISBN:"": ""0590117114"", ""Release Date:"": ""March 1998"", ""Publisher:"": ""Cartwheel Books"", ""Length:"": ""26 Pages"", ""Weight:"": ""0.52 lbs."", ""Dimensions:"": ""4.9\"" x 0.8\"" x 5.7\""""}",https://m.media-amazon.com/images/I/51kwt43aqwL._SL350_.jpg
"The Mysterious Benedict Society: Mr. Benedict's Book of Perplexing Puzzles, Elusive Enigmas, and Curious",Trenton Lee Stewart,"{""Format:"": ""Hardcover"", ""Language:"": ""English"", ""ISBN:"": ""0316181935"", ""ISBN13:"": ""9780316181938"", ""Release Date:"": ""October 2011"", ""Publisher:"": ""Little, Brown Books for Young Readers"", ""Length:"": ""176 Pages"", ""Weight:"": ""1.00 lbs."", ""Dimensions:"": ""0.8\"" x 5.8\"" x 8.6\"""", ""Age Range:"": ""8 to 12 years"", ""Grade Range:"": ""Grades 3 to 7""}",https://i.thriftbooks.com/api/imagehandler/m/59DF593BEB6B2323C727AF327135566AC0D17CC3.jpeg
The Water Hole,Graeme Base,"{""Format:"": ""Hardcover"", ""Language:"": ""English"", ""ISBN:"": ""0810945681"", ""ISBN13:"": ""9780810945685"", ""Release Date:"": ""September 2001"", ""Publisher:"": ""Abrams Books for Young Readers"", ""Length:"": ""32 Pages"", ""Weight:"": ""1.30 lbs."", ""Dimensions:"": ""0.5\"" x 10.8\"" x 11.5\"""", ""Age Range:"": ""7 to 12 years"", ""Grade Range:"": ""Grades 2 to 7""}",https://i.thriftbooks.com/api/imagehandler/m/1D70650DF42EBF5F32D39A4303CB1960275F5894.jpeg
Extreme Challenger,Jean Marzollo,"{""Format:"": ""Hardcover"", ""Language:"": ""English"", ""ISBN:"": ""043919900X"", ""ISBN13:"": ""9780439199001"", ""Release Date:"": ""October 2000"", ""Publisher:"": ""Cartwheel Books"", ""Length:"": ""40 Pages"", ""Weight:"": ""1.38 lbs."", ""Dimensions:"": ""0.4\"" x 9.3\"" x 12.3\"""", ""Age Range:"": ""4 to 8 years"", ""Grade Range:"": ""Preschool to Grade 3""}",https://i.thriftbooks.com/api/imagehandler/m/CEF424D3B5B21137B94E61D4B1060403DB3808AF.jpeg
Where's Waldo? in Hollywood,Martin Handford,"{""Format:"": ""Hardcover"", ""Language:"": ""English"", ""ISBN:"": ""1564020444"", ""ISBN13:"": ""9781564020444"", ""Release Date:"": ""November 1993"", ""Publisher:"": ""Candlewick Press (MA)"", ""Length:"": ""1 Pages"", ""Weight:"": ""1.15 lbs."", ""Dimensions:"": ""0.4\"" x 10.3\"" x 12.8\"""", ""Age Range:"": ""7 years and up"", ""Grade Range:"": ""Grade 2 and higher""}",https://i.thriftbooks.com/api/imagehandler/m/7F0D79AAC6AC1C877D3FCE077BA773E473D59194.jpeg
I Spy Super Challenger: A Book of Picture Riddles,Jean Marzollo,"{""Format:"": ""Hardcover"", ""Language:"": ""English"", ""ISBN:"": ""0590341286"", ""ISBN13:"": ""9780590341288"", ""Release Date:"": ""October 1997"", ""Publisher:"": ""Cartwheel Books"", ""Length:"": ""40 Pages"", ""Weight:"": ""1.10 lbs."", ""Dimensions:"": ""0.3\"" x 9.2\"" x 12.3\"""", ""Age Range:"": ""4 to 8 years"", ""Grade Range:"": ""Preschool to Grade 3""}",https://i.thriftbooks.com/api/imagehandler/m/1DEE470668DE8B0B1D79A2A41217626AFA11EACC.jpeg
I Spy Ultimate Challenger: A Book of Picture Riddles,Jean Marzollo,"{""Format:"": ""Hardcover"", ""Language:"": ""English"", ""ISBN:"": ""0439454018"", ""Release Date:"": ""May 2003"", ""Publisher:"": ""Cartwheel Books"", ""Length:"": ""40 Pages"", ""Weight:"": ""1.25 lbs."", ""Dimensions:"": ""12.5\"" x 0.5\"" x 9.5\""""}",https://m.media-amazon.com/images/I/61OX3+hRuQL._SL350_.jpg
The Cat's Quizzer: Are You Smarter Than the Cat in the Hat?,Dr. Seuss,"{""Format:"": ""Hardcover"", ""Language:"": ""English"", ""ISBN:"": ""0394832965"", ""ISBN13:"": ""9780394832968"", ""Release Date:"": ""August 1976"", ""Publisher:"": ""Random House Books for Young Readers"", ""Length:"": ""72 Pages"", ""Weight:"": ""0.65 lbs."", ""Dimensions:"": ""0.4\"" x 6.7\"" x 9.3\"""", ""Age Range:"": ""3 to 7 years"", ""Grade Range:"": ""Preschool to Grade 2""}",https://i.thriftbooks.com/api/imagehandler/m/4444C194E770A14E03D530B3301C596FFEEBF432.jpeg
"The Toddler's Busy Book: 365 Fun, Creative, Screen-Free Learning Games and Activities to Stimulate Your Toddler Every Day of the Year",Trish Kuffner,"{""Format:"": ""Paperback"", ""Language:"": ""English"", ""ISBN:"": ""0671317741"", ""ISBN13:"": ""9780671317744"", ""Release Date:"": ""November 1999"", ""Publisher:"": ""Da Capo Press"", ""Length:"": ""408 Pages"", ""Weight:"": ""0.75 lbs."", ""Dimensions:"": ""1.0\"" x 5.4\"" x 7.2\""""}",https://i.thriftbooks.com/api/imagehandler/m/6E9E451A61F09B9F9143B66041F79884762CE0FA.jpeg
Where's Waldo? the Great Picture Hunt,Martin Handford,"{""Format:"": ""Paperback"", ""Language:"": ""English"", ""ISBN:"": ""0763642150"", ""ISBN13:"": ""9780763642150"", ""Release Date:"": ""March 2010"", ""Publisher:"": ""Candlewick Press (MA)"", ""Length:"": ""24 Pages"", ""Weight:"": ""0.50 lbs."", ""Dimensions:"": ""0.2\"" x 10.0\"" x 12.4\"""", ""Age Range:"": ""5 to 9 years"", ""Grade Range:"": ""Preschool to Grade 4""}",https://i.thriftbooks.com/api/imagehandler/m/9CD76984DB1B55B7A8D272C4712EC95092A73F8D.jpeg
The Book of Unusual Knowledge,Publications International,"{""Format:"": ""Hardcover"", ""Language:"": ""English"", ""ISBN:"": ""1450845800"", ""ISBN13:"": ""9781450845809"", ""Release Date:"": ""April 2012"", ""Publisher:"": ""Publications International, Ltd."", ""Length:"": ""704 Pages"", ""Weight:"": ""1.83 lbs."", ""Dimensions:"": ""2.3\"" x 6.3\"" x 9.1\""""}",https://i.thriftbooks.com/api/imagehandler/m/DA1A6407BED5A914C13AE4BFB8597BCCCEA39143.jpeg
Harry Potter Coloring Book,Warner Bros,"{""Format:"": ""Paperback"", ""Language:"": ""English"", ""ISBN:"": ""1338029991"", ""ISBN13:"": ""9781338029994"", ""Release Date:"": ""November 2015"", ""Publisher:"": ""Scholastic Inc."", ""Length:"": ""96 Pages"", ""Weight:"": ""0.90 lbs."", ""Dimensions:"": ""0.5\"" x 8.4\"" x 10.8\"""", ""Age Range:"": ""8 years and up"", ""Grade Range:"": ""Grade 3 and higher""}",https://i.thriftbooks.com/api/imagehandler/m/C3BE06E35D2517ED83C8EBEAD971C2299BB16036.jpeg
The Unofficial Lego Builder's Guide,Allan Bedford,"{""Format:"": ""Paperback"", ""Language:"": ""English"", ""ISBN:"": ""1593270542"", ""ISBN13:"": ""9781593270544"", ""Release Date:"": ""September 2005"", ""Publisher:"": ""No Starch Press"", ""Length:"": ""319 Pages"", ""Weight:"": ""1.07 lbs."", ""Dimensions:"": ""1.0\"" x 7.0\"" x 9.2\""""}",https://i.thriftbooks.com/api/imagehandler/m/305732682565A9F89CCC081C6E146B475FA06B20.jpeg
Look-Alikes See ISBN 0316713481,Joan Steiner,"{""Format:"": ""Hardcover"", ""Language:"": ""English"", ""ISBN:"": ""0316812552"", ""ISBN13:"": ""9780316812559"", ""Release Date:"": ""September 1998"", ""Publisher:"": ""Little, Brown Books for Young Readers"", ""Length:"": ""32 Pages"", ""Weight:"": ""1.10 lbs."", ""Dimensions:"": ""0.5\"" x 9.4\"" x 12.4\"""", ""Age Range:"": ""4 to 8 years"", ""Grade Range:"": ""Preschool to Grade 3""}",https://i.thriftbooks.com/api/imagehandler/m/21DDB9E1B94BE3E1FF5AA5F990EDE1A5D30A8A90.jpeg
Masquerade,Kit Williams,"{""Format:"": ""Hardcover"", ""Language:"": ""English"", ""ISBN:"": ""0224016172"", ""ISBN13:"": ""9780224016179"", ""Release Date:"": ""December 1987"", ""Publisher:"": ""Random House (UK)"", ""Length:"": ""31 Pages"", ""Weight:"": ""0.45 lbs.""}",https://m.media-amazon.com/images/I/517z+cJLBXL._SL350_.jpg
Houseplants and Hot Sauce: A Seek-And-Find Book for Grown-Ups,Sally Nixon,"{"""": """"}",https://i.thriftbooks.com/api/imagehandler/m/72E9F5EC68664472C531EDF50BCF48D17F230457.jpeg
Enchanted Forest: An Inky Quest and Coloring Book for Adults,Johanna Basford,"{""Format:"": ""Paperback"", ""Language:"": ""English"", ""ISBN:"": ""1780674880"", ""ISBN13:"": ""9781780674889"", ""Release Date:"": ""February 2015"", ""Publisher:"": ""Laurence King"", ""Length:"": ""84 Pages"", ""Weight:"": ""1.30 lbs."", ""Dimensions:"": ""0.5\"" x 9.8\"" x 9.8\""""}",https://i.thriftbooks.com/api/imagehandler/m/8408FC31A28236EBB31F50DA22C6C9CA76C04611.jpeg
Magic Eye Gallery: A Showing of 88 Images: Volume 4,Magic Eye Inc.,"{""Format:"": ""Paperback"", ""Language:"": ""English"", ""ISBN:"": ""0836270444"", ""ISBN13:"": ""9780836270440"", ""Release Date:"": ""May 1995"", ""Publisher:"": ""Andrews McMeel Publishing"", ""Length:"": ""96 Pages"", ""Weight:"": ""1.09 lbs."", ""Dimensions:"": ""0.4\"" x 10.9\"" x 8.4\""""}",https://i.thriftbooks.com/api/imagehandler/m/B6529C54D1700A8286EF2F4AA20B69F566EA4311.jpeg
Secret Garden: An Inky Treasure Hunt and Coloring Book for Adults,Johanna Basford,"{""Format:"": ""Paperback"", ""Language:"": ""English"", ""ISBN:"": ""1780671067"", ""ISBN13:"": ""9781780671062"", ""Release Date:"": ""March 2013"", ""Publisher:"": ""Laurence King"", ""Length:"": ""96 Pages"", ""Weight:"": ""0.63 lbs."", ""Dimensions:"": ""0.9\"" x 9.8\"" x 9.8\""""}",https://i.thriftbooks.com/api/imagehandler/m/A750706A173C63B470EAFE5CD47168DF05CF0B81.jpeg
"Art Fraud Detective: Spot the Difference, Solve the Crime! [With Magnifying Glass]",Anna Nilsen,"{""Format:"": ""Hardcover"", ""Language:"": ""English"", ""ISBN:"": ""0753453088"", ""ISBN13:"": ""9780753453087"", ""Release Date:"": ""September 2000"", ""Publisher:"": ""Kingfisher"", ""Length:"": ""48 Pages"", ""Weight:"": ""1.10 lbs."", ""Dimensions:"": ""0.5\"" x 9.9\"" x 11.7\"""", ""Age Range:"": ""7 to 10 years"", ""Grade Range:"": ""Grades 2 to 5""}",https://i.thriftbooks.com/api/imagehandler/m/C6E65651BF985BFBCF4850548F6886AD02DB5896.jpeg
I Spy: An Alphabet in Art,Lucy Micklethwait,"{""Format:"": ""Hardcover"", ""Language:"": ""English"", ""ISBN:"": ""0688116795"", ""ISBN13:"": ""9780688116798"", ""Release Date:"": ""September 1992"", ""Publisher:"": ""Greenwillow Books"", ""Length:"": ""64 Pages"", ""Weight:"": ""1.20 lbs."", ""Dimensions:"": ""0.4\"" x 8.9\"" x 11.1\"""", ""Age Range:"": ""4 to 8 years"", ""Grade Range:"": ""Preschool to Grade 3""}",https://i.thriftbooks.com/api/imagehandler/m/72B69738155D8BF5DA891894B5B1AADCBFC1FD17.jpeg
"Adult Coloring Books: A Coloring Book for Adults Featuring Mandalas and Henna Inspired Flowers, Animals, and Paisley Patterns",Coloring Books for Adults,"{""Format:"": ""Paperback"", ""Language:"": ""English"", ""ISBN:"": ""0996275460"", ""ISBN13:"": ""9780996275460"", ""Release Date:"": ""July 2015"", ""Publisher:"": ""Zing Books"", ""Length:"": ""98 Pages"", ""Weight:"": ""0.55 lbs."", ""Dimensions:"": ""0.2\"" x 8.5\"" x 8.5\""""}",https://i.thriftbooks.com/api/imagehandler/m/9FC9B22D30F8CFF7CC2C554F488EB6C0FDE2CF70.jpeg
The Human Body Coloring Book: The Ultimate Anatomy Study Guide,D.K. Publishing,"{""Format:"": ""Paperback"", ""Language:"": ""English"", ""ISBN:"": ""0756682347"", ""ISBN13:"": ""9780756682347"", ""Release Date:"": ""August 2011"", ""Publisher:"": ""DK Publishing (Dorling Kindersley)"", ""Length:"": ""256 Pages"", ""Weight:"": ""1.95 lbs."", ""Dimensions:"": ""0.9\"" x 8.5\"" x 11.1\""""}",https://i.thriftbooks.com/api/imagehandler/m/04875A122C04B3D6FC87045618BDE92CAFD66B60.jpeg
The Dr. Seuss Coloring Book,Dr. Seuss,"{""Format:"": ""Paperback"", ""Language:"": ""English"", ""ISBN:"": ""1524715107"", ""ISBN13:"": ""9781524715106"", ""Release Date:"": ""November 2016"", ""Publisher:"": ""Random House Books for Young Readers"", ""Length:"": ""80 Pages"", ""Weight:"": ""0.95 lbs."", ""Dimensions:"": ""0.4\"" x 10.1\"" x 10.0\"""", ""Age Range:"": ""7 years and up"", ""Grade Range:"": ""Grade 2 and higher""}",https://i.thriftbooks.com/api/imagehandler/m/1742F0127E472F6D4482A66ABEBB43A76C0828B3.jpeg
"Look-Alikes Christmas: The More You Look, the More You See!",Joan Steiner,"{""Format:"": ""Hardcover"", ""Language:"": ""English"", ""ISBN:"": ""0316811874"", ""ISBN13:"": ""9780316811873"", ""Release Date:"": ""October 2003"", ""Publisher:"": ""Little, Brown Books for Young Readers"", ""Length:"": ""32 Pages"", ""Weight:"": ""1.10 lbs."", ""Dimensions:"": ""0.4\"" x 9.3\"" x 12.3\"""", ""Age Range:"": ""4 to 8 years"", ""Grade Range:"": ""Preschool to Grade 3""}",https://i.thriftbooks.com/api/imagehandler/m/2B9DE68972C9DFDD579620463E3B33B81674FEBF.jpeg
Hand Lettering for Relaxation: An Inspirational Workbook for Creating Beautiful Lettered Art,Amy Latta,"{""Format:"": ""Paperback"", ""Language:"": ""English"", ""ISBN:"": ""1624143857"", ""ISBN13:"": ""9781624143854"", ""Release Date:"": ""July 2017"", ""Publisher:"": ""Page Street Publishing"", ""Length:"": ""208 Pages"", ""Weight:"": ""2.00 lbs."", ""Dimensions:"": ""0.8\"" x 9.5\"" x 8.9\""""}",https://i.thriftbooks.com/api/imagehandler/m/6E0E1B54D25AF6CF1048DE3C3F5B830DF2B0BDDC.jpeg
Encyclopedia of Card Tricks,John J. Crimmins,"{""Format:"": ""Paperback"", ""Language:"": ""English"", ""ISBN:"": ""0486212521"", ""ISBN13:"": ""9780486212524"", ""Release Date:"": ""June 1974"", ""Publisher:"": ""Dover Publications"", ""Length:"": ""416 Pages"", ""Weight:"": ""0.95 lbs."", ""Dimensions:"": ""0.8\"" x 5.4\"" x 8.5\""""}",https://i.thriftbooks.com/api/imagehandler/m/3D90ED54662B2056FA8AF2BBFFA4095F86ABC404.jpeg
"Ken Jennings's Trivia Almanac: 8,888 Questions in 365 Days",Ken Jennings,"{""Format:"": ""Hardcover"", ""Language:"": ""English"", ""ISBN:"": ""0345499972"", ""ISBN13:"": ""9780345499974"", ""Release Date:"": ""January 2008"", ""Publisher:"": ""Villard Books"", ""Length:"": ""544 Pages"", ""Weight:"": ""2.33 lbs."", ""Dimensions:"": ""1.4\"" x 7.6\"" x 9.4\""""}",https://i.thriftbooks.com/api/imagehandler/m/1C65B81841381D187856055A8958AC861BB894C0.jpeg
The Legend of Zelda: Hyrule Historia,Shigeru Miyamoto,"{"""": """"}",https://i.thriftbooks.com/api/imagehandler/m/ACF2A08E32D67165171A5FDC33A2EB0E7CEAA522.jpeg
"Look-Alikes Jr.: The More You Look, the More You See!",Joan Steiner,"{""Format:"": ""Hardcover"", ""Language:"": ""English"", ""ISBN:"": ""0316713473"", ""ISBN13:"": ""9780316713474"", ""Release Date:"": ""October 2003"", ""Publisher:"": ""Little, Brown Books for Young Readers"", ""Length:"": ""32 Pages"", ""Weight:"": ""1.00 lbs."", ""Dimensions:"": ""0.4\"" x 9.2\"" x 12.1\"""", ""Age Range:"": ""6 to 9 years"", ""Grade Range:"": ""Grades 1 to 4""}",https://i.thriftbooks.com/api/imagehandler/m/66D2A23369AED78BC4F5D52A4987EF3EE4AE3708.jpeg
I Spy Little Christmas,Jean Marzollo,"{""Format:"": ""Board book"", ""Language:"": ""English"", ""ISBN:"": ""0439083311"", ""Release Date:"": ""September 1999"", ""Publisher:"": ""Cartwheel Books"", ""Length:"": ""26 Pages"", ""Weight:"": ""0.50 lbs."", ""Dimensions:"": ""5.3\"" x 0.8\"" x 5.8\""""}",https://m.media-amazon.com/images/I/61NSqaCeCrL._SL350_.jpg
Modern Coin Magic,J.B. Bobo,"{""Format:"": ""Paperback"", ""Language:"": ""English"", ""ISBN:"": ""0486242587"", ""ISBN13:"": ""9780486242583"", ""Release Date:"": ""February 1982"", ""Publisher:"": ""Dover Publications"", ""Length:"": ""384 Pages"", ""Weight:"": ""0.92 lbs."", ""Dimensions:"": ""0.8\"" x 5.9\"" x 8.9\""""}",https://i.thriftbooks.com/api/imagehandler/m/DCBE7F60C4E0735185DFDC62D2B962CCFC6ED42E.jpeg
Johanna's Christmas: A Festive Coloring Book for Adults,Johanna Basford,"{""Format:"": ""Paperback"", ""Language:"": ""English"", ""ISBN:"": ""0143129309"", ""ISBN13:"": ""9780143129301"", ""Release Date:"": ""October 2016"", ""Publisher:"": ""Penguin Life"", ""Length:"": ""80 Pages"", ""Weight:"": ""1.15 lbs."", ""Dimensions:"": ""0.5\"" x 9.9\"" x 9.9\""""}",https://i.thriftbooks.com/api/imagehandler/m/3BC29D25C56C51B2FBBD7CAD1B9D5724FF586544.jpeg
Inspired Coloring Tattoos: Coloring to Relax and Free Your Mind,Parragon Books,"{"""": """"}",https://m.media-amazon.com/images/I/61x16AqIqkL._SL350_.jpg
The Official Outlander Coloring Book: An Adult Coloring Book,Diana Gabaldon,"{""Format:"": ""Paperback"", ""Language:"": ""English"", ""ISBN:"": ""0399177531"", ""ISBN13:"": ""9780399177538"", ""Release Date:"": ""October 2015"", ""Publisher:"": ""Bantam"", ""Length:"": ""96 Pages"", ""Weight:"": ""0.05 lbs."", ""Dimensions:"": ""0.4\"" x 9.9\"" x 9.9\""""}",https://i.thriftbooks.com/api/imagehandler/m/4F598E82974D3512C4C431BE6E2DE09B4F2D41BE.jpeg
Animorphia: An Extreme Coloring and Search Challenge,Kerby Rosanes,"{""Format:"": ""Paperback"", ""Language:"": ""English"", ""ISBN:"": ""0147518369"", ""ISBN13:"": ""9780147518361"", ""Release Date:"": ""October 2015"", ""Publisher:"": ""Plume Books"", ""Length:"": ""96 Pages"", ""Weight:"": ""0.75 lbs."", ""Dimensions:"": ""0.4\"" x 9.8\"" x 9.9\""""}",https://i.thriftbooks.com/api/imagehandler/m/AB2241888E4DDFC34EFB6F3957F722276E4A2AFC.jpeg
Bibliophile: An Illustrated Miscellany,Jane Mount,"{""Format:"": ""Hardcover"", ""Language:"": ""English"", ""ISBN:"": ""1452167230"", ""ISBN13:"": ""9781452167237"", ""Release Date:"": ""September 2018"", ""Publisher:"": ""Chronicle Books"", ""Length:"": ""224 Pages"", ""Weight:"": ""1.90 lbs."", ""Dimensions:"": ""1.0\"" x 7.6\"" x 9.0\""""}",https://i.thriftbooks.com/api/imagehandler/m/56047579961D5B15A1C878410D19154AD0136F31.jpeg
World of Flowers: A Coloring Book and Floral Adventure,Johanna Basford,"{""Format:"": ""Paperback"", ""Language:"": ""English"", ""ISBN:"": ""0143133829"", ""ISBN13:"": ""9780143133827"", ""Release Date:"": ""October 2018"", ""Publisher:"": ""Penguin Life"", ""Length:"": ""80 Pages"", ""Weight:"": ""1.10 lbs."", ""Dimensions:"": ""0.5\"" x 9.9\"" x 9.9\""""}",https://i.thriftbooks.com/api/imagehandler/m/46C65A911D85960EF13F1FAA397CCD30730F6480.jpeg
Jesus Calling Adult Coloring Book: Creative Coloring and Hand Lettering,Sarah Young,"{""Format:"": ""Paperback"", ""Language:"": ""English"", ""ISBN:"": ""0718091264"", ""ISBN13:"": ""9780718091262"", ""Release Date:"": ""February 2017"", ""Publisher:"": ""Thomas Nelson"", ""Length:"": ""112 Pages"", ""Weight:"": ""1.25 lbs."", ""Dimensions:"": ""0.5\"" x 9.9\"" x 9.9\""""}",https://i.thriftbooks.com/api/imagehandler/m/72AE1B82D0F0496EF2E4BDBE00A5A464CE5C5072.jpeg
101 Music Games for Children: Fun and Learning with Rhythm and Song,Storms & Hurd,"{""Format:"": ""Paperback"", ""Language:"": ""English"", ""ISBN:"": ""0897931645"", ""ISBN13:"": ""9780897931649"", ""Release Date:"": ""March 1995"", ""Publisher:"": ""Hunter House Publishers"", ""Length:"": ""160 Pages"", ""Weight:"": ""0.62 lbs."", ""Dimensions:"": ""0.5\"" x 5.9\"" x 8.9\"""", ""Age Range:"": ""4 years and up"", ""Grade Range:"": ""Preschool and higher""}",https://i.thriftbooks.com/api/imagehandler/m/F028A202131548F11F97554C4B1D83DB349905DA.jpeg
Mythomorphia: An Extreme Coloring and Search Challenge,Kerby Rosanes,"{""Format:"": ""Paperback"", ""Language:"": ""English"", ""ISBN:"": ""0735211094"", ""ISBN13:"": ""9780735211094"", ""Release Date:"": ""April 2017"", ""Publisher:"": ""Plume Books"", ""Length:"": ""96 Pages"", ""Weight:"": ""1.30 lbs."", ""Dimensions:"": ""0.5\"" x 9.9\"" x 9.9\""""}",https://i.thriftbooks.com/api/imagehandler/m/90A3A13E296342C74A6CF0D04E146A25B1B49E08.jpeg
Starting Chess,Harriet Castor,"{""Format:"": ""Paperback"", ""Language:"": ""English"", ""ISBN:"": ""079450115X"", ""ISBN13:"": ""9780794501150"", ""Release Date:"": ""January 2002"", ""Publisher:"": ""Usborne Books"", ""Length:"": ""32 Pages"", ""Weight:"": ""0.35 lbs."", ""Dimensions:"": ""0.1\"" x 8.0\"" x 9.3\"""", ""Age Range:"": ""5 to 8 years"", ""Grade Range:"": ""Preschool to Grade 3""}",https://i.thriftbooks.com/api/imagehandler/m/CBDE1A0F62DBF7EDAB9F5309C3FBD660C041E238.jpeg
"The Reverse Coloring Book(tm): The Book Has the Colors, You Draw the Lines!",Kendra Norton,"{""Format:"": ""Paperback"", ""Language:"": ""English"", ""ISBN:"": ""1523515279"", ""ISBN13:"": ""9781523515271"", ""Release Date:"": ""August 2021"", ""Publisher:"": ""Workman Publishing"", ""Length:"": ""104 Pages"", ""Weight:"": ""1.10 lbs."", ""Dimensions:"": ""0.3\"" x 8.4\"" x 10.8\""""}",https://i.thriftbooks.com/api/imagehandler/m/66CDB0BD5EDA7D6CF7FCF4B88B9AC3CEFBB73D9B.jpeg
Paint by Sticker: Cats: Create 12 Stunning Images One Sticker at a Time!,Workman Publishing,"{""Format:"": ""Paperback"", ""Language:"": ""English"", ""ISBN:"": ""152350448X"", ""ISBN13:"": ""9781523504480"", ""Release Date:"": ""September 2018"", ""Publisher:"": ""Workman Publishing"", ""Length:"": ""56 Pages"", ""Weight:"": ""1.25 lbs."", ""Dimensions:"": ""0.4\"" x 9.3\"" x 12.4\""""}",https://i.thriftbooks.com/api/imagehandler/m/D891CE2237ECC3534A46D8433228A0CB4FF117C8.jpeg
Imagimorphia: An Extreme Coloring and Search Challenge,Kerby Rosanes,"{""Format:"": ""Paperback"", ""Language:"": ""English"", ""ISBN:"": ""0399574123"", ""ISBN13:"": ""9780399574122"", ""Release Date:"": ""June 2016"", ""Publisher:"": ""Plume Books"", ""Length:"": ""96 Pages"", ""Weight:"": ""1.10 lbs."", ""Dimensions:"": ""0.5\"" x 9.9\"" x 9.9\""""}",https://i.thriftbooks.com/api/imagehandler/m/3BEF8934229CE1D22C780F871A6F2DE828BBAC0B.jpeg
Great International Paper Airplane Book,George Dippel,"{""Format:"": ""Paperback"", ""Language:"": ""English"", ""ISBN:"": ""0671211293"", ""ISBN13:"": ""9780671211295"", ""Release Date:"": ""June 1971"", ""Publisher:"": ""Simon & Schuster"", ""Length:"": ""128 Pages"", ""Weight:"": ""0.95 lbs."", ""Dimensions:"": ""0.4\"" x 9.0\"" x 11.9\""""}",https://i.thriftbooks.com/api/imagehandler/m/552CB21A84EDC927103C9186508E2132383E6E32.jpeg
How to Draw Animals: Easy Step-By-Step Drawings!,Barbara Soloff Levy,"{""Format:"": ""Paperback"", ""Language:"": ""English"", ""ISBN:"": ""0486468933"", ""ISBN13:"": ""9780486468938"", ""Release Date:"": ""May 2008"", ""Publisher:"": ""Dover Publications"", ""Length:"": ""64 Pages"", ""Weight:"": ""0.50 lbs."", ""Dimensions:"": ""0.2\"" x 8.0\"" x 10.7\"""", ""Age Range:"": ""5 to 10 years"", ""Grade Range:"": ""Preschool to Grade 5""}",https://i.thriftbooks.com/api/imagehandler/m/5834AC2E791611BBBE2EB5A56FBA55A7A5B0BFF4.jpeg
The Official a Game of Thrones Coloring Book: An Adult Coloring Book,George R.R. Martin,"{""Format:"": ""Paperback"", ""Language:"": ""English"", ""ISBN:"": ""1101965762"", ""ISBN13:"": ""9781101965764"", ""Release Date:"": ""October 2015"", ""Publisher:"": ""Bantam"", ""Length:"": ""96 Pages"", ""Weight:"": ""1.25 lbs."", ""Dimensions:"": ""0.5\"" x 9.9\"" x 9.9\""""}",https://i.thriftbooks.com/api/imagehandler/m/667DCF879A7190943FEEF470EEC9B2674561E7EC.jpeg
The Tattoo Coloring Book: Coloring Book for Adults [With 2 Pull-Out Posters],"Munden, Oliver","{"""": """"}",https://i.thriftbooks.com/api/imagehandler/m/D73905BF0B0FE14E17C7901F145DB1B7C7879D94.jpeg
50 Secrets of Magic Craftsmanship,Salvador Dalí,"{""Format:"": ""Paperback"", ""Language:"": ""English"", ""ISBN:"": ""1774641372"", ""ISBN13:"": ""9781774641378"", ""Release Date:"": ""February 2021"", ""Publisher:"": ""Must Have Books"", ""Length:"": ""236 Pages"", ""Weight:"": ""1.02 lbs."", ""Dimensions:"": ""0.5\"" x 6.0\"" x 9.0\""""}",https://i.thriftbooks.com/api/imagehandler/m/688600B2851143FF4BE5AF1BE1E6E43AABC3205C.jpeg
The Official Pokemon Handbook,Maria S. Barbo,"{""Format:"": ""Paperback"", ""Language:"": ""English"", ""ISBN:"": ""0439103975"", ""ISBN13:"": ""9780439103978"", ""Release Date:"": ""January 1999"", ""Publisher:"": ""Scholastic"", ""Length:"": ""143 Pages"", ""Weight:"": ""0.69 lbs."", ""Dimensions:"": ""0.4\"" x 6.1\"" x 9.0\"""", ""Age Range:"": ""7 to 12 years"", ""Grade Range:"": ""Grades 2 to 7""}",https://i.thriftbooks.com/api/imagehandler/m/141C50BB5A34B906C08B9E4366BB7E345F78FD74.jpeg
Pokemon Black Version & Pokemon White Version Volume 1: The Official Pokemon Strategy Guide,Pokémon Company International,"{"""": """"}",https://i.thriftbooks.com/api/imagehandler/m/D5D710CB4C2B6C39D1FB5BBCB2E9F49CA3142CE9.jpeg
Reality Is Broken: Why Games Make Us Better and How They Can Change the World,Jane McGonigal,"{""Format:"": ""Paperback"", ""Language:"": ""English"", ""ISBN:"": ""0143120611"", ""ISBN13:"": ""9780143120612"", ""Release Date:"": ""December 2011"", ""Publisher:"": ""Penguin Books"", ""Length:"": ""416 Pages"", ""Weight:"": ""0.74 lbs."", ""Dimensions:"": ""1.1\"" x 5.4\"" x 8.3\"""", ""Age Range:"": ""18 years and up"", ""Grade Range:"": ""Postsecondary and higher""}",https://i.thriftbooks.com/api/imagehandler/m/F537CBC6E68B565EF1E300155FE350748132F01F.jpeg
Winning Chess Tactics,Yasser Seirawan,"{""Format:"": ""Paperback"", ""Language:"": ""English"", ""ISBN:"": ""1572312106"", ""ISBN13:"": ""9781572312104"", ""Release Date:"": ""December 1995"", ""Publisher:"": ""Microsoft Press"", ""Length:"": ""272 Pages"", ""Weight:"": ""1.30 lbs."", ""Dimensions:"": ""0.8\"" x 7.5\"" x 9.2\""""}",https://i.thriftbooks.com/api/imagehandler/m/2EE0939F2E4FB849019DA5B49473768BA165E9D6.jpeg
Pokemon Heartgold & Soulsilver: The Official Pokemon Johto Guide & Pokedex [With Poster],Pokemon Company International,"{"""": """"}",https://i.thriftbooks.com/api/imagehandler/m/FE4008B7870AEEC55BF013704DF9AD68B9797B3B.jpeg
Winning Chess Strategies: Proven Principles from One of the U.S.A.'s Top Chess Players,Yasser Seirawan,"{""Format:"": ""Paperback"", ""Language:"": ""English"", ""ISBN:"": ""1556156634"", ""ISBN13:"": ""9781556156632"", ""Release Date:"": ""April 1999"", ""Publisher:"": ""Microsoft Press"", ""Length:"": ""257 Pages"", ""Weight:"": ""1.25 lbs."", ""Dimensions:"": ""0.9\"" x 7.4\"" x 9.2\""""}",https://i.thriftbooks.com/api/imagehandler/m/F3E516DE0FEE898A25C5692241E1F7CA50F5D63C.jpeg
Fallout 3: Prima Official Game Guide,David Hodgson,"{""Format:"": ""Hardcover"", ""Language:"": ""English"", ""ISBN:"": ""0761559973"", ""ISBN13:"": ""9780761559979"", ""Release Date:"": ""October 2008"", ""Publisher:"": ""Prima Games"", ""Length:"": ""496 Pages"", ""Weight:"": ""2.60 lbs."", ""Dimensions:"": ""11.1\"" x 1.3\"" x 8.4\""""}",https://i.thriftbooks.com/api/imagehandler/m/1B6F750A22FCEA398B853597D47E876056DF38C3.jpeg
Fallout New Vegas: Prima Official Game Guide,David Hodgson,"{""Format:"": ""Paperback"", ""Language:"": ""English"", ""ISBN:"": ""0307469948"", ""ISBN13:"": ""0050694439761"", ""Release Date:"": ""October 2010"", ""Publisher:"": ""Prima Games"", ""Length:"": ""448 Pages"", ""Weight:"": ""2.20 lbs."", ""Dimensions:"": ""10.9\"" x 0.7\"" x 8.0\""""}",https://m.media-amazon.com/images/I/51hmzI+PL7L._SL350_.jpg
Runescape: The Official Handbook [With Poster],Tracey West,"{""Format:"": ""Paperback"", ""Language:"": ""English"", ""ISBN:"": ""0439877725"", ""ISBN13:"": ""9780439877725"", ""Release Date:"": ""January 2007"", ""Publisher:"": ""Scholastic"", ""Length:"": ""96 Pages"", ""Weight:"": ""0.65 lbs."", ""Dimensions:"": ""0.2\"" x 8.1\"" x 10.0\""""}",https://i.thriftbooks.com/api/imagehandler/m/608CB4A00BA6835D2245D96108219E5095C20B15.jpeg
Pokemon Black Version & Pokemon White Version Volume 2: The Official Unova Pokedex & Guide,The Pokemon Company Intl.,"{"""": """"}",https://i.thriftbooks.com/api/imagehandler/m/B2EEC82A4D108389182FE195C476024A5F92454B.jpeg
Elder Scrolls IV: Oblivion: Official Game Guide,Bethesda Softworks,"{""Format:"": ""Paperback"", ""Language:"": ""English"", ""ISBN:"": ""0761552766"", ""ISBN13:"": ""9780761552765"", ""Release Date:"": ""November 2006"", ""Publisher:"": ""Prima Games"", ""Length:"": ""368 Pages"", ""Weight:"": ""0.60 lbs."", ""Dimensions:"": ""0.8\"" x 8.5\"" x 10.9\""""}",https://i.thriftbooks.com/api/imagehandler/m/7B55709113F9061F7855299D5196D73084AFECBE.jpeg
Diablo II: Ultimate Strategy Guide,Bart G. Farkas,"{""Format:"": ""Paperback"", ""Language:"": ""English"", ""ISBN:"": ""0744001056"", ""ISBN13:"": ""9780744001051"", ""Release Date:"": ""January 2001"", ""Publisher:"": ""Pearson Professional Education"", ""Length:"": ""288 Pages"", ""Weight:"": ""1.15 lbs.""}",https://m.media-amazon.com/images/I/51U2Rhe-wRL._SL350_.jpg
Kingdom Hearts II: Signature Series Official Strategy Guide,Greg Sepelak,"{""Format:"": ""Paperback"", ""Language:"": ""English"", ""ISBN:"": ""0744005264"", ""ISBN13:"": ""9780744005264"", ""Release Date:"": ""April 2006"", ""Publisher:"": ""Bradygames"", ""Length:"": ""349 Pages"", ""Weight:"": ""2.60 lbs."", ""Dimensions:"": ""0.8\"" x 8.8\"" x 10.8\""""}",https://i.thriftbooks.com/api/imagehandler/m/C3DE47A6CA8F320327DD8703396C9ECD068E1BD7.jpeg
Final Fantasy X-2 Official Strategy Guide,Elizabeth M. Hollinger,"{"""": """"}",https://i.thriftbooks.com/api/imagehandler/m/1EF4BF70CA436F5C0BAED94F127C79B7CC917D1E.jpeg
Final Fantasy XII,Joe Epstein,"{"""": """"}",https://i.thriftbooks.com/api/imagehandler/m/34107E1A6505ED59EFA2FC43A0B14A70600CA0A0.jpeg
Masters of Doom: How Two Guys Created an Empire and Transformed Pop Culture,David Kushner,"{""Format:"": ""Paperback"", ""Language:"": ""English"", ""ISBN:"": ""0812972155"", ""ISBN13:"": ""9780812972153"", ""Release Date:"": ""May 2004"", ""Publisher:"": ""Random House Trade"", ""Length:"": ""368 Pages"", ""Weight:"": ""0.05 lbs."", ""Dimensions:"": ""0.8\"" x 5.2\"" x 8.0\""""}",https://i.thriftbooks.com/api/imagehandler/m/6BC70FC290F547A306257312C6D5D079F928E1AE.jpeg
Halo Encyclopedia,Alex Allan,"{""Format:"": ""Hardcover"", ""Language:"": ""English"", ""ISBN:"": ""0756655498"", ""ISBN13:"": ""9780756655495"", ""Release Date:"": ""October 2009"", ""Publisher:"": ""DK Publishing (Dorling Kindersley)"", ""Length:"": ""351 Pages"", ""Weight:"": ""2.25 lbs."", ""Dimensions:"": ""1.1\"" x 10.2\"" x 12.1\""""}",https://i.thriftbooks.com/api/imagehandler/m/3F415A0351B80991B92900DA2C6777198A96C9BA.jpeg
"Pokemon HeartGold & SoulSilver Versions, Volume 2: The Official Pokemon Kanto Guide & National Pokedex [With Giant Poster]",Pokémon Company International,"{"""": """"}",https://i.thriftbooks.com/api/imagehandler/m/13FE009E6E5FDC28370C0B832C187EA07210F2DD.jpeg
Elder Scrolls IV: Oblivion,Bethesda Softworks,"{""Format:"": ""Paperback"", ""Language:"": ""English"", ""ISBN:"": ""076155548X"", ""ISBN13:"": ""9780761555483"", ""Release Date:"": ""November 2006"", ""Publisher:"": ""Prima Games"", ""Length:"": ""430 Pages"", ""Weight:"": ""2.05 lbs."", ""Dimensions:"": ""0.9\"" x 8.5\"" x 10.9\""""}",https://i.thriftbooks.com/api/imagehandler/m/D55C8F4EA13651342F01F76AFFBAA0F2604CE27D.jpeg
The Official Scrabble Players Dictionary,Merriam-Webster,"{""Format:"": ""Hardcover"", ""Language:"": ""English"", ""ISBN:"": ""0877794200"", ""ISBN13:"": ""9780877794202"", ""Release Date:"": ""June 2005"", ""Publisher:"": ""Merriam-Webster"", ""Length:"": ""704 Pages"", ""Weight:"": ""2.51 lbs."", ""Dimensions:"": ""1.5\"" x 6.9\"" x 9.4\""""}",https://i.thriftbooks.com/api/imagehandler/m/89A878E332C54F1FB694C100428F43A565AE3D6E.jpeg
The Theory of Poker,David Sklansky,"{""Format:"": ""Paperback"", ""Language:"": ""English"", ""ISBN:"": ""1880685000"", ""ISBN13:"": ""9781880685006"", ""Release Date:"": ""July 1999"", ""Publisher:"": ""Two Plus Two Pub."", ""Length:"": ""242 Pages"", ""Weight:"": ""1.20 lbs."", ""Dimensions:"": ""0.9\"" x 5.5\"" x 8.4\""""}",https://i.thriftbooks.com/api/imagehandler/m/55CD5C991D87C9342BA3960A0B5C4ED6A9E721EF.jpeg
How to Beat Your Dad at Chess,Murray Chandler,"{""Format:"": ""Hardcover"", ""Language:"": ""English"", ""ISBN:"": ""1901983056"", ""ISBN13:"": ""9781901983050"", ""Release Date:"": ""October 1998"", ""Publisher:"": ""Gambit Publications"", ""Length:"": ""128 Pages"", ""Weight:"": ""0.97 lbs."", ""Dimensions:"": ""0.6\"" x 7.0\"" x 9.2\"""", ""Age Range:"": ""8 to 12 years"", ""Grade Range:"": ""Grades 3 to 7""}",https://i.thriftbooks.com/api/imagehandler/m/2105681BA18FAC2CB99B32FF3BA033DD4673B35C.jpeg
Logical Chess,Irving Chernev,"{""Format:"": ""Paperback"", ""Language:"": ""English"", ""ISBN:"": ""0671211358"", ""ISBN13:"": ""9780671211356"", ""Release Date:"": ""January 1957"", ""Publisher:"": ""Touchstone Books"", ""Length:"": ""256 Pages"", ""Weight:"": ""0.68 lbs."", ""Dimensions:"": ""0.7\"" x 5.5\"" x 8.4\""""}",https://m.media-amazon.com/images/I/41qNjV-OZwL._SL350_.jpg
Elder Scrolls V: Skyrim: Prima Official Game Guide,David Hodgson,"{""Format:"": ""Paperback"", ""Language:"": ""English"", ""ISBN:"": ""0307891372"", ""ISBN13:"": ""9780307891372"", ""Release Date:"": ""November 2011"", ""Publisher:"": ""Prima Games"", ""Length:"": ""656 Pages"", ""Weight:"": ""3.48 lbs."", ""Dimensions:"": ""10.8\"" x 1.2\"" x 8.0\""""}",https://i.thriftbooks.com/api/imagehandler/m/96D381161924B8449DC24405EDBE004F9AC0B60D.jpeg
"Magic Eye III, Vol. 3 Visions A New Dimension in Art 3D Illustrations (Volume 3)",N.E. Thing Enterprises,"{""Format:"": ""Hardcover"", ""Language:"": ""English"", ""ISBN:"": ""0836270177"", ""Release Date:"": ""September 1994"", ""Publisher:"": ""Andrews McMeel Publishing"", ""Length:"": ""32 Pages"", ""Weight:"": ""1.00 lbs."", ""Dimensions:"": ""8.6\"" x 0.4\"" x 11.4\""""}",https://m.media-amazon.com/images/I/614KiSPPSSL._SL350_.jpg
Chess for Kids,Michael Basman,"{""Format:"": ""Paperback"", ""Language:"": ""English"", ""ISBN:"": ""075661807X"", ""ISBN13:"": ""9780756618070"", ""Release Date:"": ""January 2006"", ""Publisher:"": ""DK Publishing (Dorling Kindersley)"", ""Length:"": ""48 Pages"", ""Weight:"": ""0.50 lbs."", ""Dimensions:"": ""0.2\"" x 8.5\"" x 11.0\"""", ""Age Range:"": ""8 to 12 years"", ""Grade Range:"": ""Grades 3 to 7""}",https://i.thriftbooks.com/api/imagehandler/m/BFBFE16688F86F19FAF14FEA5A8C524DB323A9F8.jpeg
"The Big Book of Brain Games: 1,000 Playthinks of Art, Mathematics & Science",Ivan Moscovich,"{"""": """"}",https://i.thriftbooks.com/api/imagehandler/m/7ACD891F07D3CA4356003D3567767880B5BC0F8F.jpeg
Hoyle's Modern Encyclopedia of Card Games: Rules of All the Basic Games and Popular Variations,Walter B. Gibson,"{""Format:"": ""Paperback"", ""Language:"": ""English"", ""ISBN:"": ""0385076800"", ""ISBN13:"": ""9780385076807"", ""Release Date:"": ""April 1974"", ""Publisher:"": ""Crown Publishing Group (NY)"", ""Length:"": ""416 Pages"", ""Weight:"": ""1.47 lbs."", ""Dimensions:"": ""1.1\"" x 5.5\"" x 8.2\"""", ""Age Range:"": ""12 to 17 years"", ""Grade Range:"": ""Grades 7 to 12""}",https://i.thriftbooks.com/api/imagehandler/m/3487F03AB8287B21BE33EF02EBDAE81DC8FBD290.jpeg
The Preschooler's Busy Book,Trish Kuffner,"{""Format:"": ""Hardcover"", ""Language:"": ""English"", ""ISBN:"": ""0881663514"", ""ISBN13:"": ""9780881663518"", ""Release Date:"": ""January 1998"", ""Publisher:"": ""Meadowbrook Press"", ""Length:"": ""387 Pages"", ""Weight:"": ""0.85 lbs.""}",https://i.thriftbooks.com/api/imagehandler/m/8102C5EE13B96A7F1A7AC8F69B99665A8B938C0E.jpeg
The Moscow Puzzles: 359 Mathematical Recreations,Boris A. Kordemsky,"{""Format:"": ""Paperback"", ""Language:"": ""English"", ""ISBN:"": ""0486270785"", ""ISBN13:"": ""9780486270784"", ""Release Date:"": ""April 1992"", ""Publisher:"": ""Dover Publications"", ""Length:"": ""320 Pages"", ""Weight:"": ""0.83 lbs."", ""Dimensions:"": ""0.7\"" x 5.6\"" x 8.1\"""", ""Age Range:"": ""12 years and up"", ""Grade Range:"": ""Grade 7 and higher""}",https://i.thriftbooks.com/api/imagehandler/m/1D4E295A43F6996215DC433AADE707DA123C7240.jpeg
My Best Mathematical and Logic Puzzles,Martin Gardner,"{""Format:"": ""Paperback"", ""Language:"": ""English"", ""ISBN:"": ""0486281523"", ""ISBN13:"": ""9780486281520"", ""Release Date:"": ""February 2016"", ""Publisher:"": ""Dover Publications"", ""Length:"": ""96 Pages"", ""Weight:"": ""0.26 lbs."", ""Dimensions:"": ""0.3\"" x 5.4\"" x 8.5\"""", ""Age Range:"": ""9 to 12 years"", ""Grade Range:"": ""Grades 4 to 7""}",https://i.thriftbooks.com/api/imagehandler/m/BFE4A3C6401CD8CBCF9FDC4EE89081C6A77EC423.jpeg
USA Today Crossword: 200 Puzzles from the Nation's No. 1 Newspaper,USA Today,"{""Format:"": ""Paperback"", ""Language:"": ""English"", ""ISBN:"": ""0740770322"", ""ISBN13:"": ""9780740770326"", ""Release Date:"": ""May 2007"", ""Publisher:"": ""Andrews McMeel Publishing"", ""Length:"": ""448 Pages"", ""Weight:"": ""0.73 lbs."", ""Dimensions:"": ""1.3\"" x 5.0\"" x 8.0\""""}",https://i.thriftbooks.com/api/imagehandler/m/A5B27C74FF41B2AEE88D405AF55483EB7737D323.jpeg
Easy Origami: Over 30 Simple Projects!,John Montroll,"{""Format:"": ""Paperback"", ""Language:"": ""English"", ""ISBN:"": ""0486272982"", ""ISBN13:"": ""9780486272986"", ""Release Date:"": ""October 1992"", ""Publisher:"": ""Dover Publications"", ""Length:"": ""48 Pages"", ""Weight:"": ""0.39 lbs."", ""Dimensions:"": ""0.1\"" x 8.1\"" x 11.0\""""}",https://i.thriftbooks.com/api/imagehandler/m/F9548E96B20AA1EB7F4EDA0A5B88ABA703A10AF2.jpeg
Caro's Book of Poker Tells,Mike Caro,"{""Format:"": ""Paperback"", ""Language:"": ""English"", ""ISBN:"": ""1580420826"", ""ISBN13:"": ""9781580420822"", ""Release Date:"": ""March 2003"", ""Publisher:"": ""Cardoza Publishing"", ""Length:"": ""320 Pages"", ""Weight:"": ""1.20 lbs."", ""Dimensions:"": ""0.9\"" x 6.8\"" x 8.8\""""}",https://i.thriftbooks.com/api/imagehandler/m/00727BF1088DB7E9F9346500DD2CFDC3BC3DE138.jpeg
"Play Winning Chess: An Introduction to the Moves, Strategies, and Philosophy of Chess from the U.S.A.'s #1-Ranked Chess Player",Yasser Seirawan,"{""Format:"": ""Paperback"", ""Language:"": ""English"", ""ISBN:"": ""155615271X"", ""ISBN13:"": ""9781556152719"", ""Release Date:"": ""January 1992"", ""Publisher:"": ""International Chess Enterprises"", ""Length:"": ""200 Pages"", ""Weight:"": ""1.20 lbs."", ""Dimensions:"": ""0.8\"" x 7.4\"" x 9.2\""""}",https://m.media-amazon.com/images/I/51qC8OkcUuL._SL350_.jpg
The New York Times Supersized Book of Sunday Crosswords: 500 Puzzles,The New York Times,"{""Format:"": ""Paperback"", ""Language:"": ""English"", ""ISBN:"": ""031236122X"", ""ISBN13:"": ""9780312361228"", ""Release Date:"": ""September 2006"", ""Publisher:"": ""St. Martin's Griffin"", ""Length:"": ""592 Pages"", ""Weight:"": ""2.45 lbs."", ""Dimensions:"": ""1.6\"" x 8.5\"" x 10.8\""""}",https://i.thriftbooks.com/api/imagehandler/m/CA1B15F51FDA65638E23B9A01BA84D637D514CD5.jpeg
Merriam-Webster's Crossword Puzzle Dictionary [Large Print],Merriam-Webster,"{""Format:"": ""Paperback"", ""Large Print:"": ""Yes"", ""Language:"": ""English"", ""ISBN:"": ""0877796394"", ""ISBN13:"": ""9780877796398"", ""Release Date:"": ""January 2007"", ""Publisher:"": ""Merriam-Webster"", ""Length:"": ""1050 Pages"", ""Weight:"": ""3.35 lbs."", ""Dimensions:"": ""1.7\"" x 7.0\"" x 9.2\""""}",https://i.thriftbooks.com/api/imagehandler/m/0098153BC09D8C177279A7980DE5B25D5E38C2CA.jpeg
Chess Openings: Traps and Zaps,Bruce Pandolfini,"{""Format:"": ""Paperback"", ""Language:"": ""English"", ""ISBN:"": ""0671656902"", ""ISBN13:"": ""9780671656904"", ""Release Date:"": ""April 1989"", ""Publisher:"": ""Touchstone Books"", ""Length:"": ""244 Pages"", ""Weight:"": ""0.18 lbs."", ""Dimensions:"": ""0.7\"" x 5.5\"" x 8.4\""""}",https://i.thriftbooks.com/api/imagehandler/m/CB3CB236676233987A545D7D6BC0FEF8AA356E1B.jpeg
Weapons of Chess: An Omnibus of Chess Strategies,Bruce Pandolfini,"{""Format:"": ""Paperback"", ""Language:"": ""English"", ""ISBN:"": ""0671659723"", ""ISBN13:"": ""9780671659721"", ""Release Date:"": ""November 1989"", ""Publisher:"": ""Touchstone Books"", ""Length:"": ""288 Pages"", ""Weight:"": ""0.75 lbs."", ""Dimensions:"": ""0.8\"" x 5.4\"" x 8.4\""""}",https://i.thriftbooks.com/api/imagehandler/m/A1A4F8D7A13C6A386A2608196E9F19114D56A4A2.jpeg
