Book Name,Authors,Info,Image URL
The Phantom of the Opera,Gaston Leroux,"{""Format:"": ""Paperback"", ""Language:"": ""English"", ""ISBN:"": ""1497587751"", ""ISBN13:"": ""9781497587755"", ""Release Date:"": ""April 2014"", ""Publisher:"": ""CreateSpace Independent Publishing Platform"", ""Length:"": ""284 Pages"", ""Weight:"": ""0.98 lbs."", ""Dimensions:"": ""9.0\"" x 0.6\"" x 6.0\""""}",https://m.media-amazon.com/images/I/41l8qxAM4dL._SL350_.jpg
Let the Right One in,John Ajvide Lindqvist,"{""Format:"": ""Paperback"", ""Language:"": ""English"", ""ISBN:"": ""0312355297"", ""ISBN13:"": ""9780312355296"", ""Release Date:"": ""October 2008"", ""Publisher:"": ""St. Martin's Griffin"", ""Length:"": ""480 Pages"", ""Weight:"": ""1.12 lbs."", ""Dimensions:"": ""1.4\"" x 5.4\"" x 8.1\""""}",https://i.thriftbooks.com/api/imagehandler/m/0314EDDBAA753BED4FBA2149A1FD92242518E857.jpeg
Rose Cottage,Mary Stewart,"{""Format:"": ""Hardcover"", ""Language:"": ""English"", ""ISBN:"": ""0688155847"", ""ISBN13:"": ""9780688155841"", ""Release Date:"": ""August 1997"", ""Publisher:"": ""William Morrow & Company"", ""Length:"": ""240 Pages"", ""Weight:"": ""1.10 lbs."", ""Dimensions:"": ""0.9\"" x 6.1\"" x 9.3\""""}",https://i.thriftbooks.com/api/imagehandler/m/72CA1728F8B6D6A5EAB0D8C95EC44E4ABDFE440A.jpeg
The Wolf and the Dove,Kathleen E. Woodiwiss,"{""Format:"": ""Mass Market Paperback"", ""Language:"": ""English"", ""ISBN:"": ""0380007789"", ""ISBN13:"": ""9780380007783"", ""Release Date:"": ""August 2007"", ""Publisher:"": ""Avon Books"", ""Length:"": ""512 Pages"", ""Weight:"": ""0.70 lbs."", ""Dimensions:"": ""1.1\"" x 4.3\"" x 6.7\""""}",https://i.thriftbooks.com/api/imagehandler/m/8AD751F176B57F884C2875EC480FFFC44B83C1C3.jpeg
The Wedding,Julie Garwood,"{""Format:"": ""Mass Market Paperback"", ""Language:"": ""English"", ""ISBN:"": ""0671871005"", ""ISBN13:"": ""9780671871000"", ""Release Date:"": ""April 1997"", ""Publisher:"": ""Pocket Star"", ""Length:"": ""384 Pages"", ""Weight:"": ""0.80 lbs."", ""Dimensions:"": ""1.1\"" x 4.1\"" x 6.7\""""}",https://i.thriftbooks.com/api/imagehandler/m/5D0D976BD4F6405986BD7DD08894ECA4395FA48C.jpeg
"Dark Desire (The Carpathians (Dark) Series, Book 2)",Christine Feehan,"{""Format:"": ""Paperback"", ""Language:"": ""English"", ""ISBN:"": ""050552354X"", ""Release Date:"": ""January 1999"", ""Publisher:"": ""Love Spell"", ""Length:"": ""315 Pages"", ""Weight:"": ""0.35 lbs."", ""Dimensions:"": ""6.8\"" x 0.8\"" x 4.0\""""}",https://m.media-amazon.com/images/I/51MCLb8zazL._SL350_.jpg
Saving Grace,Julie Garwood,"{""Format:"": ""Mass Market Paperback"", ""Language:"": ""English"", ""ISBN:"": ""0671870114"", ""Release Date:"": ""March 1994"", ""Publisher:"": ""Pocket Books"", ""Length:"": ""432 Pages"", ""Weight:"": ""0.44 lbs."", ""Dimensions:"": ""6.8\"" x 1.1\"" x 4.2\""""}",https://m.media-amazon.com/images/I/41C4UmqSUAL._SL350_.jpg
Dark Magic,Christine Feehan,"{""Format:"": ""Mass Market Paperback"", ""Language:"": ""English"", ""ISBN:"": ""0505523892"", ""ISBN13:"": ""9780505523891"", ""Release Date:"": ""July 2000"", ""Publisher:"": ""Love Spell"", ""Length:"": ""358 Pages"", ""Weight:"": ""0.44 lbs."", ""Dimensions:"": ""1.0\"" x 4.2\"" x 6.8\""""}",https://i.thriftbooks.com/api/imagehandler/m/B98471892EB07835438F6A326CDDC0CEC6893821.jpeg
To Know Her by Name,Lori Wick,"{""Format:"": ""Paperback"", ""Language:"": ""English"", ""ISBN:"": ""1565075749"", ""ISBN13:"": ""9781565075740"", ""Release Date:"": ""January 1997"", ""Publisher:"": ""Harvest House Publishers"", ""Length:"": ""432 Pages"", ""Weight:"": ""0.47 lbs."", ""Dimensions:"": ""1.1\"" x 5.2\"" x 8.0\""""}",https://i.thriftbooks.com/api/imagehandler/m/2197C3AF7B8FE632BF7A8D6809FC6E3A5CD71141.jpeg
Ghost Walk (Harrison Investigation),Heather Graham,"{""Format:"": ""Mass Market Paperback"", ""Language:"": ""English"", ""ISBN:"": ""0778322181"", ""Release Date:"": ""September 2005"", ""Publisher:"": ""MIRA"", ""Length:"": ""400 Pages"", ""Weight:"": ""0.25 lbs."", ""Dimensions:"": ""6.6\"" x 1.1\"" x 4.2\""""}",https://m.media-amazon.com/images/I/51w-5eFzubL._SL350_.jpg
A Lick of Frost,Laurell K. Hamilton,"{""Format:"": ""Hardcover"", ""Language:"": ""English"", ""ISBN:"": ""034549590X"", ""ISBN13:"": ""9780345495907"", ""Release Date:"": ""October 2007"", ""Publisher:"": ""Ballantine Books"", ""Length:"": ""274 Pages"", ""Weight:"": ""1.14 lbs."", ""Dimensions:"": ""1.0\"" x 6.5\"" x 9.7\""""}",https://i.thriftbooks.com/api/imagehandler/m/D25CA61975DF3B28315F3DE3268A50B50C05935E.jpeg
Awakening,Sharon J. Bolton,"{""Format:"": ""Hardcover"", ""Language:"": ""English"", ""ISBN:"": ""031238114X"", ""ISBN13:"": ""9780312381141"", ""Release Date:"": ""June 2009"", ""Publisher:"": ""Minotaur Books"", ""Length:"": ""393 Pages"", ""Weight:"": ""1.25 lbs."", ""Dimensions:"": ""1.3\"" x 6.3\"" x 9.5\""""}",https://i.thriftbooks.com/api/imagehandler/m/76DF2973BD73FF4F2B8B5D13554DB27E50C3FBC5.jpeg
Wings of the Falcon,Barbara Michaels,"{""Format:"": ""Mass Market Paperback"", ""Language:"": ""English"", ""ISBN:"": ""0425110451"", ""ISBN13:"": ""9780425110454"", ""Release Date:"": ""September 1988"", ""Publisher:"": ""Berkley Books"", ""Length:"": ""230 Pages"", ""Weight:"": ""0.30 lbs."", ""Dimensions:"": ""0.8\"" x 4.2\"" x 6.8\""""}",https://i.thriftbooks.com/api/imagehandler/m/E4FAE379C89926EA0DB77579FDF0C3DFA381E747.jpeg
"Be Still My Vampire Heart (Love at Stake, Book 3)",Kerrelyn Sparks,"{""Format:"": ""Mass Market Paperback"", ""Language:"": ""English"", ""ISBN:"": ""0061118443"", ""Release Date:"": ""March 2007"", ""Publisher:"": ""Avon"", ""Length:"": ""384 Pages"", ""Weight:"": ""0.60 lbs."", ""Dimensions:"": ""6.8\"" x 1.0\"" x 4.2\""""}",https://m.media-amazon.com/images/I/319DU8Y8-ZL._SL350_.jpg
Swallowing Darkness: A Novel (Merry Gentry),Laurell K. Hamilton,"{""Format:"": ""Mass Market Paperback"", ""Language:"": ""English"", ""ISBN:"": ""0345495942"", ""Release Date:"": ""November 2009"", ""Publisher:"": ""Ballantine Books"", ""Length:"": ""416 Pages"", ""Weight:"": ""0.48 lbs."", ""Dimensions:"": ""6.8\"" x 1.1\"" x 4.2\""""}",https://m.media-amazon.com/images/I/41Y6LUw4j4L._SL350_.jpg
Destined for an Early Grave,Jeaniene Frost,"{""Format:"": ""Mass Market Paperback"", ""Language:"": ""English"", ""ISBN:"": ""0061583219"", ""ISBN13:"": ""9780061583216"", ""Release Date:"": ""July 2009"", ""Publisher:"": ""Avon Books"", ""Length:"": ""400 Pages"", ""Weight:"": ""0.70 lbs."", ""Dimensions:"": ""1.4\"" x 4.2\"" x 7.1\""""}",https://i.thriftbooks.com/api/imagehandler/m/EEDA4067F1A284267E05D476629195C2CF11F13D.jpeg
"Bad Moon Rising: A Dark-Hunter Novel (Dark-Hunter Novels, 13)",Sherrilyn Kenyon,"{""Format:"": ""Mass Market Paperback"", ""Language:"": ""English"", ""ISBN:"": ""031293436X"", ""Release Date:"": ""March 2010"", ""Publisher:"": ""St. Martin's Paperbacks"", ""Length:"": ""480 Pages"", ""Weight:"": ""0.55 lbs."", ""Dimensions:"": ""6.7\"" x 1.6\"" x 4.3\""""}",https://m.media-amazon.com/images/I/51mbIoJsp8L._SL350_.jpg
A Very Unusual Romance,Kathleen McFall,"{""Format:"": ""Paperback"", ""Language:"": ""English"", ""ISBN:"": ""1567184510"", ""ISBN13:"": ""9781567184518"", ""Release Date:"": ""May 1999"", ""Publisher:"": ""Llewellyn Publications"", ""Length:"": ""408 Pages"", ""Weight:"": ""1.00 lbs."", ""Dimensions:"": ""0.9\"" x 6.0\"" x 9.0\""""}",https://i.thriftbooks.com/api/imagehandler/m/CF49C34A15B8C68B477F85F734828EAC9CC8D41C.jpeg
Prince of Darkness,Barbara Michaels,"{""Format:"": ""Mass Market Paperback"", ""Language:"": ""English"", ""ISBN:"": ""0060745096"", ""Release Date:"": ""April 2005"", ""Publisher:"": ""HarperTorch"", ""Length:"": ""336 Pages"", ""Weight:"": ""0.65 lbs."", ""Dimensions:"": ""0.9\"" x 4.2\"" x 6.8\""""}",https://m.media-amazon.com/images/I/51PQW-2fJQL._SL350_.jpg
The Dark-Hunter Companion,Sherrilyn Kenyon,"{""Format:"": ""Paperback"", ""Language:"": ""English"", ""ISBN:"": ""0312363435"", ""ISBN13:"": ""9780312363437"", ""Release Date:"": ""November 2007"", ""Publisher:"": ""St. Martins Press-3PL"", ""Length:"": ""448 Pages"", ""Weight:"": ""1.35 lbs."", ""Dimensions:"": ""1.3\"" x 6.4\"" x 9.3\""""}",https://i.thriftbooks.com/api/imagehandler/m/86B9D5E1FA9FD3B9C6CC31AD92200A358089F466.jpeg
Rising Moon,Lori Handeland,"{""Format:"": ""Mass Market Paperback"", ""Language:"": ""English"", ""ISBN:"": ""0312938500"", ""ISBN13:"": ""9780312938505"", ""Release Date:"": ""January 2007"", ""Publisher:"": ""St. Martin's Press"", ""Length:"": ""338 Pages"", ""Weight:"": ""0.40 lbs."", ""Dimensions:"": ""0.9\"" x 3.9\"" x 7.2\""""}",https://i.thriftbooks.com/api/imagehandler/m/B4D4CDE1079E5C5207805E01828660066FCB9859.jpeg
The Girl Who Would Speak for the Dead,Paul Elwork,"{""Format:"": ""Hardcover"", ""Language:"": ""English"", ""ISBN:"": ""0399157174"", ""ISBN13:"": ""9780399157172"", ""Release Date:"": ""March 2011"", ""Publisher:"": ""Penguin Adult Hc/Tr"", ""Length:"": ""320 Pages"", ""Weight:"": ""1.00 lbs."", ""Dimensions:"": ""1.3\"" x 5.7\"" x 8.3\"""", ""Age Range:"": ""18 years and up"", ""Grade Range:"": ""Postsecondary and higher""}",https://i.thriftbooks.com/api/imagehandler/m/669C568DCDED6A9085CB257D8EA327C1D0274F90.jpeg
"Shadow Game (GhostWalkers, Book 1)",Christine Feehan,"{""Format:"": ""Mass Market Paperback"", ""Language:"": ""English"", ""ISBN:"": ""0515135968"", ""Release Date:"": ""August 2003"", ""Publisher:"": ""Berkley"", ""Length:"": ""352 Pages"", ""Weight:"": ""0.40 lbs."", ""Dimensions:"": ""6.7\"" x 0.9\"" x 4.2\""""}",https://m.media-amazon.com/images/I/41835I3a-nL._SL350_.jpg
"Mind Game (GhostWalkers, Book 2)",Christine Feehan,"{""Format:"": ""Mass Market Paperback"", ""Language:"": ""English"", ""ISBN:"": ""0515138096"", ""Release Date:"": ""July 2004"", ""Publisher:"": ""Berkley"", ""Length:"": ""384 Pages"", ""Weight:"": ""0.46 lbs."", ""Dimensions:"": ""6.8\"" x 1.0\"" x 4.1\""""}",https://m.media-amazon.com/images/I/51ty+H1Hn5L._SL350_.jpg
Wicked Deeds on a Winter's Night,Kresley Cole,"{""Format:"": ""Mass Market Paperback"", ""Language:"": ""English"", ""ISBN:"": ""1416547037"", ""ISBN13:"": ""9781416547037"", ""Release Date:"": ""October 2007"", ""Publisher:"": ""Pocket Star"", ""Length:"": ""384 Pages"", ""Weight:"": ""0.40 lbs."", ""Dimensions:"": ""1.0\"" x 4.3\"" x 6.9\""""}",https://i.thriftbooks.com/api/imagehandler/m/B2F9E3F001F922CE67D79FF548D84A551EF90487.jpeg
Dying Bites,D.D. Barant,"{""Format:"": ""Paperback"", ""Language:"": ""English"", ""ISBN:"": ""1250230527"", ""ISBN13:"": ""9781250230522"", ""Release Date:"": ""June 2009"", ""Publisher:"": ""St. Martins Press-3PL"", ""Length:"": ""316 Pages"", ""Weight:"": ""0.56 lbs."", ""Dimensions:"": ""0.7\"" x 4.3\"" x 7.0\""""}",https://i.thriftbooks.com/api/imagehandler/m/3DD7BDE2BDB72F444F71657FDC4BCBD45CD93456.jpeg
The Mammoth Book of Vampire Romance 2,Jordan Summers,"{""Format:"": ""Paperback"", ""Language:"": ""English"", ""ISBN:"": ""0762437960"", ""ISBN13:"": ""9780762437962"", ""Release Date:"": ""September 2009"", ""Publisher:"": ""Running Press Book Publishers"", ""Length:"": ""561 Pages"", ""Weight:"": ""0.94 lbs."", ""Dimensions:"": ""1.7\"" x 5.0\"" x 7.6\""""}",https://i.thriftbooks.com/api/imagehandler/m/CDA7A9F900DF7CE3D9E656B552DEC44B0D6B1795.jpeg
The Mammoth Book of Vampire Romance,"Telep, Tricia","{""Format:"": ""Paperback"", ""Language:"": ""English"", ""ISBN:"": ""0762434988"", ""ISBN13:"": ""9780762434985"", ""Release Date:"": ""July 2008"", ""Publisher:"": ""Running Press Book Publishers"", ""Length:"": ""514 Pages"", ""Weight:"": ""0.80 lbs."", ""Dimensions:"": ""1.4\"" x 5.3\"" x 7.5\""""}",https://i.thriftbooks.com/api/imagehandler/m/E195E547BB1D7ED91C9F482F1518092196838B84.jpeg
Zofloya: Or the Moor,Charlotte Dacre,"{""Format:"": ""Paperback"", ""Language:"": ""English"", ""ISBN:"": ""0199549737"", ""ISBN13:"": ""9780199549733"", ""Release Date:"": ""September 2008"", ""Publisher:"": ""Oxford University Press, USA"", ""Length:"": ""320 Pages"", ""Weight:"": ""0.54 lbs."", ""Dimensions:"": ""0.7\"" x 5.0\"" x 7.6\""""}",https://i.thriftbooks.com/api/imagehandler/m/D10D93B75EA3A55142561F9E1CC2508A12FD6404.jpeg
The Oxford Book of Gothic Tales,Anna Laetitia Barbauld,"{""Format:"": ""Paperback"", ""Language:"": ""English"", ""ISBN:"": ""0192862197"", ""ISBN13:"": ""9780192862198"", ""Release Date:"": ""November 2001"", ""Publisher:"": ""Oxford University Press, USA"", ""Length:"": ""533 Pages"", ""Weight:"": ""1.00 lbs."", ""Dimensions:"": ""1.5\"" x 7.5\"" x 4.8\""""}",https://i.thriftbooks.com/api/imagehandler/m/80CD395C22F0286084AED1D42C41A8548E74EC09.jpeg
Once a Knight,Christina Dodd,"{""Format:"": ""Mass Market Paperback"", ""Language:"": ""English"", ""ISBN:"": ""006109899X"", ""ISBN13:"": ""9780061098994"", ""Release Date:"": ""January 1999"", ""Publisher:"": ""HarperCollins Publishers"", ""Length:"": ""416 Pages"", ""Weight:"": ""0.44 lbs."", ""Dimensions:"": ""1.2\"" x 4.2\"" x 6.8\""""}",https://i.thriftbooks.com/api/imagehandler/m/4BD34BA6DE3D6DABA20585566D27C06C738CBA84.jpeg
Ghostlight,Marion Zimmer Bradley,"{""Format:"": ""Hardcover"", ""Language:"": ""English"", ""ISBN:"": ""0312858817"", ""ISBN13:"": ""9780312858810"", ""Release Date:"": ""January 1995"", ""Publisher:"": ""Tor Books"", ""Length:"": ""304 Pages"", ""Weight:"": ""1.40 lbs."", ""Dimensions:"": ""1.1\"" x 6.4\"" x 9.6\""""}",https://i.thriftbooks.com/api/imagehandler/m/7108EF5A7F178F667FBDAE99483FBBC0108C5214.jpeg
Beyond the Pale,Savannah Russe,"{""Format:"": ""Hardcover"", ""ISBN:"": ""0739454862"", ""Release Date:"": ""January 1"", ""Publisher:"": ""Signet Esclipse Books"", ""Length:"": ""295 Pages""}",https://images-na.ssl-images-amazon.com/images/I/51oMDDYfX9L._SL160_.jpg
"Your Coffin or Mine?: A Novel of Vampire Love (Dead End Dating, Book 3)",Kimberly Raye,"{""Format:"": ""Mass Market Paperback"", ""Language:"": ""English"", ""ISBN:"": ""0345492188"", ""Release Date:"": ""September 2007"", ""Publisher:"": ""Ballantine Books"", ""Length:"": ""312 Pages"", ""Weight:"": ""0.35 lbs."", ""Dimensions:"": ""6.9\"" x 0.8\"" x 4.2\""""}",https://m.media-amazon.com/images/I/41I9Ni16WIL._SL350_.jpg
The Untamed One,Ronda Thompson,"{""Format:"": ""Mass Market Paperback"", ""Language:"": ""English"", ""ISBN:"": ""0312935749"", ""ISBN13:"": ""9780312935740"", ""Release Date:"": ""May 2006"", ""Publisher:"": ""St. Martin's Press"", ""Length:"": ""311 Pages"", ""Weight:"": ""0.35 lbs."", ""Dimensions:"": ""0.8\"" x 5.7\"" x 6.7\""""}",https://i.thriftbooks.com/api/imagehandler/m/A055A3617195B43555BFE5BF1689AE820ED4A548.jpeg
Heartlight,Marion Zimmer Bradley,"{""Format:"": ""Paperback"", ""Language:"": ""English"", ""ISBN:"": ""0312865090"", ""ISBN13:"": ""9780312865092"", ""Release Date:"": ""September 1999"", ""Publisher:"": ""Tor Books"", ""Length:"": ""416 Pages"", ""Weight:"": ""0.25 lbs."", ""Dimensions:"": ""1.1\"" x 6.1\"" x 9.3\""""}",https://i.thriftbooks.com/api/imagehandler/m/7962768A8A9F9FC53A1BFE37934FC38D53276285.jpeg
Gentle from the Night,Meagan McKinney,"{""Format:"": ""Mass Market Paperback"", ""Language:"": ""English"", ""ISBN:"": ""0821758039"", ""ISBN13:"": ""9780821758038"", ""Release Date:"": ""January 1997"", ""Publisher:"": ""Zebra Books"", ""Length:"": ""350 Pages"", ""Weight:"": ""0.40 lbs."", ""Dimensions:"": ""1.0\"" x 4.3\"" x 6.9\""""}",https://i.thriftbooks.com/api/imagehandler/m/4944EC89B5587203F308A4D45C431226D3B4D2A6.jpeg
The Inheritor,Marion Zimmer Bradley,"{""Format:"": ""Paperback"", ""Language:"": ""English"", ""ISBN:"": ""0312862938"", ""ISBN13:"": ""9780312862930"", ""Release Date:"": ""February 1997"", ""Publisher:"": ""Tor Books"", ""Length:"": ""352 Pages"", ""Weight:"": ""1.15 lbs."", ""Dimensions:"": ""0.9\"" x 6.1\"" x 9.2\""""}",https://i.thriftbooks.com/api/imagehandler/m/18B10FE0EC711AB6BAF84BB5C8AAD9CDFB9AFE9C.jpeg
Demon's Kiss,Maggie Shayne,"{""Format:"": ""Mass Market Paperback"", ""Language:"": ""English"", ""ISBN:"": ""0778324974"", ""ISBN13:"": ""9780778324973"", ""Release Date:"": ""November 2007"", ""Publisher:"": ""Mira Books"", ""Length:"": ""400 Pages"", ""Weight:"": ""0.45 lbs."", ""Dimensions:"": ""1.1\"" x 4.2\"" x 6.6\""""}",https://i.thriftbooks.com/api/imagehandler/m/EDE6E150789ECE0E34E06B7FD391439A9CD88C62.jpeg
Witch Hill,Marion Zimmer Bradley,"{""Format:"": ""Paperback"", ""Language:"": ""English"", ""ISBN:"": ""0312872836"", ""ISBN13:"": ""9780312872830"", ""Release Date:"": ""January 1900"", ""Publisher:"": ""Tor Books"", ""Length:"": ""192 Pages"", ""Weight:"": ""0.45 lbs."", ""Dimensions:"": ""0.5\"" x 5.5\"" x 8.3\""""}",https://i.thriftbooks.com/api/imagehandler/m/7A228E7C689C61F69B315384903D6F9F8540B369.jpeg
Hot Property,Sherryl Woods,"{""Format:"": ""Mass Market Paperback"", ""Language:"": ""English"", ""ISBN:"": ""0440210038"", ""ISBN13:"": ""9780440210030"", ""Release Date:"": ""March 1992"", ""Publisher:"": ""Dell Publishing Company"", ""Length:"": ""248 Pages"", ""Weight:"": ""1.10 lbs."", ""Dimensions:"": ""0.8\"" x 4.2\"" x 6.7\""""}",https://i.thriftbooks.com/api/imagehandler/m/7A9660E6EBE843F6CD909DA7B185239C8887B361.jpeg
Embrace the Twilight,Maggie Shayne,"{""Format:"": ""Mass Market Paperback"", ""Language:"": ""English"", ""ISBN:"": ""0778322645"", ""ISBN13:"": ""9780778322641"", ""Release Date:"": ""August 2006"", ""Publisher:"": ""Mira Books"", ""Length:"": ""400 Pages"", ""Weight:"": ""0.42 lbs."", ""Dimensions:"": ""1.1\"" x 4.2\"" x 6.6\""""}",https://i.thriftbooks.com/api/imagehandler/m/C5C4983D51FBA607E1E3777E87BDF7BCA23F6D98.jpeg
Prince of Twilight,Maggie Shayne,"{""Format:"": ""Mass Market Paperback"", ""Language:"": ""English"", ""ISBN:"": ""0778322793"", ""ISBN13:"": ""9780778322795"", ""Release Date:"": ""September 2006"", ""Publisher:"": ""Mira Books"", ""Length:"": ""400 Pages"", ""Weight:"": ""0.45 lbs."", ""Dimensions:"": ""1.1\"" x 4.2\"" x 6.6\""""}",https://i.thriftbooks.com/api/imagehandler/m/001BE190B31D26EBDC47B234D8837BD46D83FC58.jpeg
Bride By Candlelight,Dorothy Eden,"{""Format:"": ""Mass Market Paperback"", ""ISBN:"": ""B000NPTOTU"", ""ISBN13:"": ""9780441079308"", ""Release Date:"": ""January 1954"", ""Publisher:"": ""ACE Books"", ""Length:"": ""189 Pages"", ""Weight:"": ""0.25 lbs.""}",https://images-na.ssl-images-amazon.com/images/I/21j62gSJdjL._SL160_.jpg
Here Comes Santa Claus,Sandra Hill,"{""Format:"": ""Mass Market Paperback"", ""Language:"": ""English"", ""ISBN:"": ""084394918X"", ""ISBN13:"": ""9780843949186"", ""Release Date:"": ""January 2001"", ""Publisher:"": ""Leisure Books"", ""Length:"": ""394 Pages"", ""Weight:"": ""0.45 lbs."", ""Dimensions:"": ""1.2\"" x 4.2\"" x 6.8\""""}",https://i.thriftbooks.com/api/imagehandler/m/1015CC23973C9299358D623F10BC15B71531E7F1.jpeg
The Werewolf's Kiss,Cheri Scotch,"{""Format:"": ""Mass Market Paperback"", ""Language:"": ""English"", ""ISBN:"": ""1557738017"", ""ISBN13:"": ""9781557738011"", ""Release Date:"": ""January 1992"", ""Publisher:"": ""Diamond/Charter"", ""Length:"": ""262 Pages"", ""Weight:"": ""0.35 lbs."", ""Dimensions:"": ""0.8\"" x 4.2\"" x 6.8\""""}",https://m.media-amazon.com/images/I/51xt0CpmamL._SL350_.jpg
The Company Man,Robert Jackson Bennett,"{""Format:"": ""Paperback"", ""Language:"": ""English"", ""ISBN:"": ""0316054704"", ""ISBN13:"": ""9780316054706"", ""Release Date:"": ""April 2011"", ""Publisher:"": ""Orbit"", ""Length:"": ""464 Pages"", ""Weight:"": ""1.00 lbs."", ""Dimensions:"": ""1.2\"" x 5.5\"" x 8.0\""""}",https://i.thriftbooks.com/api/imagehandler/m/CE2A7C49B799D494188B547155A3544F9D623956.jpeg
Trespass,Rose Tremain,"{""Format:"": ""Paperback"", ""Language:"": ""English"", ""ISBN:"": ""0099478455"", ""Release Date:"": ""January 2011"", ""Publisher:"": ""Vintage Books"", ""Length:"": ""384 Pages"", ""Weight:"": ""0.62 lbs."", ""Dimensions:"": ""7.8\"" x 0.8\"" x 5.0\""""}",https://m.media-amazon.com/images/I/41tJpiRJQcL._SL350_.jpg
Dark Desires,Eve Silver,"{""Format:"": ""Mass Market Paperback"", ""Language:"": ""English"", ""ISBN:"": ""0821779664"", ""ISBN13:"": ""9780821779668"", ""Release Date:"": ""January 2005"", ""Publisher:"": ""Zebra Books"", ""Length:"": ""349 Pages"", ""Weight:"": ""0.40 lbs."", ""Dimensions:"": ""1.0\"" x 4.6\"" x 6.7\""""}",https://i.thriftbooks.com/api/imagehandler/m/FC12F9276150D944EAB59ECDE9717680F30BEA1A.jpeg
Twilight Begins,Maggie Shayne,"{"""": """"}",https://i.thriftbooks.com/api/imagehandler/m/743DC3FF4E19CE364A54D07F6DD2C8061CFB962F.jpeg
King's Pleasure,Norah Lofts,"{""Format:"": ""Hardcover"", ""Language:"": ""English"", ""ISBN:"": ""0385008503"", ""ISBN13:"": ""9780385008501"", ""Release Date:"": ""January 1969"", ""Publisher:"": ""Doubleday Books"", ""Length:"": ""372 Pages"", ""Weight:"": ""1.20 lbs.""}",https://m.media-amazon.com/images/I/516+JTMkpRL._SL350_.jpg
Smoke and Mirrors,Barbara Michaels,"{""Format:"": ""Hardcover"", ""Language:"": ""English"", ""ISBN:"": ""0671670379"", ""ISBN13:"": ""9780671670375"", ""Release Date:"": ""January 1989"", ""Publisher:"": ""Simon & Schuster"", ""Length:"": ""352 Pages"", ""Weight:"": ""0.99 lbs.""}",https://m.media-amazon.com/images/I/514Qi7aVbfL._SL350_.jpg
Skye Cameron,Phyllis A. Whitney,"{""Format:"": ""Mass Market Paperback"", ""Language:"": ""English"", ""ISBN:"": ""0061001929"", ""ISBN13:"": ""9780061001925"", ""Release Date:"": ""January 1991"", ""Publisher:"": ""HarperCollins Publishers"", ""Length:"": ""336 Pages"", ""Weight:"": ""0.40 lbs."", ""Dimensions:"": ""0.9\"" x 4.2\"" x 6.8\""""}",https://m.media-amazon.com/images/I/51jH5G6r0EL._SL350_.jpg
A Woman Without Lies,Elizabeth Lowell,"{""Format:"": ""Mass Market Paperback"", ""Language:"": ""English"", ""ISBN:"": ""0380767643"", ""Release Date:"": ""April 2002"", ""Publisher:"": ""Avon"", ""Length:"": ""384 Pages"", ""Weight:"": ""0.40 lbs."", ""Dimensions:"": ""6.8\"" x 1.0\"" x 4.2\""""}",https://m.media-amazon.com/images/I/314VLY6lXfL._SL350_.jpg
The Quicksilver Pool,Phyllis A. Whitney,"{""Format:"": ""Mass Market Paperback"", ""Language:"": ""English"", ""ISBN:"": ""006100152X"", ""ISBN13:"": ""9780061001529"", ""Release Date:"": ""January 1992"", ""Publisher:"": ""HarperCollins Publishers"", ""Length:"": ""464 Pages"", ""Weight:"": ""0.50 lbs."", ""Dimensions:"": ""1.0\"" x 4.2\"" x 6.8\""""}",https://i.thriftbooks.com/api/imagehandler/m/75B3F5EFA2845D06DE589EE8C7E98EBED5ABBA9B.jpeg
Blue Fire,Phyllis A. Whitney,"{""Format:"": ""Mass Market Paperback"", ""Language:"": ""English"", ""ISBN:"": ""0449240835"", ""ISBN13:"": ""9780449240830"", ""Release Date:"": ""October 1981"", ""Publisher:"": ""Fawcett Books"", ""Length:"": ""224 Pages"", ""Weight:"": ""0.20 lbs.""}",https://m.media-amazon.com/images/I/51Lr172BBwL._SL350_.jpg
Dark Champion,Jo Beverley,"{""Format:"": ""Mass Market Paperback"", ""Language:"": ""English"", ""ISBN:"": ""0451207661"", ""ISBN13:"": ""9780451207661"", ""Release Date:"": ""January 2003"", ""Publisher:"": ""Berkley Books"", ""Length:"": ""384 Pages"", ""Weight:"": ""0.40 lbs."", ""Dimensions:"": ""1.0\"" x 4.2\"" x 6.9\"""", ""Age Range:"": ""18 years and up"", ""Grade Range:"": ""Postsecondary and higher""}",https://i.thriftbooks.com/api/imagehandler/m/07DBDE508179DE0A821BB1C0AB2966F2E897A839.jpeg
The Dark on the Other Side,Barbara Michaels,"{""Format:"": ""Mass Market Paperback"", ""Language:"": ""English"", ""ISBN:"": ""0060745118"", ""ISBN13:"": ""9780060745110"", ""Release Date:"": ""April 2005"", ""Publisher:"": ""HarperTorch"", ""Length:"": ""339 Pages"", ""Weight:"": ""0.40 lbs."", ""Dimensions:"": ""0.9\"" x 4.2\"" x 6.8\""""}",https://i.thriftbooks.com/api/imagehandler/m/7346C8E7EE5036C6F25E0EC6F7222CEF19262396.jpeg
Demons Not Included (A Night Tracker Novel),Cheyenne McCray,"{"""": """"}",https://m.media-amazon.com/images/I/41e2gYdhObL._SL350_.jpg
Rhiannon,Roberta Gellis,"{""Format:"": ""Paperback"", ""Language:"": ""English"", ""ISBN:"": ""0872169332"", ""ISBN13:"": ""9780872169333"", ""Release Date:"": ""January 1900"", ""Publisher:"": ""Jove Books"", ""Length:"": ""384 Pages"", ""Weight:"": ""0.48 lbs.""}",https://m.media-amazon.com/images/I/51-taq13ujL._SL350_.jpg
ALINOR [The Roselynde Chronicles:Book two],Roberta Gellis,"{""Format:"": ""Paperback"", ""Language:"": ""English"", ""ISBN:"": ""0872164683"", ""ISBN13:"": ""9780872164680"", ""Release Date:"": ""January 1978"", ""Publisher:"": ""Playboy Press"", ""Length:"": ""558 Pages"", ""Weight:"": ""0.65 lbs.""}",https://image-plz.thriftbooks.com/m/99D86D65B683434C84BE2507966680F8.png
Pemberley Shades: Pride and Prejudice Continues,Dorothy Bonavia-Hunt,"{""Format:"": ""Paperback"", ""Language:"": ""English"", ""ISBN:"": ""1402214383"", ""ISBN13:"": ""9781402214387"", ""Release Date:"": ""September 2008"", ""Publisher:"": ""Sourcebooks Landmark"", ""Length:"": ""384 Pages"", ""Weight:"": ""1.00 lbs."", ""Dimensions:"": ""1.0\"" x 5.8\"" x 7.8\""""}",https://i.thriftbooks.com/api/imagehandler/m/68BDA738C602E3CFC661EDE06E484C662CB9E5C8.jpeg
The Last of the Red-Hot Vampires (Dark Ones Novel),Katie MacAlister,"{""Format:"": ""Mass Market Paperback"", ""Language:"": ""English"", ""ISBN:"": ""0451220854"", ""Release Date:"": ""April 2007"", ""Publisher:"": ""Berkley"", ""Length:"": ""368 Pages"", ""Weight:"": ""0.40 lbs."", ""Dimensions:"": ""6.6\"" x 0.9\"" x 4.2\""""}",https://m.media-amazon.com/images/I/41oNFpVrZ-L._SL350_.jpg
If Angels Burn: A Novel of the Darkyn,Lynn Viehl,"{""Format:"": ""Mass Market Paperback"", ""Language:"": ""English"", ""ISBN:"": ""0451214773"", ""Release Date:"": ""April 2005"", ""Publisher:"": ""Berkley"", ""Length:"": ""304 Pages"", ""Weight:"": ""0.35 lbs."", ""Dimensions:"": ""6.7\"" x 0.8\"" x 4.2\""""}",https://m.media-amazon.com/images/I/41E86nPmc4L._SL350_.jpg
Edge of Twilight,Maggie Shayne,"{""Format:"": ""Mass Market Paperback"", ""Language:"": ""English"", ""ISBN:"": ""0778320227"", ""ISBN13:"": ""9780778320227"", ""Release Date:"": ""February 2004"", ""Publisher:"": ""Mira Books"", ""Length:"": ""400 Pages"", ""Weight:"": ""0.48 lbs."", ""Dimensions:"": ""1.1\"" x 4.2\"" x 6.6\""""}",https://i.thriftbooks.com/api/imagehandler/m/D46DDCC43C0BBBBB4D60996C44FA3F74110E3686.jpeg
I Burn for You,Susan Sizemore,"{""Format:"": ""Mass Market Paperback"", ""Language:"": ""English"", ""ISBN:"": ""1416523537"", ""ISBN13:"": ""9781416523536"", ""Release Date:"": ""March 2006"", ""Publisher:"": ""Pocket Star Books"", ""Length:"": ""345 Pages"", ""Weight:"": ""0.28 lbs."", ""Dimensions:"": ""1.0\"" x 4.2\"" x 6.8\""""}",https://i.thriftbooks.com/api/imagehandler/m/2A68DA4AC5E332BAFBC12EEF2B0CE30A083C43E8.jpeg
Gilliane,Roberta Gellis,"{""Format:"": ""Mass Market Paperback"", ""Language:"": ""English"", ""ISBN:"": ""0843936754"", ""ISBN13:"": ""9780843936759"", ""Release Date:"": ""January 1994"", ""Publisher:"": ""Leisure Books"", ""Length:"": ""494 Pages"", ""Weight:"": ""0.55 lbs."", ""Dimensions:"": ""1.0\"" x 4.2\"" x 6.9\""""}",https://m.media-amazon.com/images/I/51zsrLUm2NL._SL350_.jpg
The Romance Fighting For?,M.C. Beaton,"{""Format:"": ""Hardcover"", ""Language:"": ""English"", ""ISBN:"": ""0312152027"", ""ISBN13:"": ""9780312152024"", ""Release Date:"": ""March 1997"", ""Publisher:"": ""St. Martin's Press"", ""Length:"": ""164 Pages"", ""Weight:"": ""0.75 lbs."", ""Dimensions:"": ""0.8\"" x 5.8\"" x 8.6\""""}",https://i.thriftbooks.com/api/imagehandler/m/0CDD49B24C39C1A937F043F0814C74F7C6B3D88B.jpeg
Witchlight,Marion Zimmer Bradley,"{""Format:"": ""Hardcover"", ""Language:"": ""English"", ""ISBN:"": ""0312861044"", ""ISBN13:"": ""9780312861049"", ""Release Date:"": ""January 1996"", ""Publisher:"": ""Tor Books"", ""Length:"": ""303 Pages"", ""Weight:"": ""1.15 lbs."", ""Dimensions:"": ""1.0\"" x 6.4\"" x 9.4\""""}",https://i.thriftbooks.com/api/imagehandler/m/014BB1F9D440F87E8B298A1FF91F2CE0760C5BF1.jpeg
The Shattered Rose,Jo Beverley,"{""Format:"": ""Mass Market Paperback"", ""Language:"": ""English"", ""ISBN:"": ""0821779346"", ""ISBN13:"": ""9780821779347"", ""Release Date:"": ""January 2005"", ""Publisher:"": ""Zebra Books"", ""Length:"": ""415 Pages"", ""Weight:"": ""0.50 lbs."", ""Dimensions:"": ""1.1\"" x 4.2\"" x 6.8\""""}",https://i.thriftbooks.com/api/imagehandler/m/19FA9FD1B7AA05974C682E933F2C14D971C1A86D.jpeg
The Singing Stones,Phyllis A. Whitney,"{""Format:"": ""Hardcover"", ""Language:"": ""English"", ""ISBN:"": ""0385412215"", ""ISBN13:"": ""9780385412216"", ""Release Date:"": ""February 1990"", ""Publisher:"": ""Doubleday Books"", ""Length:"": ""301 Pages"", ""Weight:"": ""0.70 lbs.""}",https://m.media-amazon.com/images/I/516aQXRhqiL._SL350_.jpg
Uncommon Vows,Mary Jo Putney,"{""Format:"": ""Paperback"", ""Language:"": ""English"", ""ISBN:"": ""0451402448"", ""Release Date:"": ""April 1991"", ""Publisher:"": ""Onyx"", ""Length:"": ""384 Pages"", ""Weight:"": ""0.95 lbs."", ""Dimensions:"": ""7.0\"" x 1.0\"" x 4.3\""""}",https://m.media-amazon.com/images/I/51PMX920FML._SL350_.jpg
The Warlord,Elizabeth Elliott,"{"""": """"}",https://i.thriftbooks.com/api/imagehandler/m/D97FFEC51A6DECC7557C9E9EC4C2211F20E95325.jpeg
The Dead Travel Fast,Deanna Raybourn,"{""Format:"": ""Paperback"", ""Language:"": ""English"", ""ISBN:"": ""0778327655"", ""ISBN13:"": ""9780778327653"", ""Release Date:"": ""February 2010"", ""Publisher:"": ""Mira Books"", ""Length:"": ""320 Pages"", ""Weight:"": ""0.60 lbs."", ""Dimensions:"": ""0.9\"" x 5.1\"" x 8.0\""""}",https://i.thriftbooks.com/api/imagehandler/m/8398E0A9B6EA9289063F4FF3002D7AA89A88AFA3.jpeg
Someone in the House,Barbara Michaels,"{""Format:"": ""Mass Market Paperback"", ""Language:"": ""English"", ""ISBN:"": ""0425113892"", ""ISBN13:"": ""9780425113899"", ""Release Date:"": ""June 1989"", ""Publisher:"": ""Berkley Books"", ""Length:"": ""1 Pages"", ""Weight:"": ""0.35 lbs."", ""Dimensions:"": ""0.9\"" x 4.1\"" x 6.8\""""}",https://i.thriftbooks.com/api/imagehandler/m/5187B0E284991D62EF6A7639DFA7175F8AC8939E.jpeg
Into the Darkness,Barbara Michaels,"{""Format:"": ""Mass Market Paperback"", ""Language:"": ""English"", ""ISBN:"": ""042512892X"", ""ISBN13:"": ""9780425128923"", ""Release Date:"": ""September 1991"", ""Publisher:"": ""Berkley Books"", ""Length:"": ""323 Pages"", ""Weight:"": ""0.40 lbs."", ""Dimensions:"": ""1.0\"" x 4.2\"" x 6.9\""""}",https://i.thriftbooks.com/api/imagehandler/m/B3629D5EF250508D0863FA01CD88BA696B9BD16E.jpeg
House of Echoes,Barbara Erskine,"{""Format:"": ""Mass Market Paperback"", ""Language:"": ""English"", ""ISBN:"": ""0451181956"", ""ISBN13:"": ""9780451181954"", ""Release Date:"": ""September 1997"", ""Publisher:"": ""Signet Book"", ""Length:"": ""480 Pages"", ""Weight:"": ""0.25 lbs."", ""Dimensions:"": ""1.3\"" x 4.3\"" x 6.9\""""}",https://i.thriftbooks.com/api/imagehandler/m/2C529D71837932FFDCCA777585988A5320E10301.jpeg
Listen for the Whisperer,Phyllis A. Whitney,"{""Format:"": ""Hardcover"", ""Language:"": ""English"", ""ISBN:"": ""0385033540"", ""ISBN13:"": ""9780385033541"", ""Release Date:"": ""December 1971"", ""Publisher:"": ""Doubleday Books"", ""Length:"": ""277 Pages"", ""Weight:"": ""0.86 lbs.""}",https://m.media-amazon.com/images/I/518O2wUCwYL._SL350_.jpg
The Sea King's Daughter,Barbara Michaels,"{""Format:"": ""Mass Market Paperback"", ""Language:"": ""English"", ""ISBN:"": ""042511306X"", ""ISBN13:"": ""9780425113066"", ""Release Date:"": ""January 1989"", ""Publisher:"": ""Berkley Books"", ""Length:"": ""230 Pages"", ""Weight:"": ""0.35 lbs."", ""Dimensions:"": ""0.8\"" x 4.2\"" x 6.8\""""}",https://i.thriftbooks.com/api/imagehandler/m/2770423C35F5EA4B56EEDB6EBD01ED70DAC09EC7.jpeg
Mina,Marie Kiraly,"{""Format:"": ""Mass Market Paperback"", ""Language:"": ""English"", ""ISBN:"": ""0425143597"", ""ISBN13:"": ""9780425143599"", ""Release Date:"": ""September 1994"", ""Publisher:"": ""Berkley Books"", ""Length:"": ""325 Pages"", ""Weight:"": ""0.68 lbs."", ""Dimensions:"": ""0.9\"" x 4.2\"" x 6.9\""""}",https://i.thriftbooks.com/api/imagehandler/m/B9CA14E909D1BCD2ECD2314A3A5640A8BB03E542.jpeg
A Very Gothic Christmas: Two Novellas,Melanie George,"{""Format:"": ""Mass Market Paperback"", ""Language:"": ""English"", ""ISBN:"": ""1501160982"", ""ISBN13:"": ""9781501160981"", ""Release Date:"": ""October 2017"", ""Publisher:"": ""Pocket Books"", ""Length:"": ""432 Pages"", ""Weight:"": ""0.45 lbs."", ""Dimensions:"": ""1.0\"" x 4.1\"" x 6.7\""""}",https://i.thriftbooks.com/api/imagehandler/m/10F2423D5288822583C89047C953052C3F549B9D.jpeg
Until There Was You: A Grayson Novel (Grayson Novels),Francis Ray,"{""Format:"": ""Mass Market Paperback"", ""Language:"": ""English"", ""ISBN:"": ""0312944187"", ""Release Date:"": ""November 2008"", ""Publisher:"": ""St. Martin's Paperbacks"", ""Length:"": ""368 Pages"", ""Weight:"": ""0.40 lbs."", ""Dimensions:"": ""6.8\"" x 1.0\"" x 4.2\""""}",https://m.media-amazon.com/images/I/41xcTNTtmFL._SL350_.jpg
The Salem Branch,Lara Parker,"{""Format:"": ""Paperback"", ""Language:"": ""English"", ""ISBN:"": ""0765332884"", ""ISBN13:"": ""9780765332882"", ""Release Date:"": ""April 2012"", ""Publisher:"": ""Tor Books"", ""Length:"": ""334 Pages"", ""Weight:"": ""0.68 lbs."", ""Dimensions:"": ""0.9\"" x 5.5\"" x 8.2\""""}",https://i.thriftbooks.com/api/imagehandler/m/4E98EE6D85E8CCA1761D7A2A5F080DD5381CF900.jpeg
Sea Jade,Phyllis A. Whitney,"{""Format:"": ""Mass Market Paperback"", ""Language:"": ""English"", ""ISBN:"": ""0061002585"", ""ISBN13:"": ""9780061002588"", ""Release Date:"": ""January 1992"", ""Publisher:"": ""HarperCollins Publishers"", ""Weight:"": ""0.15 lbs."", ""Dimensions:"": ""0.8\"" x 4.2\"" x 4.2\""""}",https://m.media-amazon.com/images/I/41fT0WdAiML._SL350_.jpg
The Wizard's Daughter [Large Print],Barbara Michaels,"{""Format:"": ""Mass Market Paperback"", ""Large Print:"": ""Yes"", ""Language:"": ""English"", ""ISBN:"": ""0425146421"", ""ISBN13:"": ""9780425146422"", ""Release Date:"": ""March 1995"", ""Publisher:"": ""Berkley Books"", ""Length:"": ""325 Pages"", ""Weight:"": ""0.35 lbs."", ""Dimensions:"": ""1.0\"" x 4.2\"" x 6.8\""""}",https://i.thriftbooks.com/api/imagehandler/m/827170910F7B3F254441D654E51A6E8B8AEB1B65.jpeg
The Master of Blacktower,Barbara Michaels,"{""Format:"": ""Mass Market Paperback"", ""Language:"": ""English"", ""ISBN:"": ""0425149412"", ""Release Date:"": ""September 1995"", ""Publisher:"": ""Berkley"", ""Length:"": ""295 Pages"", ""Weight:"": ""0.35 lbs."", ""Dimensions:"": ""5.0\"" x 1.0\"" x 7.0\""""}",https://m.media-amazon.com/images/I/71107AV0Q6L._SL350_.jpg
Patriot's Dream,Barbara Michaels,"{""Format:"": ""Mass Market Paperback"", ""Language:"": ""English"", ""ISBN:"": ""0425133559"", ""ISBN13:"": ""9780425133552"", ""Release Date:"": ""March 1994"", ""Publisher:"": ""Berkley Books"", ""Length:"": ""340 Pages"", ""Weight:"": ""0.40 lbs."", ""Dimensions:"": ""1.0\"" x 4.2\"" x 6.7\""""}",https://i.thriftbooks.com/api/imagehandler/m/C72DC1705116153BBADA6752EBD67CB919D9F282.jpeg
Black Rainbow,Barbara Michaels,"{""Format:"": ""Mass Market Paperback"", ""Language:"": ""English"", ""ISBN:"": ""0425124819"", ""Release Date:"": ""January 1991"", ""Publisher:"": ""Berkley"", ""Length:"": ""354 Pages"", ""Weight:"": ""0.43 lbs."", ""Dimensions:"": ""6.8\"" x 1.0\"" x 4.2\""""}",https://m.media-amazon.com/images/I/51AKAPF3FVL._SL350_.jpg
The Crying Child,Barbara Michaels,"{""Format:"": ""Mass Market Paperback"", ""Language:"": ""English"", ""ISBN:"": ""0425115844"", ""ISBN13:"": ""9780425115848"", ""Release Date:"": ""April 1989"", ""Publisher:"": ""Berkley Books"", ""Length:"": ""289 Pages"", ""Weight:"": ""0.35 lbs."", ""Dimensions:"": ""0.9\"" x 4.2\"" x 6.8\""""}",https://i.thriftbooks.com/api/imagehandler/m/804EBEA4F1024FD00E6697F48E11C40FDC2921B3.jpeg
Greygallows,Barbara Michaels,"{""Format:"": ""Mass Market Paperback"", ""Language:"": ""English"", ""ISBN:"": ""0425137945"", ""ISBN13:"": ""9780425137949"", ""Release Date:"": ""April 1993"", ""Publisher:"": ""Berkley Books"", ""Length:"": ""339 Pages"", ""Weight:"": ""0.40 lbs."", ""Dimensions:"": ""1.0\"" x 4.2\"" x 6.7\""""}",https://i.thriftbooks.com/api/imagehandler/m/447D9E6F74FB8C177CB87693B6E817995AEC1F43.jpeg
Dark Symphony,Christine Feehan,"{""Format:"": ""Mass Market Paperback"", ""Language:"": ""English"", ""ISBN:"": ""0515135216"", ""ISBN13:"": ""9780515135213"", ""Release Date:"": ""February 2003"", ""Publisher:"": ""Berkley Books"", ""Length:"": ""352 Pages"", ""Weight:"": ""1.25 lbs."", ""Dimensions:"": ""1.0\"" x 4.3\"" x 6.8\"""", ""Age Range:"": ""18 years and up"", ""Grade Range:"": ""Postsecondary and higher""}",https://i.thriftbooks.com/api/imagehandler/m/D142C3C6CC1E82CA2F2E264E30159BFA803D99DC.jpeg
Divine Misdemeanors,Laurell K. Hamilton,"{""Format:"": ""Hardcover"", ""Language:"": ""English"", ""ISBN:"": ""0345495969"", ""ISBN13:"": ""9780345495969"", ""Release Date:"": ""December 2009"", ""Publisher:"": ""Ballantine Books"", ""Length:"": ""333 Pages"", ""Weight:"": ""1.30 lbs."", ""Dimensions:"": ""1.2\"" x 6.5\"" x 9.5\""""}",https://i.thriftbooks.com/api/imagehandler/m/7B55A4AC34A3FAA937D63FF9644DE649AFC7132E.jpeg
Halfway to the Grave,Jeaniene Frost,"{""Format:"": ""Mass Market Paperback"", ""Language:"": ""English"", ""ISBN:"": ""0061245089"", ""ISBN13:"": ""9780061245084"", ""Release Date:"": ""October 2007"", ""Publisher:"": ""Avon Books"", ""Length:"": ""384 Pages"", ""Weight:"": ""0.45 lbs."", ""Dimensions:"": ""1.1\"" x 4.1\"" x 6.9\""""}",https://i.thriftbooks.com/api/imagehandler/m/0109D1E36971B88000E395C352ABD01FA355F98B.jpeg
No Rest for the Wicked,Kresley Cole,"{""Format:"": ""Mass Market Paperback"", ""Language:"": ""English"", ""ISBN:"": ""1416509887"", ""ISBN13:"": ""9781416509882"", ""Release Date:"": ""October 2006"", ""Publisher:"": ""Pocket Star"", ""Length:"": ""384 Pages"", ""Weight:"": ""0.40 lbs."", ""Dimensions:"": ""1.0\"" x 4.3\"" x 6.8\""""}",https://i.thriftbooks.com/api/imagehandler/m/C0430EC6344E2D027709A4BAD27107D728BDDB4B.jpeg
"Dark Needs at Night's Edge (Immortals After Dark, Book 4)",Kresley Cole,"{""Format:"": ""Mass Market Paperback"", ""Language:"": ""English"", ""ISBN:"": ""141654707X"", ""Release Date:"": ""April 2008"", ""Publisher:"": ""Pocket Books"", ""Length:"": ""384 Pages"", ""Weight:"": ""0.45 lbs."", ""Dimensions:"": ""6.8\"" x 1.0\"" x 4.2\""""}",https://m.media-amazon.com/images/I/41X1Pgy7TvL._SL350_.jpg
Mistress of Mellyn,Victoria Holt,"{""Format:"": ""Hardcover"", ""Language:"": ""English"", ""ISBN:"": ""1607516233"", ""ISBN13:"": ""9781607516231"", ""Release Date:"": ""January 2008"", ""Publisher:"": ""St. Martin's Griffon"", ""Length:"": ""314 Pages"", ""Weight:"": ""0.99 lbs.""}",https://m.media-amazon.com/images/I/51JTGEjS-uL._SL350_.jpg
"Little, Big",John Crowley,"{""Format:"": ""Paperback"", ""Language:"": ""English"", ""ISBN:"": ""0061120057"", ""ISBN13:"": ""9780061120053"", ""Release Date:"": ""October 2006"", ""Publisher:"": ""William Morrow & Company"", ""Length:"": ""576 Pages"", ""Weight:"": ""1.23 lbs."", ""Dimensions:"": ""1.0\"" x 6.1\"" x 9.0\""""}",https://i.thriftbooks.com/api/imagehandler/m/283D1F274784BB47158C7EF07874BCCAA08ED21F.jpeg
Thornyhold [Large Print],Mary Stewart,"{""Format:"": ""Hardcover"", ""Large Print:"": ""Yes"", ""Language:"": ""English"", ""ISBN:"": ""0340415193"", ""ISBN13:"": ""9780340415191"", ""Release Date:"": ""January 1988"", ""Publisher:"": ""William Morrow and Company, Inc. 1988"", ""Length:"": ""192 Pages"", ""Weight:"": ""0.94 lbs."", ""Dimensions:"": ""1.1\"" x 8.8\"" x 5.7\""""}",https://m.media-amazon.com/images/I/51Zni1t0nYL._SL350_.jpg
Dark Secret,Christine Feehan,"{""Format:"": ""Mass Market Paperback"", ""Language:"": ""English"", ""ISBN:"": ""0515138851"", ""ISBN13:"": ""9780515138856"", ""Release Date:"": ""January 2005"", ""Publisher:"": ""Berkley Books"", ""Length:"": ""400 Pages"", ""Weight:"": ""0.45 lbs."", ""Dimensions:"": ""1.1\"" x 4.2\"" x 6.6\"""", ""Age Range:"": ""18 years and up"", ""Grade Range:"": ""Postsecondary and higher""}",https://i.thriftbooks.com/api/imagehandler/m/8E0391B3B02CC9640BF8CE21D9D9992D33C80B08.jpeg
"Dark Celebration: A Carpathian Reunion (The Carpathians (Dark) Series, Book 14)",Christine Feehan,"{""Format:"": ""Mass Market Paperback"", ""Language:"": ""English"", ""ISBN:"": ""0515143545"", ""Release Date:"": ""September 2007"", ""Publisher:"": ""Berkley"", ""Length:"": ""416 Pages"", ""Weight:"": ""0.50 lbs."", ""Dimensions:"": ""6.7\"" x 1.1\"" x 4.2\""""}",https://m.media-amazon.com/images/I/516rt05r3hL._SL350_.jpg
Dark Desires After Dusk,Kresley Cole,"{""Format:"": ""Mass Market Paperback"", ""Language:"": ""English"", ""ISBN:"": ""1416576754"", ""ISBN13:"": ""9781416576754"", ""Release Date:"": ""May 2008"", ""Publisher:"": ""Pocket Books"", ""Length:"": ""384 Pages"", ""Weight:"": ""0.44 lbs."", ""Dimensions:"": ""1.0\"" x 4.2\"" x 6.8\""""}",https://i.thriftbooks.com/api/imagehandler/m/5BCDB5AF390F93F8EF3F1655B48393DD49ACC559.jpeg
Kiss of a Demon King,Kresley Cole,"{""Format:"": ""Mass Market Paperback"", ""Language:"": ""English"", ""ISBN:"": ""1416580948"", ""ISBN13:"": ""9781416580942"", ""Release Date:"": ""January 2009"", ""Publisher:"": ""Pocket Books"", ""Length:"": ""432 Pages"", ""Weight:"": ""0.48 lbs."", ""Dimensions:"": ""1.1\"" x 4.3\"" x 6.8\""""}",https://i.thriftbooks.com/api/imagehandler/m/AA7548059F881190485A680642B31BFCD7863A7E.jpeg
The Guardian,Sherrilyn Kenyon,"{""Format:"": ""Mass Market Paperback"", ""Language:"": ""English"", ""ISBN:"": ""0312550057"", ""ISBN13:"": ""9780312550059"", ""Release Date:"": ""November 2011"", ""Publisher:"": ""St. Martin's Press"", ""Length:"": ""352 Pages"", ""Weight:"": ""0.40 lbs."", ""Dimensions:"": ""0.9\"" x 4.3\"" x 6.8\""""}",https://i.thriftbooks.com/api/imagehandler/m/431D05963FE95BAEB3B068C65CE02F522FCCA0C5.jpeg
Dark Dreamers,Marjorie M. Liu,"{""Format:"": ""Mass Market Paperback"", ""Language:"": ""English"", ""ISBN:"": ""0843956879"", ""ISBN13:"": ""9780843956870"", ""Release Date:"": ""January 2006"", ""Publisher:"": ""Leisure Books"", ""Length:"": ""342 Pages"", ""Weight:"": ""0.40 lbs."", ""Dimensions:"": ""0.9\"" x 4.2\"" x 6.9\""""}",https://i.thriftbooks.com/api/imagehandler/m/DC73CCACE5A1C1794D75842E51C6A71F436AD51C.jpeg
On the Night of the Seventh Moon,Victoria Holt,"{""Format:"": ""Hardcover"", ""Language:"": ""English"", ""ISBN:"": ""0385085796"", ""ISBN13:"": ""9780385085793"", ""Release Date:"": ""November 1972"", ""Publisher:"": ""Doubleday Books"", ""Length:"": ""360 Pages"", ""Weight:"": ""0.71 lbs.""}",https://m.media-amazon.com/images/I/51RwS8ldlTL._SL350_.jpg
"After Dark (Ghost Hunters, Book 1)",Jayne Castle,"{""Format:"": ""Mass Market Paperback"", ""Language:"": ""English"", ""ISBN:"": ""051512902X"", ""Release Date:"": ""September 2000"", ""Publisher:"": ""Berkley"", ""Length:"": ""352 Pages"", ""Weight:"": ""0.35 lbs."", ""Dimensions:"": ""6.7\"" x 1.0\"" x 4.2\""""}",https://m.media-amazon.com/images/I/518OQutQf2L._SL350_.jpg
Arrow's Flight,Mercedes Lackey,"{""Format:"": ""Mass Market Paperback"", ""Language:"": ""English"", ""ISBN:"": ""0886773776"", ""ISBN13:"": ""9780886773779"", ""Release Date:"": ""September 1987"", ""Publisher:"": ""Daw Books"", ""Length:"": ""320 Pages"", ""Weight:"": ""0.40 lbs."", ""Dimensions:"": ""0.9\"" x 4.2\"" x 6.7\"""", ""Age Range:"": ""18 years and up"", ""Grade Range:"": ""Postsecondary and higher""}",https://i.thriftbooks.com/api/imagehandler/m/66D69865F219BE51F7EAFE635545429BAE4639DD.jpeg
The Black Opal,Victoria Holt,"{""Format:"": ""Hardcover"", ""Language:"": ""English"", ""ISBN:"": ""038547024X"", ""ISBN13:"": ""9780385470247"", ""Release Date:"": ""August 1993"", ""Publisher:"": ""Doubleday Books"", ""Length:"": ""275 Pages"", ""Weight:"": ""0.85 lbs."", ""Dimensions:"": ""1.0\"" x 6.5\"" x 9.5\""""}",https://i.thriftbooks.com/api/imagehandler/m/27D26C18D08FA9A45599F3E118322AAF5F7D994B.jpeg
Through a Glass Darkly,Karleen Koen,"{""Format:"": ""Paperback"", ""Language:"": ""English"", ""ISBN:"": ""1402200447"", ""ISBN13:"": ""9781402200441"", ""Release Date:"": ""May 2003"", ""Publisher:"": ""Sourcebooks Landmark"", ""Length:"": ""768 Pages"", ""Weight:"": ""1.85 lbs."", ""Dimensions:"": ""1.3\"" x 6.0\"" x 9.2\""""}",https://i.thriftbooks.com/api/imagehandler/m/B22948371D2AD4AE4FE8B336AC20927379908121.jpeg
"Unhallowed Ground (Harrison Investigation, 6)",Heather Graham,"{""Format:"": ""Mass Market Paperback"", ""Language:"": ""English"", ""ISBN:"": ""0778326764"", ""Release Date:"": ""September 2009"", ""Publisher:"": ""MIRA"", ""Length:"": ""368 Pages"", ""Weight:"": ""0.05 lbs."", ""Dimensions:"": ""6.6\"" x 0.8\"" x 4.2\""""}",https://m.media-amazon.com/images/I/51LqTFsn1IL._SL350_.jpg
The Curse of the Kings,Victoria Holt,"{""Format:"": ""Hardcover"", ""Language:"": ""English"", ""ISBN:"": ""0385011539"", ""ISBN13:"": ""9780385011532"", ""Release Date:"": ""January 1973"", ""Publisher:"": ""Doubleday Books"", ""Length:"": ""330 Pages"", ""Weight:"": ""1.04 lbs.""}",https://m.media-amazon.com/images/I/51fio01FMfL._SL350_.jpg
Dragonwyck,Anya Seton,"{""Format:"": ""Hardcover"", ""Language:"": ""English"", ""ISBN:"": ""B00J360Q1U"", ""Release Date:"": ""January 1946"", ""Publisher:"": ""HOUGHTON MUFFIN COMPANY"", ""Weight:"": ""0.88 lbs.""}",https://m.media-amazon.com/images/I/51P+z9I0xkL._SL350_.jpg
Lair of the Lion,Christine Feehan,"{""Format:"": ""Mass Market Paperback"", ""Language:"": ""English"", ""ISBN:"": ""0062021354"", ""Release Date:"": ""January 2012"", ""Publisher:"": ""Avon"", ""Length:"": ""432 Pages"", ""Weight:"": ""0.47 lbs."", ""Dimensions:"": ""6.8\"" x 1.1\"" x 4.2\""""}",https://m.media-amazon.com/images/I/51LvcGeFlqL._SL350_.jpg
Bride of Pendorric,Victoria Holt,"{""Format:"": ""Mass Market Paperback"", ""Language:"": ""English"", ""ISBN:"": ""0449215075"", ""ISBN13:"": ""9780449215074"", ""Release Date:"": ""August 1987"", ""Publisher:"": ""Ivy Books"", ""Length:"": ""272 Pages"", ""Weight:"": ""0.30 lbs."", ""Dimensions:"": ""0.8\"" x 4.2\"" x 6.9\""""}",https://i.thriftbooks.com/api/imagehandler/m/F05B826B31902E04EC630430AC924B5571B25545.jpeg
Thale's Folly,Dorothy Gilman,"{""Format:"": ""Hardcover"", ""Language:"": ""English"", ""ISBN:"": ""0345432967"", ""ISBN13:"": ""9780345432964"", ""Release Date:"": ""March 1999"", ""Publisher:"": ""Ballantine Books"", ""Length:"": ""199 Pages"", ""Weight:"": ""0.90 lbs."", ""Dimensions:"": ""0.9\"" x 5.8\"" x 8.6\""""}",https://i.thriftbooks.com/api/imagehandler/m/569E3550E3AB44EF3D0157B6BC62A177C30AA4F9.jpeg
Kiss of Midnight: A Midnight Breed Novel,Lara Adrian,"{""Format:"": ""Mass Market Paperback"", ""Language:"": ""English"", ""ISBN:"": ""0553589377"", ""ISBN13:"": ""9780553589375"", ""Release Date:"": ""May 2007"", ""Publisher:"": ""Dell"", ""Length:"": ""432 Pages"", ""Weight:"": ""0.55 lbs."", ""Dimensions:"": ""1.2\"" x 4.2\"" x 6.9\""""}",https://i.thriftbooks.com/api/imagehandler/m/9C8FD6469617F25EE5857C9EAABE5A82B9DEEFCC.jpeg
Lord of Far Island,Victoria Holt,"{""Format:"": ""Mass Market Paperback"", ""Language:"": ""English"", ""ISBN:"": ""0449228746"", ""ISBN13:"": ""9780449228746"", ""Release Date:"": ""March 1982"", ""Publisher:"": ""Fawcett Books"", ""Length:"": ""320 Pages"", ""Weight:"": ""0.40 lbs.""}",https://m.media-amazon.com/images/I/51NAPS6711L._SL350_.jpg
The Scarletti Curse,Christine Feehan,"{""Format:"": ""Mass Market Paperback"", ""Language:"": ""English"", ""ISBN:"": ""050552421X"", ""ISBN13:"": ""9780505524218"", ""Release Date:"": ""January 2001"", ""Publisher:"": ""Love Spell"", ""Length:"": ""390 Pages"", ""Weight:"": ""0.45 lbs."", ""Dimensions:"": ""1.1\"" x 4.2\"" x 6.8\""""}",https://i.thriftbooks.com/api/imagehandler/m/7BEC98029C0949F8FF89E5BE2C8EFC923D61826B.jpeg
The Stormy Petrel,Mary Stewart,"{""Format:"": ""Mass Market Paperback"", ""Language:"": ""English"", ""ISBN:"": ""0449220850"", ""ISBN13:"": ""9780449220856"", ""Release Date:"": ""June 1994"", ""Publisher:"": ""Fawcett Books"", ""Length:"": ""272 Pages"", ""Weight:"": ""0.35 lbs."", ""Dimensions:"": ""0.8\"" x 4.2\"" x 6.9\""""}",https://i.thriftbooks.com/api/imagehandler/m/C2E71370B760D167C877B31A172F90BC335A3F08.jpeg
"Ammie, Come Home",Barbara Michaels,"{""Format:"": ""Mass Market Paperback"", ""Language:"": ""English"", ""ISBN:"": ""0425099490"", ""ISBN13:"": ""9780425099490"", ""Release Date:"": ""May 1987"", ""Publisher:"": ""Berkley Books"", ""Length:"": ""352 Pages"", ""Weight:"": ""0.32 lbs."", ""Dimensions:"": ""0.7\"" x 4.2\"" x 6.8\""""}",https://i.thriftbooks.com/api/imagehandler/m/935F8B835CA62B7D7FE013DAEB91E3B86CBC4075.jpeg
Amethyst Dreams,Phyllis A. Whitney,"{""Format:"": ""Mass Market Paperback"", ""Language:"": ""English"", ""ISBN:"": ""0449226182"", ""ISBN13:"": ""9780449226186"", ""Release Date:"": ""May 1998"", ""Publisher:"": ""Ivy Books"", ""Length:"": ""304 Pages"", ""Weight:"": ""0.45 lbs."", ""Dimensions:"": ""0.8\"" x 4.2\"" x 6.8\""""}",https://i.thriftbooks.com/api/imagehandler/m/2386A5EFCCD9CC783CF934F3ED10B00D5D7C1D05.jpeg
The Countess,Catherine Coulter,"{""Format:"": ""Mass Market Paperback"", ""Language:"": ""English"", ""ISBN:"": ""0451198506"", ""ISBN13:"": ""9780451198501"", ""Release Date:"": ""October 1999"", ""Publisher:"": ""Berkley Books"", ""Length:"": ""400 Pages"", ""Weight:"": ""0.35 lbs."", ""Dimensions:"": ""1.2\"" x 4.2\"" x 6.8\"""", ""Age Range:"": ""18 years and up"", ""Grade Range:"": ""Postsecondary and higher""}",https://i.thriftbooks.com/api/imagehandler/m/B151ACC80797A2F30AC759765713D18C53E0DAB9.jpeg
House of Many Shadows,Barbara Michaels,"{""Format:"": ""Mass Market Paperback"", ""Language:"": ""English"", ""ISBN:"": ""0425151891"", ""ISBN13:"": ""9780425151891"", ""Release Date:"": ""February 1996"", ""Publisher:"": ""Berkley Books"", ""Length:"": ""293 Pages"", ""Weight:"": ""0.36 lbs."", ""Dimensions:"": ""0.9\"" x 4.3\"" x 6.8\""""}",https://i.thriftbooks.com/api/imagehandler/m/D2566660B01BE49B6E74ABE0FD087B7E8FF12D4D.jpeg
Hemlock Grove,Brian McGreevy,"{""Format:"": ""Paperback"", ""Language:"": ""English"", ""ISBN:"": ""0374534462"", ""ISBN13:"": ""9780374534462"", ""Release Date:"": ""April 2013"", ""Publisher:"": ""Fsg Originals"", ""Length:"": ""336 Pages"", ""Weight:"": ""0.58 lbs."", ""Dimensions:"": ""0.9\"" x 5.0\"" x 7.4\""""}",https://i.thriftbooks.com/api/imagehandler/m/ADDB4400E3E39A61CE646DA2EDFC1BE3EB202B51.jpeg
Desire,Amanda Quick,"{""Format:"": ""Mass Market Paperback"", ""Language:"": ""English"", ""ISBN:"": ""0553561537"", ""ISBN13:"": ""9780553561531"", ""Release Date:"": ""January 1994"", ""Publisher:"": ""Bantam"", ""Length:"": ""400 Pages"", ""Weight:"": ""0.46 lbs."", ""Dimensions:"": ""1.1\"" x 4.2\"" x 6.7\""""}",https://i.thriftbooks.com/api/imagehandler/m/797448340F921ED1273F5A21CB7916DA84AE199C.jpeg
Kiss of Crimson,Lara Adrian,"{""Format:"": ""Mass Market Paperback"", ""Language:"": ""English"", ""ISBN:"": ""0553589385"", ""ISBN13:"": ""9780553589382"", ""Release Date:"": ""May 2007"", ""Publisher:"": ""Dell"", ""Length:"": ""416 Pages"", ""Weight:"": ""0.50 lbs."", ""Dimensions:"": ""1.1\"" x 4.2\"" x 6.8\""""}",https://i.thriftbooks.com/api/imagehandler/m/3EEDB4D26A03F94073FDFA1DE59D2C50A21F54C3.jpeg
Midnight Awakening,Lara Adrian,"{""Format:"": ""Mass Market Paperback"", ""Language:"": ""English"", ""ISBN:"": ""0553589393"", ""ISBN13:"": ""9780553589399"", ""Release Date:"": ""November 2007"", ""Publisher:"": ""Dell"", ""Length:"": ""400 Pages"", ""Weight:"": ""0.45 lbs."", ""Dimensions:"": ""1.1\"" x 4.1\"" x 6.9\""""}",https://i.thriftbooks.com/api/imagehandler/m/40102EB9485979453BAC3280BA3428B930D31BAD.jpeg
Witch,Barbara Michaels,"{""Format:"": ""Mass Market Paperback"", ""Language:"": ""English"", ""ISBN:"": ""0425118312"", ""ISBN13:"": ""9780425118313"", ""Release Date:"": ""November 1989"", ""Publisher:"": ""Berkley Books"", ""Length:"": ""234 Pages"", ""Weight:"": ""0.52 lbs."", ""Dimensions:"": ""0.7\"" x 4.2\"" x 6.7\""""}",https://i.thriftbooks.com/api/imagehandler/m/01A78964F49B06964745BB582122B6B071E57D88.jpeg
The Mask of the Enchantress,Victoria Holt,"{""Format:"": ""Hardcover"", ""Language:"": ""English"", ""ISBN:"": ""0385170246"", ""ISBN13:"": ""9780385170246"", ""Release Date:"": ""January 1980"", ""Publisher:"": ""Doubleday Books"", ""Length:"": ""327 Pages"", ""Weight:"": ""0.94 lbs.""}",https://m.media-amazon.com/images/I/61i3Vz1FepS._SL350_.jpg
The Forbidden (Vampire Huntress Legends),L.A. Banks,"{""Format:"": ""Mass Market Paperback"", ""Language:"": ""English"", ""ISBN:"": ""0312940025"", ""Release Date:"": ""June 2006"", ""Publisher:"": ""St. Martin's Paperbacks"", ""Length:"": ""512 Pages"", ""Weight:"": ""0.55 lbs."", ""Dimensions:"": ""6.7\"" x 1.1\"" x 4.2\""""}",https://m.media-amazon.com/images/I/51QduvZaKaL._SL350_.jpg
