Book Name,Authors,Info,Image URL
"The History of Sexuality, Vol. 1: An Introduction",Michel Foucault,"{""Format:"": ""Paperback"", ""Language:"": ""English"", ""ISBN:"": ""0679724699"", ""Release Date:"": ""April 1990"", ""Publisher:"": ""Vintage"", ""Length:"": ""168 Pages"", ""Weight:"": ""0.66 lbs."", ""Dimensions:"": ""8.0\"" x 0.5\"" x 5.2\""""}",https://m.media-amazon.com/images/I/31+1zulHC4L._SL350_.jpg
"Christianity, Social Tolerance, and Homosexuality: Gay People in Western Europe from the Beginning of the Christian Era to the Fourteenth Century",John Boswell,"{""Format:"": ""Paperback"", ""Language:"": ""English"", ""ISBN:"": ""0226067114"", ""ISBN13:"": ""9780226067117"", ""Release Date:"": ""January 1981"", ""Publisher:"": ""University of Chicago Press"", ""Length:"": ""424 Pages"", ""Weight:"": ""1.55 lbs."", ""Dimensions:"": ""1.5\"" x 6.0\"" x 9.0\""""}",https://i.thriftbooks.com/api/imagehandler/m/3BD75903517F17B24295BA434D2E7411755815E8.jpeg
"And the Band Played on: Politics, People, and the AIDS Epidemic",Randy Shilts,"{""Format:"": ""Hardcover"", ""Language:"": ""English"", ""ISBN:"": ""0312009941"", ""ISBN13:"": ""9780312009946"", ""Release Date:"": ""January 1987"", ""Publisher:"": ""St. Martin's Press"", ""Length:"": ""630 Pages"", ""Weight:"": ""2.43 lbs."", ""Dimensions:"": ""1.6\"" x 6.1\"" x 9.1\""""}",https://m.media-amazon.com/images/I/417NCiSA8iL._SL350_.jpg
Odd Girls and Twilight Lovers: A History of Lesbian Life in Twentieth-Century America,Lillian Faderman,"{""Format:"": ""Paperback"", ""Language:"": ""English"", ""ISBN:"": ""0231074891"", ""ISBN13:"": ""9780231074896"", ""Release Date:"": ""February 2012"", ""Publisher:"": ""Columbia University Press"", ""Length:"": ""373 Pages"", ""Weight:"": ""1.30 lbs."", ""Dimensions:"": ""0.7\"" x 5.9\"" x 8.9\"""", ""Age Range:"": ""18 years and up"", ""Grade Range:"": ""Postsecondary and higher""}",https://i.thriftbooks.com/api/imagehandler/m/41D7207A0F64703133A67B0597E177A450CA5173.jpeg
Intimate Matters: A History of Sexuality in America,John D'Emilio,"{""Format:"": ""Hardcover"", ""Language:"": ""English"", ""ISBN:"": ""0060158557"", ""ISBN13:"": ""9780060158552"", ""Release Date:"": ""January 1988"", ""Publisher:"": ""HarperCollins Publishers"", ""Length:"": ""428 Pages"", ""Weight:"": ""1.95 lbs."", ""Dimensions:"": ""1.8\"" x 6.2\"" x 9.1\""""}",https://m.media-amazon.com/images/I/41Xs3cL-cyL._SL350_.jpg
Stonewall,Martin Duberman,"{""Format:"": ""Paperback"", ""Language:"": ""English"", ""ISBN:"": ""0452272068"", ""ISBN13:"": ""9780452272064"", ""Release Date:"": ""May 1994"", ""Publisher:"": ""Plume Books"", ""Length:"": ""368 Pages"", ""Weight:"": ""0.98 lbs."", ""Dimensions:"": ""0.9\"" x 6.0\"" x 9.0\"""", ""Age Range:"": ""18 years and up"", ""Grade Range:"": ""Postsecondary and higher""}",https://i.thriftbooks.com/api/imagehandler/m/4FF807EC011C985E947D9EC87CAF3BA94D38FF8A.jpeg
Transgender History: The Roots of Today's Revolution,Susan Stryker,"{""Format:"": ""Paperback"", ""Language:"": ""English"", ""ISBN:"": ""158005689X"", ""ISBN13:"": ""9781580056892"", ""Release Date:"": ""November 2017"", ""Publisher:"": ""Seal Press (CA)"", ""Length:"": ""320 Pages"", ""Weight:"": ""0.65 lbs."", ""Dimensions:"": ""1.0\"" x 5.5\"" x 8.2\""""}",https://i.thriftbooks.com/api/imagehandler/m/6B5B408436D2D80892BD7F28DA85E66AC9A4671C.jpeg
Sexual Personae: Art and Decadence from Nefertiti to Emily Dickinson,Camille Paglia,"{""Format:"": ""Paperback"", ""Language:"": ""English"", ""ISBN:"": ""0679735798"", ""Release Date:"": ""August 1991"", ""Publisher:"": ""Vintage"", ""Length:"": ""718 Pages"", ""Weight:"": ""1.50 lbs."", ""Dimensions:"": ""8.0\"" x 1.5\"" x 5.1\""""}",https://m.media-amazon.com/images/I/511k4T+KZ0L._SL350_.jpg
"Anatomy of Love: A Natural History of Mating, Marriage, and Why We Stray",Helen Fisher,"{""Format:"": ""Paperback"", ""Language:"": ""English"", ""ISBN:"": ""0449908976"", ""ISBN13:"": ""9780449908976"", ""Release Date:"": ""January 1994"", ""Publisher:"": ""Ballantine Books"", ""Length:"": ""432 Pages"", ""Weight:"": ""0.80 lbs."", ""Dimensions:"": ""0.9\"" x 5.4\"" x 8.4\""""}",https://i.thriftbooks.com/api/imagehandler/m/9512954E443BB3232EB855B8A0A833070ED87401.jpeg
Women and Gender in Islam: Historical Roots of a Modern Debate,Leila Ahmed,"{""Format:"": ""Paperback"", ""Language:"": ""English"", ""ISBN:"": ""0300055838"", ""ISBN13:"": ""9780300055832"", ""Release Date:"": ""July 1993"", ""Publisher:"": ""Yale University Press"", ""Length:"": ""304 Pages"", ""Weight:"": ""1.05 lbs."", ""Dimensions:"": ""0.8\"" x 6.0\"" x 9.2\""""}",https://i.thriftbooks.com/api/imagehandler/m/2D0F664778ED261EB383F2105FAB5C5CAB4AF15A.jpeg
Ain't I a Woman: Black Women and Feminism,bell hooks,"{""Format:"": ""Paperback"", ""Language:"": ""English"", ""ISBN:"": ""089608129X"", ""Release Date:"": ""July 1999"", ""Publisher:"": ""South End Press"", ""Length:"": ""205 Pages"", ""Weight:"": ""0.60 lbs."", ""Dimensions:"": ""8.5\"" x 0.6\"" x 5.5\""""}",https://m.media-amazon.com/images/I/41gJpqU0d1L._SL350_.jpg
The Creation of Patriarchy,Gerda Lerner,"{""Format:"": ""Paperback"", ""Language:"": ""English"", ""ISBN:"": ""0195051858"", ""ISBN13:"": ""9780195051858"", ""Release Date:"": ""October 1987"", ""Publisher:"": ""Oxford University Press, USA"", ""Length:"": ""368 Pages"", ""Weight:"": ""0.70 lbs."", ""Dimensions:"": ""0.9\"" x 5.5\"" x 8.4\""""}",https://i.thriftbooks.com/api/imagehandler/m/0E5381F4AFF0373968865C03AAE319F20D9213F8.jpeg
Gay New York,George Chauncey,"{""Format:"": ""Hardcover"", ""Language:"": ""English"", ""ISBN:"": ""0465026338"", ""ISBN13:"": ""9780465026333"", ""Release Date:"": ""May 1994"", ""Publisher:"": ""Basic Books"", ""Length:"": ""496 Pages"", ""Weight:"": ""1.75 lbs.""}",https://m.media-amazon.com/images/I/41Nm7nhX25L._SL350_.jpg
Founding Mothers: The Women Who Raised Our Nation,Cokie Roberts,"{""Format:"": ""Hardcover"", ""Language:"": ""English"", ""ISBN:"": ""0060090251"", ""ISBN13:"": ""9780060090258"", ""Release Date:"": ""April 2004"", ""Publisher:"": ""Harper"", ""Length:"": ""384 Pages"", ""Weight:"": ""0.11 lbs."", ""Dimensions:"": ""1.2\"" x 6.6\"" x 9.0\"""", ""Age Range:"": ""6 to 10 years"", ""Grade Range:"": ""Grades 1 to 5""}",https://i.thriftbooks.com/api/imagehandler/m/6C659513F87F78286BDE143E4EFE3EB32C512F5A.jpeg
The Mayor of Castro Street: The Life & Times of Harvey Milk,Randy Shilts,"{""Format:"": ""Paperback"", ""Language:"": ""English"", ""ISBN:"": ""0312560850"", ""ISBN13:"": ""9780312560850"", ""Release Date:"": ""October 2008"", ""Publisher:"": ""St. Martin's Griffin"", ""Length:"": ""418 Pages"", ""Weight:"": ""0.05 lbs."", ""Dimensions:"": ""1.2\"" x 5.5\"" x 8.1\""""}",https://i.thriftbooks.com/api/imagehandler/m/5BDDDF642C6DD56C229C699B2DB366673B92C1AE.jpeg
"Women's Work: The First 20,000 Years: Women, Cloth, and Society in Early Times",Elizabeth Wayland Barber,"{""Format:"": ""Hardcover"", ""Language:"": ""English"", ""ISBN:"": ""0393035069"", ""ISBN13:"": ""9780393035063"", ""Release Date:"": ""April 1994"", ""Publisher:"": ""W. W. Norton & Company"", ""Length:"": ""334 Pages"", ""Weight:"": ""1.55 lbs."", ""Dimensions:"": ""1.3\"" x 6.5\"" x 9.6\""""}",https://m.media-amazon.com/images/I/51KFLNbYdwL._SL350_.jpg
Mothers of Invention: Women of the Slaveholding South in the American Civil War,Drew Gilpin Faust,"{""Format:"": ""Paperback"", ""Language:"": ""English"", ""ISBN:"": ""0679781048"", ""ISBN13:"": ""9780679781042"", ""Release Date:"": ""September 1997"", ""Publisher:"": ""Vintage Books USA"", ""Length:"": ""326 Pages"", ""Weight:"": ""0.75 lbs."", ""Dimensions:"": ""0.8\"" x 5.2\"" x 8.0\""""}",https://i.thriftbooks.com/api/imagehandler/m/A44999FFF55DF1E505F3FD411C52E5D8520ABB11.jpeg
Sexual Politics,Kate Millett,"{""Format:"": ""Paperback"", ""Language:"": ""English"", ""ISBN:"": ""B000NB9XK4"", ""Release Date:"": ""January 1971"", ""Publisher:"": ""Avon"", ""Length:"": ""393 Pages"", ""Weight:"": ""0.98 lbs.""}",https://m.media-amazon.com/images/I/4154t9G28HL._SL350_.jpg
A Queer History of the United States,Michael Bronski,"{""Format:"": ""Paperback"", ""Language:"": ""English"", ""ISBN:"": ""0807044652"", ""ISBN13:"": ""9780807044650"", ""Release Date:"": ""May 2012"", ""Publisher:"": ""Beacon Press"", ""Length:"": ""312 Pages"", ""Weight:"": ""1.05 lbs."", ""Dimensions:"": ""0.8\"" x 6.0\"" x 8.9\""""}",https://i.thriftbooks.com/api/imagehandler/m/D81CE997A1D30F51EB9998676F6C867768EC7DDB.jpeg
"Wayward Lives, Beautiful Experiments: Intimate Histories of Riotous Black Girls, Troublesome Women, and Queer Radicals",Saidiya Hartman,"{""Format:"": ""Paperback"", ""Language:"": ""English"", ""ISBN:"": ""0393357627"", ""ISBN13:"": ""9780393357622"", ""Release Date:"": ""January 2020"", ""Publisher:"": ""W. W. Norton & Company"", ""Length:"": ""464 Pages"", ""Weight:"": ""1.00 lbs."", ""Dimensions:"": ""1.2\"" x 5.4\"" x 8.2\""""}",https://i.thriftbooks.com/api/imagehandler/m/798300D5C3241BAB22701636701EA51A84F70A7C.jpeg
"Anatomy of Love: The Natural History of Monogamy, Adultery, and Divorce",Helen Fisher,"{""Format:"": ""Hardcover"", ""Language:"": ""English"", ""ISBN:"": ""0393034232"", ""ISBN13:"": ""9780393034233"", ""Release Date:"": ""January 1992"", ""Publisher:"": ""W. W. Norton & Company"", ""Length:"": ""431 Pages"", ""Weight:"": ""1.14 lbs."", ""Dimensions:"": ""1.4\"" x 6.5\"" x 9.5\""""}",https://m.media-amazon.com/images/I/51WLIHNG-GL._SL350_.jpg
When Everything Changed: The Amazing Journey of American Women from 1960 to the Present,Gail Collins,"{""Format:"": ""Paperback"", ""Language:"": ""English"", ""ISBN:"": ""0316014044"", ""ISBN13:"": ""9780316014045"", ""Release Date:"": ""October 2010"", ""Publisher:"": ""Back Bay Books"", ""Length:"": ""512 Pages"", ""Weight:"": ""1.04 lbs."", ""Dimensions:"": ""1.3\"" x 5.5\"" x 8.2\""""}",https://i.thriftbooks.com/api/imagehandler/m/63ADD6176C1DCDDF5DE226C4592AEF2FAEBCB8F5.jpeg
Born for Liberty,Sara M. Evans,"{""Format:"": ""Paperback"", ""Language:"": ""English"", ""ISBN:"": ""0684834987"", ""Release Date:"": ""August 1997"", ""Publisher:"": ""Free Press"", ""Length:"": ""448 Pages"", ""Weight:"": ""0.97 lbs."", ""Dimensions:"": ""8.4\"" x 1.1\"" x 5.5\""""}",https://m.media-amazon.com/images/I/41LBx2OlzFL._SL350_.jpg
Veiled Sentiments: Honor and Poetry in a Bedouin Society,Lila Abu-Lughod,"{""Format:"": ""Paperback"", ""Language:"": ""English"", ""ISBN:"": ""0520063279"", ""ISBN13:"": ""9780520063273"", ""Release Date:"": ""February 1988"", ""Publisher:"": ""University of California Press"", ""Length:"": ""317 Pages"", ""Weight:"": ""1.05 lbs."", ""Dimensions:"": ""0.8\"" x 6.0\"" x 8.9\""""}",https://i.thriftbooks.com/api/imagehandler/m/85261CB2E001B5A7F4BCA41FD70100209855682C.jpeg
Who Stole Feminism?: How Women Have Betrayed Women,Christina Hoff Sommers,"{""Format:"": ""Paperback"", ""Language:"": ""English"", ""ISBN:"": ""0684801566"", ""ISBN13:"": ""9780684801568"", ""Release Date:"": ""May 1995"", ""Publisher:"": ""Simon & Schuster"", ""Length:"": ""320 Pages"", ""Weight:"": ""0.70 lbs."", ""Dimensions:"": ""0.8\"" x 5.5\"" x 8.4\""""}",https://i.thriftbooks.com/api/imagehandler/m/9506EC869E53FEF005A9B93E2284D17973C552E9.jpeg
"The Meaning of Matthew: My Son's Murder in Laramie, and a World Transformed",Judy Shepard,"{""Format:"": ""Hardcover"", ""Language:"": ""English"", ""ISBN:"": ""1594630577"", ""ISBN13:"": ""9781594630576"", ""Release Date:"": ""September 2009"", ""Publisher:"": ""Hudson Street Press"", ""Length:"": ""273 Pages"", ""Weight:"": ""1.20 lbs."", ""Dimensions:"": ""1.1\"" x 6.4\"" x 9.0\"""", ""Age Range:"": ""18 years and up"", ""Grade Range:"": ""Postsecondary and higher""}",https://i.thriftbooks.com/api/imagehandler/m/BD6DDC6A6CCDED6C125232B36AF47CC5985A741A.jpeg
Geisha,Liza Dalby,"{""Format:"": ""Paperback"", ""Language:"": ""English"", ""ISBN:"": ""0520204956"", ""ISBN13:"": ""9780520204959"", ""Release Date:"": ""October 1998"", ""Publisher:"": ""University of California Press"", ""Length:"": ""347 Pages"", ""Weight:"": ""1.70 lbs."", ""Dimensions:"": ""1.0\"" x 8.2\"" x 8.4\""""}",https://i.thriftbooks.com/api/imagehandler/m/26DFA0EF5505CB43F56B3FFC6005E7D53C69D079.jpeg
The Other Side of Paradise: A Memoir,Staceyann Chin,"{""Format:"": ""Hardcover"", ""Language:"": ""English"", ""ISBN:"": ""0743292901"", ""ISBN13:"": ""9780743292900"", ""Release Date:"": ""April 2009"", ""Publisher:"": ""Scribner Book Company"", ""Length:"": ""278 Pages"", ""Weight:"": ""1.05 lbs."", ""Dimensions:"": ""1.2\"" x 6.1\"" x 9.1\""""}",https://i.thriftbooks.com/api/imagehandler/m/BB8BEBEE64BE136F010FF5023C03D01619D6FE66.jpeg
Life of the Party: The Biography of Pamela Digby Churchill Hayward Harriman,Christopher Ogden,"{""Format:"": ""Hardcover"", ""Language:"": ""English"", ""ISBN:"": ""0316633763"", ""ISBN13:"": ""9780316633765"", ""Release Date:"": ""May 1994"", ""Publisher:"": ""Little Brown and Company"", ""Length:"": ""512 Pages"", ""Weight:"": ""2.00 lbs."", ""Dimensions:"": ""1.5\"" x 5.1\"" x 10.1\""""}",https://i.thriftbooks.com/api/imagehandler/m/DDB53C451CA2D40A4B211E82849FC4E0BF57C57B.jpeg
Writing a Woman's Life,Carolyn G. Heilbrun,"{""Format:"": ""Hardcover"", ""Language:"": ""English"", ""ISBN:"": ""0393026019"", ""ISBN13:"": ""9780393026016"", ""Release Date:"": ""January 1988"", ""Publisher:"": ""W. W. Norton & Company"", ""Length:"": ""144 Pages"", ""Weight:"": ""2.30 lbs.""}",https://m.media-amazon.com/images/I/51MIlLHN8pL._SL350_.jpg
Gypsy Boy,Mikey Walsh,"{""Format:"": ""Paperback"", ""Language:"": ""English"", ""ISBN:"": ""1250022029"", ""ISBN13:"": ""9781250022028"", ""Release Date:"": ""January 2013"", ""Publisher:"": ""St. Martins Press-3PL"", ""Length:"": ""288 Pages"", ""Weight:"": ""0.60 lbs."", ""Dimensions:"": ""0.7\"" x 5.5\"" x 8.3\""""}",https://i.thriftbooks.com/api/imagehandler/m/9B76C31F54991505BF0D540B36DBC422E28100FD.jpeg
Women's America: Refocusing the Past,Karissa Haugeberg,"{""Format:"": ""Paperback"", ""Language:"": ""English"", ""ISBN:"": ""0199349347"", ""ISBN13:"": ""9780199349340"", ""Release Date:"": ""February 2015"", ""Publisher:"": ""Oxford University Press, USA"", ""Length:"": ""848 Pages"", ""Weight:"": ""2.95 lbs."", ""Dimensions:"": ""1.3\"" x 7.0\"" x 9.9\""""}",https://i.thriftbooks.com/api/imagehandler/m/A7957F16B4A5C5713B672C2A3137162C79678F35.jpeg
Forbidden Knowledge: From Prometheus to Pornography,Roger Shattuck,"{""Format:"": ""Hardcover"", ""Language:"": ""English"", ""ISBN:"": ""0312146027"", ""ISBN13:"": ""9780312146023"", ""Release Date:"": ""August 1996"", ""Publisher:"": ""St. Martin's Press"", ""Length:"": ""369 Pages"", ""Weight:"": ""1.10 lbs."", ""Dimensions:"": ""1.3\"" x 6.5\"" x 9.5\""""}",https://i.thriftbooks.com/api/imagehandler/m/7C55AADC49C3FA56FF6ABFAE24673AC385E07CD3.jpeg
Conduct Unbecoming: Lesbians and Gays in the U.S. Military: Vietnam to the Persian Gulf,Randy Shilts,"{""Format:"": ""Hardcover"", ""Language:"": ""English"", ""ISBN:"": ""031209261X"", ""ISBN13:"": ""9780312092610"", ""Release Date:"": ""January 1993"", ""Publisher:"": ""St. Martin's Press"", ""Length:"": ""784 Pages"", ""Weight:"": ""1.53 lbs."", ""Dimensions:"": ""2.0\"" x 6.4\"" x 9.5\""""}",https://i.thriftbooks.com/api/imagehandler/m/DC77ECD083A68F55DAF2229B9B06DCD78668FFE4.jpeg
"Vulgar Favors: The Hunt for Andrew Cunanan, the Man Who Killed Gianni Versace",Maureen Orth,"{""Format:"": ""Mass Market Paperback"", ""Language:"": ""English"", ""ISBN:"": ""0525482571"", ""ISBN13:"": ""9780525482574"", ""Release Date:"": ""December 2017"", ""Publisher:"": ""Bantam"", ""Length:"": ""560 Pages"", ""Weight:"": ""0.35 lbs."", ""Dimensions:"": ""1.1\"" x 4.2\"" x 7.4\""""}",https://i.thriftbooks.com/api/imagehandler/m/5041A26102B078C001538217A0BDB5F7EC2C3612.jpeg
The Goddess,Shahrukh Husain,"{""Format:"": ""Hardcover"", ""Language:"": ""English"", ""ISBN:"": ""0705430219"", ""ISBN13:"": ""9780705430210"", ""Release Date:"": ""January 1997"", ""Publisher:"": ""Time-Life"", ""Weight:"": ""0.10 lbs.""}",https://m.media-amazon.com/images/I/51MdGVUynsL._SL350_.jpg
Love Wins: The Lovers and Lawyers Who Fought the Landmark Case for Marriage Equality,Debbie Cenziper,"{""Format:"": ""Hardcover"", ""Language:"": ""English"", ""ISBN:"": ""0062456083"", ""ISBN13:"": ""9780062456083"", ""Release Date:"": ""June 2016"", ""Publisher:"": ""William Morrow & Company"", ""Length:"": ""304 Pages"", ""Weight:"": ""1.15 lbs."", ""Dimensions:"": ""1.0\"" x 6.3\"" x 9.0\""""}",https://i.thriftbooks.com/api/imagehandler/m/C661C3BB0EC85C55095E67CB3E83AADB86CBD44F.jpeg
