Book Name,Authors,Info,Image URL
The Dangerous Book for Boys,Conn Iggulden,"{""Format:"": ""Hardcover"", ""Language:"": ""English"", ""ISBN:"": ""0061243582"", ""ISBN13:"": ""9780061243585"", ""Release Date:"": ""May 2007"", ""Publisher:"": ""Williammr"", ""Length:"": ""270 Pages"", ""Weight:"": ""2.06 lbs."", ""Dimensions:"": ""1.1\"" x 7.7\"" x 9.8\"""", ""Age Range:"": ""8 to 12 years"", ""Grade Range:"": ""Grades 3 to 7""}",https://i.thriftbooks.com/api/imagehandler/m/6922211AF686CC0FD5AE6D225FA03E83A45E2649.jpeg
Animals in Translation: Using the Mysteries of Autism to Decode Animal Behavior,Temple Grandin,"{""Format:"": ""Paperback"", ""Language:"": ""English"", ""ISBN:"": ""0156031442"", ""ISBN13:"": ""9780156031448"", ""Release Date:"": ""January 2006"", ""Publisher:"": ""Mariner Books"", ""Length:"": ""384 Pages"", ""Weight:"": ""0.78 lbs."", ""Dimensions:"": ""1.0\"" x 5.2\"" x 7.9\"""", ""Age Range:"": ""14 years and up"", ""Grade Range:"": ""Grade 9 and higher""}",https://i.thriftbooks.com/api/imagehandler/m/C93CCF39E175EEA4114FC3F930E824C9863A4B35.jpeg
James Herriot's Dog Stories,James Herriot,"{""Format:"": ""Hardcover"", ""Language:"": ""English"", ""ISBN:"": ""0312439687"", ""ISBN13:"": ""9780312439682"", ""Release Date:"": ""April 1986"", ""Publisher:"": ""St. Martin's Press"", ""Length:"": ""426 Pages"", ""Weight:"": ""1.83 lbs."", ""Dimensions:"": ""1.4\"" x 6.5\"" x 9.6\"""", ""Age Range:"": ""13 years and up"", ""Grade Range:"": ""Grade 8 and higher""}",https://i.thriftbooks.com/api/imagehandler/m/C378D3E7C4500AF1169A93C65840586BF06DF04B.jpeg
Wreck This Journal: Now in Color,Keri Smith,"{""Format:"": ""Paperback"", ""Language:"": ""English"", ""ISBN:"": ""0143131664"", ""ISBN13:"": ""9780143131663"", ""Release Date:"": ""June 2017"", ""Publisher:"": ""Penguin Books"", ""Length:"": ""224 Pages"", ""Weight:"": ""0.40 lbs."", ""Dimensions:"": ""0.7\"" x 5.4\"" x 8.1\""""}",https://i.thriftbooks.com/api/imagehandler/m/AEDC4BAF05ED86E0204FDEBDF61E686142070262.jpeg
"Watercolor: Master the Basic of Drawing, Composition, and Value, as Well as the Specific Techniques Unique to Painting in Watercol",Duane R. Light,"{""Format:"": ""Paperback"", ""Language:"": ""English"", ""ISBN:"": ""092926102X"", ""ISBN13:"": ""9780929261027"", ""Release Date:"": ""January 1984"", ""Publisher:"": ""Walter Foster Publishing"", ""Length:"": ""64 Pages"", ""Weight:"": ""0.45 lbs."", ""Dimensions:"": ""0.3\"" x 6.5\"" x 9.5\""""}",https://i.thriftbooks.com/api/imagehandler/m/9AF074E48724AAA7EFC3C827CFA1D3981678D9CF.jpeg
Lost Ocean: An Inky Adventure and Coloring Book for Adults,Johanna Basford,"{""Format:"": ""Paperback"", ""Language:"": ""English"", ""ISBN:"": ""0143108999"", ""ISBN13:"": ""9780143108993"", ""Release Date:"": ""October 2015"", ""Publisher:"": ""Penguin Life"", ""Length:"": ""80 Pages"", ""Weight:"": ""1.70 lbs."", ""Dimensions:"": ""0.5\"" x 9.9\"" x 9.9\""""}",https://i.thriftbooks.com/api/imagehandler/m/2DC3D17A8826B7A47696F7A53E09D962B1213516.jpeg
"Quilts from ""The Quiltmaker's Gift"": 20 Traditional Patterns for a New Generation of Generous Quiltmakers",Joanne Larsen Line,"{""Format:"": ""Paperback"", ""Language:"": ""English"", ""ISBN:"": ""1570252033"", ""ISBN13:"": ""9781570252037"", ""Release Date:"": ""January 2000"", ""Publisher:"": ""University of Minnesota Press"", ""Length:"": ""144 Pages"", ""Weight:"": ""0.68 lbs."", ""Dimensions:"": ""0.5\"" x 8.6\"" x 11.0\""""}",https://i.thriftbooks.com/api/imagehandler/m/92D4080E5AF8CB766C208A760C9C4B689F4C6B35.jpeg
Perspective,William F. Powell,"{""Format:"": ""Paperback"", ""Language:"": ""English"", ""ISBN:"": ""0929261135"", ""ISBN13:"": ""9780929261133"", ""Release Date:"": ""January 1989"", ""Publisher:"": ""Walter Foster Publishing"", ""Length:"": ""64 Pages"", ""Weight:"": ""0.55 lbs."", ""Dimensions:"": ""0.2\"" x 6.6\"" x 9.5\""""}",https://i.thriftbooks.com/api/imagehandler/m/2FDAC024BFD7B124C6449087F558839040986A95.jpeg
"Making Great Gingerbread Houses: Delicious Designs from Cabins to Castles, from Lighthouses to Tree Houses",Aaron Morgan,"{""Format:"": ""Hardcover"", ""Language:"": ""English"", ""ISBN:"": ""1579901360"", ""ISBN13:"": ""9781579901363"", ""Release Date:"": ""December 1999"", ""Publisher:"": ""Lark Books (NC)"", ""Length:"": ""127 Pages"", ""Weight:"": ""1.50 lbs."", ""Dimensions:"": ""0.6\"" x 9.0\"" x 10.4\""""}",https://i.thriftbooks.com/api/imagehandler/m/3972719040D680E656C53804CE838C19AF73F0F1.jpeg
Flowers: A Guide to Familiar American Wildflowers,Alexander C. Martin,"{""Format:"": ""Paperback"", ""Language:"": ""English"", ""ISBN:"": ""0307240541"", ""ISBN13:"": ""9780307240545"", ""Release Date:"": ""January 1987"", ""Publisher:"": ""Golden Press"", ""Length:"": ""159 Pages"", ""Weight:"": ""0.30 lbs."", ""Dimensions:"": ""0.3\"" x 4.0\"" x 5.9\""""}",https://i.thriftbooks.com/api/imagehandler/m/B1F0B650380CE289D0CC487A7CE618E4462F48B8.jpeg
Picture Bride: A Novel by Yoshiko Uchida,Yoshiko Uchida,"{""Format:"": ""Paperback"", ""Language:"": ""English"", ""ISBN:"": ""0295976160"", ""ISBN13:"": ""9780295976167"", ""Release Date:"": ""May 1997"", ""Publisher:"": ""University of Washington Press"", ""Length:"": ""222 Pages"", ""Weight:"": ""0.66 lbs."", ""Dimensions:"": ""0.6\"" x 5.9\"" x 8.8\""""}",https://i.thriftbooks.com/api/imagehandler/m/4ED37A12619B476D85B31503415FE0B1C8736C26.jpeg
Koko's Story,Francine Pattertson,"{""Format:"": ""Paperback"", ""Language:"": ""English"", ""ISBN:"": ""0590413643"", ""Release Date:"": ""January 1988"", ""Publisher:"": ""Scholastic"", ""Length:"": ""40 Pages"", ""Weight:"": ""0.40 lbs."", ""Dimensions:"": ""11.0\"" x 0.3\"" x 8.3\""""}",https://m.media-amazon.com/images/I/51s0Wkl1ojL._SL350_.jpg
James Bond: The Secret World of 007,Alastair Dougall,"{""Format:"": ""Hardcover"", ""Language:"": ""English"", ""ISBN:"": ""0789466910"", ""ISBN13:"": ""9780789466914"", ""Release Date:"": ""January 2000"", ""Publisher:"": ""DK Publishing (Dorling Kindersley)"", ""Length:"": ""144 Pages"", ""Weight:"": ""2.55 lbs."", ""Dimensions:"": ""0.7\"" x 10.4\"" x 12.3\""""}",https://i.thriftbooks.com/api/imagehandler/m/0B06C9012618BD572D3A5169D27D61EFFF8E2D8B.jpeg
Mental Math Workout,Michael L. Lobosco,"{""Format:"": ""Hardcover"", ""Language:"": ""English"", ""ISBN:"": ""1895569273"", ""ISBN13:"": ""9781895569278"", ""Release Date:"": ""January 1998"", ""Publisher:"": ""Tamos Books"", ""Length:"": ""80 Pages"", ""Weight:"": ""1.15 lbs."", ""Dimensions:"": ""0.5\"" x 8.8\"" x 10.3\"""", ""Age Range:"": ""9 to 12 years"", ""Grade Range:"": ""Grades 4 to 7""}",https://i.thriftbooks.com/api/imagehandler/m/CFBA78F3A82064F2264032DE9B693BD0E92F14A5.jpeg
Black Bear,Daniel J. Cox,"{""Format:"": ""Paperback"", ""Language:"": ""English"", ""ISBN:"": ""0877016844"", ""ISBN13:"": ""9780877016847"", ""Release Date:"": ""January 1990"", ""Publisher:"": ""Chronicle Books (CA)"", ""Length:"": ""96 Pages"", ""Weight:"": ""1.20 lbs."", ""Dimensions:"": ""0.3\"" x 8.4\"" x 11.0\""""}",https://m.media-amazon.com/images/I/51Ojg4QfHQL._SL350_.jpg
Dreams and Wishes: Essays on Writing for Children,Susan Cooper,"{""Format:"": ""Hardcover"", ""Language:"": ""English"", ""ISBN:"": ""0689807368"", ""ISBN13:"": ""9780689807367"", ""Release Date:"": ""May 1996"", ""Publisher:"": ""Margaret K. McElderry Books"", ""Length:"": ""198 Pages"", ""Weight:"": ""1.10 lbs."", ""Dimensions:"": ""0.9\"" x 6.3\"" x 9.3\"""", ""Age Range:"": ""13 to 17 years"", ""Grade Range:"": ""Grades 8 to 12""}",https://i.thriftbooks.com/api/imagehandler/m/D58C185584831FA09910240E08724909D4A597BF.jpeg
1897 Sears Roebuck Catalogue (Oop),S.J. Perelman,"{""Format:"": ""Library Binding"", ""Language:"": ""English"", ""ISBN:"": ""0877540454"", ""ISBN13:"": ""9780877540458"", ""Release Date:"": ""January 1993"", ""Publisher:"": ""Chelsea House Publications"", ""Length:"": ""736 Pages"", ""Weight:"": ""4.60 lbs."", ""Dimensions:"": ""1.6\"" x 8.7\"" x 11.2\"""", ""Age Range:"": ""13 to 17 years"", ""Grade Range:"": ""Grades 8 to 12""}",https://i.thriftbooks.com/api/imagehandler/m/DC70A64996309E737E6CE453509732637C98ED19.jpeg
"Emotionally Engaged: A Bride's Guide to Surviving the ""Happiest"" Time of Her Life",Allison Moir-Smith,"{""Format:"": ""Paperback"", ""Language:"": ""English"", ""ISBN:"": ""0452288037"", ""ISBN13:"": ""9780452288034"", ""Release Date:"": ""December 2006"", ""Publisher:"": ""Plume Books"", ""Length:"": ""230 Pages"", ""Weight:"": ""0.45 lbs."", ""Dimensions:"": ""0.5\"" x 5.7\"" x 7.3\"""", ""Age Range:"": ""18 years and up"", ""Grade Range:"": ""Postsecondary and higher""}",https://i.thriftbooks.com/api/imagehandler/m/69F1C7B119D565D7751AA5C1AB38C3CACA705574.jpeg
The Encyclopedia of the Horse: The Definitive Visual Guide,Elwyn Hartley Edwards,"{""Format:"": ""Hardcover"", ""Language:"": ""English"", ""ISBN:"": ""0756660033"", ""ISBN13:"": ""9780756660031"", ""Release Date:"": ""January 2008"", ""Publisher:"": ""Covent Garden Books"", ""Weight:"": ""4.05 lbs.""}",https://m.media-amazon.com/images/I/21NmKzhKpvL._SL350_.jpg
String Figures; A Study of Cat's-Cradle in Many Lands,Caroline F. Jayne,"{""Format:"": ""Paperback"", ""Language:"": ""English"", ""ISBN:"": ""1015966160"", ""ISBN13:"": ""9781015966161"", ""Release Date:"": ""October 2022"", ""Publisher:"": ""Legare Street Press"", ""Length:"": ""464 Pages"", ""Weight:"": ""1.42 lbs."", ""Dimensions:"": ""0.9\"" x 6.1\"" x 9.2\""""}",https://i.thriftbooks.com/api/imagehandler/m/6EA5CD678CDF330681E7776B4612C25BC1E73CCC.jpeg
Mama Wears Two Aprons: Women in Farming and Farm Marketing,Margaret Coleman,"{"""": """"}",https://i.thriftbooks.com/api/imagehandler/m/5B16BCA6B44C3A9AAF160EACF0EB86BF451C84F0.jpeg
Beatrix Potter: The Artist and Her World 1866-1943,Anne Stevenson Hobbs,"{""Format:"": ""Paperback"", ""Language:"": ""English"", ""ISBN:"": ""0723235619"", ""ISBN13:"": ""9780723235613"", ""Release Date:"": ""May 1988"", ""Publisher:"": ""Frederick Warne and Company"", ""Length:"": ""224 Pages"", ""Weight:"": ""1.78 lbs."", ""Dimensions:"": ""0.7\"" x 7.7\"" x 10.2\"""", ""Age Range:"": ""14 years and up"", ""Grade Range:"": ""Grade 9 and higher""}",https://i.thriftbooks.com/api/imagehandler/m/DCD3DAA1605FE506B201FEB853D39E7D34D976B1.jpeg
"My Mother's Garden: A Collection about Love, Flowers, and Family",Jamaica Kincaid,"{""Format:"": ""Paperback"", ""Language:"": ""English"", ""ISBN:"": ""1596091479"", ""ISBN13:"": ""9781596091474"", ""Release Date:"": ""March 2005"", ""Publisher:"": ""Chamberlain Brothers"", ""Length:"": ""190 Pages"", ""Weight:"": ""0.50 lbs."", ""Dimensions:"": ""0.7\"" x 5.3\"" x 8.1\"""", ""Age Range:"": ""14 years and up"", ""Grade Range:"": ""Grade 9 and higher""}",https://i.thriftbooks.com/api/imagehandler/m/CCC5A5633488D4814456C2E7C1067DA304182F89.jpeg
Clothes and Your Appearance,Louise A. Liddell,"{""Format:"": ""Paperback"", ""Language:"": ""English"", ""ISBN:"": ""1590701356"", ""ISBN13:"": ""9781590701355"", ""Release Date:"": ""January 2004"", ""Publisher:"": ""Goodheart-Wilcox Publisher"", ""Length:"": ""600 Pages"", ""Weight:"": ""3.25 lbs."", ""Dimensions:"": ""1.1\"" x 8.3\"" x 10.3\""""}",https://i.thriftbooks.com/api/imagehandler/m/0E8AD04BC1155BD3DEE05068E1E3786F9FDB996F.jpeg
A Lion Called Christian,John Rendall,"{""Format:"": ""Paperback"", ""Language:"": ""English"", ""ISBN:"": ""0767932374"", ""ISBN13:"": ""9780767932370"", ""Release Date:"": ""March 2010"", ""Publisher:"": ""Crown Publishing Group (NY)"", ""Length:"": ""288 Pages"", ""Weight:"": ""0.45 lbs."", ""Dimensions:"": ""0.6\"" x 5.2\"" x 7.5\""""}",https://i.thriftbooks.com/api/imagehandler/m/F7FC56D78144DE64FA79B7688C7CE1630D98EE85.jpeg
Exploring the Book of Kells,George Otto Simms,"{""Format:"": ""Hardcover"", ""Language:"": ""English"", ""ISBN:"": ""0862781795"", ""ISBN13:"": ""9780862781798"", ""Release Date:"": ""March 1998"", ""Publisher:"": ""Irish American Book Company"", ""Length:"": ""72 Pages"", ""Weight:"": ""0.60 lbs."", ""Dimensions:"": ""0.5\"" x 5.8\"" x 8.8\""""}",https://i.thriftbooks.com/api/imagehandler/m/81F9ED57227B8EBF355517C8669CC0D3CCAD0D78.jpeg
The Child That Books Built: A Life in Reading,Francis Spufford,"{""Format:"": ""Hardcover"", ""Language:"": ""English"", ""ISBN:"": ""0805072152"", ""ISBN13:"": ""9780805072150"", ""Release Date:"": ""October 2002"", ""Publisher:"": ""Metropolitan Books"", ""Length:"": ""224 Pages"", ""Weight:"": ""0.20 lbs."", ""Dimensions:"": ""0.8\"" x 6.3\"" x 8.8\""""}",https://i.thriftbooks.com/api/imagehandler/m/0A270295347CC3FA40FA44BC3D10424C6874316E.jpeg
"eBay the Smart Way: Selling, Buying and Profiting on the Web's #1 Auction Site",Joseph T. Sinclair,"{""Format:"": ""Paperback"", ""Language:"": ""English"", ""ISBN:"": ""0814472044"", ""ISBN13:"": ""9780814472040"", ""Release Date:"": ""January 2003"", ""Publisher:"": ""AMACOM/American Management Association"", ""Length:"": ""526 Pages"", ""Weight:"": ""2.10 lbs."", ""Dimensions:"": ""1.6\"" x 7.0\"" x 8.9\"""", ""Age Range:"": ""17 years and up"", ""Grade Range:"": ""Grade 12 and higher""}",https://i.thriftbooks.com/api/imagehandler/m/B99BAEE4130B8BDCB38A68129643FBDC4E4AFDB5.jpeg
Batman: Hush - Vol 01,Jeph Loeb,"{""Format:"": ""Paperback"", ""Language:"": ""English"", ""ISBN:"": ""1401200605"", ""ISBN13:"": ""9781401200602"", ""Release Date:"": ""August 2004"", ""Publisher:"": ""DC Comics"", ""Length:"": ""128 Pages"", ""Weight:"": ""0.45 lbs."", ""Dimensions:"": ""0.2\"" x 6.5\"" x 10.2\""""}",https://i.thriftbooks.com/api/imagehandler/m/0B0D0F8D598D2F182E362CA2F429071A1A544434.jpeg
"The Art of the Handmade Book: Designing, Decorating, and Binding One-Of-A-Kind Books",Flora Fennimore,"{"""": """"}",https://m.media-amazon.com/images/I/51QJPDH2foL._SL350_.jpg
"Big Fish, Little Fish",Jil Eaton,"{""Format:"": ""Paperback"", ""Language:"": ""English"", ""ISBN:"": ""007139611X"", ""ISBN13:"": ""9780071396110"", ""Release Date:"": ""May 2002"", ""Publisher:"": ""McGraw-Hill"", ""Length:"": ""144 Pages"", ""Weight:"": ""1.10 lbs."", ""Dimensions:"": ""0.5\"" x 7.7\"" x 9.1\""""}",https://i.thriftbooks.com/api/imagehandler/m/51BD6B234C4F322F934CB6844AE630F86A5A3A9B.jpeg
Piece by Piece!: Mosaics of the Ancient World,Michael Avi-Yonah,"{"""": """"}",https://m.media-amazon.com/images/I/61t0UGGyHlL._SL350_.jpg
Model Cars and Trucks and How to Build Them,Harvey Weiss,"{""Format:"": ""Hardcover"", ""Language:"": ""English"", ""ISBN:"": ""0690004141"", ""ISBN13:"": ""9780690004144"", ""Release Date:"": ""January 1974"", ""Publisher:"": ""Crowell"", ""Length:"": ""74 Pages"", ""Weight:"": ""0.80 lbs."", ""Age Range:"": ""10 years and up"", ""Grade Range:"": ""Grade 5 and higher""}",https://m.media-amazon.com/images/I/61IeZHdSfoL._SL350_.jpg
Woodworking for Kids,Frank D. Torre,"{"""": """"}",https://m.media-amazon.com/images/I/419Uc4xDUzL._SL350_.jpg
Make Your Own Plush Pals,Victoria Maderna,"{"""": """"}",https://i.thriftbooks.com/api/imagehandler/m/09750581EB3073502A10C534378B4A6749590497.jpeg
"The Art and Industry of Sandcastles: Being, an Illustrated Guide to Basic Constructions Along with Divers Information Devised",Jan Adkins,"{""Format:"": ""Paperback"", ""Language:"": ""English"", ""ISBN:"": ""0802772056"", ""ISBN13:"": ""9780802772053"", ""Release Date:"": ""January 1994"", ""Publisher:"": ""Walker & Company"", ""Length:"": ""64 Pages"", ""Weight:"": ""0.45 lbs."", ""Dimensions:"": ""0.2\"" x 11.0\"" x 8.4\"""", ""Age Range:"": ""3 years and up"", ""Grade Range:"": ""Preschool and higher""}",https://i.thriftbooks.com/api/imagehandler/m/9E968899139248A88A5664FD2A93970C3A2162BB.jpeg
Great Newspaper Crafts,F. Virginia Walter,"{""Format:"": ""Hardcover"", ""Language:"": ""English"", ""ISBN:"": ""0920534759"", ""ISBN13:"": ""9780920534755"", ""Release Date:"": ""January 1991"", ""Publisher:"": ""Hyperion Press"", ""Length:"": ""80 Pages"", ""Weight:"": ""1.35 lbs."", ""Dimensions:"": ""0.5\"" x 8.5\"" x 11.2\"""", ""Age Range:"": ""4 to 8 years"", ""Grade Range:"": ""Grade 3""}",https://m.media-amazon.com/images/I/51GUmJphYxL._SL350_.jpg
The Pretty Village: An Easy-To-Assemble Antique Toy Town in Full Color,McLoughlin Brothers,"{"""": """"}",https://i.thriftbooks.com/api/imagehandler/m/8BB6A0827ADDD6527BAFA81963FE7A64F3F8495E.jpeg
Calming Colouring Nature Patterns: 80 Colouring Book Patterns,Graham Leslie McCallum,"{""Format:"": ""Paperback"", ""Language:"": ""English"", ""ISBN:"": ""1849942684"", ""ISBN13:"": ""9781849942683"", ""Release Date:"": ""March 2015"", ""Publisher:"": ""Batsford"", ""Length:"": ""96 Pages"", ""Weight:"": ""0.85 lbs."", ""Dimensions:"": ""0.5\"" x 8.8\"" x 8.7\""""}",https://i.thriftbooks.com/api/imagehandler/m/8D21F5A5E68C0A56499DD977A82DE9E198CBF892.jpeg
Cut and Color Paper Masks,Michael Grater,"{"""": """"}",https://i.thriftbooks.com/api/imagehandler/m/9E4FC081A25B9766E57D6DA290C9521C1C85DBFC.jpeg
Christmas Patchwork Projects,Linda Seward,"{""Format:"": ""Hardcover"", ""Language:"": ""English"", ""ISBN:"": ""0806963662"", ""ISBN13:"": ""9780806963662"", ""Release Date:"": ""December 1899"", ""Publisher:"": ""Sterling Publishing (NY)"", ""Length:"": ""144 Pages"", ""Weight:"": ""1.75 lbs.""}",https://image-plz.thriftbooks.com/m/F02D1E2CEC7649DAA7C20CF9540CBDEC.png
Yarn--The Things It Makes and How to Make Them,Carolyn Meyer,"{"""": """"}",https://m.media-amazon.com/images/I/51eGpPgbkgL._SL350_.jpg
Easy-To-Cut Mother Goose Silhouettes,"Leniston, Florence","{"""": """"}",https://i.thriftbooks.com/api/imagehandler/m/CC142825F8BC33C30D3C2F199174E3CE2461CD6A.jpeg
"Bats, Butterflies, and Bugs: A Book of Action Toys",St. Clair Adams Sullivan,"{"""": """"}",https://m.media-amazon.com/images/I/512mKKVszaL._SL350_.jpg
Build-A-Bear Workshop: Friends Fur Life,Robearta Read,"{"""": """"}",https://i.thriftbooks.com/api/imagehandler/m/229A095F0168852CCC898ED603BECBA80FCC3567.jpeg
Teddy Bear Studio: Create Your Own Handcrafted Heirlooms,Theodore Menten,"{""Format:"": ""Paperback"", ""Language:"": ""English"", ""ISBN:"": ""0486481166"", ""ISBN13:"": ""9780486481166"", ""Release Date:"": ""May 2011"", ""Publisher:"": ""Dover Publications"", ""Length:"": ""96 Pages"", ""Weight:"": ""1.15 lbs."", ""Dimensions:"": ""0.4\"" x 8.3\"" x 10.9\"""", ""Age Range:"": ""12 years and up"", ""Grade Range:"": ""Grade 7 and higher""}",https://i.thriftbooks.com/api/imagehandler/m/35C420F677ADE2C05D6E5DFB589121437ED2FE3A.jpeg
Shaker Inventions,Sallie G. Randolph,"{"""": """"}",https://m.media-amazon.com/images/I/41IYa8ZRP7L._SL350_.jpg
Amer Indian Tools,Evelyn Wolfson,"{"""": """"}",https://i.thriftbooks.com/api/imagehandler/m/05BAC72C0A433C464810FFF1F54CC4161629988F.jpeg
Fired Up!: Making Pottery in Ancient Times,Rivka Gonen,"{""Format:"": ""Library Binding"", ""Language:"": ""English"", ""ISBN:"": ""0822532026"", ""ISBN13:"": ""9780822532026"", ""Release Date:"": ""January 1993"", ""Publisher:"": ""Runestone Press"", ""Length:"": ""72 Pages"", ""Weight:"": ""0.95 lbs."", ""Dimensions:"": ""0.5\"" x 7.3\"" x 10.3\"""", ""Age Range:"": ""11 to 20 years"", ""Grade Range:"": ""Grade 6 to Postsecondary""}",https://m.media-amazon.com/images/I/21NtzoJreyL._SL350_.jpg
Living with Japanese Gardens,Chadine Flood Gong,"{""Format:"": ""Hardcover"", ""Language:"": ""English"", ""ISBN:"": ""1586858181"", ""ISBN13:"": ""9781586858186"", ""Release Date:"": ""July 2006"", ""Publisher:"": ""Gibbs Smith Publishers"", ""Length:"": ""96 Pages"", ""Weight:"": ""0.55 lbs."", ""Dimensions:"": ""0.6\"" x 8.5\"" x 9.3\""""}",https://i.thriftbooks.com/api/imagehandler/m/437E45EAF2DA7B3A76B60B1C4C071BC53503D9D4.jpeg
Folk Toys Around the World and How to Make Them,Joan Joseph,"{"""": """"}",https://m.media-amazon.com/images/I/51VKwG8qE6L._SL350_.jpg
Magic of Paper Sculpture: Sixteen Exciting and Creative Projects,David Swinton,"{""Format:"": ""Hardcover"", ""Language:"": ""English"", ""ISBN:"": ""0304343749"", ""ISBN13:"": ""9780304343744"", ""Release Date:"": ""January 1996"", ""Publisher:"": ""Cassell"", ""Length:"": ""128 Pages"", ""Weight:"": ""1.60 lbs."", ""Dimensions:"": ""0.6\"" x 8.6\"" x 10.5\"""", ""Age Range:"": ""9 to 12 years"", ""Grade Range:"": ""Grades 4 to 7""}",https://i.thriftbooks.com/api/imagehandler/m/B51C4ABAB013BEC12DB65B3C2665212C5561F3AE.jpeg
Fabulous Paper Gliders,Norman Schmidt,"{""Format:"": ""Paperback"", ""Language:"": ""English"", ""ISBN:"": ""1895569230"", ""ISBN13:"": ""9781895569230"", ""Release Date:"": ""June 1999"", ""Publisher:"": ""Sterling"", ""Length:"": ""96 Pages"", ""Weight:"": ""0.80 lbs."", ""Dimensions:"": ""0.3\"" x 8.5\"" x 10.0\""""}",https://i.thriftbooks.com/api/imagehandler/m/F80D73C26015A0C52E66C188CE5B80368BB0C105.jpeg
The Night Before Jesus,Robert F. Heise,"{""Format:"": ""Hardcover"", ""Language:"": ""English"", ""ISBN:"": ""0962704903"", ""ISBN13:"": ""9780962704901"", ""Release Date:"": ""January 1990"", ""Publisher:"": ""Dogwood Press (NC)"", ""Length:"": ""30 Pages"", ""Weight:"": ""0.95 lbs."", ""Dimensions:"": ""0.4\"" x 11.3\"" x 8.8\"""", ""Age Range:"": ""8 to 11 years"", ""Grade Range:"": ""Grades 3 to 6""}",https://m.media-amazon.com/images/I/518A59ZMXQL._SL350_.jpg
Creating With Paper: Basic Forms and Variations,Pauline Johnson,"{""Format:"": ""Hardcover"", ""ISBN:"": ""B000HD5S6G"", ""Release Date:"": ""January 1963"", ""Publisher:"": ""University of Washington Press"", ""Weight:"": ""2.40 lbs.""}",https://m.media-amazon.com/images/I/41SGJ9hHI7L._SL350_.jpg
"Balloon Hats and Accessories: Includes Free Balloon Pump, 30 Balloons, and Instructions for Making 20 Different Creations!",Albert Y. Hsu,"{""Format:"": ""Paperback"", ""Language:"": ""English"", ""ISBN:"": ""0809243830"", ""ISBN13:"": ""9780809243839"", ""Release Date:"": ""January 1989"", ""Publisher:"": ""McGraw-Hill Companies"", ""Length:"": ""136 Pages"", ""Weight:"": ""0.40 lbs."", ""Dimensions:"": ""2.1\"" x 8.1\"" x 9.9\""""}",https://i.thriftbooks.com/api/imagehandler/m/77A72F989DDEEAF8209D0A8A9BE69ACEB788E6F3.jpeg
Historic Houses of New England Coloring Book,A.G. Smith,"{"""": """"}",https://i.thriftbooks.com/api/imagehandler/m/BD68636C4AD06479926923B4FB5E9DEE926DD109.jpeg
Literary Greats Paper Dolls,Tim Foley,"{""Format:"": ""Paperback"", ""Language:"": ""English"", ""ISBN:"": ""0486481174"", ""ISBN13:"": ""9780486481173"", ""Release Date:"": ""June 2011"", ""Publisher:"": ""Dover Publications"", ""Length:"": ""128 Pages"", ""Weight:"": ""0.76 lbs."", ""Dimensions:"": ""0.4\"" x 7.9\"" x 7.9\"""", ""Age Range:"": ""11 to 14 years"", ""Grade Range:"": ""Grades 6 to 9""}",https://i.thriftbooks.com/api/imagehandler/m/686E965C339080C1D0B7047F75696FEB69E368F3.jpeg
Easy Animal Origami,Christopher L. Harbo,"{""Format:"": ""Hardcover"", ""Language:"": ""English"", ""ISBN:"": ""1429653841"", ""ISBN13:"": ""9781429653848"", ""Release Date:"": ""January 2011"", ""Publisher:"": ""Capstone Press"", ""Length:"": ""24 Pages"", ""Weight:"": ""0.45 lbs."", ""Dimensions:"": ""0.3\"" x 9.4\"" x 10.2\"""", ""Age Range:"": ""6 to 9 years"", ""Grade Range:"": ""Grades 1 to 4""}",https://i.thriftbooks.com/api/imagehandler/m/7145FC1AA3B2FEF52F6F640952363A349C45E78B.jpeg
"Holiday Crafting and Baking with Kids: Gifts, Sweets, and Treats for the Whole Family",Jessica Strand,"{"""": """"}",https://i.thriftbooks.com/api/imagehandler/m/B5DAF15BEA53901E5D2A48123691B086B50C28CF.jpeg
Paper Mask Making,Michael Grater,"{""Format:"": ""Paperback"", ""Language:"": ""English"", ""ISBN:"": ""0486247120"", ""ISBN13:"": ""9780486247120"", ""Release Date:"": ""September 1984"", ""Publisher:"": ""Dover Publications"", ""Length:"": ""144 Pages"", ""Weight:"": ""0.55 lbs."", ""Dimensions:"": ""0.4\"" x 6.0\"" x 9.1\""""}",https://i.thriftbooks.com/api/imagehandler/m/4C593C59B73682A68F5EBC3F8C63D3158DC040F5.jpeg
Too Cute!: Cotton Knits for Toddlers,Debby Ware,"{""Format:"": ""Paperback"", ""Language:"": ""English"", ""ISBN:"": ""1564773981"", ""ISBN13:"": ""9781564773982"", ""Release Date:"": ""January 2002"", ""Publisher:"": ""Martingale and Company"", ""Length:"": ""112 Pages"", ""Weight:"": ""0.85 lbs."", ""Dimensions:"": ""0.4\"" x 8.0\"" x 9.0\""""}",https://i.thriftbooks.com/api/imagehandler/m/2119073D7AC12325E52CFCECA742D8ACF97233A6.jpeg
Historic Sailing Ships Coloring Book,Tre Tryckare Co.,"{"""": """"}",https://i.thriftbooks.com/api/imagehandler/m/63E47C85C6AA919D1D2B4E9C0ED7F711AE40CD5D.jpeg
Dazzling!: Jewelry of the Ancient World,Lerner Publishing Group,"{"""": """"}",https://i.thriftbooks.com/api/imagehandler/m/9AB7314B7B658D624FA44C8E171488201A0E4382.jpeg
Bbo Secret Hiding Places,Jack Luger,"{"""": """"}",https://i.thriftbooks.com/api/imagehandler/m/66303F5C44E70AA1A5B90910FD5A0CF60F5A023A.jpeg
The Worst Children's Jobs in History,Tony Robinson,"{""Format:"": ""Paperback"", ""Language:"": ""English"", ""ISBN:"": ""0330442864"", ""ISBN13:"": ""9780330442862"", ""Release Date:"": ""September 2005"", ""Publisher:"": ""MacMillan UK"", ""Length:"": ""104 Pages"", ""Weight:"": ""0.85 lbs."", ""Dimensions:"": ""0.3\"" x 7.3\"" x 9.4\""""}",https://i.thriftbooks.com/api/imagehandler/m/234D860BCEDAF34EDE243E30349ABA24613437AD.jpeg
Cathedrals of the World Coloring Book,John Green,"{"""": """"}",https://i.thriftbooks.com/api/imagehandler/m/477A82B058D18A21617C31C93FFD7099528E48D3.jpeg
Maintaining & Repairing Your Scale Model Trains,Jim Volhard,"{"""": """"}",https://i.thriftbooks.com/api/imagehandler/m/5F228CBD81349DA588FE469C76B34C8AD7EC9964.jpeg
Contemporary Western Design: High-Style Furniture & Interiors,Thea Marx,"{"""": """"}",https://i.thriftbooks.com/api/imagehandler/m/C69A0CAC3275B6550109B7834653CF74038660E7.jpeg
Nancy Reagan Fashion Paper Dolls in Full Color,Tom Tierney,"{""Format:"": ""Paperback"", ""Language:"": ""English"", ""ISBN:"": ""0486244741"", ""ISBN13:"": ""9780486244747"", ""Release Date:"": ""August 1983"", ""Publisher:"": ""Dover Publications"", ""Length:"": ""32 Pages"", ""Weight:"": ""0.60 lbs."", ""Dimensions:"": ""0.2\"" x 9.2\"" x 12.3\""""}",https://i.thriftbooks.com/api/imagehandler/m/FDAF3CC76919AD849E05B14131E7629B1F125351.jpeg
Get Hooked: Simple Steps to Crochet Cool Stuff,Kim Piper Werker,"{"""": """"}",https://i.thriftbooks.com/api/imagehandler/m/00D4A22194AF24BF43388F09359A3EA73F114F9F.jpeg
The Mildenhall Treasure,Roald Dahl,"{""Format:"": ""Hardcover"", ""Language:"": ""English"", ""ISBN:"": ""0375810358"", ""ISBN13:"": ""9780375810350"", ""Release Date:"": ""September 2000"", ""Publisher:"": ""Alfred A. Knopf Books for Young Readers"", ""Length:"": ""79 Pages"", ""Weight:"": ""1.55 lbs."", ""Dimensions:"": ""0.6\"" x 8.8\"" x 11.7\"""", ""Age Range:"": ""12 years and up"", ""Grade Range:"": ""Grade 7""}",https://i.thriftbooks.com/api/imagehandler/m/F23C80349D7A2784E0002F3497B60BFF46591C88.jpeg
Calligraphy & Letter Design: Learn the Basics of Creating Elegant Letter Forms and Discover of Variety of Styles and Samples,Arthur Newhall,"{"""": """"}",https://i.thriftbooks.com/api/imagehandler/m/A4609A553EA851938CB55173C8F875EECA61ECA9.jpeg
Indian Crafts,Janet D'Amato,"{""Format:"": ""Hardcover"", ""Language:"": ""English"", ""ISBN:"": ""0874600049"", ""ISBN13:"": ""9780874600049"", ""Release Date:"": ""January 1968"", ""Publisher:"": ""Lion Books"", ""Weight:"": ""0.85 lbs."", ""Dimensions:"": ""10.3\"" x 0.5\"" x 8.3\""""}",https://m.media-amazon.com/images/I/61QfkNp42bL._SL350_.jpg
The Ultimate Paper Airplane,Richard Kline,"{"""": """"}",https://i.thriftbooks.com/api/imagehandler/m/CBE34D583ECC3E20DF1EC82A0169FB084271BEB0.jpeg
Marvelous Mini-Kites,Norman Schmidt,"{""Format:"": ""Hardcover"", ""Language:"": ""English"", ""ISBN:"": ""189556929X"", ""ISBN13:"": ""9781895569292"", ""Release Date:"": ""December 1998"", ""Publisher:"": ""Sterling"", ""Length:"": ""96 Pages"", ""Weight:"": ""1.25 lbs."", ""Dimensions:"": ""0.5\"" x 8.8\"" x 10.2\""""}",https://i.thriftbooks.com/api/imagehandler/m/0FC12D4810AF520A73A7C99D44EE25CE54FC2B68.jpeg
More Magic Wool: Creating Figures and Pictures with Dyed Wool,Angelika Wolk-Gerche,"{""Format:"": ""Paperback"", ""Language:"": ""English"", ""ISBN:"": ""0863153518"", ""ISBN13:"": ""9780863153518"", ""Release Date:"": ""November 2001"", ""Publisher:"": ""Floris Books"", ""Length:"": ""80 Pages"", ""Weight:"": ""0.60 lbs."", ""Dimensions:"": ""0.3\"" x 6.7\"" x 7.4\""""}",https://i.thriftbooks.com/api/imagehandler/m/EA1280665F7BC85ACA70CA9ADBEF2DA61931152D.jpeg
History of Children's Costume(oop),Marion Sichel,"{""Format:"": ""Library Binding"", ""Language:"": ""English"", ""ISBN:"": ""1555467512"", ""ISBN13:"": ""9781555467517"", ""Release Date:"": ""January 1983"", ""Publisher:"": ""Chelsea House Publications"", ""Length:"": ""72 Pages"", ""Weight:"": ""0.45 lbs."", ""Dimensions:"": ""0.5\"" x 7.6\"" x 10.1\"""", ""Age Range:"": ""12 to 17 years"", ""Grade Range:"": ""Grades 7 to 12""}",https://i.thriftbooks.com/api/imagehandler/m/C3B1C5C8BD5E20E3FD7789D8D26091AF44976D8A.jpeg
Pokemon: Card Collector's Guide,The Editors of Consumer Guide,"{"""": """"}",https://i.thriftbooks.com/api/imagehandler/m/82971FE96D07375E6A3D7BA3EB2E2C7A3195CFD5.jpeg
How to Run a Railroad: Everything You Need to Know about Model Trains,Harvey Weiss,"{""Format:"": ""Paperback"", ""Language:"": ""English"", ""ISBN:"": ""0690043295"", ""ISBN13:"": ""9780690043297"", ""Release Date:"": ""January 1983"", ""Publisher:"": ""Crowell"", ""Length:"": ""96 Pages"", ""Weight:"": ""0.94 lbs."", ""Age Range:"": ""9 to 12 years"", ""Grade Range:"": ""Grades 4 to 7""}",https://m.media-amazon.com/images/I/61r7ef2bUGL._SL350_.jpg
Paper Dinosaurs,David Hawcock,"{""Format:"": ""Hardcover"", ""Language:"": ""English"", ""ISBN:"": ""0715392778"", ""ISBN13:"": ""9780715392775"", ""Release Date:"": ""January 1988"", ""Publisher:"": ""Sterling*+ Publishing Company"", ""Weight:"": ""1.72 lbs.""}",https://m.media-amazon.com/images/I/519P99hFhpL._SL350_.jpg
Start to Embroider,Claire Buckley,"{""Format:"": ""Paperback"", ""Language:"": ""English"", ""ISBN:"": ""1844483908"", ""ISBN13:"": ""9781844483907"", ""Release Date:"": ""March 2009"", ""Publisher:"": ""Search Press(UK)"", ""Length:"": ""48 Pages"", ""Weight:"": ""0.90 lbs."", ""Dimensions:"": ""0.3\"" x 7.8\"" x 10.0\"""", ""Age Range:"": ""7 to 16 years"", ""Grade Range:"": ""Grades 2 to 11""}",https://i.thriftbooks.com/api/imagehandler/m/FC0D45DC889F6726B998F7DD7734873301165E30.jpeg
Pennsylvania Dutch Designs for Hand Coloring,Judi Rettich,"{"""": """"}",https://i.thriftbooks.com/api/imagehandler/m/19A662D3689922A4074E2D54571CC1966443F625.jpeg
Christmas Crafts: Things to Make the 24 Days Before Christmas,Carolyn Meyer,"{""Format:"": ""Hardcover"", ""Language:"": ""English"", ""ISBN:"": ""0060241977"", ""ISBN13:"": ""9780060241971"", ""Release Date:"": ""January 1974"", ""Publisher:"": ""HarperCollins Publishers"", ""Length:"": ""136 Pages"", ""Weight:"": ""1.25 lbs."", ""Age Range:"": ""10 years and up"", ""Grade Range:"": ""Grade 5 and higher""}",https://m.media-amazon.com/images/I/31P1o3Lu19L._SL350_.jpg
Animal E.R.: Extraordinary Stories Hope Healing from 1 World's Leading Veterinary Hospitals,Vicki Constantine Croke,"{""Format:"": ""Hardcover"", ""Language:"": ""English"", ""ISBN:"": ""0525945075"", ""ISBN13:"": ""9780525945079"", ""Release Date:"": ""November 1999"", ""Publisher:"": ""Dutton Books"", ""Length:"": ""194 Pages"", ""Weight:"": ""0.88 lbs."", ""Dimensions:"": ""0.8\"" x 5.8\"" x 8.8\""""}",https://i.thriftbooks.com/api/imagehandler/m/12B55C9F53FB03B3ECC94C733E4BDDC39C296B99.jpeg
Making Folk Toys and Weather Vanes,Sharon Pierce,"{""Format:"": ""Paperback"", ""Language:"": ""English"", ""ISBN:"": ""0806979062"", ""ISBN13:"": ""9780806979069"", ""Release Date:"": ""November 1984"", ""Publisher:"": ""Sterling Publishing (NY)"", ""Length:"": ""112 Pages"", ""Weight:"": ""0.65 lbs."", ""Age Range:"": ""12 years and up"", ""Grade Range:"": ""Grade 7 and higher""}",https://m.media-amazon.com/images/I/51KNCkVW-YL._SL350_.jpg
Harcourt School Publishers Collections: LVL Lib: Aldo Ice Cream Gr3,Johanna Hurwitz,"{""Format:"": ""Paperback"", ""Language:"": ""English"", ""ISBN:"": ""0153143517"", ""ISBN13:"": ""9780153143519"", ""Release Date:"": ""January 1999"", ""Publisher:"": ""Harcourt School Publishers"", ""Length:"": ""128 Pages"", ""Weight:"": ""0.35 lbs."", ""Dimensions:"": ""0.2\"" x 5.0\"" x 7.7\"""", ""Age Range:"": ""8 years and up"", ""Grade Range:"": ""Grade 3""}",https://i.thriftbooks.com/api/imagehandler/m/A8F3F9562E4A51380FA3AB006E4D2CFE2F44FC14.jpeg
Fun with Crewel Embroidery.,Erica Wilson,"{""Format:"": ""Hardcover"", ""Language:"": ""English"", ""ISBN:"": ""B000NUIXAQ"", ""Release Date:"": ""January 1965"", ""Publisher:"": ""Charles Scribner's Sons"", ""Length:"": ""48 Pages"", ""Weight:"": ""1.30 lbs.""}",https://m.media-amazon.com/images/I/71hLFnY7dTL._SL350_.jpg
Basement and Foundation,Time-Life Books,"{""Format:"": ""Hardcover"", ""Language:"": ""English"", ""ISBN:"": ""080946232X"", ""ISBN13:"": ""9780809462322"", ""Release Date:"": ""January 1990"", ""Publisher:"": ""Time Life Medical"", ""Length:"": ""128 Pages"", ""Weight:"": ""1.45 lbs.""}",https://m.media-amazon.com/images/I/51l9LZBXTSL._SL350_.jpg
It's a Purl Thing,Elizabeth Lenhard,"{""Format:"": ""Hardcover"", ""Language:"": ""English"", ""ISBN:"": ""0525476229"", ""ISBN13:"": ""9780525476221"", ""Release Date:"": ""September 2005"", ""Publisher:"": ""Dutton Books"", ""Length:"": ""261 Pages"", ""Weight:"": ""0.95 lbs."", ""Dimensions:"": ""1.0\"" x 6.3\"" x 9.3\"""", ""Age Range:"": ""12 to 16 years"", ""Grade Range:"": ""Grades 7 to 11""}",https://i.thriftbooks.com/api/imagehandler/m/467388E043CFB885A1A39622E46A44CC6F50CFE3.jpeg
The Flowers' Festival: Mini Edition,Elsa Beskow,"{"""": """"}",https://i.thriftbooks.com/api/imagehandler/m/315AC1ACA683DAEFA213745612973B394529FA7E.jpeg
Origami with Dollar Bills: Another Way to Impress People with Your Money!,Duy Nguyen,"{""Format:"": ""Hardcover"", ""Language:"": ""English"", ""ISBN:"": ""1402726309"", ""ISBN13:"": ""9781402726309"", ""Release Date:"": ""August 2005"", ""Publisher:"": ""Sterling"", ""Length:"": ""80 Pages"", ""Weight:"": ""0.55 lbs."", ""Dimensions:"": ""0.8\"" x 4.7\"" x 8.5\"""", ""Age Range:"": ""12 years and up"", ""Grade Range:"": ""Grade 7 and higher""}",https://i.thriftbooks.com/api/imagehandler/m/B50AFA303A30DCBFF7F9AB8CD4BCD808BEB4EDCD.jpeg
"The World Record Paper Airplane Book [With Full-Color Pull-Out Landing Strip, Flight Log]",Jeff Lammers,"{""Format:"": ""Paperback"", ""Language:"": ""English"", ""ISBN:"": ""1563056313"", ""ISBN13:"": ""9781563056314"", ""Release Date:"": ""January 1994"", ""Publisher:"": ""Workman Publishing"", ""Length:"": ""224 Pages"", ""Weight:"": ""1.70 lbs."", ""Dimensions:"": ""0.5\"" x 8.5\"" x 10.7\""""}",https://i.thriftbooks.com/api/imagehandler/m/E6D9399678454A06452E0A52CF71CDC3CAB3ADB2.jpeg
Making Dolls,Sunnhild Reinckens,"{""Format:"": ""Paperback"", ""Language:"": ""English"", ""ISBN:"": ""0863150934"", ""ISBN13:"": ""9780863150937"", ""Release Date:"": ""January 1990"", ""Publisher:"": ""Floris Books"", ""Length:"": ""56 Pages"", ""Weight:"": ""0.35 lbs."", ""Age Range:"": ""4 to 8 years"", ""Grade Range:"": ""Preschool to Grade 3""}",https://i.thriftbooks.com/api/imagehandler/m/97D93D2B72BC5A079992633593B0379B5596E943.jpeg
Acrylics: Translucent Techniques for Landscape Painters,R. Bradford Johnson,"{""Format:"": ""Paperback"", ""Language:"": ""English"", ""ISBN:"": ""0929261046"", ""ISBN13:"": ""9780929261041"", ""Release Date:"": ""January 1984"", ""Publisher:"": ""Walter Foster Publishing"", ""Length:"": ""64 Pages"", ""Weight:"": ""0.50 lbs."", ""Dimensions:"": ""0.4\"" x 6.6\"" x 9.5\""""}",https://i.thriftbooks.com/api/imagehandler/m/24CBC7286A20BC68CA9C4D8EF8DAB53A0B62CCE0.jpeg
How to Diagnose and Fix Everything Electronic,Michael Jay Geier,"{""Format:"": ""Paperback"", ""Language:"": ""English"", ""ISBN:"": ""0071744223"", ""ISBN13:"": ""9780071744225"", ""Release Date:"": ""January 2011"", ""Publisher:"": ""McGraw-Hill/Tab Electronics"", ""Length:"": ""316 Pages"", ""Weight:"": ""1.25 lbs."", ""Dimensions:"": ""0.7\"" x 7.4\"" x 9.1\""""}",https://i.thriftbooks.com/api/imagehandler/m/7F0E07E47F08F7D12D586F214A25AE43396D4007.jpeg
The Craft of Sail: A Primer of Sailing,Jan E. Adkins,"{""Format:"": ""Paperback"", ""Language:"": ""English"", ""ISBN:"": ""0802772145"", ""ISBN13:"": ""9780802772145"", ""Release Date:"": ""January 1984"", ""Publisher:"": ""Walker Books"", ""Length:"": ""64 Pages"", ""Weight:"": ""0.05 lbs."", ""Dimensions:"": ""0.2\"" x 11.1\"" x 8.5\""""}",https://i.thriftbooks.com/api/imagehandler/m/B365219864EE9A51E00CAF013C6A7B069973E03F.jpeg
Amazing Origami,Kunihiko Kasahara,"{""Format:"": ""Hardcover"", ""Language:"": ""English"", ""ISBN:"": ""0806958219"", ""ISBN13:"": ""9780806958217"", ""Release Date:"": ""June 2001"", ""Publisher:"": ""Sterling Publishing (NY)"", ""Length:"": ""64 Pages"", ""Weight:"": ""1.05 lbs."", ""Dimensions:"": ""0.4\"" x 8.6\"" x 10.5\"""", ""Age Range:"": ""12 years and up"", ""Grade Range:"": ""Grade 7 and higher""}",https://i.thriftbooks.com/api/imagehandler/m/75442423060A301ECC5821B878C95A5C781CB251.jpeg
The Bayeux Tapestry: The Norman Conquest 1066,Josephine Filmer-Sankey,"{""Format:"": ""Hardcover"", ""Language:"": ""English"", ""ISBN:"": ""0001950584"", ""Release Date:"": ""January 1966"", ""Publisher:"": ""Harper Uk"", ""Length:"": ""72 Pages"", ""Weight:"": ""1.10 lbs.""}",https://m.media-amazon.com/images/I/61XfmSm9ZxL._SL350_.jpg
Entertaining in the Raw,Matthew Kenney,"{"""": """"}",https://i.thriftbooks.com/api/imagehandler/m/F7D811A3A698514236CECD0990B34B4D34911EBE.jpeg
Stained Glass Window Designs of Frank Lloyd Wright,Dennis Casey,"{""Format:"": ""Paperback"", ""Language:"": ""English"", ""ISBN:"": ""0486295168"", ""ISBN13:"": ""9780486295169"", ""Release Date:"": ""March 1997"", ""Publisher:"": ""Dover Publications"", ""Length:"": ""32 Pages"", ""Weight:"": ""0.30 lbs."", ""Dimensions:"": ""0.1\"" x 8.2\"" x 10.8\"""", ""Age Range:"": ""11 to 14 years"", ""Grade Range:"": ""Grades 6 to 9""}",https://i.thriftbooks.com/api/imagehandler/m/257EF4F127866C9CAC1D26148C06A3D82C094457.jpeg
Buried Treasure # 11,Jamie Suzanne,"{""Format:"": ""Paperback"", ""Language:"": ""English"", ""ISBN:"": ""0553155334"", ""ISBN13:"": ""9780553155334"", ""Release Date:"": ""August 1987"", ""Publisher:"": ""Sweet Valley"", ""Weight:"": ""0.40 lbs."", ""Age Range:"": ""9 to 12 years"", ""Grade Range:"": ""Grades 4 to 7""}",https://m.media-amazon.com/images/I/41L1aXZsgDL._SL350_.jpg
Originals: Handcrafted Cards Made Easy,Jeanette Lynton,"{""Format:"": ""Hardcover"", ""Language:"": ""English"", ""ISBN:"": ""1423604369"", ""ISBN13:"": ""9781423604365"", ""Release Date:"": ""August 2008"", ""Publisher:"": ""Gibbs Smith Publishers"", ""Length:"": ""128 Pages"", ""Weight:"": ""2.15 lbs."", ""Dimensions:"": ""1.0\"" x 10.4\"" x 10.2\"""", ""Age Range:"": ""14 years and up""}",https://i.thriftbooks.com/api/imagehandler/m/B0975AD03A8CCA4AE646F550BDDE02575E026865.jpeg
Junk Beautiful: Room by Room Makeovers with Junkmarket Style,Sue Whitney,"{""Format:"": ""Paperback"", ""Language:"": ""English"", ""ISBN:"": ""1561589810"", ""ISBN13:"": ""9781561589814"", ""Release Date:"": ""March 2008"", ""Publisher:"": ""Taunton Press"", ""Length:"": ""208 Pages"", ""Weight:"": ""1.17 lbs."", ""Dimensions:"": ""0.5\"" x 9.1\"" x 10.9\"""", ""Age Range:"": ""12 years and up"", ""Grade Range:"": ""Grade 7 and higher""}",https://i.thriftbooks.com/api/imagehandler/m/DDF1B87857D5D4EBDDB4CDF58D5DEA2A9F96DE1F.jpeg
Gnome Craft Book,Petra Berger,"{""Format:"": ""Paperback"", ""Language:"": ""English"", ""ISBN:"": ""0863153003"", ""ISBN13:"": ""9780863153006"", ""Release Date:"": ""June 1999"", ""Publisher:"": ""Floris Books"", ""Length:"": ""180 Pages"", ""Weight:"": ""0.50 lbs."", ""Dimensions:"": ""0.3\"" x 6.9\"" x 7.5\""""}",https://i.thriftbooks.com/api/imagehandler/m/FBFA1976651BB3464E7D54FEEA6AD0F793162D0B.jpeg
"Bobbi Brown Teenage Beauty: Everything You Need to Look Pretty, Natural, Sexy & Awesome",Bobbi Brown,"{""Format:"": ""Hardcover"", ""Language:"": ""English"", ""ISBN:"": ""006019636X"", ""ISBN13:"": ""9780060196363"", ""Release Date:"": ""July 2000"", ""Publisher:"": ""William Morrow & Company"", ""Length:"": ""224 Pages"", ""Weight:"": ""1.74 lbs."", ""Dimensions:"": ""0.8\"" x 7.4\"" x 9.3\"""", ""Age Range:"": ""12 to 17 years"", ""Grade Range:"": ""Grades 7 to 12""}",https://i.thriftbooks.com/api/imagehandler/m/171A5D634CFC98CF6898F52810D8F469D93916EB.jpeg
Diane Goode's American Christmas,Diane Goode,"{""Format:"": ""Hardcover"", ""Language:"": ""English"", ""ISBN:"": ""0525446206"", ""ISBN13:"": ""9780525446200"", ""Release Date:"": ""September 1990"", ""Publisher:"": ""Dutton Books for Young Readers"", ""Length:"": ""8 Pages"", ""Weight:"": ""2.45 lbs."", ""Dimensions:"": ""11.0\"" x 0.5\"" x 8.8\""""}",https://i.thriftbooks.com/api/imagehandler/m/D7FF6655B6C2B6CDCB2140776AFD8B4AEF3ACCD9.jpeg
Toymaking with Children,Freya Jaffke,"{""Format:"": ""Paperback"", ""Language:"": ""English"", ""ISBN:"": ""0863150691"", ""ISBN13:"": ""9780863150692"", ""Release Date:"": ""January 1987"", ""Publisher:"": ""Floris Books"", ""Length:"": ""96 Pages"", ""Weight:"": ""0.50 lbs.""}",https://i.thriftbooks.com/api/imagehandler/m/768213675F291584AE916BFC19521EE67911D2C8.jpeg
Growing Up Sew Liberated: Making Handmade Clothes & Projects for Your Creative Child [With Pattern(s)],Meg McElwee,"{""Format:"": ""Paperback"", ""Language:"": ""English"", ""ISBN:"": ""1596681624"", ""ISBN13:"": ""9781596681620"", ""Release Date:"": ""June 2011"", ""Publisher:"": ""Interweave Press"", ""Length:"": ""159 Pages"", ""Weight:"": ""1.60 lbs."", ""Dimensions:"": ""0.9\"" x 8.3\"" x 10.1\""""}",https://i.thriftbooks.com/api/imagehandler/m/FB3ED5ADF99017697FAECFDF0F3721959C370475.jpeg
Magic Wool,Freya Jaffke,"{"""": """"}",https://i.thriftbooks.com/api/imagehandler/m/94FB583B20BAF0BEBB97F45E04844850877C1089.jpeg
The Private Gardens of Charleston,Louisa Cameron,"{""Format:"": ""Hardcover"", ""Language:"": ""English"", ""ISBN:"": ""0941711145"", ""ISBN13:"": ""9780941711142"", ""Release Date:"": ""April 1992"", ""Publisher:"": ""Gibbs Smith Publishers"", ""Length:"": ""96 Pages"", ""Weight:"": ""1.70 lbs."", ""Dimensions:"": ""0.6\"" x 8.9\"" x 11.4\""""}",https://i.thriftbooks.com/api/imagehandler/m/C6C53182349AE7C72560AD0B361EDA17AE3833F3.jpeg
The Ugly Dachshund,G.B. Stern,"{""Format:"": ""Paperback"", ""Language:"": ""English"", ""ISBN:"": ""1880158159"", ""ISBN13:"": ""9781880158159"", ""Release Date:"": ""January 1998"", ""Publisher:"": ""J.N. Townsend Publishing"", ""Length:"": ""156 Pages"", ""Weight:"": ""0.55 lbs."", ""Dimensions:"": ""0.5\"" x 5.1\"" x 8.0\""""}",https://i.thriftbooks.com/api/imagehandler/m/1C3F36A3936951A1A95EA7D21CB960DC410AAE98.jpeg
Crafts Through the Year,Petra Berger,"{""Format:"": ""Hardcover"", ""Language:"": ""English"", ""ISBN:"": ""0863153224"", ""ISBN13:"": ""9780863153228"", ""Release Date:"": ""September 2000"", ""Publisher:"": ""Floris Books"", ""Length:"": ""118 Pages"", ""Weight:"": ""1.20 lbs."", ""Dimensions:"": ""0.5\"" x 8.6\"" x 9.4\""""}",https://i.thriftbooks.com/api/imagehandler/m/4499F68341D1B999ED63EBDA39A471418E729441.jpeg
Matthew Mead Halloween: Tricks and Treats,Matthew Mead,"{"""": """"}",https://i.thriftbooks.com/api/imagehandler/m/7DD3BA1D5BFED3AAA09EBAE3243AFCC5494B1F5E.jpeg
Reflections: Artwork Patterns to Make Your Scrapbook Layouts Come to Life: Artwork Patterns to Make Your Scrapbook Layouts Come to Life,Jeanette R. Lynton,"{""Format:"": ""Paperback"", ""Language:"": ""English"", ""ISBN:"": ""1423603117"", ""ISBN13:"": ""9781423603115"", ""Release Date:"": ""January 2009"", ""Publisher:"": ""Gibbs Smith"", ""Length:"": ""128 Pages"", ""Weight:"": ""2.10 lbs."", ""Dimensions:"": ""0.9\"" x 10.4\"" x 10.2\""""}",https://i.thriftbooks.com/api/imagehandler/m/D0C6D7097D98DE896B044732B615B91F38F474A4.jpeg
"Small Buildings, Small Gardens: Creating Gardens Around Structures",Gordon Hayward,"{""Format:"": ""Hardcover"", ""Language:"": ""English"", ""ISBN:"": ""1586857053"", ""ISBN13:"": ""9781586857059"", ""Release Date:"": ""January 2007"", ""Publisher:"": ""Gibbs Smith Publishers"", ""Length:"": ""151 Pages"", ""Weight:"": ""2.20 lbs."", ""Dimensions:"": ""0.8\"" x 8.9\"" x 10.3\""""}",https://i.thriftbooks.com/api/imagehandler/m/9E078CB674A112CFE59FE8BA7D8E8327C34E0AD7.jpeg
Cherish: Scrapbook Layouts Made Beautifully Simple,Jeanette R. Lynton,"{""Format:"": ""Spiral-bound"", ""Language:"": ""English"", ""ISBN:"": ""1423601548"", ""ISBN13:"": ""9781423601548"", ""Release Date:"": ""July 2008"", ""Publisher:"": ""Gibbs Smith Publishers"", ""Length:"": ""128 Pages"", ""Weight:"": ""2.05 lbs."", ""Dimensions:"": ""0.7\"" x 10.3\"" x 10.3\""""}",https://i.thriftbooks.com/api/imagehandler/m/FFA2E8439490ED804EC9A35175E5E90110D26371.jpeg
"How to Make Whirligigs and Whimmy Diddles and Other American Folkcraft Objects,",Florence Harvey Pettit,"{"""": """"}",https://m.media-amazon.com/images/I/51I64wSbBFL._SL350_.jpg
"Magnificent Book of Kites: Explorations in Design, Construction, Enjoyment & Flight",Maxwell Eden,"{""Format:"": ""Hardcover"", ""Language:"": ""English"", ""ISBN:"": ""1579120253"", ""ISBN13:"": ""9781579120252"", ""Release Date:"": ""January 1998"", ""Publisher:"": ""Black Dog & Leventhal Publishers"", ""Length:"": ""464 Pages"", ""Weight:"": ""2.55 lbs."", ""Dimensions:"": ""1.6\"" x 8.3\"" x 9.4\""""}",https://i.thriftbooks.com/api/imagehandler/m/D538617D23B37E9EA361961CE20C9EBE5C569134.jpeg
Turtles and Tortoises of the World,David Alderton,"{""Format:"": ""Hardcover"", ""Language:"": ""English"", ""ISBN:"": ""0816017336"", ""ISBN13:"": ""9780816017331"", ""Release Date:"": ""January 1988"", ""Publisher:"": ""Facts on File"", ""Length:"": ""191 Pages"", ""Weight:"": ""1.36 lbs."", ""Dimensions:"": ""0.8\"" x 6.3\"" x 9.5\""""}",https://i.thriftbooks.com/api/imagehandler/m/47232730FFF115C8A02C4C1DB62D007AAADE3434.jpeg
Cut & Assemble Victorian Houses,Edmund V. Gillon Jr.,"{""Format:"": ""Paperback"", ""Language:"": ""English"", ""ISBN:"": ""0486238490"", ""ISBN13:"": ""9780486238494"", ""Release Date:"": ""January 1980"", ""Publisher:"": ""Dover Publications"", ""Length:"": ""48 Pages"", ""Weight:"": ""0.65 lbs."", ""Dimensions:"": ""0.2\"" x 8.9\"" x 11.8\""""}",https://i.thriftbooks.com/api/imagehandler/m/5B65D8C9ED33B045BB40B9769A7DA0607DCB8A84.jpeg
Introduction to Horticulture,John M. Ruter,"{""Format:"": ""Hardcover"", ""Language:"": ""English"", ""ISBN:"": ""0813431700"", ""ISBN13:"": ""9780813431703"", ""Release Date:"": ""January 2000"", ""Publisher:"": ""Interstate Publishers"", ""Length:"": ""736 Pages"", ""Weight:"": ""3.40 lbs."", ""Dimensions:"": ""1.6\"" x 7.4\"" x 10.6\""""}",https://m.media-amazon.com/images/I/51GB02CMAKL._SL350_.jpg
Great Braids!: The New Way to Exciting Hairstyles,Thomas Hardy,"{""Format:"": ""Paperback"", ""Language:"": ""English"", ""ISBN:"": ""0806986174"", ""ISBN13:"": ""9780806986173"", ""Release Date:"": ""December 1997"", ""Publisher:"": ""Sterling"", ""Length:"": ""96 Pages"", ""Weight:"": ""0.13 lbs."", ""Dimensions:"": ""0.3\"" x 7.1\"" x 10.1\""""}",https://i.thriftbooks.com/api/imagehandler/m/FA8D6784725C34A2CFB8636457BAC0EAD0B3B007.jpeg
Furby Trainer's Guide,Mark Elies,"{""Format:"": ""Paperback"", ""Language:"": ""English"", ""ISBN:"": ""188436442X"", ""ISBN13:"": ""9781884364426"", ""Release Date:"": ""December 1998"", ""Publisher:"": ""Sandwich Islands Publishing"", ""Length:"": ""962 Pages"", ""Weight:"": ""0.50 lbs."", ""Dimensions:"": ""0.2\"" x 7.0\"" x 9.0\""""}",https://i.thriftbooks.com/api/imagehandler/m/52905DCF3A2AE8D9A1BBF4ECE0EAC78DBF64BD69.jpeg
The Big Book of Halloween: Creative & Creepy Projects for Revellers of All Ages,Laura Dover Doran,"{""Format:"": ""Paperback"", ""Language:"": ""English"", ""ISBN:"": ""1579900631"", ""ISBN13:"": ""9781579900632"", ""Release Date:"": ""December 1999"", ""Publisher:"": ""Lark Books (NC)"", ""Length:"": ""160 Pages"", ""Weight:"": ""1.53 lbs."", ""Dimensions:"": ""0.4\"" x 8.6\"" x 11.1\""""}",https://i.thriftbooks.com/api/imagehandler/m/F6A887328349C30F7DDCCA1A61CDB131C1D18AF3.jpeg
"Imagine: Fun, Fabulous Layouts for Every Scrapbooker",Jeanette R. Lynton,"{"""": """"}",https://i.thriftbooks.com/api/imagehandler/m/B03562C4747F9A1A3143E6ED1384BC7DDB9287F0.jpeg
Buried Treasures You Can Find: Over 7500 Locations in All 50 States,Robert F. Marx,"{"""": """"}",https://i.thriftbooks.com/api/imagehandler/m/FEBF08EAF503B45268BFD6058D0ED6B8D588BB70.jpeg
Rose Windows: And How to Make Them,Helga Meyerbroker,"{"""": """"}",https://i.thriftbooks.com/api/imagehandler/m/6B7120A8B049080E2753F4888F17D5DFDEC3FC9F.jpeg
African American Quilting: The Warmth of Tradition,Sule Greg C. Wilson,"{""Format:"": ""Library Binding"", ""Language:"": ""English"", ""ISBN:"": ""0823918548"", ""ISBN13:"": ""9780823918546"", ""Release Date:"": ""January 1999"", ""Publisher:"": ""Rosen Publishing Group"", ""Length:"": ""64 Pages"", ""Weight:"": ""0.85 lbs."", ""Dimensions:"": ""0.4\"" x 7.5\"" x 9.6\"""", ""Age Range:"": ""12 to 17 years"", ""Grade Range:"": ""Grades 7 to 12""}",https://m.media-amazon.com/images/I/511SSM07KAL._SL350_.jpg
