Book Name,Authors,Info,Image URL
"Twilight (The Twilight Saga, Book 1)",Stephenie Meyer,"{""Format:"": ""Paperback"", ""Language:"": ""English"", ""ISBN:"": ""0316015849"", ""Release Date:"": ""September 2006"", ""Publisher:"": ""Little, Brown Books for Young Readers"", ""Length:"": ""544 Pages"", ""Weight:"": ""1.04 lbs."", ""Dimensions:"": ""8.3\"" x 2.0\"" x 5.5\""""}",https://m.media-amazon.com/images/I/318nujF5v5L._SL350_.jpg
New Moon (Twilight),Stephenie Meyer,"{""Format:"": ""Hardcover"", ""Language:"": ""English"", ""ISBN:"": ""0316160199"", ""Release Date:"": ""August 2006"", ""Publisher:"": ""Little, Brown Books for Young Readers"", ""Length:"": ""608 Pages"", ""Weight:"": ""1.49 lbs."", ""Dimensions:"": ""8.6\"" x 1.8\"" x 6.0\""""}",https://m.media-amazon.com/images/I/91fVJKUvF7L._SL350_.jpg
Eclipse (Twilight),Stephenie Meyer,"{""Format:"": ""Hardcover"", ""Language:"": ""English"", ""ISBN:"": ""0316160202"", ""Release Date:"": ""August 2007"", ""Publisher:"": ""Little, Brown"", ""Length:"": ""629 Pages"", ""Weight:"": ""1.68 lbs."", ""Dimensions:"": ""8.5\"" x 2.0\"" x 5.9\""""}",https://m.media-amazon.com/images/I/31pJMbdC6kL._SL350_.jpg
Breaking Dawn,Stephenie Meyer,"{""Format:"": ""Paperback"", ""Language:"": ""English"", ""ISBN:"": ""0316067938"", ""ISBN13:"": ""9780316067935"", ""Release Date:"": ""August 2010"", ""Publisher:"": ""Little, Brown Books for Young Readers"", ""Length:"": ""768 Pages"", ""Weight:"": ""1.57 lbs."", ""Dimensions:"": ""2.1\"" x 5.4\"" x 8.2\"""", ""Age Range:"": ""13 to 17 years"", ""Grade Range:"": ""Grades 8 to 12""}",https://i.thriftbooks.com/api/imagehandler/m/FD4B4FE71917B92C9B4040F40D19F6261437BF7B.jpeg
"City of Bones (The Mortal Instruments, Book 1)",Cassandra Clare,"{""Format:"": ""Paperback"", ""Language:"": ""English"", ""ISBN:"": ""1416955070"", ""ISBN13:"": ""9781442493063"", ""Release Date:"": ""February 2008"", ""Publisher:"": ""Margaret K. McElderry Books"", ""Length:"": ""485 Pages"", ""Weight:"": ""1.04 lbs."", ""Dimensions:"": ""8.3\"" x 1.5\"" x 5.5\""""}",https://m.media-amazon.com/images/I/418aUcioYEL._SL350_.jpg
City of Ashes,Cassandra Clare,"{""Format:"": ""Paperback"", ""Language:"": ""English"", ""ISBN:"": ""1416972242"", ""ISBN13:"": ""9781416972242"", ""Release Date:"": ""March 2009"", ""Publisher:"": ""Margaret K. McElderry Books"", ""Length:"": ""453 Pages"", ""Weight:"": ""1.01 lbs."", ""Dimensions:"": ""1.3\"" x 5.5\"" x 8.3\"""", ""Age Range:"": ""14 years and up"", ""Grade Range:"": ""Grade 9 and higher""}",https://i.thriftbooks.com/api/imagehandler/m/F90CEACBB82D37E244196933B8311F86FB958F70.jpeg
City of Glass,Cassandra Clare,"{""Format:"": ""Paperback"", ""Language:"": ""English"", ""ISBN:"": ""1416972250"", ""ISBN13:"": ""9781416972259"", ""Release Date:"": ""August 2010"", ""Publisher:"": ""Margaret K. McElderry Books"", ""Length:"": ""576 Pages"", ""Weight:"": ""1.10 lbs."", ""Dimensions:"": ""1.5\"" x 5.5\"" x 8.2\"""", ""Age Range:"": ""14 years and up"", ""Grade Range:"": ""Grade 9 and higher""}",https://i.thriftbooks.com/api/imagehandler/m/38E3EA563EDEFB1F162F489F8EA1824D39C02F3C.jpeg
The Dark Tower,Stephen King,"{""Format:"": ""Hardcover"", ""Language:"": ""English"", ""ISBN:"": ""1880418622"", ""ISBN13:"": ""9781880418628"", ""Release Date:"": ""September 2004"", ""Publisher:"": ""Donald M. Grant Publishers"", ""Length:"": ""864 Pages"", ""Weight:"": ""3.08 lbs."", ""Dimensions:"": ""2.3\"" x 6.4\"" x 9.3\""""}",https://i.thriftbooks.com/api/imagehandler/m/8E4DE4AEC8E4F5C30963948659F0EB187E607030.jpeg
The Short Second Life of Bree Tanner: An Eclipse Novella (The Twilight Saga),Stephenie Meyer,"{""Format:"": ""Hardcover"", ""Language:"": ""English"", ""ISBN:"": ""0316127876"", ""ISBN13:"": ""9780316127875"", ""Release Date:"": ""June 2010"", ""Publisher:"": ""Little, Brown Books for Young Readers"", ""Length:"": ""192 Pages"", ""Weight:"": ""0.72 lbs."", ""Dimensions:"": ""8.5\"" x 0.8\"" x 6.0\""""}",https://i.thriftbooks.com/api/imagehandler/m/B00B5A1A4F1BC77D228E4DF091497DC8AD3CF290.jpeg
Unwind,Neal Shusterman,"{""Format:"": ""Hardcover"", ""Language:"": ""English"", ""ISBN:"": ""1416912045"", ""ISBN13:"": ""9781416912040"", ""Release Date:"": ""November 2007"", ""Publisher:"": ""Simon & Schuster Books for Young Readers"", ""Length:"": ""352 Pages"", ""Weight:"": ""1.00 lbs."", ""Dimensions:"": ""1.3\"" x 5.8\"" x 8.3\"""", ""Age Range:"": ""13 to 17 years"", ""Grade Range:"": ""Grades 8 to 12""}",https://i.thriftbooks.com/api/imagehandler/m/E02E55BF724D676F6B9EC7B6C29601AC98294D01.jpeg
"Twilight: The Graphic Novel, Volume 1 (The Twilight Saga, 1)",Stephenie Meyer,"{""Format:"": ""Hardcover"", ""Language:"": ""English"", ""ISBN:"": ""0759529434"", ""Release Date:"": ""March 2010"", ""Publisher:"": ""Yen Press"", ""Length:"": ""224 Pages"", ""Weight:"": ""1.15 lbs."", ""Dimensions:"": ""8.4\"" x 1.0\"" x 5.6\""""}",https://m.media-amazon.com/images/I/517-hj52MhL._SL350_.jpg
The Chronicles of Harris Burdick: 14 Amazing Authors Tell the Tales,Chris Van Allsburg,"{""Format:"": ""Hardcover"", ""Language:"": ""English"", ""ISBN:"": ""0547548109"", ""ISBN13:"": ""9780547548104"", ""Release Date:"": ""October 2011"", ""Publisher:"": ""Clarion Books"", ""Length:"": ""208 Pages"", ""Weight:"": ""1.95 lbs."", ""Dimensions:"": ""0.9\"" x 7.9\"" x 10.1\"""", ""Age Range:"": ""10 to 12 years"", ""Grade Range:"": ""Grades 5 to 7""}",https://i.thriftbooks.com/api/imagehandler/m/BBF3943FC78308BCCD6C621626CCF3CAB6120732.jpeg
Blood and Chocolate,Annette Curtis Klause,"{""Format:"": ""Paperback"", ""Language:"": ""English"", ""ISBN:"": ""0440226686"", ""Release Date:"": ""September 1999"", ""Publisher:"": ""Laurel Leaf"", ""Length:"": ""288 Pages"", ""Weight:"": ""0.35 lbs."", ""Dimensions:"": ""7.0\"" x 1.0\"" x 4.3\""""}",https://m.media-amazon.com/images/I/51Nwtgzs0IL._SL350_.jpg
The Fury (The Vampire Diaries),L.J. Smith,"{""Format:"": ""Paperback"", ""Language:"": ""English"", ""ISBN:"": ""0061990779"", ""ISBN13:"": ""9780061990779"", ""Release Date:"": ""April 2010"", ""Publisher:"": ""HarperCollins"", ""Length:"": ""304 Pages"", ""Weight:"": ""0.23 lbs."", ""Dimensions:"": ""6.8\"" x 0.6\"" x 4.2\""""}",https://i.thriftbooks.com/api/imagehandler/m/6912BFCA0AADCF1EDFA9BF3B682FE4EAA99129ED.jpeg
Sunshine,Robin McKinley,"{""Format:"": ""Mass Market Paperback"", ""Language:"": ""English"", ""ISBN:"": ""0515138819"", ""Release Date:"": ""November 2004"", ""Publisher:"": ""Berkley"", ""Length:"": ""416 Pages"", ""Weight:"": ""0.45 lbs."", ""Dimensions:"": ""6.7\"" x 1.1\"" x 4.2\""""}",https://m.media-amazon.com/images/I/51QamP4-rdL._SL350_.jpg
The Harvest (Buffy the Vampire Slayer),Richie Tankersley Cusick,"{"""": """"}",https://m.media-amazon.com/images/I/51Xy7CHc3SL._SL350_.jpg
Supernaturally,Kiersten White,"{""Format:"": ""Hardcover"", ""Language:"": ""English"", ""ISBN:"": ""0061985864"", ""ISBN13:"": ""9780061985867"", ""Release Date:"": ""July 2011"", ""Publisher:"": ""Harper Teen"", ""Length:"": ""342 Pages"", ""Weight:"": ""1.05 lbs."", ""Dimensions:"": ""1.2\"" x 5.8\"" x 8.5\"""", ""Age Range:"": ""13 years and up"", ""Grade Range:"": ""Grade 8 and higher""}",https://i.thriftbooks.com/api/imagehandler/m/689B104521A187E1FA2204150C4C7148BCEECDED.jpeg
Eternal,Cynthia Leitich Smith,"{""Format:"": ""Hardcover"", ""Language:"": ""English"", ""ISBN:"": ""0763635731"", ""ISBN13:"": ""9780763635732"", ""Release Date:"": ""February 2009"", ""Publisher:"": ""Candlewick Press (MA)"", ""Length:"": ""320 Pages"", ""Weight:"": ""0.95 lbs."", ""Dimensions:"": ""1.2\"" x 5.6\"" x 7.9\"""", ""Age Range:"": ""14 years and up"", ""Grade Range:"": ""Grade 9 and higher""}",https://i.thriftbooks.com/api/imagehandler/m/7615A4B577AA329C1A161B2C8150E3B44254756A.jpeg
Darkest Hour,Meg Cabot,"{""Format:"": ""Paperback"", ""Language:"": ""English"", ""ISBN:"": ""0060725141"", ""ISBN13:"": ""9780060725143"", ""Release Date:"": ""December 2004"", ""Publisher:"": ""Harperteen"", ""Length:"": ""316 Pages"", ""Weight:"": ""0.35 lbs."", ""Dimensions:"": ""0.9\"" x 4.2\"" x 6.8\"""", ""Age Range:"": ""13 years and up"", ""Grade Range:"": ""Grade 8 and higher""}",https://i.thriftbooks.com/api/imagehandler/m/EE4B0858D3DDE09D0E0470D358454D6D270D9DB7.jpeg
Tales of the Slayer,Kara Dalky,"{"""": """"}",https://i.thriftbooks.com/api/imagehandler/m/F22024EA7E9C5AABCCDD3B2FE3A113FC4DCC2651.jpeg
Evernight,Claudia Gray,"{""Format:"": ""Hardcover"", ""Language:"": ""English"", ""ISBN:"": ""0061284394"", ""ISBN13:"": ""9780061284397"", ""Release Date:"": ""May 2008"", ""Publisher:"": ""Harperteen"", ""Length:"": ""336 Pages"", ""Weight:"": ""1.10 lbs."", ""Dimensions:"": ""1.1\"" x 5.5\"" x 8.3\"""", ""Age Range:"": ""14 years and up"", ""Grade Range:"": ""Grade 9 and higher""}",https://i.thriftbooks.com/api/imagehandler/m/D80842454AF9EFD35165DA90DDB541B6F6D11F53.jpeg
The Vampire Diaries: The Struggle,L.J. Smith,"{""Format:"": ""Paperback"", ""Language:"": ""English"", ""ISBN:"": ""0061963879"", ""ISBN13:"": ""9780061963872"", ""Release Date:"": ""August 2009"", ""Publisher:"": ""Harperteen"", ""Length:"": ""256 Pages"", ""Weight:"": ""0.75 lbs."", ""Dimensions:"": ""0.6\"" x 5.2\"" x 8.2\"""", ""Age Range:"": ""14 years and up"", ""Grade Range:"": ""Grade 9 and higher""}",https://i.thriftbooks.com/api/imagehandler/m/5280698106169C602C3EC4434D2F4B4E67B8A232.jpeg
Bite Club: The Morganville Vampires,Rachel Caine,"{""Format:"": ""Hardcover"", ""Language:"": ""English"", ""ISBN:"": ""0451233182"", ""ISBN13:"": ""9780451233189"", ""Release Date:"": ""May 2011"", ""Publisher:"": ""New American Library"", ""Length:"": ""352 Pages"", ""Weight:"": ""1.17 lbs."", ""Dimensions:"": ""1.4\"" x 5.7\"" x 8.1\"""", ""Age Range:"": ""18 years and up"", ""Grade Range:"": ""Postsecondary and higher""}",https://i.thriftbooks.com/api/imagehandler/m/6C2DB27A2268BF34D918D6E34C77098E79F964BD.jpeg
The Watcher's Guide,Paul Ruditis,"{""Format:"": ""Paperback"", ""Language:"": ""English"", ""ISBN:"": ""0671024337"", ""ISBN13:"": ""9780671024338"", ""Release Date:"": ""October 1998"", ""Publisher:"": ""Pocket Books"", ""Length:"": ""298 Pages"", ""Weight:"": ""2.90 lbs."", ""Dimensions:"": ""0.8\"" x 7.0\"" x 9.0\""""}",https://i.thriftbooks.com/api/imagehandler/m/E5E6D2D28B8174A9CFDAA72733696F755657BF04.jpeg
Last Breath,Rachel Caine,"{""Format:"": ""Hardcover"", ""Language:"": ""English"", ""ISBN:"": ""0451234871"", ""ISBN13:"": ""9780451234872"", ""Release Date:"": ""January 2011"", ""Publisher:"": ""New American Library"", ""Length:"": ""338 Pages"", ""Weight:"": ""1.05 lbs."", ""Dimensions:"": ""1.2\"" x 5.8\"" x 8.4\"""", ""Age Range:"": ""18 years and up"", ""Grade Range:"": ""Postsecondary and higher""}",https://i.thriftbooks.com/api/imagehandler/m/2163C92FCBAA1BAB2DA60660E54C2EFBC6CA0027.jpeg
The Boneshaker,Kate Milford,"{""Format:"": ""Hardcover"", ""Language:"": ""English"", ""ISBN:"": ""0547241879"", ""ISBN13:"": ""9780547241876"", ""Release Date:"": ""May 2010"", ""Publisher:"": ""Clarion Books"", ""Length:"": ""372 Pages"", ""Weight:"": ""1.15 lbs."", ""Dimensions:"": ""1.2\"" x 6.6\"" x 8.4\"""", ""Age Range:"": ""12 years and up"", ""Grade Range:"": ""Grade 7 and higher""}",https://i.thriftbooks.com/api/imagehandler/m/3CC0E4AEEE3A6CAEEA79106C318CA0380F29C746.jpeg
"The Angel Chronicles, Volume 3",Nancy Holder,"{""Format:"": ""Paperback"", ""Language:"": ""English"", ""ISBN:"": ""0671026313"", ""Release Date:"": ""August 1999"", ""Publisher:"": ""Simon Spotlight Entertainment"", ""Length:"": ""192 Pages"", ""Weight:"": ""0.25 lbs."", ""Dimensions:"": ""7.0\"" x 0.8\"" x 4.5\""""}",https://m.media-amazon.com/images/I/51oy98w6UdS._SL350_.jpg
The Last Echo,Kimberly Derting,"{""Format:"": ""Hardcover"", ""Language:"": ""English"", ""ISBN:"": ""0062082191"", ""ISBN13:"": ""9780062082190"", ""Release Date:"": ""April 2012"", ""Publisher:"": ""HarperCollins"", ""Length:"": ""368 Pages"", ""Weight:"": ""1.00 lbs."", ""Dimensions:"": ""1.2\"" x 5.5\"" x 8.3\"""", ""Age Range:"": ""14 years and up"", ""Grade Range:"": ""Grade 9 and higher""}",https://i.thriftbooks.com/api/imagehandler/m/95BE5C5EA77FF9788EBDF46195582FA37C430BAD.jpeg
Fallen,Lauren Kate,"{""Format:"": ""Hardcover"", ""Language:"": ""English"", ""ISBN:"": ""0385738935"", ""ISBN13:"": ""9780385738934"", ""Release Date:"": ""December 2009"", ""Publisher:"": ""Delacorte Press"", ""Length:"": ""464 Pages"", ""Weight:"": ""1.28 lbs."", ""Dimensions:"": ""1.6\"" x 5.7\"" x 8.3\"""", ""Age Range:"": ""12 years and up"", ""Grade Range:"": ""Grade 7 and higher""}",https://i.thriftbooks.com/api/imagehandler/m/87467A21E5488A6BF63267187FFED78FAA80A353.jpeg
Look for Me by Moonlight,Mary Downing Hahn,"{""Format:"": ""Paperback"", ""Language:"": ""English"", ""ISBN:"": ""0547076169"", ""Release Date:"": ""September 2008"", ""Publisher:"": ""Clarion Books"", ""Length:"": ""208 Pages"", ""Weight:"": ""0.20 lbs."", ""Dimensions:"": ""7.0\"" x 0.4\"" x 5.0\""""}",https://m.media-amazon.com/images/I/31BZqYxfziL._SL350_.jpg
The Mist,Stephen King,"{""Format:"": ""Paperback"", ""Language:"": ""English"", ""ISBN:"": ""1982103523"", ""ISBN13:"": ""9781982103521"", ""Release Date:"": ""June 2018"", ""Publisher:"": ""Scribner Book Company"", ""Length:"": ""176 Pages"", ""Weight:"": ""0.60 lbs."", ""Dimensions:"": ""0.4\"" x 5.4\"" x 8.3\""""}",https://i.thriftbooks.com/api/imagehandler/m/93905C595C095505FD7699873F81FDFB40FDC804.jpeg
The Little Stranger,Sarah Waters,"{""Format:"": ""Paperback"", ""Language:"": ""English"", ""ISBN:"": ""1594484465"", ""ISBN13:"": ""9781594484469"", ""Release Date:"": ""May 2010"", ""Publisher:"": ""Riverhead Books"", ""Length:"": ""512 Pages"", ""Weight:"": ""0.90 lbs."", ""Dimensions:"": ""1.1\"" x 5.6\"" x 8.1\"""", ""Age Range:"": ""18 years and up"", ""Grade Range:"": ""Postsecondary and higher""}",https://i.thriftbooks.com/api/imagehandler/m/F7C5F6CD1F75FF7A9463ECC7C02E7A8CB2F4FFB3.jpeg
The Midnight Club,Christopher Pike,"{""Format:"": ""Mass Market Paperback"", ""Language:"": ""English"", ""ISBN:"": ""067187263X"", ""ISBN13:"": ""9780671872632"", ""Release Date:"": ""February 1994"", ""Publisher:"": ""Simon Pulse"", ""Length:"": ""224 Pages"", ""Weight:"": ""0.28 lbs."", ""Dimensions:"": ""0.6\"" x 4.2\"" x 6.8\"""", ""Age Range:"": ""12 to 17 years"", ""Grade Range:"": ""Grades 7 to 12""}",https://i.thriftbooks.com/api/imagehandler/m/EA24D8603BFDD5354AF6EA8509D8543B57ECF4FB.jpeg
"The Vampire Diaries: The Return: Midnight (Vampire Diaries: The Return, 3)",L.J. Smith,"{""Format:"": ""Hardcover"", ""Language:"": ""English"", ""ISBN:"": ""0061720852"", ""Release Date:"": ""March 2011"", ""Publisher:"": ""HarperTeen"", ""Length:"": ""576 Pages"", ""Weight:"": ""1.35 lbs."", ""Dimensions:"": ""8.3\"" x 1.7\"" x 5.5\""""}",https://m.media-amazon.com/images/I/41eycB-lvUL._SL350_.jpg
"Thirst, no. 1 : Human urges, Fatal, Consequences",Christopher Pike,"{""Format:"": ""Paperback"", ""Language:"": ""English"", ""ISBN:"": ""1416983082"", ""Release Date:"": ""August 2009"", ""Publisher:"": ""Simon Pulse"", ""Length:"": ""624 Pages"", ""Weight:"": ""1.23 lbs."", ""Dimensions:"": ""8.3\"" x 1.5\"" x 5.5\""""}",https://m.media-amazon.com/images/I/41nVJQejRQL._SL350_.jpg
The Last Apprentice: Revenge of the Witch (Book 1),Joseph Delaney,"{""Format:"": ""Paperback"", ""Language:"": ""English"", ""ISBN:"": ""0060766204"", ""ISBN13:"": ""9780060766207"", ""Release Date:"": ""July 2006"", ""Publisher:"": ""Greenwillow Books"", ""Length:"": ""384 Pages"", ""Weight:"": ""0.67 lbs."", ""Dimensions:"": ""1.0\"" x 5.2\"" x 7.8\"""", ""Age Range:"": ""13 years and up"", ""Grade Range:"": ""Grade 8 and higher""}",https://i.thriftbooks.com/api/imagehandler/m/25EEF9A992FE57784251C45B7D2F1C37A41BFC2F.jpeg
The Baby-Sitter,R.L. Stine,"{""Format:"": ""Mass Market Paperback"", ""Language:"": ""English"", ""ISBN:"": ""0590442368"", ""ISBN13:"": ""9780590442367"", ""Release Date:"": ""October 1998"", ""Publisher:"": ""Scholastic"", ""Length:"": ""167 Pages"", ""Weight:"": ""0.22 lbs."", ""Dimensions:"": ""0.5\"" x 4.2\"" x 6.9\"""", ""Age Range:"": ""12 to 17 years"", ""Grade Range:"": ""Grades 7 to 12""}",https://i.thriftbooks.com/api/imagehandler/m/4CFC9EDEF1400F5AD25A75961635F1F71A672EE3.jpeg
The Vampire's Assistant,Darren Shan,"{""Format:"": ""Hardcover"", ""Language:"": ""English"", ""ISBN:"": ""0316606103"", ""ISBN13:"": ""9780316606103"", ""Release Date:"": ""September 2001"", ""Publisher:"": ""Little, Brown Books for Young Readers"", ""Length:"": ""256 Pages"", ""Weight:"": ""0.96 lbs."", ""Dimensions:"": ""0.9\"" x 5.9\"" x 8.6\"""", ""Age Range:"": ""10 to 13 years"", ""Grade Range:"": ""Grades 5 to 8""}",https://i.thriftbooks.com/api/imagehandler/m/B986E529EE556C37E0C33CF6F75E16FE8D599165.jpeg
The Reckoning,Kelley Armstrong,"{""Format:"": ""Hardcover"", ""Language:"": ""English"", ""ISBN:"": ""0061662836"", ""ISBN13:"": ""9780061662836"", ""Release Date:"": ""April 2010"", ""Publisher:"": ""HarperCollins"", ""Length:"": ""400 Pages"", ""Weight:"": ""1.08 lbs."", ""Dimensions:"": ""1.3\"" x 6.6\"" x 8.6\"""", ""Age Range:"": ""13 years and up"", ""Grade Range:"": ""Grade 8 and higher""}",https://i.thriftbooks.com/api/imagehandler/m/BBD7F9F5FEA8C9C34B9608BFA75149F7E097806F.jpeg
Flowers in the Attic/Petals on the Wind,V.C. Andrews,"{""Format:"": ""Paperback"", ""Language:"": ""English"", ""ISBN:"": ""1442403012"", ""ISBN13:"": ""9781442403017"", ""Release Date:"": ""January 2009"", ""Publisher:"": ""Simon Pulse"", ""Length:"": ""880 Pages"", ""Weight:"": ""1.63 lbs."", ""Dimensions:"": ""2.3\"" x 5.5\"" x 8.2\"""", ""Age Range:"": ""14 to 17 years"", ""Grade Range:"": ""Grades 9 to 12""}",https://i.thriftbooks.com/api/imagehandler/m/981D3DE4E2574B9CBF4FBD147EAE9A580DC20B5F.jpeg
"Blue Bloods (Blue Bloods, Book 1)",Melissa de la Cruz,"{""Format:"": ""Paperback"", ""Language:"": ""English"", ""ISBN:"": ""142310126X"", ""Release Date:"": ""April 2007"", ""Publisher:"": ""Disney Hyperion"", ""Length:"": ""336 Pages"", ""Weight:"": ""0.55 lbs."", ""Dimensions:"": ""8.3\"" x 0.7\"" x 5.5\""""}",https://m.media-amazon.com/images/I/41iidB+IWGL._SL350_.jpg
Remember Me,Christopher Pike,"{""Format:"": ""Mass Market Paperback"", ""Language:"": ""English"", ""ISBN:"": ""0671676547"", ""ISBN13:"": ""9780671676544"", ""Release Date:"": ""April 1989"", ""Publisher:"": ""Pocket Books"", ""Length:"": ""230 Pages"", ""Weight:"": ""0.30 lbs."", ""Age Range:"": ""12 years and up"", ""Grade Range:"": ""Grade 7 and higher""}",https://m.media-amazon.com/images/I/51YiqYxI-gL._SL350_.jpg
Everlost,Neal Shusterman,"{""Format:"": ""Hardcover"", ""Language:"": ""English"", ""ISBN:"": ""0689872372"", ""ISBN13:"": ""9780689872372"", ""Release Date:"": ""October 2006"", ""Publisher:"": ""Simon & Schuster Books for Young Readers"", ""Length:"": ""313 Pages"", ""Weight:"": ""1.70 lbs."", ""Dimensions:"": ""1.1\"" x 6.1\"" x 8.3\"""", ""Age Range:"": ""12 to 17 years"", ""Grade Range:"": ""Grades 7 to 12""}",https://i.thriftbooks.com/api/imagehandler/m/DC10BA462C2F5D8535AE5882F7A5812C989B4045.jpeg
Shadow Souls,L.J. Smith,"{""Format:"": ""Hardcover"", ""Language:"": ""English"", ""ISBN:"": ""006172081X"", ""ISBN13:"": ""9780061720819"", ""Release Date:"": ""March 2010"", ""Publisher:"": ""Harperteen"", ""Length:"": ""608 Pages"", ""Weight:"": ""1.45 lbs."", ""Dimensions:"": ""1.9\"" x 6.0\"" x 8.4\"""", ""Age Range:"": ""14 years and up"", ""Grade Range:"": ""Grade 9 and higher""}",https://i.thriftbooks.com/api/imagehandler/m/3E0AB05520FD1AD57DF001B4CEEEF0ACC06F61C3.jpeg
Roald Dahl's Book of Ghost Stories,"Dahl, Roald","{""Format:"": ""Paperback"", ""Language:"": ""English"", ""ISBN:"": ""0374518688"", ""Release Date:"": ""October 1984"", ""Publisher:"": ""Farrar, Straus and Giroux"", ""Length:"": ""235 Pages"", ""Weight:"": ""0.55 lbs."", ""Dimensions:"": ""8.2\"" x 0.7\"" x 5.5\""""}",https://m.media-amazon.com/images/I/51AgGAxhnrL._SL350_.jpg
The Barking Ghost (Goosebumps #32),R.L. Stine,"{""Format:"": ""Paperback"", ""Language:"": ""English"", ""ISBN:"": ""0590483447"", ""Release Date:"": ""June 1995"", ""Publisher:"": ""Scholastic"", ""Length:"": ""131 Pages"", ""Weight:"": ""0.30 lbs."", ""Dimensions:"": ""1.0\"" x 5.9\"" x 8.7\""""}",https://m.media-amazon.com/images/I/51kQE5bxGPL._SL350_.jpg
Vampire Kisses 4: Dance with a Vampire,Ellen Schreiber,"{""Format:"": ""Paperback"", ""Language:"": ""English"", ""ISBN:"": ""0061778982"", ""ISBN13:"": ""9780061778988"", ""Release Date:"": ""April 2009"", ""Publisher:"": ""Katherine Tegen Books"", ""Length:"": ""208 Pages"", ""Weight:"": ""0.40 lbs."", ""Dimensions:"": ""0.5\"" x 5.2\"" x 7.9\"""", ""Age Range:"": ""13 years and up"", ""Grade Range:"": ""Grade 8 and higher""}",https://i.thriftbooks.com/api/imagehandler/m/96F6A5CE406302190AF2A3835D430F4B525A93B2.jpeg
Rot & Ruin,Jonathan Maberry,"{""Format:"": ""Paperback"", ""Language:"": ""English"", ""ISBN:"": ""1442402334"", ""ISBN13:"": ""9781442402331"", ""Release Date:"": ""May 2011"", ""Publisher:"": ""Simon & Schuster Books for Young Readers"", ""Length:"": ""480 Pages"", ""Weight:"": ""0.95 lbs."", ""Dimensions:"": ""1.5\"" x 5.5\"" x 8.1\"""", ""Age Range:"": ""12 to 17 years"", ""Grade Range:"": ""Grades 7 to 12""}",https://i.thriftbooks.com/api/imagehandler/m/4315708AAD85875A096BECF9E59D223DC25F9B57.jpeg
Lockdown: Escape from Furnace,Alexander Gordon Smith,"{""Format:"": ""Paperback"", ""Language:"": ""English"", ""ISBN:"": ""0312611935"", ""ISBN13:"": ""9780312611934"", ""Release Date:"": ""August 2010"", ""Publisher:"": ""Square Fish"", ""Length:"": ""304 Pages"", ""Weight:"": ""0.66 lbs."", ""Dimensions:"": ""1.0\"" x 5.5\"" x 8.3\"""", ""Age Range:"": ""12 to 17 years"", ""Grade Range:"": ""Grades 7 to 12""}",https://i.thriftbooks.com/api/imagehandler/m/04EB2A67301E65098F3F116913A4FFB93CE3F0FB.jpeg
"The Betrayal (Fear Street Saga Trilogy, No. 1)",R.L. Stine,"{""Format:"": ""Mass Market Paperback"", ""Language:"": ""English"", ""ISBN:"": ""0671868314"", ""Release Date:"": ""August 1993"", ""Publisher:"": ""Simon Pulse"", ""Length:"": ""176 Pages"", ""Weight:"": ""0.20 lbs."", ""Dimensions:"": ""6.8\"" x 0.5\"" x 4.2\""""}",https://m.media-amazon.com/images/I/41I0J6LBo7L._SL350_.jpg
Dust & Decay,Jonathan Maberry,"{""Format:"": ""Paperback"", ""Language:"": ""English"", ""ISBN:"": ""1442402369"", ""ISBN13:"": ""9781442402362"", ""Release Date:"": ""September 2012"", ""Publisher:"": ""Simon & Schuster Books for Young Readers"", ""Length:"": ""544 Pages"", ""Weight:"": ""1.05 lbs."", ""Dimensions:"": ""1.5\"" x 5.4\"" x 8.2\"""", ""Age Range:"": ""12 to 17 years"", ""Grade Range:"": ""Grades 7 to 12""}",https://i.thriftbooks.com/api/imagehandler/m/F564B2EC207BA6DF36788FE496C2E0149843BCCF.jpeg
The Hollow,Jessica Verday,"{""Format:"": ""Hardcover"", ""Language:"": ""English"", ""ISBN:"": ""1416978933"", ""ISBN13:"": ""9781416978930"", ""Release Date:"": ""September 2009"", ""Publisher:"": ""Simon & Schuster Books for Young Readers"", ""Length:"": ""544 Pages"", ""Weight:"": ""0.90 lbs."", ""Dimensions:"": ""1.7\"" x 6.0\"" x 8.4\"""", ""Age Range:"": ""12 to 17 years"", ""Grade Range:"": ""Grades 7 to 12""}",https://i.thriftbooks.com/api/imagehandler/m/289096C51FA86E491A4EC2E3522D5B77FE78B944.jpeg
Switched,R.L. Stine,"{""Format:"": ""Mass Market Paperback"", ""Language:"": ""English"", ""ISBN:"": ""067186839X"", ""ISBN13:"": ""9780671868390"", ""Release Date:"": ""May 1995"", ""Publisher:"": ""Simon Pulse"", ""Length:"": ""150 Pages"", ""Weight:"": ""0.20 lbs."", ""Dimensions:"": ""0.5\"" x 4.2\"" x 6.7\"""", ""Age Range:"": ""12 to 17 years"", ""Grade Range:"": ""Grades 7 to 12""}",https://i.thriftbooks.com/api/imagehandler/m/325615714289008C605BAEA44E4FC7D8D4DE0907.jpeg
Sons of Destiny,Darren Shan,"{""Format:"": ""Hardcover"", ""Language:"": ""English"", ""ISBN:"": ""0316156299"", ""ISBN13:"": ""9780316156295"", ""Release Date:"": ""September 2006"", ""Publisher:"": ""Little, Brown Books for Young Readers"", ""Length:"": ""240 Pages"", ""Weight:"": ""0.05 lbs."", ""Dimensions:"": ""0.9\"" x 5.8\"" x 8.5\"""", ""Age Range:"": ""10 to 13 years"", ""Grade Range:"": ""Grades 5 to 8""}",https://i.thriftbooks.com/api/imagehandler/m/11BF020C1A1C0204BB1BFFC97910F442BF38F8B2.jpeg
In Odd We Trust (Graphic Novel),Dean Koontz,"{""Format:"": ""Paperback"", ""Language:"": ""English"", ""ISBN:"": ""0345499662"", ""ISBN13:"": ""9780345499660"", ""Release Date:"": ""June 2008"", ""Publisher:"": ""Del Rey Books"", ""Length:"": ""224 Pages"", ""Weight:"": ""0.47 lbs."", ""Dimensions:"": ""0.9\"" x 5.0\"" x 7.4\"""", ""Age Range:"": ""13 years and up"", ""Grade Range:"": ""Grade 8 and higher""}",https://i.thriftbooks.com/api/imagehandler/m/E66FA2ADD1DD91BB960775D8C1A5414C71565681.jpeg
Trials of Death,Darren Shan,"{""Format:"": ""Hardcover"", ""Language:"": ""English"", ""ISBN:"": ""0316603678"", ""ISBN13:"": ""9780316603676"", ""Release Date:"": ""May 2003"", ""Publisher:"": ""Little, Brown Books for Young Readers"", ""Length:"": ""224 Pages"", ""Weight:"": ""0.15 lbs."", ""Dimensions:"": ""0.8\"" x 5.7\"" x 8.6\"""", ""Age Range:"": ""10 to 13 years"", ""Grade Range:"": ""Grades 5 to 8""}",https://i.thriftbooks.com/api/imagehandler/m/8154ADDABEDAED9C79AADAA233F233580E19E769.jpeg
"The Morganville Vampires, Volume 1",Rachel Caine,"{""Format:"": ""Paperback"", ""Language:"": ""English"", ""ISBN:"": ""045123054X"", ""ISBN13:"": ""9780451230546"", ""Release Date:"": ""November 2009"", ""Publisher:"": ""Berkley Books"", ""Length:"": ""480 Pages"", ""Weight:"": ""0.93 lbs."", ""Dimensions:"": ""1.1\"" x 5.5\"" x 8.1\"""", ""Age Range:"": ""14 years and up"", ""Grade Range:"": ""Grade 9 and higher""}",https://i.thriftbooks.com/api/imagehandler/m/1407601054FE450FE9B05B8F72CD7E686A174391.jpeg
The Last Apprentice: Clash of the Demons (Book 6),Joseph Delaney,"{""Format:"": ""Hardcover"", ""Language:"": ""English"", ""ISBN:"": ""0061344621"", ""ISBN13:"": ""9780061344626"", ""Release Date:"": ""August 2009"", ""Publisher:"": ""Greenwillow Books"", ""Length:"": ""416 Pages"", ""Weight:"": ""1.10 lbs."", ""Dimensions:"": ""1.4\"" x 6.3\"" x 8.1\"""", ""Age Range:"": ""13 years and up"", ""Grade Range:"": ""Grade 8 and higher""}",https://i.thriftbooks.com/api/imagehandler/m/A2CD90F840957C9D369B16B637C0F15BB47DDE15.jpeg
Die Softly,Christopher Pike,"{""Format:"": ""Mass Market Paperback"", ""Language:"": ""English"", ""ISBN:"": ""0671690566"", ""ISBN13:"": ""9780671690564"", ""Release Date:"": ""April 1991"", ""Publisher:"": ""Simon Pulse"", ""Length:"": ""248 Pages"", ""Weight:"": ""0.32 lbs."", ""Dimensions:"": ""0.7\"" x 4.2\"" x 6.8\"""", ""Age Range:"": ""12 years and up"", ""Grade Range:"": ""Grade 7 and higher""}",https://i.thriftbooks.com/api/imagehandler/m/E18C8A0CD13D7639C60B239E10D1303AEDAA9D5E.jpeg
"Ski Weekend (Fear Street, No. 10)",R.L. Stine,"{""Format:"": ""Paperback"", ""Language:"": ""English"", ""ISBN:"": ""0671724800"", ""Release Date:"": ""January 1991"", ""Publisher:"": ""Simon Pulse"", ""Length:"": ""165 Pages"", ""Weight:"": ""0.18 lbs."", ""Dimensions:"": ""6.8\"" x 0.5\"" x 4.0\""""}",https://m.media-amazon.com/images/I/41GY0AFJFJL._SL350_.jpg
Witch,Christopher Pike,"{""Format:"": ""Mass Market Paperback"", ""Language:"": ""English"", ""ISBN:"": ""0671690558"", ""ISBN13:"": ""9780671690557"", ""Release Date:"": ""December 1990"", ""Publisher:"": ""Pocket Books"", ""Length:"": ""225 Pages"", ""Weight:"": ""0.30 lbs."", ""Dimensions:"": ""0.8\"" x 4.2\"" x 6.7\"""", ""Age Range:"": ""12 years and up"", ""Grade Range:"": ""Grade 7 and higher""}",https://i.thriftbooks.com/api/imagehandler/m/3A8A5D72ECE598BBB482B5C8FC55A615917EBAAE.jpeg
The Chronicles of Vladimir Tod: Twelfth Grade Kills,Heather Brewer,"{""Format:"": ""Hardcover"", ""Language:"": ""English"", ""ISBN:"": ""0525422242"", ""ISBN13:"": ""9780525422242"", ""Release Date:"": ""September 2010"", ""Publisher:"": ""Dutton Books for Young Readers"", ""Length:"": ""336 Pages"", ""Weight:"": ""1.00 lbs."", ""Dimensions:"": ""1.1\"" x 6.3\"" x 8.6\"""", ""Age Range:"": ""12 years and up"", ""Grade Range:"": ""Grade 7 and higher""}",https://i.thriftbooks.com/api/imagehandler/m/FB6B5F3245A07280BAB70FE9A93676D007B7807A.jpeg
The Last Apprentice: Rise of the Huntress (Book 7),Joseph Delaney,"{""Format:"": ""Hardcover"", ""Language:"": ""English"", ""ISBN:"": ""0061715107"", ""ISBN13:"": ""9780061715105"", ""Release Date:"": ""August 2010"", ""Publisher:"": ""Greenwillow Books"", ""Length:"": ""448 Pages"", ""Weight:"": ""0.40 lbs."", ""Dimensions:"": ""1.5\"" x 6.3\"" x 8.1\"""", ""Age Range:"": ""10 to 13 years"", ""Grade Range:"": ""Grades 5 to 8""}",https://i.thriftbooks.com/api/imagehandler/m/344F22070F03B10773907C8DC821399FA37E2374.jpeg
Blue is for Nightmares (Stolarz Series),Laurie Faria Stolarz,"{""Format:"": ""Paperback"", ""Language:"": ""English"", ""ISBN:"": ""0738703915"", ""Release Date:"": ""November 2003"", ""Publisher:"": ""Flux"", ""Length:"": ""283 Pages"", ""Weight:"": ""0.74 lbs."", ""Dimensions:"": ""8.1\"" x 0.8\"" x 5.3\""""}",https://m.media-amazon.com/images/I/414RNGhplXL._SL350_.jpg
Full Tilt,Neal Shusterman,"{""Format:"": ""Hardcover"", ""Language:"": ""English"", ""ISBN:"": ""0689803745"", ""ISBN13:"": ""9780689803741"", ""Release Date:"": ""June 2003"", ""Publisher:"": ""Simon & Schuster Books for Young Readers"", ""Length:"": ""208 Pages"", ""Weight:"": ""0.69 lbs."", ""Dimensions:"": ""0.8\"" x 5.8\"" x 8.6\"""", ""Age Range:"": ""12 to 17 years"", ""Grade Range:"": ""Grades 7 to 12""}",https://i.thriftbooks.com/api/imagehandler/m/C3E5ACCA2B83377464871450D9C24437E55BF901.jpeg
The First Horror (Original),R.L. Stine,"{""Format:"": ""Paperback"", ""Language:"": ""English"", ""ISBN:"": ""0671885626"", ""ISBN13:"": ""9780671885625"", ""Release Date:"": ""August 1994"", ""Publisher:"": ""Simon Pulse"", ""Length:"": ""160 Pages"", ""Weight:"": ""0.40 lbs."", ""Dimensions:"": ""0.4\"" x 5.0\"" x 8.1\"""", ""Age Range:"": ""12 to 17 years"", ""Grade Range:"": ""Grades 7 to 12""}",https://i.thriftbooks.com/api/imagehandler/m/F58CF88AB1ACA4C8048912BA974B6313D1D57ABD.jpeg
The Vampire Prince,Darren Shan,"{""Format:"": ""Hardcover"", ""Language:"": ""English"", ""ISBN:"": ""0316607096"", ""ISBN13:"": ""9780316607094"", ""Release Date:"": ""September 2003"", ""Publisher:"": ""Little, Brown Books for Young Readers"", ""Length:"": ""197 Pages"", ""Weight:"": ""0.45 lbs."", ""Dimensions:"": ""0.8\"" x 5.7\"" x 8.6\"""", ""Age Range:"": ""10 to 13 years"", ""Grade Range:"": ""Grades 5 to 8""}",https://i.thriftbooks.com/api/imagehandler/m/A30E831BCD6F55BE2C08DB2E2A125033352D30F1.jpeg
Tenth Grade Bleeds #3: The Chronicles of Vladimir Tod,Heather Brewer,"{""Format:"": ""Hardcover"", ""Language:"": ""English"", ""ISBN:"": ""0525421351"", ""ISBN13:"": ""9780525421351"", ""Release Date:"": ""June 2009"", ""Publisher:"": ""Dutton Books for Young Readers"", ""Length:"": ""292 Pages"", ""Weight:"": ""0.92 lbs."", ""Dimensions:"": ""1.0\"" x 6.1\"" x 8.2\"""", ""Age Range:"": ""12 years and up"", ""Grade Range:"": ""Grade 7 and higher""}",https://i.thriftbooks.com/api/imagehandler/m/32F60DEE1690E64A6AA6AC11DCC9868CC397FB41.jpeg
Phantom,L.J. Smith,"{""Format:"": ""Hardcover"", ""Language:"": ""English"", ""ISBN:"": ""0062017683"", ""ISBN13:"": ""9780062017680"", ""Release Date:"": ""October 2011"", ""Publisher:"": ""Harperteen"", ""Length:"": ""416 Pages"", ""Weight:"": ""1.06 lbs."", ""Dimensions:"": ""1.4\"" x 5.9\"" x 8.4\"""", ""Age Range:"": ""14 years and up"", ""Grade Range:"": ""Grade 9 and higher""}",https://i.thriftbooks.com/api/imagehandler/m/90B4BC935131A7211D6B7AF8D06101401BD89EE2.jpeg
The Gathering,Kelley Armstrong,"{""Format:"": ""Hardcover"", ""Language:"": ""English"", ""ISBN:"": ""0061797022"", ""ISBN13:"": ""9780061797026"", ""Release Date:"": ""April 2011"", ""Publisher:"": ""HarperCollins"", ""Length:"": ""368 Pages"", ""Weight:"": ""1.05 lbs."", ""Dimensions:"": ""1.4\"" x 5.7\"" x 8.4\"""", ""Age Range:"": ""13 years and up"", ""Grade Range:"": ""Grade 8 and higher""}",https://i.thriftbooks.com/api/imagehandler/m/54C3C24072CE73BE2852282A297D099AE52FB67E.jpeg
Go Eat Worms,R.L. Stine,"{""Format:"": ""Paperback"", ""Language:"": ""English"", ""ISBN:"": ""0590477439"", ""ISBN13:"": ""9780590477437"", ""Release Date:"": ""July 1994"", ""Publisher:"": ""Scholastic"", ""Length:"": ""119 Pages"", ""Weight:"": ""0.25 lbs."", ""Dimensions:"": ""0.4\"" x 5.3\"" x 7.6\"""", ""Age Range:"": ""8 to 12 years"", ""Grade Range:"": ""Grades 3 to 7""}",https://i.thriftbooks.com/api/imagehandler/m/5F3FDC9FACBD5AF443916605EC2A1D748C7A7047.jpeg
Anna Dressed in Blood,Kendare Blake,"{""Format:"": ""Hardcover"", ""Language:"": ""English"", ""ISBN:"": ""0765328658"", ""ISBN13:"": ""9780765328656"", ""Release Date:"": ""August 2011"", ""Publisher:"": ""Tor Teen"", ""Length:"": ""320 Pages"", ""Weight:"": ""0.15 lbs."", ""Dimensions:"": ""1.2\"" x 5.7\"" x 8.3\"""", ""Age Range:"": ""12 to 18 years"", ""Grade Range:"": ""Grade 7 to Postsecondary""}",https://i.thriftbooks.com/api/imagehandler/m/8757162DFF777B8CF44D987A4566C641BDF58890.jpeg
Thirst No. 4: The Shadow of Death,Christopher Pike,"{""Format:"": ""Paperback"", ""Language:"": ""English"", ""ISBN:"": ""1442413190"", ""ISBN13:"": ""9781442413191"", ""Release Date:"": ""August 2011"", ""Publisher:"": ""Simon Pulse"", ""Length:"": ""528 Pages"", ""Weight:"": ""1.05 lbs."", ""Dimensions:"": ""1.4\"" x 5.6\"" x 8.2\"""", ""Age Range:"": ""14 to 17 years"", ""Grade Range:"": ""Grades 9 to 12""}",https://i.thriftbooks.com/api/imagehandler/m/B02B6DB0E2BD6C14D04F48540AFAEDA1A8BC2554.jpeg
The Awakening,Kelley Armstrong,"{""Format:"": ""Paperback"", ""Language:"": ""English"", ""ISBN:"": ""0385667590"", ""ISBN13:"": ""9780385667593"", ""Release Date:"": ""June 2011"", ""Publisher:"": ""Doubleday Canada"", ""Length:"": ""360 Pages"", ""Weight:"": ""0.66 lbs."", ""Dimensions:"": ""0.9\"" x 5.2\"" x 7.3\"""", ""Age Range:"": ""12 to 17 years"", ""Grade Range:"": ""Grades 7 to 12""}",https://i.thriftbooks.com/api/imagehandler/m/834CAE54783BB1D7C7E5D3C590BCB3E46E27D694.jpeg
Scavenger Hunt,Christopher Pike,"{""Format:"": ""Mass Market Paperback"", ""Language:"": ""English"", ""ISBN:"": ""0671676563"", ""ISBN13:"": ""9780671676568"", ""Release Date:"": ""July 1989"", ""Publisher:"": ""Simon Pulse"", ""Length:"": ""215 Pages"", ""Weight:"": ""0.35 lbs."", ""Age Range:"": ""12 years and up"", ""Grade Range:"": ""Grade 7 and higher""}",https://m.media-amazon.com/images/I/31LQg73dN+L._SL350_.jpg
Chain Letter,Christopher Pike,"{""Format:"": ""Mass Market Paperback"", ""Language:"": ""English"", ""ISBN:"": ""038089968X"", ""ISBN13:"": ""9780380899685"", ""Release Date:"": ""May 1986"", ""Publisher:"": ""Harper Teen"", ""Length:"": ""192 Pages"", ""Weight:"": ""0.26 lbs."", ""Dimensions:"": ""0.5\"" x 4.2\"" x 6.9\"""", ""Age Range:"": ""12 to 17 years"", ""Grade Range:"": ""Grades 7 to 12""}",https://i.thriftbooks.com/api/imagehandler/m/3114B54BD77203DFD22EB1500AFC11D09A922EFA.jpeg
The Burning (The Fear Street Saga #3),R.L. Stine,"{""Format:"": ""Mass Market Paperback"", ""Language:"": ""English"", ""ISBN:"": ""0671868330"", ""Release Date:"": ""October 1993"", ""Publisher:"": ""Simon Pulse"", ""Length:"": ""192 Pages"", ""Weight:"": ""0.22 lbs."", ""Dimensions:"": ""6.8\"" x 0.3\"" x 4.2\""""}",https://m.media-amazon.com/images/I/41q-sKhS5JL._SL350_.jpg
I Know What You Did Last Summer,Lois Duncan,"{""Format:"": ""Paperback"", ""Language:"": ""English"", ""ISBN:"": ""0440228441"", ""ISBN13:"": ""9780440228448"", ""Release Date:"": ""January 1999"", ""Publisher:"": ""Laurel Leaf"", ""Length:"": ""199 Pages"", ""Weight:"": ""0.10 lbs."", ""Dimensions:"": ""7.0\"" x 0.5\"" x 4.3\""""}",https://i.thriftbooks.com/api/imagehandler/m/4925CBF392180AADB8F2C68E6F701F4915CA623B.jpeg
"The Secret (Fear Street Saga Trilogy, No. 2)",R.L. Stine,"{""Format:"": ""Mass Market Paperback"", ""Language:"": ""English"", ""ISBN:"": ""0671868322"", ""Release Date:"": ""September 1993"", ""Publisher:"": ""Simon Pulse"", ""Length:"": ""160 Pages"", ""Weight:"": ""0.20 lbs."", ""Dimensions:"": ""8.0\"" x 0.5\"" x 5.0\""""}",https://m.media-amazon.com/images/I/51wFgGFihtS._SL350_.jpg
Bad Girls Don't Die,Katie Alender,"{""Format:"": ""Hardcover"", ""Language:"": ""English"", ""ISBN:"": ""1423108760"", ""ISBN13:"": ""9781423108764"", ""Release Date:"": ""April 2009"", ""Publisher:"": ""Little, Brown Books for Young Readers"", ""Length:"": ""352 Pages"", ""Weight:"": ""1.06 lbs."", ""Dimensions:"": ""1.3\"" x 5.5\"" x 8.3\"""", ""Age Range:"": ""12 to 18 years"", ""Grade Range:"": ""Grade 7 to Postsecondary""}",https://i.thriftbooks.com/api/imagehandler/m/9FA842219D12998CF61174BBE1363D64E6B63281.jpeg
"Thirst No. 2: Deepest Desire, Instant Remorse",Christopher Pike,"{""Format:"": ""Paperback"", ""Language:"": ""English"", ""ISBN:"": ""1416983090"", ""Release Date:"": ""January 2010"", ""Publisher:"": ""Simon Pulse"", ""Length:"": ""608 Pages"", ""Weight:"": ""1.15 lbs."", ""Dimensions:"": ""8.3\"" x 1.6\"" x 5.5\""""}",https://m.media-amazon.com/images/I/41cO0VsX-hL._SL350_.jpg
Stepsister,R.L. Stine,"{""Format:"": ""Mass Market Paperback"", ""Language:"": ""English"", ""ISBN:"": ""0671702440"", ""ISBN13:"": ""9780671702441"", ""Release Date:"": ""November 1990"", ""Publisher:"": ""Simon Pulse"", ""Length:"": ""165 Pages"", ""Weight:"": ""0.25 lbs."", ""Dimensions:"": ""0.5\"" x 4.2\"" x 6.8\"""", ""Age Range:"": ""12 years and up"", ""Grade Range:"": ""Grade 7 and higher""}",https://i.thriftbooks.com/api/imagehandler/m/FA7A74B13FF95886B16AD703A72D75DCEDA3697E.jpeg
Vampireville,Ellen Schreiber,"{""Format:"": ""Paperback"", ""Language:"": ""English"", ""ISBN:"": ""0060776277"", ""ISBN13:"": ""9780060776275"", ""Release Date:"": ""July 2007"", ""Publisher:"": ""Harper Teen"", ""Length:"": ""232 Pages"", ""Weight:"": ""0.30 lbs."", ""Dimensions:"": ""0.6\"" x 4.2\"" x 6.8\"""", ""Age Range:"": ""12 to 17 years"", ""Grade Range:"": ""Grades 7 to 12""}",https://i.thriftbooks.com/api/imagehandler/m/EB61075C0966C8A4DE6FCAB6F9737E7C10AE9A9C.jpeg
Spellbound,Christopher Pike,"{""Format:"": ""Mass Market Paperback"", ""Language:"": ""English"", ""ISBN:"": ""0671736817"", ""ISBN13:"": ""9780671736811"", ""Release Date:"": ""December 1990"", ""Publisher:"": ""Simon Pulse"", ""Length:"": ""211 Pages"", ""Weight:"": ""1.32 lbs."", ""Dimensions:"": ""0.7\"" x 4.2\"" x 6.7\"""", ""Age Range:"": ""12 years and up"", ""Grade Range:"": ""Grade 7 and higher""}",https://i.thriftbooks.com/api/imagehandler/m/575F41E807DB704FF6E808AC258DB4B999D70173.jpeg
Solitary: Escape from Furnace 2,Alexander Gordon Smith,"{""Format:"": ""Paperback"", ""Language:"": ""English"", ""ISBN:"": ""0312674767"", ""Release Date:"": ""July 2011"", ""Publisher:"": ""Square Fish"", ""Length:"": ""256 Pages"", ""Weight:"": ""0.57 lbs."", ""Dimensions:"": ""8.2\"" x 0.7\"" x 5.5\""""}",https://m.media-amazon.com/images/I/51XTHq5vlWL._SL350_.jpg
The Wrong Number: Volume 5,R.L. Stine,"{""Format:"": ""Mass Market Paperback"", ""Language:"": ""English"", ""ISBN:"": ""0671694111"", ""ISBN13:"": ""9780671694111"", ""Release Date:"": ""March 1990"", ""Publisher:"": ""Simon Pulse"", ""Length:"": ""176 Pages"", ""Weight:"": ""0.20 lbs."", ""Dimensions:"": ""0.5\"" x 4.5\"" x 7.0\"""", ""Age Range:"": ""12 to 17 years"", ""Grade Range:"": ""Grades 7 to 12""}",https://i.thriftbooks.com/api/imagehandler/m/78673090248DE559FBC9D76F60FA42368F01F94E.jpeg
Tunnels of Blood,Darren Shan,"{""Format:"": ""Hardcover"", ""Language:"": ""English"", ""ISBN:"": ""0316607630"", ""ISBN13:"": ""9780316607636"", ""Release Date:"": ""April 2002"", ""Publisher:"": ""Little, Brown Books for Young Readers"", ""Length:"": ""229 Pages"", ""Weight:"": ""3.65 lbs."", ""Dimensions:"": ""0.9\"" x 5.8\"" x 8.6\"""", ""Age Range:"": ""10 to 13 years"", ""Grade Range:"": ""Grades 5 to 8""}",https://i.thriftbooks.com/api/imagehandler/m/7D1A6EF1A96E8E4E43684DB834E579C10B7532EE.jpeg
"Missing (Fear Street, No. 4)",R.L. Stine,"{""Format:"": ""Paperback"", ""Language:"": ""English"", ""ISBN:"": ""0671694103"", ""Release Date:"": ""May 1990"", ""Publisher:"": ""Pocket Books"", ""Length:"": ""168 Pages"", ""Weight:"": ""0.20 lbs."", ""Dimensions:"": ""6.5\"" x 0.3\"" x 4.3\""""}",https://m.media-amazon.com/images/I/5159WQRRFDL._SL350_.jpg
"The First Evil (Fear Street Cheerleaders, No. 1)",R.L. Stine,"{""Format:"": ""Mass Market Paperback"", ""Language:"": ""English"", ""ISBN:"": ""0671751174"", ""Release Date:"": ""August 1992"", ""Publisher:"": ""Simon Pulse"", ""Length:"": ""176 Pages"", ""Weight:"": ""0.21 lbs."", ""Dimensions:"": ""7.0\"" x 0.5\"" x 4.1\""""}",https://m.media-amazon.com/images/I/519KD9Oz3JL._SL350_.jpg
Vampire Mountain,Darren Shan,"{""Format:"": ""Hardcover"", ""Language:"": ""English"", ""ISBN:"": ""0316608068"", ""ISBN13:"": ""9780316608060"", ""Release Date:"": ""September 2002"", ""Publisher:"": ""Little, Brown Books for Young Readers"", ""Length:"": ""199 Pages"", ""Weight:"": ""0.80 lbs."", ""Dimensions:"": ""0.8\"" x 5.8\"" x 8.8\"""", ""Age Range:"": ""10 to 13 years"", ""Grade Range:"": ""Grades 5 to 8""}",https://i.thriftbooks.com/api/imagehandler/m/3C6ED74AEF356D13C3CC4C3E364BBA8E1B644AA3.jpeg
Time for Andrew: A Ghost Story,Mary Downing Hahn,"{""Format:"": ""Hardcover"", ""Language:"": ""English"", ""ISBN:"": ""0395665566"", ""ISBN13:"": ""9780395665565"", ""Release Date:"": ""March 1994"", ""Publisher:"": ""Clarion Books"", ""Length:"": ""176 Pages"", ""Weight:"": ""0.83 lbs."", ""Dimensions:"": ""0.8\"" x 5.8\"" x 8.5\"""", ""Age Range:"": ""12 years and up"", ""Grade Range:"": ""Grade 7 and higher""}",https://i.thriftbooks.com/api/imagehandler/m/BE4F4C2C9AF5573EF4A9DBA4B403D7274B299F89.jpeg
The Last Apprentice: Curse of the Bane (Book 2),Joseph Delaney,"{""Format:"": ""Hardcover"", ""Language:"": ""English"", ""ISBN:"": ""0060766212"", ""ISBN13:"": ""9780060766214"", ""Release Date:"": ""August 2006"", ""Publisher:"": ""Greenwillow Books"", ""Length:"": ""480 Pages"", ""Weight:"": ""1.35 lbs."", ""Dimensions:"": ""1.6\"" x 6.3\"" x 7.7\"""", ""Age Range:"": ""13 years and up"", ""Grade Range:"": ""Grade 8 and higher""}",https://i.thriftbooks.com/api/imagehandler/m/D8077D0E71BE80654BC457ED877528C3CBC60CF3.jpeg
Trick or Treat,Richie Tankersley Cusick,"{""Format:"": ""Mass Market Paperback"", ""Language:"": ""English"", ""ISBN:"": ""0590424564"", ""ISBN13:"": ""9780590424561"", ""Release Date:"": ""January 1989"", ""Publisher:"": ""Scholastic"", ""Length:"": ""209 Pages"", ""Weight:"": ""0.25 lbs."", ""Age Range:"": ""12 years and up"", ""Grade Range:"": ""Grade 7 and higher""}",https://m.media-amazon.com/images/I/51cvnu20kgL._SL350_.jpg
Invincible: The Chronicles of Nick,Sherrilyn Kenyon,"{""Format:"": ""Hardcover"", ""Language:"": ""English"", ""ISBN:"": ""0312599064"", ""ISBN13:"": ""9780312599065"", ""Release Date:"": ""March 2011"", ""Publisher:"": ""St. Martin's Griffin"", ""Length:"": ""432 Pages"", ""Weight:"": ""1.15 lbs."", ""Dimensions:"": ""1.6\"" x 6.3\"" x 9.0\"""", ""Age Range:"": ""12 to 18 years"", ""Grade Range:"": ""Grade 7 to Postsecondary""}",https://i.thriftbooks.com/api/imagehandler/m/8A1E29610F813C96267D338F4ACBC205C4AF3DAB.jpeg
Third Evil,R.L. Stine,"{""Format:"": ""Mass Market Paperback"", ""Language:"": ""English"", ""ISBN:"": ""0671751190"", ""ISBN13:"": ""9780671751197"", ""Release Date:"": ""October 1992"", ""Publisher:"": ""Simon Pulse"", ""Length:"": ""165 Pages"", ""Weight:"": ""0.20 lbs."", ""Dimensions:"": ""0.5\"" x 4.2\"" x 6.8\"""", ""Age Range:"": ""12 to 17 years"", ""Grade Range:"": ""Grades 7 to 12""}",https://i.thriftbooks.com/api/imagehandler/m/139D64659BDDA2FC65093186EA8439B05EA0F0D2.jpeg
The Enemy,Charlie Higson,"{""Format:"": ""Hardcover"", ""Language:"": ""English"", ""ISBN:"": ""1423131754"", ""ISBN13:"": ""9781423131755"", ""Release Date:"": ""May 2010"", ""Publisher:"": ""Little, Brown Books for Young Readers"", ""Length:"": ""448 Pages"", ""Weight:"": ""1.40 lbs."", ""Dimensions:"": ""1.5\"" x 6.0\"" x 8.6\"""", ""Age Range:"": ""13 to 17 years"", ""Grade Range:"": ""Grades 8 to 12""}",https://i.thriftbooks.com/api/imagehandler/m/AB56647C3815E19AD6FA8F8EBE056A411428FF12.jpeg
Thirst No. 3: The Eternal Dawn (3),Christopher Pike,"{""Format:"": ""Paperback"", ""Language:"": ""English"", ""ISBN:"": ""1442413174"", ""Release Date:"": ""October 2010"", ""Publisher:"": ""Simon Pulse"", ""Length:"": ""512 Pages"", ""Weight:"": ""1.00 lbs."", ""Dimensions:"": ""8.3\"" x 1.2\"" x 5.5\""""}",https://m.media-amazon.com/images/I/41aDBDiX4AL._SL350_.jpg
The Monstrumologist: Volume 1,Rick Yancey,"{""Format:"": ""Hardcover"", ""Language:"": ""English"", ""ISBN:"": ""1416984488"", ""ISBN13:"": ""9781416984481"", ""Release Date:"": ""September 2009"", ""Publisher:"": ""Simon & Schuster Books for Young Readers"", ""Length:"": ""448 Pages"", ""Weight:"": ""1.20 lbs."", ""Dimensions:"": ""1.4\"" x 6.3\"" x 8.5\"""", ""Age Range:"": ""14 to 17 years"", ""Grade Range:"": ""Grades 9 to 12""}",https://i.thriftbooks.com/api/imagehandler/m/81823D21E8AA2EB09D9AE17F50917E8C3006BCB1.jpeg
The Secret Bedroom,R.L. Stine,"{""Format:"": ""Mass Market Paperback"", ""Language:"": ""English"", ""ISBN:"": ""0671724835"", ""ISBN13:"": ""9780671724832"", ""Release Date:"": ""September 1991"", ""Publisher:"": ""Simon Pulse"", ""Length:"": ""167 Pages"", ""Weight:"": ""0.31 lbs."", ""Dimensions:"": ""0.5\"" x 4.2\"" x 6.8\"""", ""Age Range:"": ""12 years and up"", ""Grade Range:"": ""Grade 7 and higher""}",https://i.thriftbooks.com/api/imagehandler/m/56384A0B2ACC27F15CFA2C3E857E94A287085754.jpeg
Silent Night: A Christmas Suspense Story,R.L. Stine,"{""Format:"": ""Paperback"", ""Language:"": ""English"", ""ISBN:"": ""0671738224"", ""ISBN13:"": ""9780671738228"", ""Release Date:"": ""November 1991"", ""Publisher:"": ""Simon Pulse"", ""Length:"": ""208 Pages"", ""Weight:"": ""0.25 lbs."", ""Dimensions:"": ""0.5\"" x 5.1\"" x 8.0\"""", ""Age Range:"": ""12 to 17 years"", ""Grade Range:"": ""Grades 7 to 12""}",https://i.thriftbooks.com/api/imagehandler/m/18E5247EDE94C751E359973BB12FAA4D089A1553.jpeg
Weekend,Christopher Pike,"{""Format:"": ""Paperback"", ""Language:"": ""English"", ""ISBN:"": ""0590442562"", ""Release Date:"": ""September 2004"", ""Publisher:"": ""Scholastic Paperbacks"", ""Length:"": ""240 Pages"", ""Weight:"": ""0.30 lbs."", ""Dimensions:"": ""6.8\"" x 1.0\"" x 4.0\""""}",https://m.media-amazon.com/images/I/41suxv0GG4L._SL350_.jpg
Beach House,R.L. Stine,"{""Format:"": ""Mass Market Paperback"", ""Language:"": ""English"", ""ISBN:"": ""0590453866"", ""ISBN13:"": ""9780590453868"", ""Release Date:"": ""August 1992"", ""Publisher:"": ""Scholastic Paperbacks"", ""Length:"": ""210 Pages"", ""Weight:"": ""0.23 lbs."", ""Dimensions:"": ""0.7\"" x 4.2\"" x 6.8\"""", ""Age Range:"": ""12 to 17 years"", ""Grade Range:"": ""Grades 7 to 12""}",https://i.thriftbooks.com/api/imagehandler/m/F59327FDC01D07F2F2755A2A67312574826A82C5.jpeg
Lord Loss,Darren Shan,"{""Format:"": ""Paperback"", ""Language:"": ""English"", ""ISBN:"": ""0316012335"", ""ISBN13:"": ""9780316012331"", ""Release Date:"": ""May 2006"", ""Publisher:"": ""Little, Brown Books for Young Readers"", ""Length:"": ""240 Pages"", ""Weight:"": ""0.55 lbs."", ""Dimensions:"": ""0.6\"" x 5.5\"" x 8.3\"""", ""Age Range:"": ""12 to 17 years"", ""Grade Range:"": ""Grades 7 to 12""}",https://i.thriftbooks.com/api/imagehandler/m/78B0FDE765D85801107B1D474236F54972382885.jpeg
Bad Dreams,R.L. Stine,"{""Format:"": ""Paperback"", ""Language:"": ""English"", ""ISBN:"": ""0671785699"", ""ISBN13:"": ""9780671785697"", ""Release Date:"": ""March 1994"", ""Publisher:"": ""Simon Pulse"", ""Length:"": ""160 Pages"", ""Weight:"": ""0.20 lbs."", ""Dimensions:"": ""0.5\"" x 4.1\"" x 6.8\"""", ""Age Range:"": ""12 to 17 years"", ""Grade Range:"": ""Grades 7 to 12""}",https://i.thriftbooks.com/api/imagehandler/m/2A51C1422B97984B3DC22D1B4253D8F84DA0502B.jpeg
"The Cheater (Fear Street, No. 18)",R.L. Stine,"{""Format:"": ""Paperback"", ""Language:"": ""English"", ""ISBN:"": ""0671738674"", ""Release Date:"": ""April 1993"", ""Publisher:"": ""Simon Pulse"", ""Length:"": ""152 Pages"", ""Weight:"": ""0.20 lbs."", ""Dimensions:"": ""8.0\"" x 0.4\"" x 5.0\""""}",https://m.media-amazon.com/images/I/416DcBMbqXL._SL350_.jpg
The Last Apprentice: Night of the Soul Stealer (Book 3),Joseph Delaney,"{""Format:"": ""Hardcover"", ""Language:"": ""English"", ""ISBN:"": ""0060766247"", ""ISBN13:"": ""9780060766245"", ""Release Date:"": ""August 2007"", ""Publisher:"": ""Greenwillow Books"", ""Length:"": ""512 Pages"", ""Weight:"": ""1.54 lbs."", ""Dimensions:"": ""1.5\"" x 6.0\"" x 7.8\"""", ""Age Range:"": ""13 years and up"", ""Grade Range:"": ""Grade 8 and higher""}",https://i.thriftbooks.com/api/imagehandler/m/3E3420249DBA6CC3F70A847B249A5DB5FF5B6F07.jpeg
Death Sentence,Alexander Gordon Smith,"{""Format:"": ""Paperback"", ""Language:"": ""English"", ""ISBN:"": ""0312674414"", ""ISBN13:"": ""9780312674410"", ""Release Date:"": ""February 2012"", ""Publisher:"": ""Square Fish"", ""Length:"": ""288 Pages"", ""Weight:"": ""0.60 lbs."", ""Dimensions:"": ""0.9\"" x 5.4\"" x 8.2\"""", ""Age Range:"": ""12 to 17 years"", ""Grade Range:"": ""Grades 7 to 12""}",https://i.thriftbooks.com/api/imagehandler/m/2E82AA9F8095C4EA9DB13675E2F0F36574FAC01B.jpeg
The Last Apprentice: Attack of the Fiend (Book 4),Joseph Delaney,"{""Format:"": ""Hardcover"", ""Language:"": ""English"", ""ISBN:"": ""0060891270"", ""ISBN13:"": ""9780060891275"", ""Release Date:"": ""February 2008"", ""Publisher:"": ""Greenwillow Books"", ""Length:"": ""560 Pages"", ""Weight:"": ""1.60 lbs."", ""Dimensions:"": ""1.6\"" x 6.0\"" x 7.8\"""", ""Age Range:"": ""13 years and up"", ""Grade Range:"": ""Grade 8 and higher""}",https://i.thriftbooks.com/api/imagehandler/m/57CE5D76C86B2D6FA487CBC07208F0AD13331D56.jpeg
"Days of Magic, Nights of War",Clive Barker,"{""Format:"": ""Hardcover"", ""Language:"": ""English"", ""ISBN:"": ""0060291702"", ""ISBN13:"": ""9780060291709"", ""Release Date:"": ""September 2004"", ""Publisher:"": ""HarperCollins"", ""Length:"": ""512 Pages"", ""Weight:"": ""2.55 lbs."", ""Dimensions:"": ""1.3\"" x 6.1\"" x 9.3\"""", ""Age Range:"": ""13 years and up"", ""Grade Range:"": ""Grade 8 and higher""}",https://i.thriftbooks.com/api/imagehandler/m/81EDF329C8799BF5B85E6D15A049B393357292D2.jpeg
New Girl,R.L. Stine,"{""Format:"": ""Mass Market Paperback"", ""Language:"": ""English"", ""ISBN:"": ""0671746499"", ""ISBN13:"": ""9780671746490"", ""Release Date:"": ""August 1991"", ""Publisher:"": ""Simon Pulse"", ""Length:"": ""168 Pages"", ""Weight:"": ""0.20 lbs."", ""Dimensions:"": ""0.5\"" x 4.2\"" x 6.8\"""", ""Age Range:"": ""12 years and up"", ""Grade Range:"": ""Grade 7 and higher""}",https://i.thriftbooks.com/api/imagehandler/m/8947F0C88436D8F9DDB3895430193487461D2942.jpeg
Betrayed,P.C. Cast,"{""Format:"": ""Hardcover"", ""Language:"": ""English"", ""ISBN:"": ""0312596294"", ""ISBN13:"": ""9780312596293"", ""Release Date:"": ""September 2009"", ""Publisher:"": ""St. Martin's Press"", ""Length:"": ""320 Pages"", ""Weight:"": ""0.90 lbs."", ""Dimensions:"": ""1.1\"" x 6.3\"" x 8.5\"""", ""Age Range:"": ""12 to 18 years"", ""Grade Range:"": ""Grade 7 to Postsecondary""}",https://i.thriftbooks.com/api/imagehandler/m/22FC5FC7494DBF05323D296D92092A1D7536EF90.jpeg
Vampire Academy,Richelle Mead,"{""Format:"": ""Paperback"", ""Language:"": ""English"", ""ISBN:"": ""159514174X"", ""Release Date:"": ""January 2007"", ""Publisher:"": ""Razorbill"", ""Length:"": ""352 Pages"", ""Weight:"": ""0.92 lbs."", ""Dimensions:"": ""8.2\"" x 0.9\"" x 5.4\""""}",https://m.media-amazon.com/images/I/41sm1Sz0eGL._SL350_.jpg
Frostbite: A Vampire Academy Novel,Richelle Mead,"{""Format:"": ""Paperback"", ""Language:"": ""English"", ""ISBN:"": ""1595141758"", ""ISBN13:"": ""9781595141750"", ""Release Date:"": ""April 2008"", ""Publisher:"": ""Razorbill"", ""Length:"": ""352 Pages"", ""Weight:"": ""0.79 lbs."", ""Dimensions:"": ""1.0\"" x 5.6\"" x 8.3\"""", ""Age Range:"": ""12 years and up"", ""Grade Range:"": ""Grade 7 and higher""}",https://i.thriftbooks.com/api/imagehandler/m/90724E19AADEE422FEFE4F9034B755B21780F5BD.jpeg
Shadow Kiss: A Vampire Academy Novel,Richelle Mead,"{""Format:"": ""Paperback"", ""Language:"": ""English"", ""ISBN:"": ""1595141979"", ""ISBN13:"": ""9781595141972"", ""Release Date:"": ""January 2008"", ""Publisher:"": ""Razorbill"", ""Length:"": ""464 Pages"", ""Weight:"": ""0.36 lbs."", ""Dimensions:"": ""1.1\"" x 5.5\"" x 8.2\"""", ""Age Range:"": ""12 years and up"", ""Grade Range:"": ""Grade 7 and higher""}",https://i.thriftbooks.com/api/imagehandler/m/0B211C7EE1B9C690DE13AEEA2F2F1978F4B4E966.jpeg
We Have Always Lived in the Castle-popular Library #M204 Paperback,Shirley Jackson,"{""Format:"": ""Mass Market Paperback"", ""Language:"": ""English"", ""ISBN:"": ""B0108UZE5C"", ""Release Date:"": ""January 1963"", ""Weight:"": ""0.45 lbs.""}",https://m.media-amazon.com/images/I/51fb3tAtbhL._SL350_.jpg
Torment,Lauren Kate,"{""Format:"": ""Paperback"", ""Language:"": ""English"", ""ISBN:"": ""038573915X"", ""ISBN13:"": ""9780385739153"", ""Release Date:"": ""June 2011"", ""Publisher:"": ""Ember"", ""Length:"": ""480 Pages"", ""Weight:"": ""1.00 lbs."", ""Dimensions:"": ""1.1\"" x 5.6\"" x 8.2\"""", ""Age Range:"": ""12 years and up"", ""Grade Range:"": ""Grade 7 and higher""}",https://i.thriftbooks.com/api/imagehandler/m/F7B14375DA433F7F3FC30BC2ADDC95A62CA49677.jpeg
Passion,Lauren Kate,"{""Format:"": ""Hardcover"", ""Language:"": ""English"", ""ISBN:"": ""0385739168"", ""ISBN13:"": ""9780385739160"", ""Release Date:"": ""June 2011"", ""Publisher:"": ""Delacorte Press"", ""Length:"": ""432 Pages"", ""Weight:"": ""0.55 lbs."", ""Dimensions:"": ""1.4\"" x 5.8\"" x 8.6\"""", ""Age Range:"": ""12 years and up"", ""Grade Range:"": ""Grade 7 and higher""}",https://i.thriftbooks.com/api/imagehandler/m/3B3B55F99AD8D8075F37EF4C7B0A4692A06B8BE7.jpeg
The Vampire Diaries: The Awakening and the Struggle,L.J. Smith,"{""Format:"": ""Paperback"", ""Language:"": ""English"", ""ISBN:"": ""006114097X"", ""ISBN13:"": ""9780061140976"", ""Release Date:"": ""May 2022"", ""Publisher:"": ""Harperteen"", ""Length:"": ""512 Pages"", ""Weight:"": ""0.85 lbs."", ""Dimensions:"": ""1.3\"" x 5.3\"" x 7.9\"""", ""Age Range:"": ""14 years and up"", ""Grade Range:"": ""Grade 9 and higher""}",https://i.thriftbooks.com/api/imagehandler/m/213DF7E7285A241C878445EF233E9C309CFD136E.jpeg
Blood Canticle: The Vampire Chronicles,Anne Rice,"{""Format:"": ""Hardcover"", ""Language:"": ""English"", ""ISBN:"": ""0676975976"", ""ISBN13:"": ""9780676975970"", ""Release Date:"": ""October 2003"", ""Publisher:"": ""Knopf Canada"", ""Length:"": ""320 Pages"", ""Weight:"": ""1.48 lbs.""}",https://i.thriftbooks.com/api/imagehandler/m/6526D1812BB24EA36AC48D420BE2F252B95F2135.jpeg
Storm of the Century,Stephen King,"{""Format:"": ""Paperback"", ""Language:"": ""English"", ""ISBN:"": ""067103264X"", ""ISBN13:"": ""9780671032647"", ""Release Date:"": ""February 1999"", ""Publisher:"": ""Scribner Book Company"", ""Length:"": ""400 Pages"", ""Weight:"": ""1.15 lbs."", ""Dimensions:"": ""1.1\"" x 6.1\"" x 9.2\""""}",https://i.thriftbooks.com/api/imagehandler/m/2DA61240A403F43AFAE1C554AEC23D8915F6F005.jpeg
Escape from the Carnival of Horrors,R.L. Stine,"{""Format:"": ""Paperback"", ""Language:"": ""English"", ""ISBN:"": ""0590553232"", ""ISBN13:"": ""9780590553230"", ""Release Date:"": ""July 1995"", ""Publisher:"": ""Scholastic"", ""Length:"": ""135 Pages"", ""Weight:"": ""0.35 lbs."", ""Dimensions:"": ""0.4\"" x 5.2\"" x 7.5\"""", ""Age Range:"": ""8 to 12 years"", ""Grade Range:"": ""Grades 3 to 7""}",https://i.thriftbooks.com/api/imagehandler/m/9065B7A2E79C24C2890FCAFEBC4FCD5908EAE1AF.jpeg
"Hunger (Gone, 2)",Michael Grant,"{""Format:"": ""Paperback"", ""Language:"": ""English"", ""ISBN:"": ""0061449083"", ""Release Date:"": ""April 2014"", ""Publisher:"": ""Katherine Tegen Books"", ""Length:"": ""608 Pages"", ""Weight:"": ""1.03 lbs."", ""Dimensions:"": ""8.0\"" x 1.5\"" x 5.5\""""}",https://m.media-amazon.com/images/I/41AUXCHB3dL._SL350_.jpg
The Fury and Dark Reunion (The Vampire Diaries),L.J. Smith,"{""Format:"": ""Paperback"", ""Language:"": ""English"", ""ISBN:"": ""0061140988"", ""Release Date:"": ""December 2007"", ""Publisher:"": ""HarperTeen"", ""Length:"": ""528 Pages"", ""Weight:"": ""1.00 lbs."", ""Dimensions:"": ""7.9\"" x 5.3\"" x 1.5\""""}",https://m.media-amazon.com/images/I/41edaQMYKuL._SL350_.jpg
The Woman in Black: A Ghost Story,Susan Hill,"{""Format:"": ""Paperback"", ""Language:"": ""English"", ""ISBN:"": ""1567921892"", ""ISBN13:"": ""9781567921892"", ""Release Date:"": ""December 2001"", ""Publisher:"": ""David R. Godine Publisher"", ""Length:"": ""144 Pages"", ""Weight:"": ""0.45 lbs."", ""Dimensions:"": ""0.4\"" x 5.6\"" x 8.6\"""", ""Age Range:"": ""13 to 17 years"", ""Grade Range:"": ""Grades 8 to 12""}",https://i.thriftbooks.com/api/imagehandler/m/89E45902A564AF35A54A55E414E38EC1B9677E09.jpeg
"The Darkest Powers Series, Book 1: The Summoning",Kelley Armstrong,"{""Format:"": ""Paperback"", ""Language:"": ""English"", ""ISBN:"": ""0385665342"", ""ISBN13:"": ""9780385665346"", ""Release Date:"": ""January 2008"", ""Publisher:"": ""Doubleday Canada"", ""Length:"": ""400 Pages"", ""Weight:"": ""0.95 lbs."", ""Dimensions:"": ""1.0\"" x 5.6\"" x 8.2\"""", ""Age Range:"": ""12 years and up"", ""Grade Range:"": ""Grade 7 and higher""}",https://i.thriftbooks.com/api/imagehandler/m/175AB95D019872709C33727456BF522854C11627.jpeg
A Cirque Du Freak: A Living Nightmare,Darren Shan,"{""Format:"": ""Paperback"", ""Language:"": ""English"", ""ISBN:"": ""0316605107"", ""ISBN13:"": ""9780316605106"", ""Release Date:"": ""June 2002"", ""Publisher:"": ""Little, Brown Books for Young Readers"", ""Length:"": ""272 Pages"", ""Weight:"": ""0.56 lbs."", ""Dimensions:"": ""0.8\"" x 5.5\"" x 8.3\"""", ""Age Range:"": ""13 to 17 years"", ""Grade Range:"": ""Grades 8 to 12""}",https://i.thriftbooks.com/api/imagehandler/m/42731472B6746432AA7B257CED4E284ECFE5AECC.jpeg
Night World No. 2: Dark Angel; The Chosen; Soulmate (2),L.J. Smith,"{""Format:"": ""Paperback"", ""Language:"": ""English"", ""ISBN:"": ""1416974512"", ""Release Date:"": ""November 2008"", ""Publisher:"": ""Simon Pulse"", ""Length:"": ""688 Pages"", ""Weight:"": ""1.11 lbs."", ""Dimensions:"": ""8.3\"" x 1.6\"" x 5.5\""""}",https://m.media-amazon.com/images/I/41vRx9n+XDL._SL350_.jpg
Nightfall,L.J. Smith,"{""Format:"": ""Paperback"", ""Language:"": ""English"", ""ISBN:"": ""0061720801"", ""ISBN13:"": ""9780061720802"", ""Release Date:"": ""March 2010"", ""Publisher:"": ""Harperteen"", ""Length:"": ""608 Pages"", ""Weight:"": ""1.05 lbs."", ""Dimensions:"": ""1.4\"" x 5.3\"" x 8.1\"""", ""Age Range:"": ""14 years and up"", ""Grade Range:"": ""Grade 9 and higher""}",https://i.thriftbooks.com/api/imagehandler/m/C774764BA970B84C68579C98BB0B8491A252522C.jpeg
The Old Willis Place: A Ghost Story,Mary Downing Hahn,"{""Format:"": ""Paperback"", ""Language:"": ""English"", ""ISBN:"": ""0618897410"", ""ISBN13:"": ""9780618897414"", ""Release Date:"": ""August 2007"", ""Publisher:"": ""Clarion Books"", ""Length:"": ""216 Pages"", ""Weight:"": ""0.35 lbs."", ""Dimensions:"": ""0.7\"" x 5.0\"" x 7.6\"""", ""Age Range:"": ""10 to 12 years"", ""Grade Range:"": ""Grades 5 to 7""}",https://i.thriftbooks.com/api/imagehandler/m/FB712979DCAB651CD2C777FD8FBCD9AB32D2A04B.jpeg
The Vampire Diaries: The Awakening,L.J. Smith,"{""Format:"": ""Paperback"", ""Language:"": ""English"", ""ISBN:"": ""0061963860"", ""ISBN13:"": ""9780061963865"", ""Release Date:"": ""August 2009"", ""Publisher:"": ""Harperteen"", ""Length:"": ""272 Pages"", ""Weight:"": ""0.50 lbs."", ""Dimensions:"": ""0.6\"" x 5.3\"" x 8.0\"""", ""Age Range:"": ""14 years and up"", ""Grade Range:"": ""Grade 9 and higher""}",https://i.thriftbooks.com/api/imagehandler/m/710B330D5BEFBEB17F00CC3FD9B1FD7E80AD3B66.jpeg
