Book Name,Authors,Info,Image URL
"The Devil in the White City: Murder, Magic, and Madness at the Fair That Changed America",Erik Larson,"{""Format:"": ""Paperback"", ""Language:"": ""English"", ""ISBN:"": ""0375725601"", ""Release Date:"": ""February 2004"", ""Publisher:"": ""Knopf Doubleday Publishing Group"", ""Length:"": ""447 Pages"", ""Weight:"": ""0.91 lbs."", ""Dimensions:"": ""8.0\"" x 0.9\"" x 5.2\""""}",https://m.media-amazon.com/images/I/41u4GelLu-L._SL350_.jpg
In Cold Blood,Truman Capote,"{""Format:"": ""Paperback"", ""Language:"": ""English"", ""ISBN:"": ""0679745580"", ""ISBN13:"": ""9780679745587"", ""Release Date:"": ""February 1994"", ""Publisher:"": ""Vintage"", ""Length:"": ""368 Pages"", ""Weight:"": ""0.78 lbs."", ""Dimensions:"": ""0.9\"" x 5.1\"" x 7.9\""""}",https://i.thriftbooks.com/api/imagehandler/m/4E397C3C0A1FDCED4F56FD1FC1D53D0E15F6DCBD.jpeg
Midnight in the Garden of Good and Evil: A Savannah Story,John Berendt,"{""Format:"": ""Paperback"", ""Language:"": ""English"", ""ISBN:"": ""0679751521"", ""Release Date:"": ""June 1999"", ""Publisher:"": ""Vintage"", ""Length:"": ""400 Pages"", ""Weight:"": ""0.78 lbs."", ""Dimensions:"": ""8.0\"" x 0.9\"" x 5.2\""""}",https://m.media-amazon.com/images/I/51pf1kjr2ZL._SL350_.jpg
Under the Banner of Heaven: A Story of Violent Faith,Jon Krakauer,"{""Format:"": ""Paperback"", ""Language:"": ""English"", ""ISBN:"": ""1400032806"", ""ISBN13:"": ""9781400032808"", ""Release Date:"": ""June 2004"", ""Publisher:"": ""Anchor Books"", ""Length:"": ""432 Pages"", ""Weight:"": ""0.72 lbs."", ""Dimensions:"": ""0.9\"" x 5.2\"" x 8.0\""""}",https://i.thriftbooks.com/api/imagehandler/m/40E4A6FA70DC171C46DF06B4FD7F23E813420DB2.jpeg
Thunderstruck,Erik Larson,"{""Format:"": ""Paperback"", ""Language:"": ""English"", ""ISBN:"": ""1400080673"", ""Release Date:"": ""September 2007"", ""Publisher:"": ""Crown"", ""Length:"": ""480 Pages"", ""Weight:"": ""1.82 lbs."", ""Dimensions:"": ""8.0\"" x 1.0\"" x 5.2\""""}",https://m.media-amazon.com/images/I/41ED0cRkiLL._SL350_.jpg
Mindhunter: Inside the FBI's Elite Serial Crime Unit,John E. Douglas,"{""Format:"": ""Hardcover"", ""Language:"": ""English"", ""ISBN:"": ""0684803763"", ""ISBN13:"": ""9780684803760"", ""Release Date:"": ""October 1995"", ""Publisher:"": ""Pocket Books"", ""Length:"": ""384 Pages"", ""Weight:"": ""1.48 lbs."", ""Dimensions:"": ""1.1\"" x 6.4\"" x 9.6\""""}",https://i.thriftbooks.com/api/imagehandler/m/59C65E69BA17D13CCDC151603F54828877EF24CF.jpeg
The Innocent Man,John Grisham,"{""Format:"": ""Mass Market Paperback"", ""Language:"": ""English"", ""ISBN:"": ""0440243831"", ""Release Date:"": ""November 2007"", ""Publisher:"": ""Dell"", ""Length:"": ""448 Pages"", ""Weight:"": ""0.55 lbs."", ""Dimensions:"": ""6.9\"" x 1.2\"" x 4.2\""""}",https://m.media-amazon.com/images/I/41Q7HQP-GHL._SL350_.jpg
Columbine,Dave Cullen,"{""Format:"": ""Paperback"", ""Language:"": ""English"", ""ISBN:"": ""0446546925"", ""ISBN13:"": ""9780446546928"", ""Release Date:"": ""March 2010"", ""Publisher:"": ""Twelve"", ""Length:"": ""496 Pages"", ""Weight:"": ""1.13 lbs."", ""Dimensions:"": ""1.3\"" x 6.0\"" x 9.0\""""}",https://i.thriftbooks.com/api/imagehandler/m/96BFD1F72ACADCC08E9093825B12BC674F6EBF57.jpeg
The Stranger Beside Me (Revised and Updated): 20th Anniversary,Ann Rule,"{""Format:"": ""Mass Market Paperback"", ""Language:"": ""English"", ""ISBN:"": ""0451203267"", ""ISBN13:"": ""9780451203267"", ""Release Date:"": ""June 2001"", ""Publisher:"": ""Signet Book"", ""Length:"": ""548 Pages"", ""Weight:"": ""0.65 lbs."", ""Dimensions:"": ""1.3\"" x 4.2\"" x 6.9\""""}",https://i.thriftbooks.com/api/imagehandler/m/A80FE59B301A78896B13A08222AAB645D537D328.jpeg
Helter Skelter: The True Story of the Manson Murders,Vincent Bugliosi,"{""Format:"": ""Paperback"", ""Language:"": ""English"", ""ISBN:"": ""0393322238"", ""ISBN13:"": ""9780393322231"", ""Release Date:"": ""December 2001"", ""Publisher:"": ""W. W. Norton & Company"", ""Length:"": ""736 Pages"", ""Weight:"": ""0.80 lbs."", ""Dimensions:"": ""1.4\"" x 5.4\"" x 8.2\""""}",https://i.thriftbooks.com/api/imagehandler/m/A070DDBF0D0F16BB62A265E3EC36E841E1440990.jpeg
The Burning of Bridget Cleary: A True Story,Angela Bourke,"{""Format:"": ""Hardcover"", ""Language:"": ""English"", ""ISBN:"": ""067089270X"", ""ISBN13:"": ""9780670892709"", ""Release Date:"": ""August 2000"", ""Publisher:"": ""Viking Books"", ""Length:"": ""279 Pages"", ""Weight:"": ""1.10 lbs."", ""Dimensions:"": ""1.1\"" x 5.8\"" x 8.1\""""}",https://i.thriftbooks.com/api/imagehandler/m/DE04449693FCED79E9E405CA1255DBD065783FEF.jpeg
The Bone Lady: Life as a Forensic Anthropologist,Mary H. Manhein,"{""Format:"": ""Paperback"", ""Language:"": ""English"", ""ISBN:"": ""014029192X"", ""ISBN13:"": ""9780140291926"", ""Release Date:"": ""July 2000"", ""Publisher:"": ""Penguin Publishing Group"", ""Length:"": ""160 Pages"", ""Weight:"": ""1.10 lbs."", ""Dimensions:"": ""0.4\"" x 5.1\"" x 7.7\"""", ""Age Range:"": ""18 years and up"", ""Grade Range:"": ""Postsecondary and higher""}",https://i.thriftbooks.com/api/imagehandler/m/97BBE4FDA49661A7A6ED8C930B7EB92D51823C7B.jpeg
"The Beautiful Cigar Girl: Mary Rogers, Edgar Allan Poe, and the Invention of Murder",Daniel Stashower,"{""Format:"": ""Hardcover"", ""Language:"": ""English"", ""ISBN:"": ""052594981X"", ""ISBN13:"": ""9780525949817"", ""Release Date:"": ""October 2006"", ""Publisher:"": ""Dutton Books"", ""Length:"": ""326 Pages"", ""Weight:"": ""0.95 lbs."", ""Dimensions:"": ""1.1\"" x 6.6\"" x 9.3\"""", ""Age Range:"": ""14 years and up"", ""Grade Range:"": ""Grade 9 and higher""}",https://i.thriftbooks.com/api/imagehandler/m/6F547421533A0DA9FAEB5ED94F77220F25C9F396.jpeg
The Murder of Napoleon,Ben Weider,"{""Format:"": ""Hardcover"", ""Language:"": ""English"", ""ISBN:"": ""0312925484"", ""ISBN13:"": ""9780312925482"", ""Release Date:"": ""January 1986"", ""Publisher:"": ""Congdon & Lattes"", ""Length:"": ""266 Pages"", ""Weight:"": ""1.20 lbs.""}",https://m.media-amazon.com/images/I/51sQnHaXLpL._SL350_.jpg
The Poet and the Murderer: A True Story of Literary Crime and the Art of Forgery,Simon Worrall,"{""Format:"": ""Hardcover"", ""Language:"": ""English"", ""ISBN:"": ""0525945962"", ""ISBN13:"": ""9780525945963"", ""Release Date:"": ""April 2002"", ""Publisher:"": ""Dutton Books"", ""Length:"": ""288 Pages"", ""Weight:"": ""2.90 lbs."", ""Dimensions:"": ""1.0\"" x 5.8\"" x 8.5\""""}",https://i.thriftbooks.com/api/imagehandler/m/9BAA96AD23A63B5E2CA177DC0D284CBB21D9576C.jpeg
The Anatomy of Motive: The FBI's Legendary Mindhunter Explores the Key to Understanding and Catching Violent Criminals,Mark Olshaker,"{""Format:"": ""Hardcover"", ""Language:"": ""English"", ""ISBN:"": ""0684845989"", ""ISBN13:"": ""9780684845982"", ""Release Date:"": ""June 1999"", ""Publisher:"": ""Scribner Book Company"", ""Length:"": ""320 Pages"", ""Weight:"": ""1.36 lbs."", ""Dimensions:"": ""1.1\"" x 6.5\"" x 9.5\""""}",https://i.thriftbooks.com/api/imagehandler/m/897F6DB64C793357C0C39C29AFFE2B16F7E06DB1.jpeg
The Anthrax Letters: A Bioterrorism Expert Investigates the Attack That Shocked America,Leonard A. Cole,"{""Format:"": ""Paperback"", ""Language:"": ""English"", ""ISBN:"": ""1602397155"", ""ISBN13:"": ""9781602397156"", ""Release Date:"": ""April 2009"", ""Publisher:"": ""Skyhorse Publishing"", ""Length:"": ""304 Pages"", ""Weight:"": ""1.00 lbs."", ""Dimensions:"": ""0.9\"" x 6.0\"" x 8.9\""""}",https://i.thriftbooks.com/api/imagehandler/m/87DB033FCF4600D89F493479F45DB1A73B1D0D4D.jpeg
Three-Month Fever: The Andrew Cunanan Story,Gary Indiana,"{""Format:"": ""Hardcover"", ""Language:"": ""English"", ""ISBN:"": ""0060191457"", ""ISBN13:"": ""9780060191450"", ""Release Date:"": ""March 1999"", ""Publisher:"": ""Harper"", ""Length:"": ""272 Pages"", ""Weight:"": ""0.70 lbs."", ""Dimensions:"": ""0.9\"" x 6.1\"" x 9.3\""""}",https://i.thriftbooks.com/api/imagehandler/m/9D1350C76FD185A2436B3841D9F6C56D7DBDCD38.jpeg
Assassination Vacation,Sarah Vowell,"{""Format:"": ""Hardcover"", ""Language:"": ""English"", ""ISBN:"": ""0743260031"", ""ISBN13:"": ""9780743260039"", ""Release Date:"": ""March 2005"", ""Publisher:"": ""Simon & Schuster"", ""Length:"": ""258 Pages"", ""Weight:"": ""0.85 lbs."", ""Dimensions:"": ""0.9\"" x 6.0\"" x 8.6\""""}",https://i.thriftbooks.com/api/imagehandler/m/5623C3E8C262E81EA2B03B427F31A275AE0D8BBD.jpeg
Jack the Ripper,Maxim Jakubowski,"{""Format:"": ""Hardcover"", ""Language:"": ""English"", ""ISBN:"": ""078581616X"", ""ISBN13:"": ""9780785816164"", ""Release Date:"": ""February 2009"", ""Publisher:"": ""Castle Books"", ""Length:"": ""499 Pages"", ""Weight:"": ""1.54 lbs."", ""Dimensions:"": ""1.7\"" x 6.0\"" x 8.6\""""}",https://i.thriftbooks.com/api/imagehandler/m/17ACA9A8F8A37689C490DD8339C77D7259B882F5.jpeg
The Evidence of Things Not Seen,James Baldwin,"{""Format:"": ""Paperback"", ""Language:"": ""English"", ""ISBN:"": ""1250844894"", ""ISBN13:"": ""9781250844897"", ""Release Date:"": ""January 2023"", ""Publisher:"": ""Holt McDougal"", ""Length:"": ""144 Pages"", ""Weight:"": ""0.30 lbs."", ""Dimensions:"": ""0.6\"" x 5.3\"" x 8.1\""""}",https://i.thriftbooks.com/api/imagehandler/m/DB898CF76D36490666D943B1493D00E2765E3CFA.jpeg
Deadly Encounters: Two Victorian Sensations,Richard D. Altick,"{""Format:"": ""Paperback"", ""Language:"": ""English"", ""ISBN:"": ""0812212274"", ""ISBN13:"": ""9780812212273"", ""Release Date:"": ""July 1986"", ""Publisher:"": ""University of Pennsylvania Press"", ""Length:"": ""176 Pages"", ""Weight:"": ""0.55 lbs."", ""Dimensions:"": ""6.0\"" x 9.0\""""}",https://m.media-amazon.com/images/I/51KZ0iYXwJL._SL350_.jpg
The Mysterious Death of Mary Rogers: Sex and Culture in Nineteenth-Century New York,Amy Gilman Srebnick,"{""Format:"": ""Paperback"", ""Language:"": ""English"", ""ISBN:"": ""0195113926"", ""ISBN13:"": ""9780195113921"", ""Release Date:"": ""August 1997"", ""Publisher:"": ""Oxford University Press, USA"", ""Length:"": ""240 Pages"", ""Weight:"": ""0.50 lbs."", ""Dimensions:"": ""0.7\"" x 5.3\"" x 8.0\""""}",https://i.thriftbooks.com/api/imagehandler/m/AEC705E5A473063B9714BD3DFD679231011EBAAF.jpeg
Massacre in Munich: The Manhunt for the Killers Behind the 1972 Olympics Massacre,Michael Bar-Zohar,"{""Format:"": ""Paperback"", ""Language:"": ""English"", ""ISBN:"": ""1592289452"", ""ISBN13:"": ""9781592289455"", ""Release Date:"": ""January 2005"", ""Publisher:"": ""Lyons Press"", ""Length:"": ""231 Pages"", ""Weight:"": ""0.85 lbs."", ""Dimensions:"": ""0.8\"" x 6.6\"" x 9.0\""""}",https://i.thriftbooks.com/api/imagehandler/m/368FE3E96E36134A33F2500DC470F47A4A3D8DDD.jpeg
"Murder in Amsterdam: Liberal Europe, Islam, and the Limits of Tolerance",Ian Buruma,"{""Format:"": ""Paperback"", ""Language:"": ""English"", ""ISBN:"": ""0143112368"", ""Release Date:"": ""August 2007"", ""Publisher:"": ""Penguin Books"", ""Length:"": ""288 Pages"", ""Weight:"": ""0.50 lbs."", ""Dimensions:"": ""7.8\"" x 0.5\"" x 5.1\""""}",https://m.media-amazon.com/images/I/41n-31-UrlL._SL350_.jpg
The Letters of Sacco and Vanzetti,Bartolomeo Vanzetti,"{""Format:"": ""Paperback"", ""Language:"": ""English"", ""ISBN:"": ""0141180269"", ""ISBN13:"": ""9780141180267"", ""Release Date:"": ""August 1997"", ""Publisher:"": ""Penguin Group"", ""Length:"": ""414 Pages"", ""Weight:"": ""0.75 lbs."", ""Dimensions:"": ""1.0\"" x 5.2\"" x 7.8\""""}",https://i.thriftbooks.com/api/imagehandler/m/4DF780ACF3AA7D5B61C8EE492AB96F43DCDECAD6.jpeg
Sleepers,Lorenzo Carcaterra,"{""Format:"": ""Hardcover"", ""Language:"": ""English"", ""ISBN:"": ""0345396065"", ""ISBN13:"": ""9780345396068"", ""Release Date:"": ""July 1995"", ""Publisher:"": ""Ballantine Books"", ""Length:"": ""404 Pages"", ""Weight:"": ""1.65 lbs."", ""Dimensions:"": ""1.3\"" x 6.5\"" x 9.5\""""}",https://i.thriftbooks.com/api/imagehandler/m/B69C35739F1536D82B5C8046D0EACDDDE8EF8544.jpeg
"House of Gucci: A Sensational Story of Murder, Madness, Glamour, and Greed",Sara Gay Forden,"{""Format:"": ""Paperback"", ""Language:"": ""English"", ""ISBN:"": ""0060937750"", ""ISBN13:"": ""9780060937751"", ""Release Date:"": ""October 2001"", ""Publisher:"": ""Custom House"", ""Length:"": ""400 Pages"", ""Weight:"": ""1.38 lbs."", ""Dimensions:"": ""1.1\"" x 6.0\"" x 9.0\""""}",https://i.thriftbooks.com/api/imagehandler/m/6E6CC9F25A2DA7317CFC27E4A0B04FE3CE044C7F.jpeg
Underground: The Tokyo Gas Attack and the Japanese Psyche,Haruki Murakami,"{""Format:"": ""Paperback"", ""Language:"": ""English"", ""ISBN:"": ""0375725806"", ""ISBN13:"": ""9780375725807"", ""Release Date:"": ""April 2001"", ""Publisher:"": ""Vintage"", ""Length:"": ""384 Pages"", ""Weight:"": ""0.60 lbs."", ""Dimensions:"": ""0.9\"" x 5.2\"" x 8.0\""""}",https://i.thriftbooks.com/api/imagehandler/m/952EF837FFA431A15E9E857649BFF82F08B37543.jpeg
Alone: Orphaned on the Ocean,Tere Dupperault Fassbender,"{""Format:"": ""Hardcover"", ""Language:"": ""English"", ""ISBN:"": ""0982000979"", ""ISBN13:"": ""9780982000977"", ""Release Date:"": ""May 2010"", ""Publisher:"": ""Titletown Publishing, LLC"", ""Length:"": ""208 Pages"", ""Weight:"": ""1.10 lbs."", ""Dimensions:"": ""0.8\"" x 6.1\"" x 9.0\""""}",https://i.thriftbooks.com/api/imagehandler/m/E095C08DEBF9AE9555DAB0DF5E7B16CC6A670EAF.jpeg
"Last Dance, Last Chance: And Other True Cases (Ann Rule's Crime Files, Vol. 8) (volume 8)",Ann Rule,"{""Format:"": ""Hardcover"", ""Language:"": ""English"", ""ISBN:"": ""0739431412"", ""ISBN13:"": ""9780739431412"", ""Release Date:"": ""January 2003"", ""Publisher:"": ""Pocket Books"", ""Length:"": ""463 Pages"", ""Weight:"": ""1.25 lbs."", ""Dimensions:"": ""1.0\"" x 5.0\"" x 7.0\""""}",https://image-plz.thriftbooks.com/m/4CA026386AC7439886690DF6FD7386CD.png
"Death Sentence: The True Story of Velma Barfield's Life, Crimes and Execution",Jerry Bledsoe,"{""Format:"": ""Hardcover"", ""Language:"": ""English"", ""ISBN:"": ""0525942556"", ""ISBN13:"": ""9780525942559"", ""Release Date:"": ""October 1998"", ""Publisher:"": ""Dutton Books"", ""Length:"": ""371 Pages"", ""Weight:"": ""1.25 lbs."", ""Dimensions:"": ""1.3\"" x 9.3\"" x 6.3\""""}",https://i.thriftbooks.com/api/imagehandler/m/CA8384FB81A6B7DBA2D1C80128B7B041CB135CF7.jpeg
Empty Promises,Ann Rule,"{""Format:"": ""Mass Market Paperback"", ""Language:"": ""English"", ""ISBN:"": ""0671025333"", ""Release Date:"": ""January 2001"", ""Publisher:"": ""Pocket Books"", ""Length:"": ""544 Pages"", ""Weight:"": ""0.65 lbs."", ""Dimensions:"": ""6.8\"" x 1.6\"" x 4.2\""""}",https://m.media-amazon.com/images/I/41dMCCyiXnL._SL350_.jpg
Cruel Sacrifice,Aphrodite Jones,"{""Format:"": ""Mass Market Paperback"", ""Language:"": ""English"", ""ISBN:"": ""078600407X"", ""ISBN13:"": ""9780786004072"", ""Release Date:"": ""October 1996"", ""Publisher:"": ""Pinnacle Books"", ""Length:"": ""333 Pages"", ""Weight:"": ""0.05 lbs."", ""Dimensions:"": ""0.8\"" x 4.2\"" x 6.9\""""}",https://i.thriftbooks.com/api/imagehandler/m/1B27D6A8DFAB363D0455B9F39D8A55C164B2FE98.jpeg
Dead Man Walking: The Eyewitness Account of the Death Penalty That Sparked a National Debate,Helen Prejean,"{""Format:"": ""Paperback"", ""Language:"": ""English"", ""ISBN:"": ""0679751319"", ""ISBN13:"": ""9780679751311"", ""Release Date:"": ""January 1993"", ""Publisher:"": ""Vintage"", ""Length:"": ""304 Pages"", ""Weight:"": ""0.56 lbs."", ""Dimensions:"": ""0.7\"" x 5.1\"" x 8.0\""""}",https://i.thriftbooks.com/api/imagehandler/m/A6D8536603519C499DC11BDB84A7FA189CD1D3B5.jpeg
The Hot House: Life Inside Leavenworth Prison,Pete Earley,"{""Format:"": ""Mass Market Paperback"", ""Language:"": ""English"", ""ISBN:"": ""0553560239"", ""Release Date:"": ""February 1993"", ""Publisher:"": ""Bantam"", ""Length:"": ""480 Pages"", ""Weight:"": ""0.51 lbs."", ""Dimensions:"": ""6.8\"" x 1.3\"" x 4.2\""""}",https://m.media-amazon.com/images/I/41C-7b3wUsL._SL350_.jpg
Serial Killers,Time-Life Books,"{""Format:"": ""Hardcover"", ""Language:"": ""English"", ""ISBN:"": ""0783500009"", ""ISBN13:"": ""9780783500003"", ""Release Date:"": ""January 1992"", ""Publisher:"": ""Time Life Medical"", ""Length:"": ""192 Pages"", ""Weight:"": ""1.85 lbs."", ""Dimensions:"": ""0.6\"" x 8.6\"" x 11.1\"""", ""Age Range:"": ""16 years and up"", ""Grade Range:"": ""Grade 11 and higher""}",https://i.thriftbooks.com/api/imagehandler/m/A1B04F405175F9B668AF094C7935DE8EA9BEA23E.jpeg
"No Regrets (Ann Rule's Crime Files, Vol. 11)",Ann Rule,"{""Format:"": ""Mass Market Paperback"", ""Language:"": ""English"", ""ISBN:"": ""0743448758"", ""Release Date:"": ""October 2006"", ""Publisher:"": ""Pocket Star"", ""Length:"": ""432 Pages"", ""Weight:"": ""0.52 lbs."", ""Dimensions:"": ""6.8\"" x 1.0\"" x 4.2\""""}",https://m.media-amazon.com/images/I/51IHyojEzHL._SL350_.jpg
Heart Full of Lies: A True Story of Desire and Death,Ann Rule,"{""Format:"": ""Mass Market Paperback"", ""Language:"": ""English"", ""ISBN:"": ""0743410130"", ""Release Date:"": ""October 2004"", ""Publisher:"": ""Pocket Books"", ""Length:"": ""480 Pages"", ""Weight:"": ""0.87 lbs."", ""Dimensions:"": ""6.8\"" x 1.0\"" x 4.2\""""}",https://m.media-amazon.com/images/I/41Y1BiPv56L._SL350_.jpg
Blood and Money,Thomas Thompson,"{""Format:"": ""Hardcover"", ""Language:"": ""English"", ""ISBN:"": ""0385096852"", ""ISBN13:"": ""9780385096850"", ""Release Date:"": ""January 1976"", ""Publisher:"": ""Doubleday Books"", ""Length:"": ""450 Pages"", ""Weight:"": ""1.50 lbs.""}",https://m.media-amazon.com/images/I/41tSNuCDFUL._SL350_.jpg
Worth More Dead: And Other True Cases Vol. 10,Ann Rule,"{""Format:"": ""Mass Market Paperback"", ""Language:"": ""English"", ""ISBN:"": ""074344874X"", ""ISBN13:"": ""9780743448741"", ""Release Date:"": ""December 2005"", ""Publisher:"": ""Pocket Books"", ""Length:"": ""432 Pages"", ""Weight:"": ""0.50 lbs."", ""Dimensions:"": ""1.2\"" x 4.2\"" x 6.6\""""}",https://i.thriftbooks.com/api/imagehandler/m/12E8ED5C5A757C5B49EF450948AF479DCBCFEC21.jpeg
The Franklin Cover-Up,John W. DeCamp,"{""Format:"": ""Paperback"", ""Language:"": ""English"", ""ISBN:"": ""0963215809"", ""ISBN13:"": ""9780963215802"", ""Release Date:"": ""August 2011"", ""Publisher:"": ""A W T, Incorporated"", ""Length:"": ""458 Pages"", ""Weight:"": ""1.60 lbs."", ""Dimensions:"": ""1.1\"" x 5.5\"" x 8.5\""""}",https://i.thriftbooks.com/api/imagehandler/m/051D465682BDA66B736984F6B2996B946C017558.jpeg
"Deviant: The Shocking True Story of Ed Gein, the Original Psycho",Harold Schechter,"{""Format:"": ""Paperback"", ""Language:"": ""English"", ""ISBN:"": ""0671025465"", ""Release Date:"": ""October 1998"", ""Publisher:"": ""Gallery Books"", ""Length:"": ""256 Pages"", ""Weight:"": ""0.65 lbs."", ""Dimensions:"": ""22.8\"" x 0.8\"" x 7.6\""""}",https://m.media-amazon.com/images/I/51Oo+AHQT9L._SL350_.jpg
I: The Creation of a Serial Killer,Jack Olsen,"{""Format:"": ""Mass Market Paperback"", ""Language:"": ""English"", ""ISBN:"": ""0312983840"", ""ISBN13:"": ""9780312983840"", ""Release Date:"": ""August 2003"", ""Publisher:"": ""St. Martin's Press"", ""Length:"": ""320 Pages"", ""Weight:"": ""0.45 lbs."", ""Dimensions:"": ""1.0\"" x 4.2\"" x 6.8\""""}",https://i.thriftbooks.com/api/imagehandler/m/B832DA5FFD5354E37B676E5BA6A84044DB758C4F.jpeg
Dark Dreams: A Legendary FBI Profiler Examines Homicide and the Criminal Mind,Stephen G. Michaud,"{""Format:"": ""Mass Market Paperback"", ""Language:"": ""English"", ""ISBN:"": ""0312980116"", ""ISBN13:"": ""9780312980115"", ""Release Date:"": ""October 2002"", ""Publisher:"": ""St. Martin's True Crime"", ""Length:"": ""288 Pages"", ""Weight:"": ""0.35 lbs."", ""Dimensions:"": ""0.8\"" x 4.2\"" x 6.9\""""}",https://i.thriftbooks.com/api/imagehandler/m/3C95D20593F08B50442616DEBC181D320C115640.jpeg
Scream at the Sky: Five Texas Murders and One Man's Crusade for Justice,Carlton Stowers,"{""Format:"": ""Mass Market Paperback"", ""Language:"": ""English"", ""ISBN:"": ""0312998198"", ""ISBN13:"": ""9780312998196"", ""Release Date:"": ""August 2004"", ""Publisher:"": ""St. Martin's Press"", ""Length:"": ""320 Pages"", ""Weight:"": ""0.35 lbs."", ""Dimensions:"": ""0.9\"" x 4.0\"" x 7.1\""""}",https://i.thriftbooks.com/api/imagehandler/m/8C9BCA66EFAD231935758DBA97C8B1CF376F234A.jpeg
Depraved: The Shocking True Story of America's First Serial Killer,Harold Schechter,"{""Format:"": ""Hardcover"", ""Language:"": ""English"", ""ISBN:"": ""0671732161"", ""ISBN13:"": ""9780671732165"", ""Release Date:"": ""January 1994"", ""Publisher:"": ""Pocket Books"", ""Length:"": ""373 Pages"", ""Weight:"": ""1.40 lbs."", ""Dimensions:"": ""1.1\"" x 6.5\"" x 9.6\""""}",https://m.media-amazon.com/images/I/51JUIwwSHaL._SL350_.jpg
Echoes in the Darkness,Joseph Wambaugh,"{""Format:"": ""Hardcover"", ""Language:"": ""English"", ""ISBN:"": ""0688068898"", ""ISBN13:"": ""9780688068899"", ""Release Date:"": ""January 1987"", ""Publisher:"": ""William Morrow & Company"", ""Length:"": ""415 Pages"", ""Weight:"": ""1.39 lbs.""}",https://m.media-amazon.com/images/I/41gpu-uKyJL._SL350_.jpg
My Dark Places,James Ellroy,"{""Format:"": ""Hardcover"", ""Language:"": ""English"", ""ISBN:"": ""0679441859"", ""ISBN13:"": ""9780679441854"", ""Release Date:"": ""November 1996"", ""Publisher:"": ""Knopf Publishing Group"", ""Length:"": ""351 Pages"", ""Weight:"": ""1.70 lbs."", ""Dimensions:"": ""1.5\"" x 6.7\"" x 9.6\""""}",https://i.thriftbooks.com/api/imagehandler/m/AC37FA65F5CD62F1F19EE67D50CE38A6E3A12D1D.jpeg
Cruel Deception: A True Story of Murder and a Mother's Deadly Game,Gregg Olsen,"{""Format:"": ""Paperback"", ""Language:"": ""English"", ""ISBN:"": ""1250861403"", ""ISBN13:"": ""9781250861405"", ""Release Date:"": ""November 2022"", ""Publisher:"": ""St. Martin's Griffin"", ""Length:"": ""384 Pages"", ""Weight:"": ""1.00 lbs."", ""Dimensions:"": ""1.0\"" x 5.3\"" x 8.0\""""}",https://i.thriftbooks.com/api/imagehandler/m/8000183E9215F7A801EBA0D9B4EC19267CBFF988.jpeg
Small Sacrifices: The Shocking True Crime Case of Diane Downs,Ann Rule,"{""Format:"": ""Mass Market Paperback"", ""Language:"": ""English"", ""ISBN:"": ""0451166604"", ""Release Date:"": ""July 1988"", ""Publisher:"": ""Berkley"", ""Length:"": ""496 Pages"", ""Weight:"": ""0.56 lbs."", ""Dimensions:"": ""6.9\"" x 1.1\"" x 4.1\""""}",https://m.media-amazon.com/images/I/51kDrN9F61L._SL350_.jpg
"Green River, Running Red: The Real Story of the Green River Killer--America's Deadliest Serial Murderer",Ann Rule,"{""Format:"": ""Mass Market Paperback"", ""Language:"": ""English"", ""ISBN:"": ""0743460502"", ""ISBN13:"": ""9780743460507"", ""Release Date:"": ""October 2005"", ""Publisher:"": ""Pocket Books"", ""Length:"": ""665 Pages"", ""Weight:"": ""0.95 lbs."", ""Dimensions:"": ""1.5\"" x 6.3\"" x 7.8\""""}",https://i.thriftbooks.com/api/imagehandler/m/5F9FE9B53DAB9D4BDDFD3D2AAC9251C027A27F87.jpeg
"The Cases That Haunt Us: From Jack the Ripper to Jonbenet Ramsey, the FBI's Legendary Mindhunter Unravels the Mysteries That Won't Go Away",Mark Olshaker,"{""Format:"": ""Hardcover"", ""Language:"": ""English"", ""ISBN:"": ""0684846004"", ""ISBN13:"": ""9780684846002"", ""Release Date:"": ""November 2000"", ""Publisher:"": ""Scribner Book Company"", ""Length:"": ""352 Pages"", ""Weight:"": ""0.72 lbs."", ""Dimensions:"": ""1.1\"" x 6.4\"" x 9.5\""""}",https://i.thriftbooks.com/api/imagehandler/m/3733B8B0629D13D937013E1015B9E0BC51C4E07D.jpeg
The Want-Ad Killer (True Crime),Ann Rule,"{""Format:"": ""Mass Market Paperback"", ""Language:"": ""English"", ""ISBN:"": ""0451166884"", ""Release Date:"": ""September 1983"", ""Publisher:"": ""Berkley"", ""Length:"": ""304 Pages"", ""Weight:"": ""0.50 lbs."", ""Dimensions:"": ""6.8\"" x 0.8\"" x 4.1\""""}",https://m.media-amazon.com/images/I/51QDnGwz+QL._SL350_.jpg
The I-5 Killer,Ann Rule,"{""Format:"": ""Mass Market Paperback"", ""Language:"": ""English"", ""ISBN:"": ""0451165594"", ""Release Date:"": ""March 1984"", ""Publisher:"": ""Berkley"", ""Length:"": ""304 Pages"", ""Weight:"": ""0.50 lbs."", ""Dimensions:"": ""6.8\"" x 0.8\"" x 4.2\""""}",https://m.media-amazon.com/images/I/4189Fzz++5L._SL350_.jpg
JFK and the Unspeakable: Why He Died and Why It Matters,James W. Douglass,"{""Format:"": ""Paperback"", ""Language:"": ""English"", ""ISBN:"": ""1439193886"", ""ISBN13:"": ""9781439193884"", ""Release Date:"": ""October 2010"", ""Publisher:"": ""Touchstone Books"", ""Length:"": ""560 Pages"", ""Weight:"": ""1.42 lbs."", ""Dimensions:"": ""1.3\"" x 6.0\"" x 8.9\""""}",https://i.thriftbooks.com/api/imagehandler/m/3C23358F8401ED772A7A94F8192861EC832093C0.jpeg
House of Secrets,Lowell Cauffiel,"{""Format:"": ""Hardcover"", ""Language:"": ""English"", ""ISBN:"": ""1575662213"", ""ISBN13:"": ""9781575662213"", ""Release Date:"": ""January 1997"", ""Publisher:"": ""Kensington Publishing Corporation"", ""Length:"": ""330 Pages"", ""Weight:"": ""1.03 lbs."", ""Dimensions:"": ""1.3\"" x 6.3\"" x 9.3\""""}",https://i.thriftbooks.com/api/imagehandler/m/261FD96F0FBE6F2E36CA8ED1963E7ED7DF0951D1.jpeg
Crime Beat: A Decade of Covering Cops and Killers,Michael Connelly,"{""Format:"": ""Paperback"", ""Language:"": ""English"", ""ISBN:"": ""0316012793"", ""ISBN13:"": ""9780316012799"", ""Release Date:"": ""June 2007"", ""Publisher:"": ""Back Bay Books"", ""Length:"": ""384 Pages"", ""Weight:"": ""0.80 lbs."", ""Dimensions:"": ""1.0\"" x 6.6\"" x 8.2\""""}",https://i.thriftbooks.com/api/imagehandler/m/72C2C22B4222157457F0407A5E3FD9847D658F4E.jpeg
"Fatal Friends, Deadly Neighbors, 16: Ann Rule's Crime Files Volume 16",Ann Rule,"{""Format:"": ""Mass Market Paperback"", ""Language:"": ""English"", ""ISBN:"": ""1451648286"", ""ISBN13:"": ""9781451648287"", ""Release Date:"": ""November 2012"", ""Publisher:"": ""Pocket Books"", ""Length:"": ""544 Pages"", ""Weight:"": ""0.64 lbs."", ""Dimensions:"": ""1.2\"" x 4.4\"" x 7.4\""""}",https://i.thriftbooks.com/api/imagehandler/m/AF42EE5FD8782947A3EF654544C2E9E856396146.jpeg
If I did it : Confessions of the Killer,O.J. Simpson,"{""Format:"": ""Hardcover"", ""Language:"": ""English"", ""ISBN:"": ""0825305888"", ""Release Date:"": ""September 2007"", ""Publisher:"": ""Beaufort Books"", ""Length:"": ""208 Pages"", ""Weight:"": ""0.90 lbs."", ""Dimensions:"": ""8.5\"" x 0.9\"" x 5.7\""""}",https://m.media-amazon.com/images/I/41FQXYoBvOL._SL350_.jpg
The Ice Man: Confessions of a Mafia Contract Killer,Philip Carlo,"{""Format:"": ""Paperback"", ""Language:"": ""English"", ""ISBN:"": ""0312374658"", ""ISBN13:"": ""9780312374655"", ""Release Date:"": ""September 2007"", ""Publisher:"": ""St. Martin's Griffin"", ""Length:"": ""440 Pages"", ""Weight:"": ""0.91 lbs."", ""Dimensions:"": ""1.2\"" x 5.5\"" x 8.0\""""}",https://i.thriftbooks.com/api/imagehandler/m/8177F61CE803D61C601D8767826AA35B66922CAA.jpeg
Journey Into Darkness,Mark Olshaker,"{""Format:"": ""Hardcover"", ""Language:"": ""English"", ""ISBN:"": ""0684833042"", ""ISBN13:"": ""9780684833040"", ""Release Date:"": ""February 1997"", ""Publisher:"": ""Scribner Book Company"", ""Length:"": ""383 Pages"", ""Weight:"": ""1.55 lbs."", ""Dimensions:"": ""1.5\"" x 6.4\"" x 9.6\""""}",https://i.thriftbooks.com/api/imagehandler/m/9EABF7A0D7AACBF18EDA9C0751C59DC0732AC06A.jpeg
A Rose For Her Grave & Other True Cases (1) (Ann Rule's Crime Files),Ann Rule,"{""Format:"": ""Mass Market Paperback"", ""Language:"": ""English"", ""ISBN:"": ""0671793535"", ""Release Date:"": ""August 1993"", ""Publisher:"": ""Pocket Books"", ""Length:"": ""528 Pages"", ""Weight:"": ""0.57 lbs."", ""Dimensions:"": ""6.8\"" x 1.1\"" x 4.2\""""}",https://m.media-amazon.com/images/I/51YDk2KnpCL._SL350_.jpg
Abandoned Prayers,Gregg Olsen,"{""Format:"": ""Mass Market Paperback"", ""Language:"": ""English"", ""ISBN:"": ""0445210761"", ""ISBN13:"": ""9780445210769"", ""Release Date:"": ""January 1990"", ""Publisher:"": ""Warner Books (NY)"", ""Length:"": ""373 Pages"", ""Weight:"": ""0.73 lbs."", ""Dimensions:"": ""1.1\"" x 4.2\"" x 6.7\""""}",https://m.media-amazon.com/images/I/51zNIg5z3LL._SL350_.jpg
Death's Acre: Inside the Legendary Forensic Lab the Body Farm Where the Dead Do Tell Tales,Jon Jefferson,"{""Format:"": ""Paperback"", ""Language:"": ""English"", ""ISBN:"": ""0425198324"", ""ISBN13:"": ""9780425198322"", ""Release Date:"": ""October 2004"", ""Publisher:"": ""Berkley Books"", ""Length:"": ""304 Pages"", ""Weight:"": ""0.84 lbs."", ""Dimensions:"": ""0.9\"" x 5.9\"" x 8.9\"""", ""Age Range:"": ""18 years and up"", ""Grade Range:"": ""Postsecondary and higher""}",https://i.thriftbooks.com/api/imagehandler/m/2CB5EE235C40D673016ACE4D3834C386D6829615.jpeg
Portrait of a Killer: Jack the Ripper Case Closed,Patricia Cornwell,"{""Format:"": ""Hardcover"", ""Language:"": ""English"", ""ISBN:"": ""0399149325"", ""ISBN13:"": ""9780399149320"", ""Release Date:"": ""November 2002"", ""Publisher:"": ""G. P. Putnam's Sons"", ""Length:"": ""387 Pages"", ""Weight:"": ""1.85 lbs."", ""Dimensions:"": ""1.5\"" x 6.4\"" x 9.6\"""", ""Age Range:"": ""18 years and up"", ""Grade Range:"": ""Postsecondary and higher""}",https://i.thriftbooks.com/api/imagehandler/m/3539AC12EA3EA3987C57A3F6B76F82024CD192E9.jpeg
Homicide: A Year on the Killing Streets,David Simon,"{""Format:"": ""Hardcover"", ""Language:"": ""English"", ""ISBN:"": ""039548829X"", ""ISBN13:"": ""9780395488294"", ""Release Date:"": ""January 1991"", ""Publisher:"": ""Houghton Mifflin"", ""Length:"": ""599 Pages"", ""Weight:"": ""1.55 lbs."", ""Dimensions:"": ""1.7\"" x 6.5\"" x 9.4\""""}",https://m.media-amazon.com/images/I/41ObWvyKOCL._SL350_.jpg
But I Trusted You: Ann Rule's Crime Files #14,Ann Rule,"{""Format:"": ""Mass Market Paperback"", ""Language:"": ""English"", ""ISBN:"": ""141654223X"", ""Release Date:"": ""November 2009"", ""Publisher:"": ""Pocket Books"", ""Length:"": ""464 Pages"", ""Weight:"": ""0.55 lbs."", ""Dimensions:"": ""6.8\"" x 1.1\"" x 4.1\""""}",https://m.media-amazon.com/images/I/41AyfcGan-L._SL350_.jpg
Lust Killer,Ann Rule,"{""Format:"": ""Mass Market Paperback"", ""Language:"": ""English"", ""ISBN:"": ""0451166876"", ""Release Date:"": ""June 1983"", ""Publisher:"": ""Berkley"", ""Length:"": ""238 Pages"", ""Weight:"": ""0.44 lbs."", ""Dimensions:"": ""6.7\"" x 0.8\"" x 4.2\""""}",https://m.media-amazon.com/images/I/51io-FMnRcL._SL350_.jpg
Whoever Fights Monsters: My Twenty Years Tracking Serial Killers for the FBI,Robert K. Ressler,"{""Format:"": ""Mass Market Paperback"", ""Language:"": ""English"", ""ISBN:"": ""0312950446"", ""ISBN13:"": ""9780312950446"", ""Release Date:"": ""March 1993"", ""Publisher:"": ""St. Martin's Press"", ""Length:"": ""304 Pages"", ""Weight:"": ""0.52 lbs."", ""Dimensions:"": ""0.9\"" x 4.1\"" x 6.7\""""}",https://i.thriftbooks.com/api/imagehandler/m/5598CA9D9D60BA0343B0D7579AFD629159854369.jpeg
Party Monster: A Fabulous But True Tale of Murder in Clubland,James St. James,"{""Format:"": ""Paperback"", ""Language:"": ""English"", ""ISBN:"": ""0743259823"", ""ISBN13:"": ""9780743259828"", ""Release Date:"": ""September 2003"", ""Publisher:"": ""Simon & Schuster"", ""Length:"": ""288 Pages"", ""Weight:"": ""0.65 lbs."", ""Dimensions:"": ""0.8\"" x 5.5\"" x 8.3\""""}",https://i.thriftbooks.com/api/imagehandler/m/7B9F9F759B830AB44C357CA0B39D222080C11DC6.jpeg
The Ultimate Evil: The Search for the Sons of Sam,Maury Terry,"{""Format:"": ""Paperback"", ""Language:"": ""English"", ""ISBN:"": ""1683692845"", ""ISBN13:"": ""9781683692843"", ""Release Date:"": ""April 2021"", ""Publisher:"": ""Quirk Books"", ""Length:"": ""544 Pages"", ""Weight:"": ""1.45 lbs."", ""Dimensions:"": ""1.5\"" x 6.0\"" x 8.9\""""}",https://i.thriftbooks.com/api/imagehandler/m/3D78B0DFDC19948D361A1508A737A5C91E61A66E.jpeg
"Everything She Ever Wanted: A True Story of Obsessive Love, Murder, and Betrayal",Ann Rule,"{""Format:"": ""Mass Market Paperback"", ""Language:"": ""English"", ""ISBN:"": ""067169071X"", ""Release Date:"": ""December 1993"", ""Publisher:"": ""Pocket Books"", ""Length:"": ""560 Pages"", ""Weight:"": ""0.65 lbs."", ""Dimensions:"": ""6.8\"" x 1.4\"" x 4.2\""""}",https://m.media-amazon.com/images/I/510yV2vNmzL._SL350_.jpg
Blind Faith,Joe McGinniss,"{""Format:"": ""Hardcover"", ""Language:"": ""English"", ""ISBN:"": ""0399133526"", ""ISBN13:"": ""9780399133527"", ""Release Date:"": ""January 1989"", ""Publisher:"": ""Penguin Publishing Group"", ""Length:"": ""416 Pages"", ""Weight:"": ""1.80 lbs."", ""Dimensions:"": ""1.5\"" x 9.6\"" x 6.3\"""", ""Age Range:"": ""18 years and up"", ""Grade Range:"": ""Grade 12 and higher""}",https://m.media-amazon.com/images/I/4103oGgLsAL._SL350_.jpg
The Only Living Witness,Hugh Aynesworth,"{""Format:"": ""Hardcover"", ""Language:"": ""English"", ""ISBN:"": ""0671449613"", ""ISBN13:"": ""9780671449612"", ""Release Date:"": ""January 1983"", ""Publisher:"": ""Holiday House"", ""Length:"": ""332 Pages"", ""Weight:"": ""0.48 lbs.""}",https://m.media-amazon.com/images/I/51vigdoOnZL._SL350_.jpg
And Never Let Her Go: Thomas Capano: The Deadly Seducer,Ann Rule,"{""Format:"": ""Mass Market Paperback"", ""Language:"": ""English"", ""ISBN:"": ""0671868713"", ""ISBN13:"": ""9780671868710"", ""Release Date:"": ""September 2000"", ""Publisher:"": ""Pocket Books"", ""Length:"": ""688 Pages"", ""Weight:"": ""0.75 lbs."", ""Dimensions:"": ""1.6\"" x 4.3\"" x 6.8\""""}",https://i.thriftbooks.com/api/imagehandler/m/766A24244E3E5EBCAF51242E55389216B3B4F4BC.jpeg
Outrage: The Five Reasons Why O.J. Simpson Got Away with Murder,Vincent Bugliosi,"{""Format:"": ""Hardcover"", ""Language:"": ""English"", ""ISBN:"": ""039304050X"", ""ISBN13:"": ""9780393040500"", ""Release Date:"": ""June 1996"", ""Publisher:"": ""W. W. Norton & Company"", ""Length:"": ""368 Pages"", ""Weight:"": ""1.60 lbs."", ""Dimensions:"": ""1.4\"" x 6.5\"" x 9.6\""""}",https://i.thriftbooks.com/api/imagehandler/m/1E3D69079B63EE54FAA7D00A2A92AF0223BAF2E8.jpeg
Murder In The Heartland,M. William Phelps,"{""Format:"": ""Mass Market Paperback"", ""Language:"": ""English"", ""ISBN:"": ""0786017821"", ""Release Date:"": ""June 2007"", ""Publisher:"": ""Pinnacle"", ""Length:"": ""448 Pages"", ""Weight:"": ""0.55 lbs."", ""Dimensions:"": ""6.8\"" x 1.3\"" x 4.2\""""}",https://m.media-amazon.com/images/I/4105kc423ZL._SL350_.jpg
A Death in Belmont,Sebastian Junger,"{""Format:"": ""Hardcover"", ""Language:"": ""English"", ""ISBN:"": ""0393059804"", ""ISBN13:"": ""9780393059809"", ""Release Date:"": ""April 2006"", ""Publisher:"": ""W. W. Norton & Company"", ""Length:"": ""288 Pages"", ""Weight:"": ""1.00 lbs."", ""Dimensions:"": ""1.1\"" x 5.8\"" x 8.6\""""}",https://i.thriftbooks.com/api/imagehandler/m/344DDBD1B363A6A0067403F277A0C2C52DDD70C2.jpeg
The Family,Ed Sanders,"{""Format:"": ""Mass Market Paperback"", ""Language:"": ""English"", ""ISBN:"": ""0451165632"", ""ISBN13:"": ""9780451165633"", ""Release Date:"": ""February 1990"", ""Publisher:"": ""Signet Book"", ""Length:"": ""512 Pages"", ""Weight:"": ""0.62 lbs."", ""Dimensions:"": ""1.4\"" x 4.2\"" x 6.9\""""}",https://m.media-amazon.com/images/I/51O7yNMSkoS._SL350_.jpg
Blind Eye: The Terrifying Story Of A Doctor Who Got Away With Murder,James B. Stewart,"{""Format:"": ""Paperback"", ""Language:"": ""English"", ""ISBN:"": ""0684865637"", ""Release Date:"": ""June 2000"", ""Publisher:"": ""Simon & Schuster"", ""Length:"": ""336 Pages"", ""Weight:"": ""0.78 lbs."", ""Dimensions:"": ""8.4\"" x 1.0\"" x 5.5\""""}",https://m.media-amazon.com/images/I/41oeKB7NFvL._SL350_.jpg
The Murder of Helen Jewett: The Life and Death of a Prostitute in Nineteenth-Century New York,Patricia Cline Cohen,"{""Format:"": ""Hardcover"", ""Language:"": ""English"", ""ISBN:"": ""0679412913"", ""ISBN13:"": ""9780679412915"", ""Release Date:"": ""August 1998"", ""Publisher:"": ""Alfred A. Knopf"", ""Length:"": ""433 Pages"", ""Weight:"": ""1.75 lbs."", ""Dimensions:"": ""1.4\"" x 6.7\"" x 9.6\""""}",https://i.thriftbooks.com/api/imagehandler/m/F00F2938D13997711297AAAEEC53617EC2BD482D.jpeg
Two of a Kind: 2the Hillside Strangler,Darcy O'Brien,"{""Format:"": ""Mass Market Paperback"", ""Language:"": ""English"", ""ISBN:"": ""0451146433"", ""ISBN13:"": ""9780451146434"", ""Release Date:"": ""March 1987"", ""Publisher:"": ""Signet Book"", ""Length:"": ""1 Pages"", ""Weight:"": ""0.55 lbs.""}",https://m.media-amazon.com/images/I/51nsBUGa1XL._SL350_.jpg
Lethal Passage: How the Travels of a Single Handgun Expose the Roots of America's Gun Crisis,Erik Larson,"{""Format:"": ""Hardcover"", ""Language:"": ""English"", ""ISBN:"": ""0517596776"", ""Release Date:"": ""January 1994"", ""Publisher:"": ""Crown"", ""Length:"": ""272 Pages"", ""Weight:"": ""1.30 lbs."", ""Dimensions:"": ""9.3\"" x 1.0\"" x 6.3\""""}",https://m.media-amazon.com/images/I/51Uaumt1WXL._SL350_.jpg
Anyone You Want Me to Be: A True Story of Sex and Death on the Internet,John Edward Douglas,"{""Format:"": ""Hardcover"", ""Language:"": ""English"", ""ISBN:"": ""0743226356"", ""ISBN13:"": ""9780743226356"", ""Release Date:"": ""May 2003"", ""Publisher:"": ""Scribner Book Company"", ""Length:"": ""320 Pages"", ""Weight:"": ""1.25 lbs."", ""Dimensions:"": ""1.1\"" x 6.2\"" x 9.7\""""}",https://i.thriftbooks.com/api/imagehandler/m/8176B6FFACC79D28C0D2012A7DA305BCC5089971.jpeg
Invisible Darkness - The Horrifying Case of Paul Bernardo and Karla Homolka,Stephen Williams,"{""Format:"": ""Paperback"", ""Language:"": ""English"", ""ISBN:"": ""1552780597"", ""ISBN13:"": ""9781552780596"", ""Release Date:"": ""March 1999"", ""Publisher:"": ""McArthur & Company"", ""Length:"": ""649 Pages"", ""Weight:"": ""0.90 lbs."", ""Dimensions:"": ""7.3\"" x 1.6\"" x 4.2\""""}",https://i.thriftbooks.com/api/imagehandler/m/7305A6321AB16061CA0BBD8F38F0134616E032C0.jpeg
Breaking Blue,Timothy Egan,"{""Format:"": ""Mass Market Paperback"", ""Language:"": ""English"", ""ISBN:"": ""0425138151"", ""ISBN13:"": ""9780425138151"", ""Release Date:"": ""July 1993"", ""Publisher:"": ""Berkley Publishing Group"", ""Length:"": ""253 Pages"", ""Weight:"": ""0.30 lbs."", ""Dimensions:"": ""0.8\"" x 4.2\"" x 6.8\""""}",https://m.media-amazon.com/images/I/51MQQGcYnoL._SL350_.jpg
"Dead by Sunset: Perfect Husband, Perfect Killer?",Ann Rule,"{""Format:"": ""Hardcover"", ""Language:"": ""English"", ""ISBN:"": ""0684802058"", ""ISBN13:"": ""9780684802053"", ""Release Date:"": ""October 1995"", ""Publisher:"": ""Simon & Schuster"", ""Length:"": ""432 Pages"", ""Weight:"": ""0.71 lbs."", ""Dimensions:"": ""1.3\"" x 6.4\"" x 9.5\""""}",https://i.thriftbooks.com/api/imagehandler/m/8FEAE9D9A3C40769708D1AF7BC81E77A6F62E62A.jpeg
JonBenet: Inside the Ramsey Murder Investigation,Steve Thomas,"{""Format:"": ""Mass Market Paperback"", ""Language:"": ""English"", ""ISBN:"": ""0312978618"", ""ISBN13:"": ""9780312978617"", ""Release Date:"": ""November 2000"", ""Publisher:"": ""St. Martin's Press"", ""Length:"": ""413 Pages"", ""Weight:"": ""0.45 lbs."", ""Dimensions:"": ""1.1\"" x 4.1\"" x 6.7\""""}",https://i.thriftbooks.com/api/imagehandler/m/464FBE8FC77AF6AC8D331F9E5386404D82C1F09E.jpeg
The Valachi Papers,Peter Maas,"{""Format:"": ""Paperback"", ""Language:"": ""English"", ""ISBN:"": ""006050742X"", ""ISBN13:"": ""9780060507428"", ""Release Date:"": ""March 2003"", ""Publisher:"": ""Harper Perennial"", ""Length:"": ""304 Pages"", ""Weight:"": ""0.56 lbs."", ""Dimensions:"": ""0.8\"" x 5.3\"" x 8.2\""""}",https://i.thriftbooks.com/api/imagehandler/m/5192D48CC5331914A8CB5F71FA5517DC0941A081.jpeg
The End Of The Dream The Golden Boy Who Never Grew Up : Ann Rules Crime Files Volume 5,Ann Rule,"{""Format:"": ""Mass Market Paperback"", ""Language:"": ""English"", ""ISBN:"": ""0671793578"", ""Release Date:"": ""January 1999"", ""Publisher:"": ""Pocket Books"", ""Length:"": ""523 Pages"", ""Weight:"": ""1.00 lbs."", ""Dimensions:"": ""6.8\"" x 1.2\"" x 4.1\""""}",https://m.media-amazon.com/images/I/51aaFDCr3tL._SL350_.jpg
"A Rage To Kill and Other True Cases: Anne Rule's Crime Files, Vol. 6",Ann Rule,"{""Format:"": ""Mass Market Paperback"", ""Language:"": ""English"", ""ISBN:"": ""0671025341"", ""Release Date:"": ""August 1999"", ""Publisher:"": ""Pocket Books"", ""Length:"": ""400 Pages"", ""Weight:"": ""0.46 lbs."", ""Dimensions:"": ""6.8\"" x 0.9\"" x 4.2\""""}",https://m.media-amazon.com/images/I/511PHUbyC-L._SL350_.jpg
"A Fever In The Heart And Other True Cases: Ann Rule's Crime Files, Volume III",Ann Rule,"{""Format:"": ""Paperback"", ""Language:"": ""English"", ""ISBN:"": ""0671793551"", ""Release Date:"": ""October 1996"", ""Publisher:"": ""Pocket Books"", ""Length:"": ""424 Pages"", ""Weight:"": ""0.89 lbs."", ""Dimensions:"": ""6.8\"" x 1.1\"" x 4.2\""""}",https://m.media-amazon.com/images/I/51hHsrq45OL._SL350_.jpg
If You Really Loved Me,Ann Rule,"{""Format:"": ""Mass Market Paperback"", ""Language:"": ""English"", ""ISBN:"": ""0671769200"", ""Release Date:"": ""April 1992"", ""Publisher:"": ""Pocket Books"", ""Length:"": ""608 Pages"", ""Weight:"": ""0.50 lbs."", ""Dimensions:"": ""6.8\"" x 1.6\"" x 4.2\""""}",https://m.media-amazon.com/images/I/517VXOwLAvL._SL350_.jpg
Without Pity: Ann Rule's Most Dangerous Killers,Ann Rule,"{""Format:"": ""Mass Market Paperback"", ""Language:"": ""English"", ""ISBN:"": ""0743448677"", ""ISBN13:"": ""9780743448673"", ""Release Date:"": ""December 2003"", ""Publisher:"": ""Pocket Books"", ""Length:"": ""433 Pages"", ""Weight:"": ""0.51 lbs."", ""Dimensions:"": ""1.0\"" x 4.3\"" x 6.8\""""}",https://i.thriftbooks.com/api/imagehandler/m/0900F93CC74EFBD4F199A81EA0459360057FBCD4.jpeg
Fatal Vision,Joe McGinniss,"{""Format:"": ""Mass Market Paperback"", ""Language:"": ""English"", ""ISBN:"": ""0451130987"", ""ISBN13:"": ""9780451130983"", ""Release Date:"": ""August 1984"", ""Publisher:"": ""Signet Book"", ""Length:"": ""653 Pages"", ""Weight:"": ""0.79 lbs.""}",https://m.media-amazon.com/images/I/517ZX7AsrbL._SL350_.jpg
"Black Mass: The Irish Mob, the FBI, and a Devil's Deal",Dick Lehr,"{""Format:"": ""Hardcover"", ""Language:"": ""English"", ""ISBN:"": ""1891620401"", ""ISBN13:"": ""9781891620409"", ""Release Date:"": ""May 2000"", ""Publisher:"": ""PublicAffairs"", ""Length:"": ""381 Pages"", ""Weight:"": ""1.62 lbs."", ""Dimensions:"": ""1.3\"" x 6.6\"" x 9.4\""""}",https://i.thriftbooks.com/api/imagehandler/m/E91D35AA736F250FE75C99175C37A5669F27DBD4.jpeg
Bitter Harvest,Ann Rule,"{""Format:"": ""Mass Market Paperback"", ""Language:"": ""English"", ""ISBN:"": ""0671868691"", ""ISBN13:"": ""9780671868697"", ""Release Date:"": ""February 1999"", ""Publisher:"": ""Pocket Books"", ""Length:"": ""496 Pages"", ""Weight:"": ""0.54 lbs."", ""Dimensions:"": ""1.1\"" x 4.5\"" x 6.9\""""}",https://i.thriftbooks.com/api/imagehandler/m/2A1F0813A7360323B718131504BE273EF5EE429B.jpeg
Devil's Knot: The True Story of the West Memphis Three,Mara Leveritt,"{""Format:"": ""Paperback"", ""Language:"": ""English"", ""ISBN:"": ""0743417607"", ""ISBN13:"": ""9780743417600"", ""Release Date:"": ""October 2003"", ""Publisher:"": ""Atria Books"", ""Length:"": ""432 Pages"", ""Weight:"": ""0.90 lbs."", ""Dimensions:"": ""1.2\"" x 5.6\"" x 8.4\""""}",https://i.thriftbooks.com/api/imagehandler/m/33778E838B9ADFB001CD06F7B1DAA1E660605258.jpeg
A Death in White Bear Lake: The True Chronicle of an All-American Town,Barry Siegel,"{""Format:"": ""Mass Market Paperback"", ""Language:"": ""English"", ""ISBN:"": ""0345432991"", ""ISBN13:"": ""9780345432995"", ""Release Date:"": ""November 2000"", ""Publisher:"": ""Ballantine Books"", ""Length:"": ""544 Pages"", ""Weight:"": ""0.64 lbs."", ""Dimensions:"": ""1.2\"" x 4.2\"" x 6.8\""""}",https://i.thriftbooks.com/api/imagehandler/m/189A02812FD9F1E2A9090A931DF85559B24EAA01.jpeg
"In Broad Daylight: A Murder in Skidmore, Missouri",Harry N. MacLean,"{""Format:"": ""Mass Market Paperback"", ""Language:"": ""English"", ""ISBN:"": ""0312942362"", ""Release Date:"": ""November 2006"", ""Publisher:"": ""St. Martin's True Crime"", ""Length:"": ""416 Pages"", ""Weight:"": ""0.30 lbs."", ""Dimensions:"": ""6.7\"" x 1.1\"" x 4.2\""""}",https://m.media-amazon.com/images/I/51j5DIyw7rL._SL350_.jpg
"Every Breath You Take: A True Story of Obsession, Revenge, and Murder",Ann Rule,"{""Format:"": ""Mass Market Paperback"", ""Language:"": ""English"", ""ISBN:"": ""0743439740"", ""Release Date:"": ""December 2002"", ""Publisher:"": ""Pocket Books"", ""Length:"": ""704 Pages"", ""Weight:"": ""0.77 lbs."", ""Dimensions:"": ""6.8\"" x 1.6\"" x 4.2\""""}",https://m.media-amazon.com/images/I/510NCrQBGdL._SL350_.jpg
Starvation Heights,Gregg Olsen,"{""Format:"": ""Hardcover"", ""Language:"": ""English"", ""ISBN:"": ""1568652836"", ""ISBN13:"": ""9781568652832"", ""Release Date:"": ""January 1997"", ""Publisher:"": ""Doubleday Books"", ""Length:"": ""432 Pages"", ""Weight:"": ""1.15 lbs.""}",https://m.media-amazon.com/images/I/51gvR4-oIjL._SL350_.jpg
The Last Victim: A True-Life Journey Into the Mind of the Serial Killer,Jason M. Moss,"{""Format:"": ""Hardcover"", ""Language:"": ""English"", ""ISBN:"": ""0446523402"", ""ISBN13:"": ""9780446523400"", ""Release Date:"": ""April 1999"", ""Publisher:"": ""Grand Central Publishing"", ""Length:"": ""304 Pages"", ""Weight:"": ""1.21 lbs."", ""Dimensions:"": ""1.0\"" x 6.3\"" x 9.2\""""}",https://i.thriftbooks.com/api/imagehandler/m/4C5AB63F34575DF422469654E189CB706536AD4C.jpeg
Mortal Danger (Ann Rule's Crime Files #13),Ann Rule,"{""Format:"": ""Mass Market Paperback"", ""Language:"": ""English"", ""ISBN:"": ""1416542205"", ""Release Date:"": ""November 2008"", ""Publisher:"": ""Pocket Books"", ""Length:"": ""480 Pages"", ""Weight:"": ""0.57 lbs."", ""Dimensions:"": ""6.8\"" x 1.1\"" x 4.2\""""}",https://m.media-amazon.com/images/I/510soZt83BL._SL350_.jpg
"The Encyclopedia of Serial Killers, Second Edition: A Study of the Chilling Criminal Phenomenon from the Angels of Death to the Zodiac Killer",Michael Newton,"{""Format:"": ""Paperback"", ""Language:"": ""English"", ""ISBN:"": ""0816061963"", ""ISBN13:"": ""9780816061969"", ""Release Date:"": ""March 2006"", ""Publisher:"": ""Checkmark Books"", ""Length:"": ""515 Pages"", ""Weight:"": ""3.00 lbs."", ""Dimensions:"": ""1.1\"" x 8.3\"" x 10.7\""""}",https://i.thriftbooks.com/api/imagehandler/m/1A483C001BBFE182B26ED44C470E6D8CCF9ED85D.jpeg
"Double Cross: The Explosive, Inside Story of the Mobster Who Controlled America",Sam Giancana,"{""Format:"": ""Mass Market Paperback"", ""Language:"": ""English"", ""ISBN:"": ""0446364126"", ""ISBN13:"": ""9780446364126"", ""Release Date:"": ""March 1993"", ""Publisher:"": ""Grand Central Publishing"", ""Length:"": ""495 Pages"", ""Weight:"": ""0.60 lbs."", ""Dimensions:"": ""1.5\"" x 4.2\"" x 6.7\""""}",https://i.thriftbooks.com/api/imagehandler/m/261395F435CC490E92D03908E658D643C23DDC90.jpeg
A Rip in Heaven,Jeanine Cummins,"{""Format:"": ""Paperback"", ""Language:"": ""English"", ""ISBN:"": ""0451210530"", ""ISBN13:"": ""9780451210531"", ""Release Date:"": ""June 2004"", ""Publisher:"": ""Berkley Books"", ""Length:"": ""320 Pages"", ""Weight:"": ""0.65 lbs."", ""Dimensions:"": ""0.8\"" x 4.9\"" x 8.4\"""", ""Age Range:"": ""18 years and up"", ""Grade Range:"": ""Postsecondary and higher""}",https://i.thriftbooks.com/api/imagehandler/m/227F18355AA74AF2785CA19976EA6C59C2FF082E.jpeg
And the Sea Will Tell,Vincent Bugliosi,"{""Format:"": ""Hardcover"", ""Language:"": ""English"", ""ISBN:"": ""0393029190"", ""ISBN13:"": ""9780393029192"", ""Release Date:"": ""January 1991"", ""Publisher:"": ""W. W. Norton & Company"", ""Length:"": ""574 Pages"", ""Weight:"": ""2.10 lbs."", ""Dimensions:"": ""1.6\"" x 6.5\"" x 9.4\""""}",https://m.media-amazon.com/images/I/51l8OjrKerL._SL350_.jpg
Too Late to Say Goodbye: A True Story of Murder and Betrayal,Ann Rule,"{""Format:"": ""Hardcover"", ""Language:"": ""English"", ""ISBN:"": ""0743238524"", ""ISBN13:"": ""9780743238526"", ""Release Date:"": ""June 2007"", ""Publisher:"": ""Free Press"", ""Length:"": ""456 Pages"", ""Weight:"": ""1.60 lbs."", ""Dimensions:"": ""1.4\"" x 6.6\"" x 9.3\""""}",https://i.thriftbooks.com/api/imagehandler/m/5672B38C72DEC03436EFC3C6FBE72A94066691B9.jpeg
In the Name of Love: Ann Rule's Crime Files Volume 4 (4),Ann Rule,"{""Format:"": ""Mass Market Paperback"", ""Language:"": ""English"", ""ISBN:"": ""067179356X"", ""Release Date:"": ""January 1998"", ""Publisher:"": ""Pocket Books"", ""Length:"": ""432 Pages"", ""Weight:"": ""0.45 lbs."", ""Dimensions:"": ""6.8\"" x 1.3\"" x 4.2\""""}",https://m.media-amazon.com/images/I/513wUfn3PuL._SL350_.jpg
The Murder of the Century: The Gilded Age Crime That Scandalized a City and Sparked the Tabloid Wars,Paul Collins,"{""Format:"": ""Paperback"", ""Language:"": ""English"", ""ISBN:"": ""0307592219"", ""ISBN13:"": ""9780307592217"", ""Release Date:"": ""April 2012"", ""Publisher:"": ""Crown Publishing Group (NY)"", ""Length:"": ""336 Pages"", ""Weight:"": ""0.56 lbs."", ""Dimensions:"": ""0.7\"" x 8.0\"" x 7.4\""""}",https://i.thriftbooks.com/api/imagehandler/m/125630FE547C2826BF0B77A9CEDE1D5F6B4ED27B.jpeg
The Kennedy Detail: JFK's Secret Service Agents Break Their Silence,Lisa McCubbin Hill,"{""Format:"": ""Hardcover"", ""Language:"": ""English"", ""ISBN:"": ""1439192960"", ""ISBN13:"": ""9781439192962"", ""Release Date:"": ""November 2010"", ""Publisher:"": ""Gallery Books"", ""Length:"": ""427 Pages"", ""Weight:"": ""1.55 lbs."", ""Dimensions:"": ""1.4\"" x 6.4\"" x 9.2\""""}",https://i.thriftbooks.com/api/imagehandler/m/2638924CF701904BCDA3D6AD61B7B6AEA53DA393.jpeg
Hellhound on His Trail: The Electrifying Account of the Largest Manhunt in American History,Hampton Sides,"{""Format:"": ""Paperback"", ""Language:"": ""English"", ""ISBN:"": ""0307387437"", ""ISBN13:"": ""9780307387431"", ""Release Date:"": ""March 2011"", ""Publisher:"": ""Vintage"", ""Length:"": ""480 Pages"", ""Weight:"": ""1.00 lbs."", ""Dimensions:"": ""1.0\"" x 5.3\"" x 8.0\""""}",https://i.thriftbooks.com/api/imagehandler/m/2C1F7A08FD82C9736A65743B9D46D6A572E928BB.jpeg
The Night Stalker: The Life and Crimes of Richard Ramirez,Philip Carlo,"{""Format:"": ""Mass Market Paperback"", ""Language:"": ""English"", ""ISBN:"": ""0786018100"", ""ISBN13:"": ""9780786018109"", ""Release Date:"": ""May 2006"", ""Publisher:"": ""Pinnacle Books"", ""Length:"": ""592 Pages"", ""Weight:"": ""0.70 lbs."", ""Dimensions:"": ""1.7\"" x 4.1\"" x 7.0\""""}",https://i.thriftbooks.com/api/imagehandler/m/D3D5E3A38344010116A776E3F1991FC56E211357.jpeg
"The Darkest Night: Two Sisters, a Brutal Murder, and the Loss of Innocence in a Small Town",Ron Franscell,"{""Format:"": ""Mass Market Paperback"", ""Language:"": ""English"", ""ISBN:"": ""B002QB7SLK"", ""ISBN13:"": ""9780312948467"", ""Release Date:"": ""March 2008"", ""Publisher:"": ""St. Martin's True Crime"", ""Length:"": ""304 Pages"", ""Weight:"": ""0.35 lbs."", ""Dimensions:"": ""0.8\"" x 4.2\"" x 6.7\""""}",https://i.thriftbooks.com/api/imagehandler/m/1BF62D8663435181F59AB9DA635A68EBF66147DE.jpeg
"Before He Wakes: A True Story of Money, Marriage, Sex and Murder",Jerry Bledsoe,"{""Format:"": ""Mass Market Paperback"", ""Language:"": ""English"", ""ISBN:"": ""0451406095"", ""ISBN13:"": ""9780451406095"", ""Release Date:"": ""February 1996"", ""Publisher:"": ""Onyx Books"", ""Length:"": ""448 Pages"", ""Weight:"": ""0.25 lbs."", ""Dimensions:"": ""1.3\"" x 4.2\"" x 7.1\""""}",https://i.thriftbooks.com/api/imagehandler/m/DEC0C219EFD555476DEAD4934C2CDE09D18C68C6.jpeg
To the Last Breath: Three Women Fight for the Truth Behind a Child's Tragic Murder,Carlton Stowers,"{""Format:"": ""Hardcover"", ""Language:"": ""English"", ""ISBN:"": ""0312169817"", ""ISBN13:"": ""9780312169817"", ""Release Date:"": ""January 1998"", ""Publisher:"": ""St. Martin's Press"", ""Length:"": ""256 Pages"", ""Weight:"": ""0.75 lbs."", ""Dimensions:"": ""1.0\"" x 6.5\"" x 9.6\""""}",https://i.thriftbooks.com/api/imagehandler/m/3940A7800C26AADF8A7A38177A20B4AE7010D0AB.jpeg
"She Wanted It All: A True Story of Sex, Murder, and a Texas Millionaire",Kathryn Casey,"{""Format:"": ""Mass Market Paperback"", ""Language:"": ""English"", ""ISBN:"": ""B09L75TLVY"", ""ISBN13:"": ""9780060567644"", ""Release Date:"": ""March 2005"", ""Publisher:"": ""William Morrow & Company"", ""Length:"": ""464 Pages"", ""Weight:"": ""0.55 lbs."", ""Dimensions:"": ""1.2\"" x 4.3\"" x 6.7\""""}",https://i.thriftbooks.com/api/imagehandler/m/A271DC001D07A6BBB97E4CE2D074285105A304FA.jpeg
"Beyond the Body Farm: A Legendary Bone Detective Explores Murders, Mysteries, and the Revolution in Forensic Science",Jon Jefferson,"{""Format:"": ""Hardcover"", ""Language:"": ""English"", ""ISBN:"": ""0060875291"", ""ISBN13:"": ""9780060875299"", ""Release Date:"": ""September 2007"", ""Publisher:"": ""William Morrow & Company"", ""Length:"": ""304 Pages"", ""Weight:"": ""0.05 lbs."", ""Dimensions:"": ""1.0\"" x 6.0\"" x 9.0\""""}",https://i.thriftbooks.com/api/imagehandler/m/AF357C18A9093122625B4B3EED3C9ECC67D2A31E.jpeg
Tears of Rage: From Grieving Father to Crusader for Justce: The Untold Story of the Adam Walsh Case,John Walsh,"{""Format:"": ""Hardcover"", ""Language:"": ""English"", ""ISBN:"": ""0671006614"", ""ISBN13:"": ""9780671006617"", ""Release Date:"": ""October 1997"", ""Publisher:"": ""Pocket Books"", ""Length:"": ""318 Pages"", ""Weight:"": ""1.45 lbs."", ""Dimensions:"": ""1.1\"" x 6.4\"" x 9.6\""""}",https://i.thriftbooks.com/api/imagehandler/m/2FC1DAC2652642A069CB74E1DFED14FF1E29D509.jpeg
The Onion Field,Joseph Wambaugh,"{""Format:"": ""Paperback"", ""Language:"": ""English"", ""ISBN:"": ""0440173507"", ""Release Date:"": ""March 1987"", ""Publisher:"": ""Dell"", ""Length:"": ""448 Pages"", ""Weight:"": ""0.50 lbs."", ""Dimensions:"": ""7.0\"" x 1.3\"" x 4.3\""""}",https://m.media-amazon.com/images/I/51CXWBAGNDL._SL350_.jpg
"Obsession: The FBI's Legendary Profiler Probes the Psyches of Killers, Rapists, and Stalkers and Their Victims and Tells How to F",John E. Douglas,"{""Format:"": ""Mass Market Paperback"", ""Language:"": ""English"", ""ISBN:"": ""0671017047"", ""ISBN13:"": ""9780671017040"", ""Release Date:"": ""November 1998"", ""Publisher:"": ""Pocket Books"", ""Length:"": ""496 Pages"", ""Weight:"": ""0.30 lbs."", ""Dimensions:"": ""1.1\"" x 4.2\"" x 6.7\""""}",https://i.thriftbooks.com/api/imagehandler/m/40BDE9BA333AA7B4653F214BC4522637C545BE80.jpeg
The A to Z Encyclopedia of Serial Killers,Harold Schechter,"{""Format:"": ""Paperback"", ""Language:"": ""English"", ""ISBN:"": ""1416521747"", ""ISBN13:"": ""9781416521747"", ""Release Date:"": ""July 2006"", ""Publisher:"": ""Gallery Books"", ""Length:"": ""352 Pages"", ""Weight:"": ""0.92 lbs."", ""Dimensions:"": ""0.9\"" x 6.2\"" x 9.3\""""}",https://i.thriftbooks.com/api/imagehandler/m/B3E8B50FE304ED4B9841CF14F95272BE02058188.jpeg
In the Still of the Night: The Strange Death of Ronda Reynolds and Her Mother's Unceasing Quest for the Truth,Ann Rule,"{""Format:"": ""Hardcover"", ""Language:"": ""English"", ""ISBN:"": ""1416544607"", ""ISBN13:"": ""9781416544609"", ""Release Date:"": ""October 2010"", ""Publisher:"": ""Free Press"", ""Length:"": ""404 Pages"", ""Weight:"": ""1.45 lbs."", ""Dimensions:"": ""1.3\"" x 6.3\"" x 9.1\""""}",https://i.thriftbooks.com/api/imagehandler/m/A76B0240B2E413539B4981DE4890239BF14CCEC7.jpeg
"You Belong to Me and Other True Crime Cases, 2",Ann Rule,"{""Format:"": ""Mass Market Paperback"", ""Language:"": ""English"", ""ISBN:"": ""0671793543"", ""ISBN13:"": ""9780671793548"", ""Release Date:"": ""September 1994"", ""Publisher:"": ""Pocket Books"", ""Length:"": ""480 Pages"", ""Weight:"": ""0.60 lbs."", ""Dimensions:"": ""1.0\"" x 4.2\"" x 6.8\""""}",https://i.thriftbooks.com/api/imagehandler/m/B6D35A57EE9209ACFCDCFACF6262EF5DFD8724EA.jpeg
The Missing Girls: A Shocking True Story of Abduction and Murder (St. Martin's True Crime Library),Philip Tennyson,"{""Format:"": ""Mass Market Paperback"", ""Language:"": ""English"", ""ISBN:"": ""0312941617"", ""Release Date:"": ""January 2007"", ""Publisher:"": ""St. Martin's True Crime"", ""Length:"": ""384 Pages"", ""Weight:"": ""0.45 lbs."", ""Dimensions:"": ""6.7\"" x 1.0\"" x 4.2\""""}",https://m.media-amazon.com/images/I/51amj8FejNL._SL350_.jpg
The Evil That Men Do: FBI Profiler Roy Hazelwood's Journey Into the Minds of Sexual Predators,Stephen G. Michaud,"{""Format:"": ""Hardcover"", ""Language:"": ""English"", ""ISBN:"": ""0312198779"", ""ISBN13:"": ""9780312198770"", ""Release Date:"": ""January 1999"", ""Publisher:"": ""St. Martin's Press"", ""Length:"": ""262 Pages"", ""Weight:"": ""1.10 lbs."", ""Dimensions:"": ""1.0\"" x 6.3\"" x 9.5\""""}",https://i.thriftbooks.com/api/imagehandler/m/AF5A6818B9BAEDF265FDF5497E547DE55B900364.jpeg
From Cradle to Grave,Joyce Egginton,"{""Format:"": ""Mass Market Paperback"", ""Language:"": ""English"", ""ISBN:"": ""0515103012"", ""ISBN13:"": ""9780515103014"", ""Release Date:"": ""May 1990"", ""Publisher:"": ""Jove Books"", ""Length:"": ""362 Pages"", ""Weight:"": ""0.50 lbs."", ""Dimensions:"": ""1.1\"" x 4.3\"" x 6.8\""""}",https://i.thriftbooks.com/api/imagehandler/m/ECB2C583A6924532D12EC129DEE425D235F21D62.jpeg
"The Serial Killer Files: The Who, What, Where, How, and Why of the World's Most Terrifying Murderers",Harold Schechter,"{""Format:"": ""Paperback"", ""Language:"": ""English"", ""ISBN:"": ""0345465660"", ""ISBN13:"": ""9780345465665"", ""Release Date:"": ""December 2003"", ""Publisher:"": ""Ballantine Books"", ""Length:"": ""432 Pages"", ""Weight:"": ""1.90 lbs."", ""Dimensions:"": ""1.3\"" x 7.4\"" x 9.1\""""}",https://i.thriftbooks.com/api/imagehandler/m/94193616189989C8CAE81030DE89CFF505E872C2.jpeg
