Book Name,Authors,Info,Image URL
Murder Machine (Onyx True Crime),Gene Mustain,"{""Format:"": ""Mass Market Paperback"", ""Language:"": ""English"", ""ISBN:"": ""0451403878"", ""Release Date:"": ""July 1993"", ""Publisher:"": ""Berkley"", ""Length:"": ""496 Pages"", ""Weight:"": ""0.55 lbs."", ""Dimensions:"": ""6.7\"" x 1.4\"" x 4.2\""""}",https://m.media-amazon.com/images/I/41tr1+4HrjL._SL350_.jpg
The Ice Man: Confessions of a Mafia Contract Killer,Philip Carlo,"{""Format:"": ""Paperback"", ""Language:"": ""English"", ""ISBN:"": ""0312374658"", ""ISBN13:"": ""9780312374655"", ""Release Date:"": ""September 2007"", ""Publisher:"": ""St. Martin's Griffin"", ""Length:"": ""440 Pages"", ""Weight:"": ""0.91 lbs."", ""Dimensions:"": ""1.2\"" x 5.5\"" x 8.0\""""}",https://i.thriftbooks.com/api/imagehandler/m/8177F61CE803D61C601D8767826AA35B66922CAA.jpeg
No Angel: My Harrowing Undercover Journey to the Inner Circle of the Hells Angels,Nils Johnson-Shelton,"{""Format:"": ""Hardcover"", ""Language:"": ""English"", ""ISBN:"": ""0307405850"", ""ISBN13:"": ""9780307405852"", ""Release Date:"": ""February 2009"", ""Publisher:"": ""Crown Publishing Group (NY)"", ""Length:"": ""328 Pages"", ""Weight:"": ""1.49 lbs."", ""Dimensions:"": ""1.1\"" x 6.4\"" x 9.6\""""}",https://i.thriftbooks.com/api/imagehandler/m/9BC9602366346B2215C7219F1BFA52C4A3841D54.jpeg
A Complete History of the Mafia by JO DURDEN SMITH (2007) Hardcover,Jo Durden-Smith,"{""Format:"": ""Hardcover"", ""Language:"": ""English"", ""ISBN:"": ""0760791953"", ""ISBN13:"": ""9780760791950"", ""Release Date:"": ""January 2007"", ""Publisher:"": ""METRO BOOKS"", ""Length:"": ""208 Pages"", ""Weight:"": ""1.55 lbs.""}",https://m.media-amazon.com/images/I/51iOi4dUDxL._SL350_.jpg
Killing Pablo: The Hunt for the World's Greatest Outlaw,Mark Bowden,"{""Format:"": ""Hardcover"", ""Language:"": ""English"", ""ISBN:"": ""0871137836"", ""ISBN13:"": ""9780871137838"", ""Release Date:"": ""April 2001"", ""Publisher:"": ""Atlantic Monthly Press"", ""Length:"": ""400 Pages"", ""Weight:"": ""1.35 lbs."", ""Dimensions:"": ""1.1\"" x 6.0\"" x 9.0\""""}",https://i.thriftbooks.com/api/imagehandler/m/E9BBBE5DCD58C662C3440B7BAB56B43502B75FAA.jpeg
"""I Heard You Paint Houses"": Frank ""The Irishman"" Sheeran & Closing the Case on Jimmy Hoffa",Charles Brandt,"{""Format:"": ""Paperback"", ""Language:"": ""English"", ""ISBN:"": ""1586420895"", ""ISBN13:"": ""9781586420895"", ""Release Date:"": ""January 2005"", ""Publisher:"": ""Steerforth Press"", ""Length:"": ""320 Pages"", ""Weight:"": ""1.00 lbs."", ""Dimensions:"": ""0.9\"" x 6.0\"" x 8.8\""""}",https://i.thriftbooks.com/api/imagehandler/m/10AA218328124D81E4B0E3826647094956D37253.jpeg
"Boardwalk Empire: The Birth, High Times, and Corruption of Atlantic City",Nelson Johnson,"{""Format:"": ""Paperback"", ""Language:"": ""English"", ""ISBN:"": ""0966674855"", ""ISBN13:"": ""9780966674859"", ""Release Date:"": ""September 2009"", ""Publisher:"": ""Plexus Publishing"", ""Length:"": ""296 Pages"", ""Weight:"": ""0.84 lbs."", ""Dimensions:"": ""0.7\"" x 6.5\"" x 8.6\""""}",https://i.thriftbooks.com/api/imagehandler/m/EB2D47D11667BCBBBB6930A03A92F0F2AA1E3F25.jpeg
"Five Families: The Rise, Decline, and Resurgence of America's Most Powerful Mafia Empires",Selwyn Raab,"{""Format:"": ""Paperback"", ""Language:"": ""English"", ""ISBN:"": ""1250101700"", ""ISBN13:"": ""9781250101709"", ""Release Date:"": ""October 2016"", ""Publisher:"": ""Thomas Dunne Book for St. Martin's Griffin"", ""Length:"": ""816 Pages"", ""Weight:"": ""2.07 lbs."", ""Dimensions:"": ""2.2\"" x 6.0\"" x 9.1\""""}",https://i.thriftbooks.com/api/imagehandler/m/DA3378A28E3C3F9B162689A529C425A188B3F5F6.jpeg
Blood Covenant,Michael Franzese,"{""Format:"": ""Hardcover"", ""Language:"": ""English"", ""ISBN:"": ""0883688670"", ""ISBN13:"": ""9780883688670"", ""Release Date:"": ""January 2003"", ""Publisher:"": ""Whitaker Distribution"", ""Length:"": ""404 Pages"", ""Weight:"": ""1.55 lbs."", ""Dimensions:"": ""1.5\"" x 6.4\"" x 9.0\""""}",https://i.thriftbooks.com/api/imagehandler/m/E3CC3D8E6D90A75C57A91DA60F411F8DDB8968BE.jpeg
Wiseguy: Life in a Mafia Family,Nicholas Pileggi,"{""Format:"": ""Mass Market Paperback"", ""Language:"": ""English"", ""ISBN:"": ""0671633929"", ""ISBN13:"": ""9780671633929"", ""Release Date:"": ""February 1987"", ""Publisher:"": ""Pocket Books"", ""Length:"": ""289 Pages"", ""Weight:"": ""0.38 lbs.""}",https://m.media-amazon.com/images/I/51ue7gcqN+L._SL350_.jpg
The Weasel: A Double Life in the Mob,Adrian Humphreys,"{""Format:"": ""Hardcover"", ""Language:"": ""English"", ""ISBN:"": ""0470964510"", ""ISBN13:"": ""9780470964514"", ""Release Date:"": ""November 2011"", ""Publisher:"": ""John Wiley & Sons"", ""Length:"": ""406 Pages"", ""Weight:"": ""1.74 lbs."", ""Dimensions:"": ""1.3\"" x 6.3\"" x 9.2\""""}",https://i.thriftbooks.com/api/imagehandler/m/F0AC0932E35C48F4069429A6A2C36F13553F358D.jpeg
The Iceman: The True Story of a Cold-Bl,Anthony Bruno,"{""Format:"": ""Hardcover"", ""Language:"": ""English"", ""ISBN:"": ""0385307780"", ""ISBN13:"": ""9780385307789"", ""Release Date:"": ""September 1993"", ""Publisher:"": ""Delacorte Press"", ""Length:"": ""289 Pages"", ""Weight:"": ""1.40 lbs."", ""Dimensions:"": ""1.2\"" x 6.5\"" x 9.6\""""}",https://m.media-amazon.com/images/I/31RjVagUtmL._SL350_.jpg
Gaspipe: Confessions of a Mafia Boss,Philip Carlo,"{""Format:"": ""Paperback"", ""Language:"": ""English"", ""ISBN:"": ""0061429856"", ""ISBN13:"": ""9780061429859"", ""Release Date:"": ""June 2009"", ""Publisher:"": ""William Morrow & Company"", ""Length:"": ""384 Pages"", ""Weight:"": ""0.65 lbs."", ""Dimensions:"": ""0.9\"" x 5.3\"" x 8.0\""""}",https://i.thriftbooks.com/api/imagehandler/m/673EE41E08B0B572945062868ED781EC91AD2EB9.jpeg
Finders Keepers: The Story of a Man Who Found $1 Million,Mark Bowden,"{""Format:"": ""Hardcover"", ""Language:"": ""English"", ""ISBN:"": ""087113859X"", ""ISBN13:"": ""9780871138590"", ""Release Date:"": ""January 2002"", ""Publisher:"": ""Atlantic Monthly Press"", ""Length:"": ""208 Pages"", ""Weight:"": ""0.90 lbs."", ""Dimensions:"": ""0.8\"" x 5.7\"" x 8.6\""""}",https://i.thriftbooks.com/api/imagehandler/m/95E1BE59E4F3BD46311932F49F4E7F65966311AB.jpeg
"Double Cross: The Explosive, Inside Story of the Mobster Who Controlled America",Sam Giancana,"{""Format:"": ""Mass Market Paperback"", ""Language:"": ""English"", ""ISBN:"": ""0446364126"", ""ISBN13:"": ""9780446364126"", ""Release Date:"": ""March 1993"", ""Publisher:"": ""Grand Central Publishing"", ""Length:"": ""495 Pages"", ""Weight:"": ""0.60 lbs."", ""Dimensions:"": ""1.5\"" x 4.2\"" x 6.7\""""}",https://i.thriftbooks.com/api/imagehandler/m/261395F435CC490E92D03908E658D643C23DDC90.jpeg
"Unbridled Rage: A True Story of Organized Crime, Corruption, and Murder in Chicago",Gene O'Shea,"{""Format:"": ""Mass Market Paperback"", ""Language:"": ""English"", ""ISBN:"": ""0425205266"", ""ISBN13:"": ""9780425205266"", ""Release Date:"": ""September 2005"", ""Publisher:"": ""Berkley Publishing Group"", ""Length:"": ""353 Pages"", ""Weight:"": ""0.45 lbs."", ""Dimensions:"": ""1.1\"" x 4.3\"" x 6.8\""""}",https://i.thriftbooks.com/api/imagehandler/m/59BF087B26E84FB51469E7A1A115966F79025E16.jpeg
Organized Crime: An Inside Guide to the World's Most Successful Industry,Paul Lunde,"{""Format:"": ""Paperback"", ""Language:"": ""English"", ""ISBN:"": ""0756618991"", ""ISBN13:"": ""9780756618995"", ""Release Date:"": ""May 2006"", ""Publisher:"": ""DK Publishing (Dorling Kindersley)"", ""Length:"": ""192 Pages"", ""Weight:"": ""1.75 lbs."", ""Dimensions:"": ""0.7\"" x 9.2\"" x 10.5\""""}",https://i.thriftbooks.com/api/imagehandler/m/03CFA9EADD948218707D4DFF4A716FF392959C10.jpeg
"The Al Qaeda Connection: International Terrorism, Organized Crime, and the Coming Apocalypse",Paul L. Williams,"{"""": """"}",https://i.thriftbooks.com/api/imagehandler/m/7B679EBA505EC2E6A97B6D7F968499D12374218E.jpeg
The Rise of the Mafia,Martin Short,"{"""": """"}",https://i.thriftbooks.com/api/imagehandler/m/BB222F5276BF1CD3960277AE14132510D6E42B4F.jpeg
Gangs of Britain: The Faces Who Run British Organised Crime,Wensley Clarkson,"{""Format:"": ""Paperback"", ""Language:"": ""English"", ""ISBN:"": ""1786062585"", ""ISBN13:"": ""9781786062581"", ""Release Date:"": ""July 2019"", ""Publisher:"": ""John Blake"", ""Length:"": ""288 Pages"", ""Weight:"": ""0.45 lbs."", ""Dimensions:"": ""0.7\"" x 5.0\"" x 7.7\""""}",https://i.thriftbooks.com/api/imagehandler/m/C1C25FA26E40592A76AF598866B344F4A8E058AD.jpeg
The Whistler [Large Print],John Grisham,"{""Format:"": ""Paperback"", ""Large Print:"": ""Yes"", ""Language:"": ""English"", ""ISBN:"": ""0399565205"", ""ISBN13:"": ""9780399565205"", ""Release Date:"": ""October 2016"", ""Publisher:"": ""Diversified Publishing"", ""Length:"": ""512 Pages"", ""Weight:"": ""1.01 lbs."", ""Dimensions:"": ""1.1\"" x 6.1\"" x 9.1\""""}",https://i.thriftbooks.com/api/imagehandler/m/6905EE881CB09484E5B0A552759F9C71DF75F009.jpeg
Running Blind,Lee Child,"{""Format:"": ""Mass Market Paperback"", ""Language:"": ""English"", ""ISBN:"": ""0515130974"", ""ISBN13:"": ""9780515130973"", ""Release Date:"": ""July 2001"", ""Publisher:"": ""Jove Books"", ""Length:"": ""512 Pages"", ""Weight:"": ""0.52 lbs."", ""Dimensions:"": ""1.1\"" x 4.2\"" x 6.8\"""", ""Age Range:"": ""18 years and up"", ""Grade Range:"": ""Postsecondary and higher""}",https://i.thriftbooks.com/api/imagehandler/m/5594824EF1DB15D2312D688B9F84F0D5746AB659.jpeg
Blue Moon: A Jack Reacher Novel,Lee Child,"{""Format:"": ""Mass Market Paperback"", ""Language:"": ""English"", ""ISBN:"": ""039959356X"", ""ISBN13:"": ""9780399593567"", ""Release Date:"": ""April 2020"", ""Publisher:"": ""Dell"", ""Length:"": ""480 Pages"", ""Weight:"": ""0.60 lbs."", ""Dimensions:"": ""1.3\"" x 4.0\"" x 7.3\""""}",https://i.thriftbooks.com/api/imagehandler/m/F58D02CB48EEA131C59BFFA5ED02F32B601D6547.jpeg
Persuader: A Jack Reacher Novel,Lee Child,"{""Format:"": ""Mass Market Paperback"", ""Language:"": ""English"", ""ISBN:"": ""0440245982"", ""ISBN13:"": ""9780440245988"", ""Release Date:"": ""May 2009"", ""Publisher:"": ""Dell"", ""Length:"": ""496 Pages"", ""Weight:"": ""0.63 lbs."", ""Dimensions:"": ""1.2\"" x 4.3\"" x 7.6\""""}",https://i.thriftbooks.com/api/imagehandler/m/8FD062A9C0839DBC8ACFA293BFAA0616B57CDBCE.jpeg
"One for the Money (Stephanie Plum, No. 1) (Stephanie Plum Novels)",Janet Evanovich,"{""Format:"": ""Paperback"", ""Language:"": ""English"", ""ISBN:"": ""0312362080"", ""Release Date:"": ""June 2006"", ""Publisher:"": ""St. Martin's Griffin"", ""Length:"": ""334 Pages"", ""Weight:"": ""0.53 lbs."", ""Dimensions:"": ""8.3\"" x 1.0\"" x 5.5\""""}",https://m.media-amazon.com/images/I/41yIFPNVj1L._SL350_.jpg
"The Black Echo (A Harry Bosch Novel, 1)",Michael Connelly,"{""Format:"": ""Paperback"", ""Language:"": ""English"", ""ISBN:"": ""0446612731"", ""Release Date:"": ""December 2002"", ""Publisher:"": ""Grand Central Publishing"", ""Length:"": ""496 Pages"", ""Weight:"": ""0.52 lbs."", ""Dimensions:"": ""6.8\"" x 1.0\"" x 4.3\""""}",https://m.media-amazon.com/images/I/51f9UaHz5sL._SL350_.jpg
The 18th Abduction,Maxine Paetro,"{""Format:"": ""Paperback"", ""Language:"": ""English"", ""ISBN:"": ""1538731592"", ""ISBN13:"": ""9781538731598"", ""Release Date:"": ""October 2019"", ""Publisher:"": ""Grand Central Publishing"", ""Length:"": ""416 Pages"", ""Weight:"": ""0.75 lbs."", ""Dimensions:"": ""1.2\"" x 5.3\"" x 7.8\""""}",https://i.thriftbooks.com/api/imagehandler/m/B8474E4246D07CA4691B6EA37E8C4A2A662B5D24.jpeg
Twisted Twenty-Six,Janet Evanovich,"{""Format:"": ""Hardcover"", ""Language:"": ""English"", ""ISBN:"": ""0399180192"", ""ISBN13:"": ""9780399180194"", ""Release Date:"": ""November 2019"", ""Publisher:"": ""G.P. Putnam's Sons"", ""Length:"": ""320 Pages"", ""Weight:"": ""1.20 lbs."", ""Dimensions:"": ""1.0\"" x 6.3\"" x 9.2\""""}",https://i.thriftbooks.com/api/imagehandler/m/2E804EF570B66AEF11353E21745BC74A09D25DC4.jpeg
Better Off Dead: A Jack Reacher Novel,Andrew Child,"{""Format:"": ""Mass Market Paperback"", ""Language:"": ""English"", ""ISBN:"": ""1984818538"", ""ISBN13:"": ""9781984818539"", ""Release Date:"": ""April 2022"", ""Publisher:"": ""Dell"", ""Length:"": ""384 Pages"", ""Weight:"": ""0.74 lbs."", ""Dimensions:"": ""0.9\"" x 4.2\"" x 7.6\""""}",https://i.thriftbooks.com/api/imagehandler/m/E9A991E19A568462B02CCA6088A2BDB7C5F641AA.jpeg
Bad Luck and Trouble (Jack Reacher),Lee Child,"{""Format:"": ""Mass Market Paperback"", ""Language:"": ""English"", ""ISBN:"": ""0440246016"", ""Release Date:"": ""May 2009"", ""Publisher:"": ""Dell"", ""Length:"": ""512 Pages"", ""Weight:"": ""0.52 lbs."", ""Dimensions:"": ""7.5\"" x 1.2\"" x 4.2\""""}",https://m.media-amazon.com/images/I/41aLlDjMHgL._SL350_.jpg
News of a Kidnapping,Gabriel García Márquez,"{""Format:"": ""Hardcover"", ""Language:"": ""English"", ""ISBN:"": ""0375400516"", ""ISBN13:"": ""9780375400513"", ""Release Date:"": ""May 1997"", ""Publisher:"": ""Alfred A. Knopf"", ""Length:"": ""291 Pages"", ""Weight:"": ""1.43 lbs."", ""Dimensions:"": ""1.2\"" x 6.6\"" x 9.6\""""}",https://i.thriftbooks.com/api/imagehandler/m/C183C1681C69D82BCB1A52808E11F6448B779A20.jpeg
By the Sword (A Repairman Jack Novel),F. Paul Wilson,"{""Format:"": ""Mass Market Paperback"", ""Language:"": ""English"", ""ISBN:"": ""0765356333"", ""Release Date:"": ""August 2009"", ""Publisher:"": ""Tor Books"", ""Length:"": ""464 Pages"", ""Weight:"": ""0.50 lbs."", ""Dimensions:"": ""6.8\"" x 1.3\"" x 4.2\""""}",https://m.media-amazon.com/images/I/41VZbQlx2HL._SL350_.jpg
Divided in Death,J.D. Robb,"{""Format:"": ""Mass Market Paperback"", ""Language:"": ""English"", ""ISBN:"": ""0425197956"", ""Release Date:"": ""August 2004"", ""Publisher:"": ""Berkley"", ""Length:"": ""371 Pages"", ""Weight:"": ""0.45 lbs."", ""Dimensions:"": ""6.8\"" x 1.1\"" x 4.1\""""}",https://m.media-amazon.com/images/I/41O2PJ-4RGL._SL350_.jpg
Mafia Kingfish,John H. Davis,"{""Format:"": ""Mass Market Paperback"", ""Language:"": ""English"", ""ISBN:"": ""0451164180"", ""ISBN13:"": ""9780451164186"", ""Release Date:"": ""November 1989"", ""Publisher:"": ""Signet Book"", ""Length:"": ""24 Pages"", ""Weight:"": ""0.80 lbs."", ""Dimensions:"": ""1.6\"" x 4.2\"" x 6.9\""""}",https://m.media-amazon.com/images/I/51DHsiCQkJL._SL350_.jpg
Tough Jews,Rich Cohen,"{""Format:"": ""Hardcover"", ""Language:"": ""English"", ""ISBN:"": ""0684831155"", ""ISBN13:"": ""9780684831152"", ""Release Date:"": ""April 1998"", ""Publisher:"": ""Simon & Schuster"", ""Length:"": ""272 Pages"", ""Weight:"": ""1.25 lbs."", ""Dimensions:"": ""1.0\"" x 6.4\"" x 9.6\""""}",https://i.thriftbooks.com/api/imagehandler/m/FB2135AFBDC958C512BED7ED6FE2F9F8C5018E35.jpeg
"The Beautiful Cigar Girl: Mary Rogers, Edgar Allan Poe, and the Invention of Murder",Daniel Stashower,"{""Format:"": ""Hardcover"", ""Language:"": ""English"", ""ISBN:"": ""052594981X"", ""ISBN13:"": ""9780525949817"", ""Release Date:"": ""October 2006"", ""Publisher:"": ""Dutton Books"", ""Length:"": ""326 Pages"", ""Weight:"": ""0.95 lbs."", ""Dimensions:"": ""1.1\"" x 6.6\"" x 9.3\"""", ""Age Range:"": ""14 years and up"", ""Grade Range:"": ""Grade 9 and higher""}",https://i.thriftbooks.com/api/imagehandler/m/6F547421533A0DA9FAEB5ED94F77220F25C9F396.jpeg
Sin City Volume 3: The Big Fat Kill,Frank Miller,"{""Format:"": ""Hardcover"", ""Language:"": ""English"", ""ISBN:"": ""1569710767"", ""ISBN13:"": ""9781569710760"", ""Release Date:"": ""December 1995"", ""Publisher:"": ""Dark Horse Comics"", ""Length:"": ""117 Pages"", ""Weight:"": ""6.95 lbs."", ""Dimensions:"": ""0.7\"" x 7.0\"" x 10.5\"""", ""Age Range:"": ""16 years and up"", ""Grade Range:"": ""Grade 11 and higher""}",https://i.thriftbooks.com/api/imagehandler/m/156AAD2753A09CC891023C6BE0661B9DFC4970C5.jpeg
Borrow Trouble,Victor McGlothin,"{""Format:"": ""Hardcover"", ""Language:"": ""English"", ""ISBN:"": ""0758212232"", ""ISBN13:"": ""9780758212238"", ""Release Date:"": ""January 2006"", ""Publisher:"": ""Dafina Books"", ""Length:"": ""297 Pages"", ""Weight:"": ""1.25 lbs."", ""Dimensions:"": ""1.0\"" x 6.4\"" x 9.2\""""}",https://i.thriftbooks.com/api/imagehandler/m/5D7A074E5618F643CD0F410E115C983E3B74A66A.jpeg
Untouchables: Untouchables,Oscar Fraley,"{""Format:"": ""Mass Market Paperback"", ""Language:"": ""English"", ""ISBN:"": ""0671644491"", ""ISBN13:"": ""9780671644499"", ""Release Date:"": ""June 1987"", ""Publisher:"": ""Pocket Books"", ""Length:"": ""224 Pages"", ""Weight:"": ""0.23 lbs."", ""Dimensions:"": ""0.7\"" x 4.2\"" x 6.7\""""}",https://m.media-amazon.com/images/I/41JAskR4EPL._SL350_.jpg
King Con,Stephen J. Cannell,"{""Format:"": ""Mass Market Paperback"", ""Language:"": ""English"", ""ISBN:"": ""0380728176"", ""ISBN13:"": ""9780380728176"", ""Release Date:"": ""June 1998"", ""Publisher:"": ""Avon Books"", ""Length:"": ""448 Pages"", ""Weight:"": ""0.50 lbs."", ""Dimensions:"": ""1.1\"" x 4.2\"" x 6.8\""""}",https://i.thriftbooks.com/api/imagehandler/m/0F403A86C8C42F5DBAF5EE3C83B3F94CE0A6F55E.jpeg
Blue Blood,Edward Conlon,"{""Format:"": ""Hardcover"", ""Language:"": ""English"", ""ISBN:"": ""1573222666"", ""ISBN13:"": ""9781573222662"", ""Release Date:"": ""April 2004"", ""Publisher:"": ""Riverhead Books"", ""Length:"": ""562 Pages"", ""Weight:"": ""1.95 lbs."", ""Dimensions:"": ""1.7\"" x 6.4\"" x 9.6\"""", ""Age Range:"": ""18 years and up"", ""Grade Range:"": ""Postsecondary and higher""}",https://i.thriftbooks.com/api/imagehandler/m/A41736C52EE008EFE391AE8BE6748C4C7B244471.jpeg
The Red Heart of Jade,Marjorie M. Liu,"{""Format:"": ""Mass Market Paperback"", ""Language:"": ""English"", ""ISBN:"": ""050552631X"", ""ISBN13:"": ""9780505526311"", ""Release Date:"": ""January 2006"", ""Publisher:"": ""Love Spell"", ""Length:"": ""369 Pages"", ""Weight:"": ""0.45 lbs."", ""Dimensions:"": ""1.1\"" x 5.5\"" x 6.9\""""}",https://i.thriftbooks.com/api/imagehandler/m/405E5235423B4C06C0C1F6659059D94993938B5D.jpeg
Son of the Mob,Gordon Korman,"{""Format:"": ""Paperback"", ""Language:"": ""English"", ""ISBN:"": ""0786815930"", ""ISBN13:"": ""9780786815937"", ""Release Date:"": ""September 2004"", ""Publisher:"": ""Hyperion Books for Children"", ""Length:"": ""262 Pages"", ""Weight:"": ""0.35 lbs."", ""Dimensions:"": ""0.6\"" x 5.3\"" x 7.5\"""", ""Age Range:"": ""12 to 17 years"", ""Grade Range:"": ""Grades 7 to 12""}",https://i.thriftbooks.com/api/imagehandler/m/775E87F6076FEB4A19BA1838BAC0F2521F930C12.jpeg
The Snakehead: An Epic Tale of the Chinatown Underworld and the American Dream,Patrick Radden Keefe,"{""Format:"": ""Hardcover"", ""Language:"": ""English"", ""ISBN:"": ""0385521308"", ""ISBN13:"": ""9780385521307"", ""Release Date:"": ""July 2009"", ""Publisher:"": ""Doubleday Books"", ""Length:"": ""414 Pages"", ""Weight:"": ""1.65 lbs."", ""Dimensions:"": ""1.5\"" x 6.4\"" x 9.4\""""}",https://i.thriftbooks.com/api/imagehandler/m/A9A93AE2803695A726206F6445CCD859D8E5110A.jpeg
Godfather of the Kremlin: The Decline of Russia in the Age of Gangster Capitalism,Paul Klebnikov,"{""Format:"": ""Paperback"", ""Language:"": ""English"", ""ISBN:"": ""0156013304"", ""ISBN13:"": ""9780156013307"", ""Release Date:"": ""September 2001"", ""Publisher:"": ""Harper Paperbacks"", ""Length:"": ""416 Pages"", ""Weight:"": ""1.18 lbs."", ""Dimensions:"": ""1.3\"" x 5.9\"" x 8.9\""""}",https://i.thriftbooks.com/api/imagehandler/m/0947EB658DD172E0A43B8489FAD06642B8BFED53.jpeg
Dead in 5 Heartbeats,Ralph Barger,"{""Format:"": ""Hardcover"", ""Language:"": ""English"", ""ISBN:"": ""0060532513"", ""ISBN13:"": ""9780060532512"", ""Release Date:"": ""September 2003"", ""Publisher:"": ""William Morrow & Company"", ""Length:"": ""307 Pages"", ""Weight:"": ""1.30 lbs."", ""Dimensions:"": ""1.1\"" x 6.0\"" x 9.0\""""}",https://i.thriftbooks.com/api/imagehandler/m/F3F55F9B9968DD20361BADC7285521C947705437.jpeg
Honor Thy Father,Gay Talese,"{""Format:"": ""Hardcover"", ""Language:"": ""English"", ""ISBN:"": ""B0006C0SFY"", ""Release Date:"": ""October 1971"", ""Publisher:"": ""World Publishing"", ""Length:"": ""526 Pages"", ""Weight:"": ""0.10 lbs.""}",https://m.media-amazon.com/images/I/51BGGlo-TYL._SL350_.jpg
No Humans Involved,Kelley Armstrong,"{""Format:"": ""Mass Market Paperback"", ""Language:"": ""English"", ""ISBN:"": ""0553588370"", ""Release Date:"": ""February 2008"", ""Publisher:"": ""Bantam"", ""Length:"": ""544 Pages"", ""Weight:"": ""1.00 lbs."", ""Dimensions:"": ""6.8\"" x 1.1\"" x 4.1\""""}",https://m.media-amazon.com/images/I/41lsajuxwOL._SL350_.jpg
Sleepers,Lorenzo Carcaterra,"{""Format:"": ""Hardcover"", ""Language:"": ""English"", ""ISBN:"": ""0345396065"", ""ISBN13:"": ""9780345396068"", ""Release Date:"": ""July 1995"", ""Publisher:"": ""Ballantine Books"", ""Length:"": ""404 Pages"", ""Weight:"": ""1.65 lbs."", ""Dimensions:"": ""1.3\"" x 6.5\"" x 9.5\""""}",https://i.thriftbooks.com/api/imagehandler/m/B69C35739F1536D82B5C8046D0EACDDDE8EF8544.jpeg
Prince of the City,Robert Daley,"{""Format:"": ""Hardcover"", ""ISBN:"": ""B0046JPEH0"", ""Release Date:"": ""January 1978"", ""Publisher:"": ""Houghton Mifflin"", ""Weight:"": ""1.35 lbs.""}",https://m.media-amazon.com/images/I/51x2U04mt2L._SL350_.jpg
Casino,Nicholas Pileggi,"{""Format:"": ""Hardcover"", ""Language:"": ""English"", ""ISBN:"": ""0684808323"", ""ISBN13:"": ""9780684808321"", ""Release Date:"": ""October 1995"", ""Publisher:"": ""Simon & Schuster"", ""Length:"": ""363 Pages"", ""Weight:"": ""1.43 lbs."", ""Dimensions:"": ""1.3\"" x 6.4\"" x 9.5\""""}",https://i.thriftbooks.com/api/imagehandler/m/936F693C8DB331E47C7E6C1601B2F8B44A4F5EA1.jpeg
Last Call: The Rise and Fall of Prohibition,Daniel Okrent,"{""Format:"": ""Hardcover"", ""Language:"": ""English"", ""ISBN:"": ""0743277023"", ""ISBN13:"": ""9780743277020"", ""Release Date:"": ""May 2010"", ""Publisher:"": ""Scribner Book Company"", ""Length:"": ""468 Pages"", ""Weight:"": ""1.80 lbs."", ""Dimensions:"": ""1.4\"" x 6.4\"" x 9.5\""""}",https://i.thriftbooks.com/api/imagehandler/m/87CBE0B6F6E1C69A73AE3782BBB73EADFFD756A0.jpeg
The Gangs of New York: An Informal History of the Underworld,Herbert Asbury,"{""Format:"": ""Paperback"", ""Language:"": ""English"", ""ISBN:"": ""1560252758"", ""ISBN13:"": ""9781560252757"", ""Release Date:"": ""October 2001"", ""Publisher:"": ""Basic Books"", ""Length:"": ""384 Pages"", ""Weight:"": ""0.30 lbs."", ""Dimensions:"": ""1.1\"" x 5.5\"" x 8.3\""""}",https://i.thriftbooks.com/api/imagehandler/m/463CB89795868B2A57C030FB1D852B92C6699D5B.jpeg
Gomorrah: A Personal Journey Into the Violent International Empire of Naples' Organized Crime System,Roberto Saviano,"{""Format:"": ""Paperback"", ""Language:"": ""English"", ""ISBN:"": ""0312427794"", ""ISBN13:"": ""9780312427795"", ""Release Date:"": ""November 2008"", ""Publisher:"": ""Picador USA"", ""Length:"": ""301 Pages"", ""Weight:"": ""0.70 lbs."", ""Dimensions:"": ""0.8\"" x 5.5\"" x 8.2\""""}",https://i.thriftbooks.com/api/imagehandler/m/D90030011C2B52A264442B4625F11CEF80DC4410.jpeg
Cosa Nostra: A History of the Sicilian Mafia,John Dickie,"{""Format:"": ""Paperback"", ""Language:"": ""English"", ""ISBN:"": ""1403970424"", ""ISBN13:"": ""9781403970428"", ""Release Date:"": ""October 2005"", ""Publisher:"": ""St. Martin's Griffin"", ""Length:"": ""400 Pages"", ""Weight:"": ""1.00 lbs."", ""Dimensions:"": ""1.3\"" x 6.1\"" x 9.2\""""}",https://i.thriftbooks.com/api/imagehandler/m/C58E51FEE1BB3954D4FCD8665AF3A8540D513FF5.jpeg
"The Rescue Artist: A True Story of Art, Thieves, and the Hunt for a Missing Masterpiece: An Edgar Award Winner",Edward Dolnick,"{""Format:"": ""Hardcover"", ""Language:"": ""English"", ""ISBN:"": ""0060531177"", ""ISBN13:"": ""9780060531171"", ""Release Date:"": ""June 2005"", ""Publisher:"": ""Harper"", ""Length:"": ""288 Pages"", ""Weight:"": ""0.40 lbs."", ""Dimensions:"": ""0.9\"" x 6.0\"" x 9.0\""""}",https://i.thriftbooks.com/api/imagehandler/m/1DA35E947063B21EB95585D25BA0587C2BDA0CBC.jpeg
Mississippi Mud: Southern Justice and the Dixie Mafia,Edward Humes,"{""Format:"": ""Mass Market Paperback"", ""Language:"": ""English"", ""ISBN:"": ""0671535056"", ""ISBN13:"": ""9780671535056"", ""Release Date:"": ""December 1995"", ""Publisher:"": ""Pocket Books"", ""Length:"": ""448 Pages"", ""Weight:"": ""0.50 lbs."", ""Dimensions:"": ""1.2\"" x 4.1\"" x 6.8\""""}",https://i.thriftbooks.com/api/imagehandler/m/552A53FA54B9FE79E7015898E5122892860E874E.jpeg
Invisible: The Forgotten Story of the Black Woman Lawyer Who Took Down America's Most Powerful Mobster,Stephen L. Carter,"{""Format:"": ""Hardcover"", ""Language:"": ""English"", ""ISBN:"": ""1250121973"", ""ISBN13:"": ""9781250121974"", ""Release Date:"": ""October 2018"", ""Publisher:"": ""Henry Holt & Company"", ""Length:"": ""384 Pages"", ""Weight:"": ""1.25 lbs."", ""Dimensions:"": ""1.2\"" x 6.4\"" x 9.5\""""}",https://i.thriftbooks.com/api/imagehandler/m/C44EB26AB8B3053B73728C1699E97AC4AE6EE04B.jpeg
"The Red Market: On the Trail of the World's Organ Brokers, Bone Thieves, Blood Farmers, and Child Traffickers",Scott Carney,"{""Format:"": ""Hardcover"", ""Language:"": ""English"", ""ISBN:"": ""0061936464"", ""ISBN13:"": ""9780061936463"", ""Release Date:"": ""May 2011"", ""Publisher:"": ""William Morrow & Company"", ""Length:"": ""272 Pages"", ""Weight:"": ""0.80 lbs."", ""Dimensions:"": ""1.0\"" x 5.8\"" x 8.6\""""}",https://i.thriftbooks.com/api/imagehandler/m/6DA9E86B6E66321D7014431A0F044E4472906F84.jpeg
McMafia: A Journey Through the Global Criminal Underworld,Misha Glenny,"{""Format:"": ""Hardcover"", ""Language:"": ""English"", ""ISBN:"": ""1400044111"", ""ISBN13:"": ""9781400044115"", ""Release Date:"": ""April 2008"", ""Publisher:"": ""Alfred A. Knopf"", ""Length:"": ""375 Pages"", ""Weight:"": ""0.65 lbs."", ""Dimensions:"": ""1.5\"" x 6.5\"" x 9.5\""""}",https://i.thriftbooks.com/api/imagehandler/m/50FCDE643D9ABBE4D147A1B1CA8643B76DD19C60.jpeg
The MasterMind: Drugs. Empire. Murder. Betrayal.,Evan Ratliff,"{""Format:"": ""Hardcover"", ""Language:"": ""English"", ""ISBN:"": ""0399590412"", ""ISBN13:"": ""9780399590412"", ""Release Date:"": ""January 2019"", ""Publisher:"": ""Random House"", ""Length:"": ""480 Pages"", ""Weight:"": ""1.65 lbs."", ""Dimensions:"": ""1.6\"" x 6.2\"" x 9.3\""""}",https://i.thriftbooks.com/api/imagehandler/m/D2F127E102E6CF2D31CF97CCAC92299A0516142A.jpeg
Yakuza: The Explosive Account of Japan's Criminal Underworld,David E. Kaplan,"{""Format:"": ""Hardcover"", ""Language:"": ""English"", ""ISBN:"": ""0201111519"", ""ISBN13:"": ""9780201111514"", ""Release Date:"": ""January 1986"", ""Publisher:"": ""Da Capo Press"", ""Length:"": ""336 Pages"", ""Weight:"": ""1.60 lbs.""}",https://m.media-amazon.com/images/I/51zhSbBOwrL._SL350_.jpg
The Corporation: An Epic Story of the Cuban American Underworld,T.J. English,"{""Format:"": ""Hardcover"", ""Language:"": ""English"", ""ISBN:"": ""0062568965"", ""ISBN13:"": ""9780062568960"", ""Release Date:"": ""March 2018"", ""Publisher:"": ""William Morrow & Company"", ""Length:"": ""592 Pages"", ""Weight:"": ""1.80 lbs."", ""Dimensions:"": ""1.5\"" x 6.2\"" x 9.0\""""}",https://i.thriftbooks.com/api/imagehandler/m/F20777E0186B5A42C9766CAF82671C266A91D94C.jpeg
American Mafia: A History of Its Rise to Power,Thomas Reppetto,"{""Format:"": ""Hardcover"", ""Language:"": ""English"", ""ISBN:"": ""0805072101"", ""ISBN13:"": ""9780805072105"", ""Release Date:"": ""January 2004"", ""Publisher:"": ""John MacRae Books"", ""Length:"": ""318 Pages"", ""Weight:"": ""1.48 lbs."", ""Dimensions:"": ""1.1\"" x 6.4\"" x 9.6\""""}",https://i.thriftbooks.com/api/imagehandler/m/AC3A70DF79A8CF6E455C11A55DE736D14F594639.jpeg
Takedown: The True Story Undercover Det Who Brought Down Billion Dollar Mafia Cartel,Rick Cowan,"{""Format:"": ""Hardcover"", ""Language:"": ""English"", ""ISBN:"": ""0399148752"", ""ISBN13:"": ""9780399148750"", ""Release Date:"": ""January 2002"", ""Publisher:"": ""Putnam Adult"", ""Length:"": ""353 Pages"", ""Weight:"": ""1.45 lbs."", ""Dimensions:"": ""1.3\"" x 6.1\"" x 9.9\"""", ""Age Range:"": ""18 years and up"", ""Grade Range:"": ""Postsecondary and higher""}",https://i.thriftbooks.com/api/imagehandler/m/9E7DE13FE4D6BEEB96C3784CE6E718CF31078D78.jpeg
"Vagos, Mongols, and Outlaws: My Infiltration of America's Deadliest Biker Gangs",Kerrie Droban,"{""Format:"": ""Hardcover"", ""Language:"": ""English"", ""ISBN:"": ""0312640145"", ""ISBN13:"": ""9780312640149"", ""Release Date:"": ""February 2013"", ""Publisher:"": ""Thomas Dunne Books"", ""Length:"": ""272 Pages"", ""Weight:"": ""1.05 lbs."", ""Dimensions:"": ""1.2\"" x 6.5\"" x 9.1\""""}",https://i.thriftbooks.com/api/imagehandler/m/ED229F3FE7D16F4507886B5AC7381A42EAE041E0.jpeg
"The Money and the Power: The Making of Las Vegas and Its Hold on America, 1947-2000",Sally Denton,"{""Format:"": ""Hardcover"", ""Language:"": ""English"", ""ISBN:"": ""037540130X"", ""ISBN13:"": ""9780375401305"", ""Release Date:"": ""April 2001"", ""Publisher:"": ""Alfred A. Knopf"", ""Length:"": ""496 Pages"", ""Weight:"": ""1.98 lbs."", ""Dimensions:"": ""1.5\"" x 6.5\"" x 9.6\""""}",https://i.thriftbooks.com/api/imagehandler/m/413309196ADE8F9FA3A91E0D042C6F0C3FCE692F.jpeg
The Crime Book: Big Ideas Simply Explained,Cathy Scott,"{""Format:"": ""Hardcover"", ""Language:"": ""English"", ""ISBN:"": ""1465462864"", ""ISBN13:"": ""9781465462862"", ""Release Date:"": ""May 2017"", ""Publisher:"": ""DK Publishing (Dorling Kindersley)"", ""Length:"": ""352 Pages"", ""Weight:"": ""2.50 lbs."", ""Dimensions:"": ""1.2\"" x 8.0\"" x 9.2\""""}",https://i.thriftbooks.com/api/imagehandler/m/B03D89530004F291F78689274B643C2FEABA0759.jpeg
"The Last Honest Man: The Cia, the Fbi, the Mafia, and the Kennedys--And One Senator's Fight to Save Democracy",James Risen,"{""Format:"": ""Hardcover"", ""Language:"": ""English"", ""ISBN:"": ""031656513X"", ""ISBN13:"": ""9780316565134"", ""Release Date:"": ""May 2023"", ""Publisher:"": ""Little Brown and Company"", ""Length:"": ""480 Pages"", ""Weight:"": ""1.63 lbs."", ""Dimensions:"": ""1.6\"" x 6.2\"" x 9.5\""""}",https://i.thriftbooks.com/api/imagehandler/m/2AEE0911108E81FD204B3FADC96BA3FA64EDE4B2.jpeg
Narcoland: The Mexican Drug Lords and Their Godfathers,Anabel Hernández,"{""Format:"": ""Hardcover"", ""Language:"": ""English"", ""ISBN:"": ""1781680736"", ""ISBN13:"": ""9781781680735"", ""Release Date:"": ""September 2013"", ""Publisher:"": ""Verso"", ""Length:"": ""362 Pages"", ""Weight:"": ""1.70 lbs."", ""Dimensions:"": ""1.4\"" x 6.5\"" x 9.4\""""}",https://i.thriftbooks.com/api/imagehandler/m/FB63A26AA3AC86A481298A26C27EA54328FA3CC7.jpeg
The Godfather,Mario Puzo,"{""Format:"": ""Paperback"", ""Language:"": ""English"", ""ISBN:"": ""0451167716"", ""Release Date:"": ""September 1983"", ""Publisher:"": ""Berkley"", ""Length:"": ""576 Pages"", ""Weight:"": ""0.50 lbs."", ""Dimensions:"": ""7.5\"" x 1.1\"" x 4.2\""""}",https://m.media-amazon.com/images/I/31iZLNM2+eL._SL350_.jpg
Notorious Nineteen,Janet Evanovich,"{""Format:"": ""Hardcover"", ""Language:"": ""English"", ""ISBN:"": ""0345527747"", ""ISBN13:"": ""9780345527745"", ""Release Date:"": ""November 2012"", ""Publisher:"": ""Bantam"", ""Length:"": ""320 Pages"", ""Weight:"": ""1.23 lbs."", ""Dimensions:"": ""1.3\"" x 6.4\"" x 9.4\""""}",https://i.thriftbooks.com/api/imagehandler/m/D1EEF555E927D2B690665E9435A31F876CC1EE9A.jpeg
Takedown Twenty,Janet Evanovich,"{""Format:"": ""Mass Market Paperback"", ""Language:"": ""English"", ""ISBN:"": ""0345542894"", ""ISBN13:"": ""9780345542892"", ""Release Date:"": ""June 2014"", ""Publisher:"": ""Bantam"", ""Length:"": ""352 Pages"", ""Weight:"": ""0.40 lbs."", ""Dimensions:"": ""1.1\"" x 4.1\"" x 6.8\""""}",https://i.thriftbooks.com/api/imagehandler/m/2A8105BDC9511A5E8C775B4641C5E4CD9300BECB.jpeg
Win,Harlan Coben,"{""Format:"": ""Paperback"", ""Language:"": ""English"", ""ISBN:"": ""1538748231"", ""ISBN13:"": ""9781538748237"", ""Release Date:"": ""October 2021"", ""Publisher:"": ""Grand Central Publishing"", ""Length:"": ""384 Pages"", ""Weight:"": ""0.35 lbs."", ""Dimensions:"": ""1.1\"" x 5.2\"" x 8.0\""""}",https://i.thriftbooks.com/api/imagehandler/m/BC75E84A20A8B9E0D5BB16F4208D0AE440A2368C.jpeg
The Black Book,James Patterson,"{""Format:"": ""Hardcover"", ""Language:"": ""English"", ""ISBN:"": ""0316273880"", ""ISBN13:"": ""9780316273886"", ""Release Date:"": ""March 2017"", ""Publisher:"": ""Little Brown and Company"", ""Length:"": ""448 Pages"", ""Weight:"": ""1.56 lbs."", ""Dimensions:"": ""1.4\"" x 6.4\"" x 9.4\""""}",https://i.thriftbooks.com/api/imagehandler/m/CB219F96D4450304CA6325E761F97969A3BEEB82.jpeg
Seven Up,Janet Evanovich,"{""Format:"": ""Hardcover"", ""Language:"": ""English"", ""ISBN:"": ""0312265840"", ""ISBN13:"": ""9780312265847"", ""Release Date:"": ""June 2001"", ""Publisher:"": ""St. Martin's Press"", ""Length:"": ""309 Pages"", ""Weight:"": ""1.30 lbs."", ""Dimensions:"": ""1.1\"" x 6.4\"" x 9.3\""""}",https://i.thriftbooks.com/api/imagehandler/m/B56F2A5621DF5F3DB4590D085A4600CA4264A937.jpeg
Hot Six,Janet Evanovich,"{""Format:"": ""Hardcover"", ""Language:"": ""English"", ""ISBN:"": ""0312205406"", ""ISBN13:"": ""9780312205409"", ""Release Date:"": ""July 2000"", ""Publisher:"": ""St. Martin's Press"", ""Length:"": ""294 Pages"", ""Weight:"": ""1.27 lbs."", ""Dimensions:"": ""1.0\"" x 6.5\"" x 10.1\""""}",https://i.thriftbooks.com/api/imagehandler/m/A308FF77AD683ABD34F2AB4306E98CDF42021CDA.jpeg
Explosive Eighteen,Janet Evanovich,"{""Format:"": ""Hardcover"", ""Language:"": ""English"", ""ISBN:"": ""0345527712"", ""ISBN13:"": ""9780345527714"", ""Release Date:"": ""November 2011"", ""Publisher:"": ""Bantam"", ""Length:"": ""320 Pages"", ""Weight:"": ""0.75 lbs."", ""Dimensions:"": ""1.3\"" x 6.4\"" x 9.3\""""}",https://i.thriftbooks.com/api/imagehandler/m/15DD65806B60B344C9CF9561E9041997820318F7.jpeg
The Girl Who Takes an Eye for an Eye: A Lisbeth Salander Novel,David Lagercrantz,"{""Format:"": ""Paperback"", ""Language:"": ""English"", ""ISBN:"": ""1101974168"", ""ISBN13:"": ""9781101974162"", ""Release Date:"": ""June 2018"", ""Publisher:"": ""Vintage Crime/Black Lizard"", ""Length:"": ""464 Pages"", ""Weight:"": ""0.40 lbs."", ""Dimensions:"": ""1.2\"" x 5.2\"" x 7.9\""""}",https://i.thriftbooks.com/api/imagehandler/m/27F44057C9B5BA483EFD4BDCB8FA8E56ED91694E.jpeg
Rough Country,John Sandford,"{""Format:"": ""Mass Market Paperback"", ""Language:"": ""English"", ""ISBN:"": ""0425237346"", ""ISBN13:"": ""9780425237342"", ""Release Date:"": ""September 2010"", ""Publisher:"": ""G.P. Putnam's Sons"", ""Length:"": ""448 Pages"", ""Weight:"": ""0.55 lbs."", ""Dimensions:"": ""1.0\"" x 4.2\"" x 7.4\"""", ""Age Range:"": ""18 years and up"", ""Grade Range:"": ""Postsecondary and higher""}",https://i.thriftbooks.com/api/imagehandler/m/AB5B14666730F6B15056DCBCAF495A3E0CCE839D.jpeg
Fool Moon,Jim Butcher,"{""Format:"": ""Mass Market Paperback"", ""Language:"": ""English"", ""ISBN:"": ""0451458125"", ""ISBN13:"": ""9780451458124"", ""Release Date:"": ""January 2001"", ""Publisher:"": ""Ace Books"", ""Length:"": ""432 Pages"", ""Weight:"": ""0.40 lbs."", ""Dimensions:"": ""1.0\"" x 4.2\"" x 7.4\"""", ""Age Range:"": ""18 years and up"", ""Grade Range:"": ""Postsecondary and higher""}",https://i.thriftbooks.com/api/imagehandler/m/46135D9BB99A099E5DD4ADEA49E857D535E98CE3.jpeg
Twelve Sharp,Janet Evanovich,"{""Format:"": ""Mass Market Paperback"", ""Language:"": ""English"", ""ISBN:"": ""031234953X"", ""ISBN13:"": ""9780312349530"", ""Release Date:"": ""June 2007"", ""Publisher:"": ""St. Martin's Press"", ""Length:"": ""352 Pages"", ""Weight:"": ""0.40 lbs."", ""Dimensions:"": ""0.9\"" x 4.2\"" x 6.7\""""}",https://i.thriftbooks.com/api/imagehandler/m/2BE577708A39749BF7FE6F33F75A576FC9A8A48B.jpeg
Sizzling Sixteen,Janet Evanovich,"{""Format:"": ""Mass Market Paperback"", ""Language:"": ""English"", ""ISBN:"": ""0312383312"", ""ISBN13:"": ""9780312383312"", ""Release Date:"": ""June 2011"", ""Publisher:"": ""St. Martin's Press"", ""Length:"": ""352 Pages"", ""Weight:"": ""0.41 lbs."", ""Dimensions:"": ""1.0\"" x 4.1\"" x 6.7\""""}",https://i.thriftbooks.com/api/imagehandler/m/D1D9CBD3DEB028D4F58EF5A2CB499863382BED7D.jpeg
Finger Lickin' Fifteen,Janet Evanovich,"{""Format:"": ""Hardcover"", ""Language:"": ""English"", ""ISBN:"": ""0312383282"", ""ISBN13:"": ""9780312383282"", ""Release Date:"": ""June 2009"", ""Publisher:"": ""St. Martin's Press"", ""Length:"": ""308 Pages"", ""Weight:"": ""0.05 lbs."", ""Dimensions:"": ""1.1\"" x 6.2\"" x 9.5\""""}",https://i.thriftbooks.com/api/imagehandler/m/77F1CF61C8624AC9C01A2849FB1F3141D0F59F7C.jpeg
Drop Shot: A Myron Bolitar Novel,Harlan Coben,"{""Format:"": ""Mass Market Paperback"", ""Language:"": ""English"", ""ISBN:"": ""0440220459"", ""ISBN13:"": ""9780440220459"", ""Release Date:"": ""February 1996"", ""Publisher:"": ""Dell Publishing Company"", ""Length:"": ""341 Pages"", ""Weight:"": ""0.40 lbs."", ""Dimensions:"": ""1.0\"" x 4.2\"" x 6.9\""""}",https://i.thriftbooks.com/api/imagehandler/m/B89BB5B3CAC9F9EFDE70408169E35F9F8FE811E5.jpeg
Storm Prey,John Sandford,"{""Format:"": ""Hardcover"", ""Language:"": ""English"", ""ISBN:"": ""0399156496"", ""ISBN13:"": ""9780399156496"", ""Release Date:"": ""May 2010"", ""Publisher:"": ""Putnam Adult"", ""Length:"": ""408 Pages"", ""Weight:"": ""1.45 lbs."", ""Dimensions:"": ""1.5\"" x 6.2\"" x 9.0\"""", ""Age Range:"": ""18 years and up"", ""Grade Range:"": ""Postsecondary and higher""}",https://i.thriftbooks.com/api/imagehandler/m/B4DC6CA7E5F0181837E214FDD031ADC7171BEB83.jpeg
Texas Outlaw,Andrew Bourelle,"{""Format:"": ""Mass Market Paperback"", ""Language:"": ""English"", ""ISBN:"": ""1538718707"", ""ISBN13:"": ""9781538718704"", ""Release Date:"": ""August 2021"", ""Publisher:"": ""Grand Central Publishing"", ""Length:"": ""448 Pages"", ""Weight:"": ""0.60 lbs."", ""Dimensions:"": ""1.2\"" x 4.3\"" x 7.6\""""}",https://i.thriftbooks.com/api/imagehandler/m/C171469FFEA5CCFC6BD8306F6F105B6B201882B2.jpeg
Back Spin (Myron Bolitar),Harlan Coben,"{""Format:"": ""Mass Market Paperback"", ""Language:"": ""English"", ""ISBN:"": ""0440246083"", ""Release Date:"": ""August 2009"", ""Publisher:"": ""Dell"", ""Length:"": ""384 Pages"", ""Weight:"": ""0.44 lbs."", ""Dimensions:"": ""7.5\"" x 0.8\"" x 4.2\""""}",https://m.media-amazon.com/images/I/41N68QqiNrL._SL350_.jpg
"Lean Mean Thirteen (Stephanie Plum, No. 13)",Janet Evanovich,"{""Format:"": ""Mass Market Paperback"", ""Language:"": ""English"", ""ISBN:"": ""0312349505"", ""Release Date:"": ""June 2008"", ""Publisher:"": ""St. Martin's Press"", ""Length:"": ""352 Pages"", ""Weight:"": ""0.37 lbs."", ""Dimensions:"": ""6.8\"" x 0.9\"" x 4.3\""""}",https://m.media-amazon.com/images/I/516uJJyGbFL._SL350_.jpg
Just One Look,Harlan Coben,"{""Format:"": ""Hardcover"", ""Language:"": ""English"", ""ISBN:"": ""0525947914"", ""ISBN13:"": ""9780525947912"", ""Release Date:"": ""April 2004"", ""Publisher:"": ""Dutton Books"", ""Length:"": ""370 Pages"", ""Weight:"": ""1.35 lbs."", ""Dimensions:"": ""1.3\"" x 6.4\"" x 9.3\""""}",https://i.thriftbooks.com/api/imagehandler/m/5CD6BAAEC519C10F5BB23571BEF8BC2C760E8108.jpeg
The Target,David Baldacci,"{""Format:"": ""Paperback"", ""Language:"": ""English"", ""ISBN:"": ""1455521183"", ""ISBN13:"": ""9781455521180"", ""Release Date:"": ""September 2014"", ""Publisher:"": ""Grand Central Publishing"", ""Length:"": ""464 Pages"", ""Weight:"": ""0.84 lbs."", ""Dimensions:"": ""1.3\"" x 5.2\"" x 8.0\""""}",https://i.thriftbooks.com/api/imagehandler/m/E1DB00F22EEC19BC4701714B540C7E52FD3284CA.jpeg
The Drop,Michael Connelly,"{""Format:"": ""Paperback"", ""Language:"": ""English"", ""ISBN:"": ""1455518980"", ""ISBN13:"": ""9781455518982"", ""Release Date:"": ""June 2012"", ""Publisher:"": ""Grand Central Publishing"", ""Length:"": ""437 Pages"", ""Weight:"": ""0.75 lbs."", ""Dimensions:"": ""1.2\"" x 5.2\"" x 8.0\""""}",https://i.thriftbooks.com/api/imagehandler/m/9FD62D17142622D985C1867AD5D28DA25160B422.jpeg
Look Alive Twenty-Five: A Stephanie Plum Novel,Janet Evanovich,"{""Format:"": ""Mass Market Paperback"", ""Language:"": ""English"", ""ISBN:"": ""0399179240"", ""ISBN13:"": ""9780399179242"", ""Release Date:"": ""September 2019"", ""Publisher:"": ""G.P. Putnam's Sons"", ""Length:"": ""336 Pages"", ""Weight:"": ""1.16 lbs."", ""Dimensions:"": ""1.0\"" x 4.1\"" x 7.5\""""}",https://i.thriftbooks.com/api/imagehandler/m/92DAE78546CD3DB1C29A4A8E629E54E549355C09.jpeg
A Gambling Man [Large Print],David Baldacci,"{""Format:"": ""Hardcover"", ""Large Print:"": ""Yes"", ""Language:"": ""English"", ""ISBN:"": ""1538719649"", ""ISBN13:"": ""9781538719640"", ""Release Date:"": ""April 2021"", ""Publisher:"": ""Grand Central Publishing"", ""Length:"": ""672 Pages"", ""Weight:"": ""0.05 lbs."", ""Dimensions:"": ""2.2\"" x 6.0\"" x 9.1\""""}",https://i.thriftbooks.com/api/imagehandler/m/147947938E81558D90A330A648132F0F34D72BEB.jpeg
A Wanted Man,Lee Child,"{""Format:"": ""Hardcover"", ""Language:"": ""English"", ""ISBN:"": ""0385344333"", ""ISBN13:"": ""9780385344333"", ""Release Date:"": ""September 2012"", ""Publisher:"": ""Delacorte Press"", ""Length:"": ""416 Pages"", ""Weight:"": ""1.06 lbs."", ""Dimensions:"": ""1.4\"" x 6.3\"" x 9.1\""""}",https://i.thriftbooks.com/api/imagehandler/m/8915B8F1EF1F2E01AA208850EDC2B5625C78DCEF.jpeg
Make Me (with Bonus Short Story Small Wars): A Jack Reacher Novel,Lee Child,"{""Format:"": ""Mass Market Paperback"", ""Language:"": ""English"", ""ISBN:"": ""0804178798"", ""ISBN13:"": ""9780804178792"", ""Release Date:"": ""March 2016"", ""Publisher:"": ""Dell"", ""Length:"": ""576 Pages"", ""Weight:"": ""0.70 lbs."", ""Dimensions:"": ""1.6\"" x 4.2\"" x 7.5\""""}",https://i.thriftbooks.com/api/imagehandler/m/82B0481203111CE15AEABE4355A0D96B3E407983.jpeg
Hardcore Twenty-Four: A Stephanie Plum Novel,Janet Evanovich,"{""Format:"": ""Hardcover"", ""Language:"": ""English"", ""ISBN:"": ""0399179194"", ""ISBN13:"": ""9780399179198"", ""Release Date:"": ""November 2017"", ""Publisher:"": ""G.P. Putnam's Sons"", ""Length:"": ""304 Pages"", ""Weight:"": ""1.19 lbs."", ""Dimensions:"": ""1.3\"" x 6.4\"" x 9.3\""""}",https://i.thriftbooks.com/api/imagehandler/m/03C8AB2E24FE93BC7E8C5E5E8E3554AF2DE876D9.jpeg
The Midnight Line: A Jack Reacher Novel,Lee Child,"{""Format:"": ""Mass Market Paperback"", ""Language:"": ""English"", ""ISBN:"": ""0399593500"", ""ISBN13:"": ""9780399593505"", ""Release Date:"": ""April 2018"", ""Publisher:"": ""Dell"", ""Length:"": ""512 Pages"", ""Weight:"": ""0.64 lbs."", ""Dimensions:"": ""1.4\"" x 4.1\"" x 7.3\""""}",https://i.thriftbooks.com/api/imagehandler/m/A106CE402378C546CD2C384B021343CBFB698E93.jpeg
Trunk Music,Michael Connelly,"{""Format:"": ""Mass Market Paperback"", ""Language:"": ""English"", ""ISBN:"": ""0312963297"", ""ISBN13:"": ""9780312963293"", ""Release Date:"": ""March 1998"", ""Publisher:"": ""St. Martin's Press"", ""Length:"": ""438 Pages"", ""Weight:"": ""0.45 lbs."", ""Dimensions:"": ""1.2\"" x 4.2\"" x 6.8\""""}",https://i.thriftbooks.com/api/imagehandler/m/D28E22459BBADE7AED4DAEB19F87D38502C10264.jpeg
Worth Dying for,Lee Child,"{""Format:"": ""Hardcover"", ""Language:"": ""English"", ""ISBN:"": ""0385344317"", ""ISBN13:"": ""9780385344319"", ""Release Date:"": ""October 2010"", ""Publisher:"": ""Delacorte Press"", ""Length:"": ""384 Pages"", ""Weight:"": ""1.28 lbs."", ""Dimensions:"": ""1.3\"" x 6.5\"" x 9.3\""""}",https://i.thriftbooks.com/api/imagehandler/m/F5A4344FB6BEC50B268EF341A1D223071DE0DF9C.jpeg
Nothing to Lose,Lee Child,"{""Format:"": ""Hardcover"", ""Language:"": ""English"", ""ISBN:"": ""0385340567"", ""ISBN13:"": ""9780385340564"", ""Release Date:"": ""June 2008"", ""Publisher:"": ""Delacorte Press"", ""Length:"": ""407 Pages"", ""Weight:"": ""1.42 lbs."", ""Dimensions:"": ""1.4\"" x 6.3\"" x 9.0\""""}",https://i.thriftbooks.com/api/imagehandler/m/81A44BBFA2AFEDFE2175E51D2FA8AF34919C5243.jpeg
Tricky Twenty-Two,Janet Evanovich,"{""Format:"": ""Hardcover"", ""Language:"": ""English"", ""ISBN:"": ""0345542967"", ""ISBN13:"": ""9780345542960"", ""Release Date:"": ""November 2015"", ""Publisher:"": ""Bantam"", ""Length:"": ""304 Pages"", ""Weight:"": ""0.35 lbs."", ""Dimensions:"": ""1.2\"" x 6.4\"" x 9.4\""""}",https://m.media-amazon.com/images/I/51gpuTL5wrL._SL350_.jpg
Nine Dragons,Michael Connelly,"{""Format:"": ""Hardcover"", ""Language:"": ""English"", ""ISBN:"": ""0316166316"", ""ISBN13:"": ""9780316166317"", ""Release Date:"": ""October 2009"", ""Publisher:"": ""Little Brown and Company"", ""Length:"": ""384 Pages"", ""Weight:"": ""1.38 lbs."", ""Dimensions:"": ""1.3\"" x 6.3\"" x 9.5\""""}",https://i.thriftbooks.com/api/imagehandler/m/4B3A1FE74CAF8E603F6DB0AFF58B3E4C131F967E.jpeg
The Narrows,Michael Connelly,"{""Format:"": ""Hardcover"", ""Language:"": ""English"", ""ISBN:"": ""0316155306"", ""ISBN13:"": ""9780316155304"", ""Release Date:"": ""May 2004"", ""Publisher:"": ""Little Brown and Company"", ""Length:"": ""404 Pages"", ""Weight:"": ""1.34 lbs."", ""Dimensions:"": ""1.3\"" x 6.4\"" x 9.6\""""}",https://i.thriftbooks.com/api/imagehandler/m/3FECB26B61A566AFDAB1FB5E365B81A369E53137.jpeg
City of Bones,Michael Connelly,"{""Format:"": ""Hardcover"", ""Language:"": ""English"", ""ISBN:"": ""0316154059"", ""ISBN13:"": ""9780316154055"", ""Release Date:"": ""April 2002"", ""Publisher:"": ""Little Brown and Company"", ""Length:"": ""400 Pages"", ""Weight:"": ""1.41 lbs."", ""Dimensions:"": ""1.4\"" x 6.2\"" x 9.5\""""}",https://i.thriftbooks.com/api/imagehandler/m/36D89864E46254220B0B697975C667D8DBDC22F0.jpeg
Divine Justice,David Baldacci,"{""Format:"": ""Hardcover"", ""Language:"": ""English"", ""ISBN:"": ""0446195502"", ""ISBN13:"": ""9780446195508"", ""Release Date:"": ""November 2008"", ""Publisher:"": ""Grand Central Publishing"", ""Length:"": ""387 Pages"", ""Weight:"": ""1.35 lbs."", ""Dimensions:"": ""1.3\"" x 6.2\"" x 9.1\""""}",https://i.thriftbooks.com/api/imagehandler/m/BD1E6125F58B3D27D21F9590E81956524901AE0D.jpeg
Top Secret Twenty-One: A Stephanie Plum Novel,Janet Evanovich,"{""Format:"": ""Hardcover"", ""Language:"": ""English"", ""ISBN:"": ""0345542924"", ""ISBN13:"": ""9780345542922"", ""Release Date:"": ""June 2014"", ""Publisher:"": ""Bantam"", ""Length:"": ""352 Pages"", ""Weight:"": ""0.68 lbs."", ""Dimensions:"": ""1.2\"" x 6.2\"" x 9.6\""""}",https://i.thriftbooks.com/api/imagehandler/m/5D4BA4D0F3B61A7C23155BCAEF56C342A2B74DD9.jpeg
"Merry Christmas, Alex Cross",James Patterson,"{""Format:"": ""Hardcover"", ""Language:"": ""English"", ""ISBN:"": ""0316210684"", ""ISBN13:"": ""9780316210683"", ""Release Date:"": ""November 2012"", ""Publisher:"": ""Little Brown and Company"", ""Length:"": ""352 Pages"", ""Weight:"": ""0.46 lbs."", ""Dimensions:"": ""1.4\"" x 6.2\"" x 9.5\""""}",https://i.thriftbooks.com/api/imagehandler/m/81E55940A679B6A8686FF41FF25FE048CFCF2746.jpeg
"Four to Score (Stephanie Plum, No. 4) (Stephanie Plum Novels)",Janet Evanovich,"{""Format:"": ""Mass Market Paperback"", ""Language:"": ""English"", ""ISBN:"": ""0312966970"", ""Release Date:"": ""July 1998"", ""Publisher:"": ""St. Martin's Paperbacks"", ""Length:"": ""352 Pages"", ""Weight:"": ""0.41 lbs."", ""Dimensions:"": ""6.7\"" x 0.9\"" x 4.2\""""}",https://m.media-amazon.com/images/I/51eUtRt16BL._SL350_.jpg
Abandoned in Death,J.D. Robb,"{""Format:"": ""Hardcover"", ""Language:"": ""English"", ""ISBN:"": ""125027821X"", ""ISBN13:"": ""9781250278210"", ""Release Date:"": ""February 2022"", ""Publisher:"": ""St. Martin's Press"", ""Length:"": ""368 Pages"", ""Weight:"": ""1.37 lbs."", ""Dimensions:"": ""1.3\"" x 6.1\"" x 9.4\""""}",https://i.thriftbooks.com/api/imagehandler/m/68BFEE32A414EABA0C8105909ACE7A85F5E06803.jpeg
Ten Big Ones,Janet Evanovich,"{""Format:"": ""Hardcover"", ""Language:"": ""English"", ""ISBN:"": ""0312289723"", ""ISBN13:"": ""9780312289720"", ""Release Date:"": ""June 2004"", ""Publisher:"": ""St. Martin's Press"", ""Length:"": ""320 Pages"", ""Weight:"": ""1.30 lbs."", ""Dimensions:"": ""1.1\"" x 6.4\"" x 9.6\""""}",https://i.thriftbooks.com/api/imagehandler/m/369287B59A9AC0A345B9648039964E914D8F6DF7.jpeg
Loyalty in Death,J.D. Robb,"{""Format:"": ""Mass Market Paperback"", ""Language:"": ""English"", ""ISBN:"": ""042517140X"", ""ISBN13:"": ""9780425171400"", ""Release Date:"": ""October 1999"", ""Publisher:"": ""Berkley Books"", ""Length:"": ""368 Pages"", ""Weight:"": ""0.41 lbs."", ""Dimensions:"": ""1.0\"" x 4.2\"" x 6.8\"""", ""Age Range:"": ""18 years and up"", ""Grade Range:"": ""Postsecondary and higher""}",https://i.thriftbooks.com/api/imagehandler/m/1D9456E659814F8D7806A4F3B25B6B32B42DF1CB.jpeg
Connections in Death: An Eve Dallas Novel,J.D. Robb,"{""Format:"": ""Mass Market Paperback"", ""Language:"": ""English"", ""ISBN:"": ""1250308151"", ""ISBN13:"": ""9781250308153"", ""Release Date:"": ""July 2019"", ""Publisher:"": ""St. Martin's Press"", ""Length:"": ""416 Pages"", ""Weight:"": ""0.45 lbs."", ""Dimensions:"": ""1.2\"" x 4.1\"" x 6.7\""""}",https://i.thriftbooks.com/api/imagehandler/m/6A0265F065113F8D665EE8342D96666EDBBF3513.jpeg
NYPD Red,James Patterson,"{""Format:"": ""Hardcover"", ""Language:"": ""English"", ""ISBN:"": ""0316199869"", ""ISBN13:"": ""9780316199865"", ""Release Date:"": ""October 2012"", ""Publisher:"": ""Little Brown and Company"", ""Length:"": ""400 Pages"", ""Weight:"": ""1.35 lbs."", ""Dimensions:"": ""1.6\"" x 6.1\"" x 9.3\""""}",https://i.thriftbooks.com/api/imagehandler/m/9C429F937113217BE436A8A5C5D96DEB3588ADE5.jpeg
Wicked Business: A Lizzy and Diesel Novel,Janet Evanovich,"{""Format:"": ""Mass Market Paperback"", ""Language:"": ""English"", ""ISBN:"": ""0345527798"", ""ISBN13:"": ""9780345527790"", ""Release Date:"": ""November 2012"", ""Publisher:"": ""Bantam"", ""Length:"": ""336 Pages"", ""Weight:"": ""0.40 lbs."", ""Dimensions:"": ""0.9\"" x 4.4\"" x 7.4\""""}",https://i.thriftbooks.com/api/imagehandler/m/C7DD27F7F83AD55E84B88660056656DC48F94C05.jpeg
The Big Kahuna,Peter Evanovich,"{""Format:"": ""Mass Market Paperback"", ""Language:"": ""English"", ""ISBN:"": ""0525535640"", ""ISBN13:"": ""9780525535645"", ""Release Date:"": ""February 2020"", ""Publisher:"": ""G.P. Putnam's Sons"", ""Length:"": ""320 Pages"", ""Weight:"": ""0.40 lbs."", ""Dimensions:"": ""1.0\"" x 4.1\"" x 7.5\""""}",https://i.thriftbooks.com/api/imagehandler/m/BB2E773B73AB8D2F111947CA44517045CC2C010D.jpeg
Origin in Death,J.D. Robb,"{""Format:"": ""Mass Market Paperback"", ""Language:"": ""English"", ""ISBN:"": ""042520426X"", ""ISBN13:"": ""9780425204269"", ""Release Date:"": ""January 2006"", ""Publisher:"": ""Berkley Books"", ""Length:"": ""384 Pages"", ""Weight:"": ""0.44 lbs."", ""Dimensions:"": ""1.0\"" x 4.4\"" x 6.9\"""", ""Age Range:"": ""18 years and up"", ""Grade Range:"": ""Postsecondary and higher""}",https://i.thriftbooks.com/api/imagehandler/m/2B068661C462BA06D008410CA644CA510B338127.jpeg
Indigo Slam,Robert Crais,"{""Format:"": ""Mass Market Paperback"", ""Language:"": ""English"", ""ISBN:"": ""0345435648"", ""ISBN13:"": ""9780345435644"", ""Release Date:"": ""February 2003"", ""Publisher:"": ""Fawcett Books"", ""Length:"": ""320 Pages"", ""Weight:"": ""0.50 lbs."", ""Dimensions:"": ""0.9\"" x 4.2\"" x 6.8\""""}",https://i.thriftbooks.com/api/imagehandler/m/1B8933EAE52E2EC2B9197DFD88755842A0F9E692.jpeg
Invisible Prey,John Sandford,"{""Format:"": ""Hardcover"", ""Language:"": ""English"", ""ISBN:"": ""0399154213"", ""ISBN13:"": ""9780399154218"", ""Release Date:"": ""May 2007"", ""Publisher:"": ""Putnam Adult"", ""Length:"": ""384 Pages"", ""Weight:"": ""0.85 lbs."", ""Dimensions:"": ""1.3\"" x 6.3\"" x 9.3\"""", ""Age Range:"": ""18 years and up"", ""Grade Range:"": ""Postsecondary and higher""}",https://i.thriftbooks.com/api/imagehandler/m/7D724AD356EB6D5BA9019AC5083721720C768F48.jpeg
Chosen Prey,John Sandford,"{""Format:"": ""Hardcover"", ""Language:"": ""English"", ""ISBN:"": ""0399147284"", ""ISBN13:"": ""9780399147289"", ""Release Date:"": ""May 2001"", ""Publisher:"": ""G. P. Putnam's Sons"", ""Length:"": ""357 Pages"", ""Weight:"": ""1.45 lbs."", ""Dimensions:"": ""1.3\"" x 6.4\"" x 9.3\"""", ""Age Range:"": ""18 years and up"", ""Grade Range:"": ""Postsecondary and higher""}",https://i.thriftbooks.com/api/imagehandler/m/61E4CC04648938D6140FAC08CA535938378DA250.jpeg
Manhunt: A Michael Bennett Story,James O. Born,"{""Format:"": ""Paperback"", ""Language:"": ""English"", ""ISBN:"": ""0316473499"", ""ISBN13:"": ""9780316473491"", ""Release Date:"": ""November 2017"", ""Publisher:"": ""Bookshots"", ""Length:"": ""144 Pages"", ""Weight:"": ""0.20 lbs."", ""Dimensions:"": ""0.4\"" x 5.0\"" x 6.8\""""}",https://i.thriftbooks.com/api/imagehandler/m/EB5A2FE4D76D25C1FDF92A357A4E329D9950A031.jpeg
Hush,James Patterson,"{""Format:"": ""Hardcover"", ""Language:"": ""English"", ""ISBN:"": ""153875116X"", ""ISBN13:"": ""9781538751169"", ""Release Date:"": ""June 2020"", ""Publisher:"": ""Grand Central Publishing"", ""Length:"": ""384 Pages"", ""Weight:"": ""1.04 lbs."", ""Dimensions:"": ""1.6\"" x 5.5\"" x 8.3\""""}",https://i.thriftbooks.com/api/imagehandler/m/D1C0DFD8BBFC06FEB8716F7D175381D35821A563.jpeg
The Pursuit,Janet Evanovich,"{""Format:"": ""Hardcover"", ""Language:"": ""English"", ""ISBN:"": ""0553392778"", ""ISBN13:"": ""9780553392777"", ""Release Date:"": ""June 2016"", ""Publisher:"": ""Bantam"", ""Length:"": ""320 Pages"", ""Weight:"": ""1.20 lbs."", ""Dimensions:"": ""1.3\"" x 6.4\"" x 9.3\""""}",https://i.thriftbooks.com/api/imagehandler/m/54DBBCC975449E3F50CE5EA0A0909191E4946B1F.jpeg
Apprentice in Death,J.D. Robb,"{""Format:"": ""Hardcover"", ""Language:"": ""English"", ""ISBN:"": ""1101987979"", ""ISBN13:"": ""9781101987971"", ""Release Date:"": ""September 2016"", ""Publisher:"": ""Berkley Books"", ""Length:"": ""384 Pages"", ""Weight:"": ""0.93 lbs."", ""Dimensions:"": ""1.3\"" x 6.2\"" x 9.1\""""}",https://i.thriftbooks.com/api/imagehandler/m/09FC2613AD0C2DE9C4130C79C76AF24B6DF8D6B3.jpeg
Tear It Down,Nick Petrie,"{""Format:"": ""Mass Market Paperback"", ""Language:"": ""English"", ""ISBN:"": ""0525542140"", ""ISBN13:"": ""9780525542148"", ""Release Date:"": ""August 2019"", ""Publisher:"": ""G.P. Putnam's Sons"", ""Length:"": ""496 Pages"", ""Weight:"": ""0.56 lbs."", ""Dimensions:"": ""1.1\"" x 4.1\"" x 7.4\""""}",https://i.thriftbooks.com/api/imagehandler/m/767A16535F321AF9EED1245526F37468C7BB6669.jpeg
Plum Lucky: A Stephanie Plum Between the Numbers Novel,Janet Evanovich,"{""Format:"": ""Mass Market Paperback"", ""Language:"": ""English"", ""ISBN:"": ""0312377649"", ""Release Date:"": ""January 2009"", ""Publisher:"": ""St. Martin's Paperbacks"", ""Length:"": ""256 Pages"", ""Weight:"": ""0.30 lbs."", ""Dimensions:"": ""6.8\"" x 0.7\"" x 4.2\""""}",https://m.media-amazon.com/images/I/51KCT4tX0gL._SL350_.jpg
Vanish,Tess Gerritsen,"{""Format:"": ""Hardcover"", ""Language:"": ""English"", ""ISBN:"": ""0345476972"", ""ISBN13:"": ""9780345476975"", ""Release Date:"": ""August 2005"", ""Publisher:"": ""Ballantine Books"", ""Length:"": ""336 Pages"", ""Weight:"": ""0.91 lbs."", ""Dimensions:"": ""1.1\"" x 6.6\"" x 9.4\""""}",https://i.thriftbooks.com/api/imagehandler/m/ED4335A62BC2BC70253282F6E0853F5994D018F9.jpeg
Wicked Prey,John Sandford,"{""Format:"": ""Hardcover"", ""Language:"": ""English"", ""ISBN:"": ""0399155678"", ""ISBN13:"": ""9780399155673"", ""Release Date:"": ""May 2009"", ""Publisher:"": ""Putnam Adult"", ""Length:"": ""402 Pages"", ""Weight:"": ""1.55 lbs."", ""Dimensions:"": ""1.6\"" x 7.0\"" x 8.8\"""", ""Age Range:"": ""18 years and up"", ""Grade Range:"": ""Postsecondary and higher""}",https://i.thriftbooks.com/api/imagehandler/m/2D30A61DF8C0D99B73443F6A49C50722E385C1B8.jpeg
Promises in Death,J.D. Robb,"{""Format:"": ""Mass Market Paperback"", ""Language:"": ""English"", ""ISBN:"": ""0425228940"", ""Release Date:"": ""July 2009"", ""Publisher:"": ""Berkley Books"", ""Length:"": ""355 Pages"", ""Weight:"": ""0.40 lbs."", ""Dimensions:"": ""6.8\"" x 1.0\"" x 4.2\""""}",https://m.media-amazon.com/images/I/41luS9s2ygL._SL350_.jpg
The Client,John Grisham,"{""Format:"": ""Hardcover"", ""Language:"": ""English"", ""ISBN:"": ""038542471X"", ""Release Date:"": ""March 1993"", ""Publisher:"": ""Doubleday"", ""Length:"": ""422 Pages"", ""Weight:"": ""1.24 lbs."", ""Dimensions:"": ""9.5\"" x 1.3\"" x 6.4\""""}",https://m.media-amazon.com/images/I/417eNWYopsL._SL350_.jpg
The Big Sleep (A Philip Marlowe Novel),Raymond Chandler,"{""Format:"": ""Paperback"", ""Language:"": ""English"", ""ISBN:"": ""0394758285"", ""Release Date:"": ""July 1988"", ""Publisher:"": ""Vintage Crime/Black Lizard"", ""Length:"": ""231 Pages"", ""Weight:"": ""0.49 lbs."", ""Dimensions:"": ""8.0\"" x 0.6\"" x 5.1\""""}",https://m.media-amazon.com/images/I/41B8MINfHtL._SL350_.jpg
Harlem Shuffle,Colson Whitehead,"{""Format:"": ""Hardcover"", ""Language:"": ""English"", ""ISBN:"": ""0385545134"", ""ISBN13:"": ""9780385545136"", ""Release Date:"": ""September 2021"", ""Publisher:"": ""Doubleday Books"", ""Length:"": ""336 Pages"", ""Weight:"": ""1.36 lbs."", ""Dimensions:"": ""1.5\"" x 6.4\"" x 9.3\""""}",https://i.thriftbooks.com/api/imagehandler/m/31166CF92F4062CF87C428A535CD84A33B6F0AB0.jpeg
"Hard Eight (Stephanie Plum, No. 8) (Stephanie Plum Novels)",Janet Evanovich,"{""Format:"": ""Mass Market Paperback"", ""Language:"": ""English"", ""ISBN:"": ""0312983867"", ""Release Date:"": ""June 2003"", ""Publisher:"": ""St. Martin's Press"", ""Length:"": ""352 Pages"", ""Weight:"": ""0.40 lbs."", ""Dimensions:"": ""6.7\"" x 1.2\"" x 4.9\""""}",https://m.media-amazon.com/images/I/51xPkWv0AAL._SL350_.jpg
The Investigator,John Sandford,"{""Format:"": ""Paperback"", ""Language:"": ""English"", ""ISBN:"": ""0593714806"", ""ISBN13:"": ""9780593714805"", ""Release Date:"": ""June 2023"", ""Publisher:"": ""Penguin Publishing Group"", ""Length:"": ""416 Pages"", ""Weight:"": ""0.75 lbs."", ""Dimensions:"": ""1.4\"" x 5.6\"" x 7.8\""""}",https://i.thriftbooks.com/api/imagehandler/m/CB2D7EBFEAFA0CA88D4AF59BBE2E6762BD013BC3.jpeg
Split Image,Robert B. Parker,"{""Format:"": ""Hardcover"", ""Language:"": ""English"", ""ISBN:"": ""0399156232"", ""ISBN13:"": ""9780399156236"", ""Release Date:"": ""February 2010"", ""Publisher:"": ""G.P. Putnam's Sons"", ""Length:"": ""304 Pages"", ""Weight:"": ""1.35 lbs."", ""Dimensions:"": ""1.2\"" x 6.4\"" x 9.2\"""", ""Age Range:"": ""18 years and up"", ""Grade Range:"": ""Postsecondary and higher""}",https://i.thriftbooks.com/api/imagehandler/m/9C80E7615432F777C744F227FED5DB9A76688EA7.jpeg
D is for Deadbeat (The Kinsey Millhone Alphabet Mysteries),Sue Grafton,"{""Format:"": ""Mass Market Paperback"", ""Language:"": ""English"", ""ISBN:"": ""0312939027"", ""Release Date:"": ""November 2005"", ""Publisher:"": ""St. Martin's Paperbacks"", ""Length:"": ""320 Pages"", ""Weight:"": ""0.35 lbs."", ""Dimensions:"": ""6.7\"" x 1.1\"" x 4.2\""""}",https://m.media-amazon.com/images/I/41tntoj9zXL._SL350_.jpg
Neon Rain,James Lee Burke,"{""Format:"": ""Mass Market Paperback"", ""Language:"": ""English"", ""ISBN:"": ""0671756443"", ""ISBN13:"": ""9780671756444"", ""Release Date:"": ""February 1992"", ""Publisher:"": ""Pocket Books"", ""Length:"": ""288 Pages"", ""Weight:"": ""0.34 lbs."", ""Dimensions:"": ""0.8\"" x 4.2\"" x 6.8\""""}",https://i.thriftbooks.com/api/imagehandler/m/A5236B0DF033F9DDDA82B65923E5380F53281C87.jpeg
The Sentry,Robert Crais,"{""Format:"": ""Mass Market Paperback"", ""Language:"": ""English"", ""ISBN:"": ""0425245721"", ""ISBN13:"": ""9780425245729"", ""Release Date:"": ""January 2012"", ""Publisher:"": ""G.P. Putnam's Sons"", ""Length:"": ""416 Pages"", ""Weight:"": ""0.55 lbs."", ""Dimensions:"": ""1.2\"" x 4.2\"" x 7.4\"""", ""Age Range:"": ""18 years and up"", ""Grade Range:"": ""Postsecondary and higher""}",https://i.thriftbooks.com/api/imagehandler/m/7D0BD07FB1E589058270927F0C55278C473902B9.jpeg
The First Rule,Robert Crais,"{""Format:"": ""Hardcover"", ""Language:"": ""English"", ""ISBN:"": ""0399156135"", ""ISBN13:"": ""9780399156137"", ""Release Date:"": ""January 2010"", ""Publisher:"": ""Putnam Adult"", ""Length:"": ""308 Pages"", ""Weight:"": ""1.25 lbs."", ""Dimensions:"": ""1.4\"" x 6.2\"" x 9.1\"""", ""Age Range:"": ""18 years and up"", ""Grade Range:"": ""Postsecondary and higher""}",https://i.thriftbooks.com/api/imagehandler/m/F29C5C61FE5824140CCAE0C932B2F84D3EE6B208.jpeg
The Last Detective,Robert Crais,"{""Format:"": ""Hardcover"", ""Language:"": ""English"", ""ISBN:"": ""0385504268"", ""ISBN13:"": ""9780385504263"", ""Release Date:"": ""February 2003"", ""Publisher:"": ""Doubleday Books"", ""Length:"": ""302 Pages"", ""Weight:"": ""1.10 lbs."", ""Dimensions:"": ""1.1\"" x 6.4\"" x 9.6\""""}",https://i.thriftbooks.com/api/imagehandler/m/258448CF2B40E9D1B84553F421F56470A7887E23.jpeg
The Promise,Robert Crais,"{""Format:"": ""Hardcover"", ""Language:"": ""English"", ""ISBN:"": ""039916149X"", ""ISBN13:"": ""9780399161490"", ""Release Date:"": ""November 2015"", ""Publisher:"": ""G.P. Putnam's Sons"", ""Length:"": ""416 Pages"", ""Weight:"": ""1.15 lbs."", ""Dimensions:"": ""1.7\"" x 6.0\"" x 9.0\""""}",https://i.thriftbooks.com/api/imagehandler/m/64ABB25D72E3A1A7E3B483B7722651AAF4671B0B.jpeg
Brotherhood in Death,J.D. Robb,"{""Format:"": ""Mass Market Paperback"", ""Language:"": ""English"", ""ISBN:"": ""0425279006"", ""ISBN13:"": ""9780425279007"", ""Release Date:"": ""July 2016"", ""Publisher:"": ""Berkley Books"", ""Length:"": ""400 Pages"", ""Weight:"": ""0.45 lbs."", ""Dimensions:"": ""1.2\"" x 4.1\"" x 6.7\""""}",https://i.thriftbooks.com/api/imagehandler/m/6672E4BF24054462643A37F33FE08EF9D321459A.jpeg
Lullaby Town,Robert Crais,"{""Format:"": ""Mass Market Paperback"", ""Language:"": ""English"", ""ISBN:"": ""0553299514"", ""ISBN13:"": ""9780553299519"", ""Release Date:"": ""May 1993"", ""Publisher:"": ""Crimeline"", ""Length:"": ""352 Pages"", ""Weight:"": ""0.40 lbs."", ""Dimensions:"": ""1.0\"" x 4.2\"" x 6.9\""""}",https://i.thriftbooks.com/api/imagehandler/m/0240F49A81E9E461E83596B12342D94CF5783C6E.jpeg
Sunset Express (Elvis Cole),Robert Crais,"{""Format:"": ""Mass Market Paperback"", ""Language:"": ""English"", ""ISBN:"": ""0345454944"", ""Release Date:"": ""January 2005"", ""Publisher:"": ""Ballantine Books"", ""Length:"": ""352 Pages"", ""Weight:"": ""0.40 lbs."", ""Dimensions:"": ""6.7\"" x 0.9\"" x 4.2\""""}",https://m.media-amazon.com/images/I/51mnbi3dZ5L._SL350_.jpg
2 Sisters Detective Agency,Candice Fox,"{""Format:"": ""Paperback"", ""Language:"": ""English"", ""ISBN:"": ""1538704587"", ""ISBN13:"": ""9781538704585"", ""Release Date:"": ""October 2021"", ""Publisher:"": ""Grand Central Publishing"", ""Length:"": ""416 Pages"", ""Weight:"": ""0.80 lbs."", ""Dimensions:"": ""1.2\"" x 5.4\"" x 8.1\""""}",https://i.thriftbooks.com/api/imagehandler/m/36F6582917A75C3ACE7EEFEFE25D49EBDE123C9C.jpeg
Stone Cold,Robert B. Parker,"{""Format:"": ""Hardcover"", ""Language:"": ""English"", ""ISBN:"": ""0399150870"", ""ISBN13:"": ""9780399150876"", ""Release Date:"": ""September 2003"", ""Publisher:"": ""Putnam Adult"", ""Length:"": ""323 Pages"", ""Weight:"": ""1.55 lbs."", ""Dimensions:"": ""1.4\"" x 6.3\"" x 9.4\"""", ""Age Range:"": ""18 years and up"", ""Grade Range:"": ""Postsecondary and higher""}",https://i.thriftbooks.com/api/imagehandler/m/1CD4A917CD54EB7F0D3F703836661AF41811F41E.jpeg
Free Fall,Robert Crais,"{""Format:"": ""Mass Market Paperback"", ""Language:"": ""English"", ""ISBN:"": ""0553565095"", ""ISBN13:"": ""9780553565096"", ""Release Date:"": ""April 1994"", ""Publisher:"": ""Crimeline"", ""Length:"": ""304 Pages"", ""Weight:"": ""0.30 lbs."", ""Dimensions:"": ""0.8\"" x 4.2\"" x 7.1\""""}",https://i.thriftbooks.com/api/imagehandler/m/0880EB3EE2A512048EF7A34D64363D24355AE8E9.jpeg
Reckless Abandon,Stuart Woods,"{""Format:"": ""Hardcover"", ""Language:"": ""English"", ""ISBN:"": ""0399151516"", ""ISBN13:"": ""9780399151514"", ""Release Date:"": ""April 2004"", ""Publisher:"": ""Putnam Adult"", ""Length:"": ""304 Pages"", ""Weight:"": ""1.30 lbs."", ""Dimensions:"": ""1.2\"" x 6.4\"" x 9.4\"""", ""Age Range:"": ""18 years and up"", ""Grade Range:"": ""Postsecondary and higher""}",https://i.thriftbooks.com/api/imagehandler/m/4C303C3750B928A4F132372620F798DCACF8B2C4.jpeg
The Watchman,Robert Crais,"{""Format:"": ""Mass Market Paperback"", ""Language:"": ""English"", ""ISBN:"": ""141651497X"", ""ISBN13:"": ""9781416514978"", ""Release Date:"": ""January 2008"", ""Publisher:"": ""Pocket Star Books"", ""Length:"": ""384 Pages"", ""Weight:"": ""0.62 lbs."", ""Dimensions:"": ""1.1\"" x 4.5\"" x 6.9\""""}",https://i.thriftbooks.com/api/imagehandler/m/9D17FC1B5D37CE0A428C9BB8E5C9C8CDE40A5CFD.jpeg
High Profile (A Jesse Stone Novel),Robert B. Parker,"{""Format:"": ""Mass Market Paperback"", ""Language:"": ""English"", ""ISBN:"": ""0425206092"", ""Release Date:"": ""March 2008"", ""Publisher:"": ""G.P. Putnam's Sons"", ""Length:"": ""304 Pages"", ""Weight:"": ""0.50 lbs."", ""Dimensions:"": ""7.5\"" x 0.8\"" x 4.2\""""}",https://m.media-amazon.com/images/I/416BtUy9vOL._SL350_.jpg
Ocean Prey,John Sandford,"{""Format:"": ""Mass Market Paperback"", ""Language:"": ""English"", ""ISBN:"": ""0593087046"", ""ISBN13:"": ""9780593087046"", ""Release Date:"": ""March 2022"", ""Publisher:"": ""G.P. Putnam's Sons"", ""Length:"": ""496 Pages"", ""Weight:"": ""1.45 lbs."", ""Dimensions:"": ""1.4\"" x 4.1\"" x 7.5\""""}",https://i.thriftbooks.com/api/imagehandler/m/C395CDD63F9B31518D7643AF292FA16BBE7FCF8C.jpeg
Cross the Line,James Patterson,"{""Format:"": ""Mass Market Paperback"", ""Language:"": ""English"", ""ISBN:"": ""1455585327"", ""ISBN13:"": ""9781455585328"", ""Release Date:"": ""September 2017"", ""Publisher:"": ""Vision"", ""Length:"": ""400 Pages"", ""Weight:"": ""0.48 lbs."", ""Dimensions:"": ""1.0\"" x 4.2\"" x 7.5\""""}",https://i.thriftbooks.com/api/imagehandler/m/C27D323FABB42E8AE171B6639F0D76E1D9A167E1.jpeg
Shadows in Death: An Eve Dallas Novel,J.D. Robb,"{""Format:"": ""Mass Market Paperback"", ""Language:"": ""English"", ""ISBN:"": ""1250207258"", ""ISBN13:"": ""9781250207258"", ""Release Date:"": ""December 2020"", ""Publisher:"": ""St. Martin's Press"", ""Length:"": ""400 Pages"", ""Weight:"": ""0.60 lbs."", ""Dimensions:"": ""1.1\"" x 4.1\"" x 6.7\""""}",https://i.thriftbooks.com/api/imagehandler/m/3D4CF73E541828FD2EA10B27D8A2F2E916552402.jpeg
Burn,James Patterson,"{""Format:"": ""Hardcover"", ""Language:"": ""English"", ""ISBN:"": ""0316211044"", ""ISBN13:"": ""9780316211048"", ""Release Date:"": ""September 2014"", ""Publisher:"": ""Little Brown and Company"", ""Length:"": ""432 Pages"", ""Weight:"": ""1.52 lbs."", ""Dimensions:"": ""1.6\"" x 6.2\"" x 9.3\""""}",https://i.thriftbooks.com/api/imagehandler/m/3974972D72421A54B19416F0E2C07B9B0AF698DB.jpeg
Vendetta in Death: An Eve Dallas Novel,J.D. Robb,"{""Format:"": ""Mass Market Paperback"", ""Language:"": ""English"", ""ISBN:"": ""1250207193"", ""ISBN13:"": ""9781250207197"", ""Release Date:"": ""December 2019"", ""Publisher:"": ""St. Martin's Press"", ""Length:"": ""416 Pages"", ""Weight:"": ""0.45 lbs."", ""Dimensions:"": ""1.2\"" x 4.1\"" x 6.7\""""}",https://i.thriftbooks.com/api/imagehandler/m/F0EC3552BDD221A97A7F5ED5CB571D8BAB524DF0.jpeg
Deadline,John Sandford,"{""Format:"": ""Hardcover"", ""Language:"": ""English"", ""ISBN:"": ""0399162372"", ""ISBN13:"": ""9780399162374"", ""Release Date:"": ""October 2014"", ""Publisher:"": ""Putnam Adult"", ""Length:"": ""388 Pages"", ""Weight:"": ""1.54 lbs."", ""Dimensions:"": ""1.6\"" x 6.2\"" x 9.1\"""", ""Age Range:"": ""18 years and up"", ""Grade Range:"": ""Postsecondary and higher""}",https://i.thriftbooks.com/api/imagehandler/m/52622CB11722CDB2D6DA016D3E49C855B803A56F.jpeg
Phantom Prey,John Sandford,"{""Format:"": ""Hardcover"", ""Language:"": ""English"", ""ISBN:"": ""0399155007"", ""ISBN13:"": ""9780399155000"", ""Release Date:"": ""May 2008"", ""Publisher:"": ""G. P. Putnam's Sons"", ""Length:"": ""373 Pages"", ""Weight:"": ""1.30 lbs."", ""Dimensions:"": ""1.3\"" x 6.2\"" x 9.3\"""", ""Age Range:"": ""18 years and up"", ""Grade Range:"": ""Postsecondary and higher""}",https://i.thriftbooks.com/api/imagehandler/m/5FF48FF8F00D77072C4A291BC67D376FC7A1ADCC.jpeg
Blind Tiger,Sandra Brown,"{""Format:"": ""Paperback"", ""Language:"": ""English"", ""ISBN:"": ""1538751976"", ""ISBN13:"": ""9781538751978"", ""Release Date:"": ""March 2022"", ""Publisher:"": ""Grand Central Publishing"", ""Length:"": ""528 Pages"", ""Weight:"": ""0.98 lbs."", ""Dimensions:"": ""1.5\"" x 5.1\"" x 7.9\""""}",https://i.thriftbooks.com/api/imagehandler/m/64F131A5F2ABDA0251034697B71DEABF4EC0B6EA.jpeg
Golden Prey,John Sandford,"{""Format:"": ""Mass Market Paperback"", ""Language:"": ""English"", ""ISBN:"": ""1101988843"", ""ISBN13:"": ""9781101988848"", ""Release Date:"": ""April 2018"", ""Publisher:"": ""G.P. Putnam's Sons"", ""Length:"": ""384 Pages"", ""Weight:"": ""0.49 lbs."", ""Dimensions:"": ""1.1\"" x 4.2\"" x 7.4\""""}",https://i.thriftbooks.com/api/imagehandler/m/153EADD9DDB187AAE58486D86BFC58642A0D33D8.jpeg
"Stalking the Angel (Elvis Cole, Book 2)",Robert Crais,"{""Format:"": ""Mass Market Paperback"", ""Language:"": ""English"", ""ISBN:"": ""0553286447"", ""Release Date:"": ""March 1992"", ""Publisher:"": ""Crimeline"", ""Length:"": ""288 Pages"", ""Weight:"": ""0.40 lbs."", ""Dimensions:"": ""6.7\"" x 0.8\"" x 4.2\""""}",https://m.media-amazon.com/images/I/41ruTANn0BL._SL350_.jpg
"Mortal Prey (Lucas Davenport, No. 13)",John Sandford,"{""Format:"": ""Paperback"", ""Language:"": ""English"", ""ISBN:"": ""0425189864"", ""Release Date:"": ""April 2003"", ""Publisher:"": ""G.P. Putnam's Sons"", ""Length:"": ""448 Pages"", ""Weight:"": ""0.46 lbs."", ""Dimensions:"": ""7.5\"" x 1.0\"" x 4.2\""""}",https://m.media-amazon.com/images/I/51+uZ+MGYhL._SL350_.jpg
Chasing Darkness,Robert Crais,"{""Format:"": ""Mass Market Paperback"", ""Language:"": ""English"", ""ISBN:"": ""1416514988"", ""ISBN13:"": ""9781416514985"", ""Release Date:"": ""February 2009"", ""Publisher:"": ""Pocket Books"", ""Length:"": ""408 Pages"", ""Weight:"": ""0.60 lbs."", ""Dimensions:"": ""1.3\"" x 4.2\"" x 7.3\""""}",https://i.thriftbooks.com/api/imagehandler/m/13FDC059BF2025DB16F02B18B699A171A6349564.jpeg
"I, Michael Bennett",James Patterson,"{""Format:"": ""Hardcover"", ""Language:"": ""English"", ""ISBN:"": ""0316097462"", ""ISBN13:"": ""9780316097468"", ""Release Date:"": ""July 2012"", ""Publisher:"": ""Little Brown and Company"", ""Length:"": ""416 Pages"", ""Weight:"": ""1.00 lbs."", ""Dimensions:"": ""1.3\"" x 6.4\"" x 9.4\""""}",https://i.thriftbooks.com/api/imagehandler/m/F28E46DA8CB212ACF84B6C7B7FA818B5F1F0D439.jpeg
Red Alert: An NYPD Red Mystery,James Patterson,"{""Format:"": ""Mass Market Paperback"", ""Language:"": ""English"", ""ISBN:"": ""1455543519"", ""ISBN13:"": ""9781455543519"", ""Release Date:"": ""April 2019"", ""Publisher:"": ""Vision"", ""Length:"": ""352 Pages"", ""Weight:"": ""0.45 lbs."", ""Dimensions:"": ""0.9\"" x 4.2\"" x 7.5\""""}",https://i.thriftbooks.com/api/imagehandler/m/DB2BFCA8D49DB85A8B9117AE087FF98DBC1FCF33.jpeg
Criminal Mischief,Stuart Woods,"{""Format:"": ""Hardcover"", ""Language:"": ""English"", ""ISBN:"": ""0593331729"", ""ISBN13:"": ""9780593331729"", ""Release Date:"": ""December 2021"", ""Publisher:"": ""G.P. Putnam's Sons"", ""Length:"": ""320 Pages"", ""Weight:"": ""1.20 lbs."", ""Dimensions:"": ""1.3\"" x 6.3\"" x 9.2\""""}",https://i.thriftbooks.com/api/imagehandler/m/0DC73B8C7A778403EAC2A5F89448D7296331171E.jpeg
Foul Play,Stuart Woods,"{""Format:"": ""Hardcover"", ""Language:"": ""English"", ""ISBN:"": ""0593331699"", ""ISBN13:"": ""9780593331699"", ""Release Date:"": ""October 2021"", ""Publisher:"": ""G.P. Putnam's Sons"", ""Length:"": ""352 Pages"", ""Weight:"": ""1.30 lbs."", ""Dimensions:"": ""1.6\"" x 5.9\"" x 9.0\""""}",https://i.thriftbooks.com/api/imagehandler/m/F6252D121EBEB8DA3DA98ED08F1983997E10F77B.jpeg
A Dangerous Man,Robert Crais,"{""Format:"": ""Hardcover"", ""Language:"": ""English"", ""ISBN:"": ""0525535683"", ""ISBN13:"": ""9780525535683"", ""Release Date:"": ""August 2019"", ""Publisher:"": ""G.P. Putnam's Sons"", ""Length:"": ""352 Pages"", ""Weight:"": ""1.10 lbs."", ""Dimensions:"": ""1.6\"" x 6.4\"" x 9.3\""""}",https://i.thriftbooks.com/api/imagehandler/m/F5F7B4184EAE894A02E7BBEB80A47DC6913D8EA9.jpeg
Shelter (Book One): A Mickey Bolitar Novel,Harlan Coben,"{""Format:"": ""Paperback"", ""Language:"": ""English"", ""ISBN:"": ""0142422037"", ""ISBN13:"": ""9780142422038"", ""Release Date:"": ""August 2012"", ""Publisher:"": ""Speak"", ""Length:"": ""336 Pages"", ""Weight:"": ""0.75 lbs."", ""Dimensions:"": ""1.0\"" x 5.4\"" x 8.2\"""", ""Age Range:"": ""12 years and up"", ""Grade Range:"": ""Grade 7 and higher""}",https://i.thriftbooks.com/api/imagehandler/m/EE1550C55B07900AB63E542AE3CE05FB1611AC6E.jpeg
V is for Vengeance: A Kinsey Millhone Novel,Sue Grafton,"{""Format:"": ""Hardcover"", ""Language:"": ""English"", ""ISBN:"": ""0399157867"", ""Release Date:"": ""November 2011"", ""Publisher:"": ""Marian Wood Books/Putnam"", ""Length:"": ""448 Pages"", ""Weight:"": ""1.55 lbs."", ""Dimensions:"": ""9.5\"" x 1.4\"" x 6.5\""""}",https://m.media-amazon.com/images/I/416xDoMRqGL._SL350_.jpg
"Naked Prey (Lucas Davenport, No. 14)",John Sandford,"{""Format:"": ""Paperback"", ""Language:"": ""English"", ""ISBN:"": ""0425195449"", ""Release Date:"": ""May 2004"", ""Publisher:"": ""G.P. Putnam's Sons"", ""Length:"": ""464 Pages"", ""Weight:"": ""2.35 lbs."", ""Dimensions:"": ""7.5\"" x 1.0\"" x 4.1\""""}",https://m.media-amazon.com/images/I/512agZA8z+L._SL350_.jpg
