Book Name,Authors,Info,Image URL
The Zombie Survival Guide: Recorded Attacks,Ibraim Roberson,"{""Format:"": ""Paperback"", ""Language:"": ""English"", ""ISBN:"": ""030740577X"", ""ISBN13:"": ""9780307405777"", ""Release Date:"": ""October 2009"", ""Publisher:"": ""Del Rey Books"", ""Length:"": ""144 Pages"", ""Weight:"": ""0.55 lbs."", ""Dimensions:"": ""0.4\"" x 6.3\"" x 9.2\""""}",https://i.thriftbooks.com/api/imagehandler/m/1E55C4756BC2297E9E0EB7847468753B38DA238A.jpeg
Walking Dead Book 1,Robert Kirkman,"{""Format:"": ""Hardcover"", ""Language:"": ""English"", ""ISBN:"": ""1582406197"", ""ISBN13:"": ""9781582406190"", ""Release Date:"": ""July 2006"", ""Publisher:"": ""Image Comics"", ""Length:"": ""304 Pages"", ""Weight:"": ""2.40 lbs."", ""Dimensions:"": ""0.8\"" x 7.3\"" x 10.9\"""", ""Age Range:"": ""16 years and up"", ""Grade Range:"": ""Grade 11 and higher""}",https://i.thriftbooks.com/api/imagehandler/m/EC862F16BD6B462980FBD21BDA34BAD582CB8846.jpeg
Walking Dead Compendium Volume 2,Robert Kirkman,"{""Format:"": ""Paperback"", ""Language:"": ""English"", ""ISBN:"": ""1607065967"", ""ISBN13:"": ""9781607065968"", ""Release Date:"": ""October 2012"", ""Publisher:"": ""Image Comics"", ""Length:"": ""1068 Pages"", ""Weight:"": ""4.60 lbs."", ""Dimensions:"": ""1.8\"" x 6.6\"" x 10.1\"""", ""Age Range:"": ""16 years and up"", ""Grade Range:"": ""Grade 11 and higher""}",https://i.thriftbooks.com/api/imagehandler/m/25813A7B80A69BA50CA83774E1844B80C1D498DD.jpeg
Walking Dead Volume 6: This Sorrowful Life,Robert Kirkman,"{""Format:"": ""Paperback"", ""Language:"": ""English"", ""ISBN:"": ""1582406847"", ""ISBN13:"": ""9781582406848"", ""Release Date:"": ""May 2007"", ""Publisher:"": ""Image Comics"", ""Length:"": ""136 Pages"", ""Weight:"": ""0.65 lbs."", ""Dimensions:"": ""0.3\"" x 6.6\"" x 10.1\"""", ""Age Range:"": ""16 years and up"", ""Grade Range:"": ""Grade 11 and higher""}",https://i.thriftbooks.com/api/imagehandler/m/69751A616490727D2EE540CEB1A561DBD24450B6.jpeg
Walking Dead Book 3,"Kirkman, Robert","{""Format:"": ""Hardcover"", ""Language:"": ""English"", ""ISBN:"": ""1582408254"", ""ISBN13:"": ""9781582408255"", ""Release Date:"": ""October 2010"", ""Publisher:"": ""Image Comics"", ""Length:"": ""304 Pages"", ""Weight:"": ""2.25 lbs."", ""Dimensions:"": ""0.8\"" x 7.5\"" x 11.1\"""", ""Age Range:"": ""16 years and up"", ""Grade Range:"": ""Grade 11 and higher""}",https://i.thriftbooks.com/api/imagehandler/m/A4D7346803B05F53B0644153BAAC3C9DDC9BF089.jpeg
Creature Tech,Doug TenNapel,"{""Format:"": ""Paperback"", ""Language:"": ""English"", ""ISBN:"": ""1891830341"", ""ISBN13:"": ""9781891830341"", ""Release Date:"": ""March 2003"", ""Publisher:"": ""Top Shelf Productions"", ""Length:"": ""208 Pages"", ""Weight:"": ""1.15 lbs."", ""Dimensions:"": ""0.6\"" x 7.2\"" x 10.7\"""", ""Age Range:"": ""13 to 16 years"", ""Grade Range:"": ""Grades 8 to 11""}",https://i.thriftbooks.com/api/imagehandler/m/CCC8EB5BDC8BCE72404F95EAFA3B9F0490D3F3C5.jpeg
Dead Inside: Do Not Enter: Notes from the Zombie Apocalypse: A Lost Zombies Book,Lost Zombies,"{""Format:"": ""Paperback"", ""Language:"": ""English"", ""ISBN:"": ""1452101086"", ""ISBN13:"": ""9781452101088"", ""Release Date:"": ""September 2011"", ""Publisher:"": ""Chronicle Books"", ""Length:"": ""160 Pages"", ""Weight:"": ""1.35 lbs."", ""Dimensions:"": ""0.5\"" x 7.9\"" x 9.9\""""}",https://i.thriftbooks.com/api/imagehandler/m/01162FA3CFDEAF93EB4E0FBD8EC60BBEE7BA11FD.jpeg
Nothin' But Misery,Eric Powell,"{"""": """"}",https://i.thriftbooks.com/api/imagehandler/m/2CE07F98205F7CA45E83A4D806459ED3D2161B6F.jpeg
"Izombie, Volume 3: Six Feet Under & Rising",Chris Roberson,"{"""": """"}",https://i.thriftbooks.com/api/imagehandler/m/8EF841948E07588EA0F033824D154806A1B43DBB.jpeg
The Goon: Volume 3: Heaps of Ruination,Eric Powell,"{"""": """"}",https://i.thriftbooks.com/api/imagehandler/m/FACA964BC64AAC8BF1A7905AE22DE86ABCFAF4A6.jpeg
Walking Dead Volume 18: What Comes After,Robert Kirkman,"{""Format:"": ""Paperback"", ""Language:"": ""English"", ""ISBN:"": ""1607066874"", ""ISBN13:"": ""9781607066873"", ""Release Date:"": ""June 2013"", ""Publisher:"": ""Image Comics"", ""Length:"": ""136 Pages"", ""Weight:"": ""1.85 lbs."", ""Dimensions:"": ""0.3\"" x 6.4\"" x 10.6\"""", ""Age Range:"": ""16 years and up"", ""Grade Range:"": ""Grade 11 and higher""}",https://i.thriftbooks.com/api/imagehandler/m/D2E440DEE7FCE836A8C5A21DD09D27806BB43FBA.jpeg
Walking Dead Volume 19: March to War,Robert Kirkman,"{""Format:"": ""Paperback"", ""Language:"": ""English"", ""ISBN:"": ""1607068184"", ""ISBN13:"": ""9781607068181"", ""Release Date:"": ""November 2013"", ""Publisher:"": ""Image Comics"", ""Length:"": ""136 Pages"", ""Weight:"": ""0.55 lbs."", ""Dimensions:"": ""0.3\"" x 6.6\"" x 10.1\"""", ""Age Range:"": ""16 years and up"", ""Grade Range:"": ""Grade 11 and higher""}",https://i.thriftbooks.com/api/imagehandler/m/7E8FDF4197A44A8E0F05CAA5302E50C487D35B66.jpeg
Walking Dead Book 9,Rus Wooton,"{"""": """"}",https://i.thriftbooks.com/api/imagehandler/m/1B027965443AFBF0145260565249DDB584DAEA14.jpeg
Daybreak,Brian Ralph,"{""Format:"": ""Hardcover"", ""Language:"": ""English"", ""ISBN:"": ""1770460551"", ""ISBN13:"": ""9781770460553"", ""Release Date:"": ""September 2011"", ""Publisher:"": ""Drawn & Quarterly"", ""Length:"": ""160 Pages"", ""Weight:"": ""1.35 lbs."", ""Dimensions:"": ""0.9\"" x 6.4\"" x 8.8\""""}",https://i.thriftbooks.com/api/imagehandler/m/402BB21708BE01F81C205B7A446F01525A85F686.jpeg
Ex-Purgatory,Peter Clines,"{""Format:"": ""Paperback"", ""Language:"": ""English"", ""ISBN:"": ""0804136610"", ""ISBN13:"": ""9780804136617"", ""Release Date:"": ""January 2014"", ""Publisher:"": ""Crown Publishing Group (NY)"", ""Length:"": ""352 Pages"", ""Weight:"": ""0.60 lbs."", ""Dimensions:"": ""0.8\"" x 5.2\"" x 8.1\""""}",https://i.thriftbooks.com/api/imagehandler/m/DFBB4581A74CB0C7B2E0DD5742D1AD81634ECD2B.jpeg
Walking Dead Volume 20: All Out War Part 1,Rus Wooton,"{""Format:"": ""Paperback"", ""Language:"": ""English"", ""ISBN:"": ""1607068826"", ""ISBN13:"": ""9781607068822"", ""Release Date:"": ""March 2014"", ""Publisher:"": ""Image Comics"", ""Length:"": ""136 Pages"", ""Weight:"": ""0.66 lbs."", ""Dimensions:"": ""0.3\"" x 6.7\"" x 10.2\"""", ""Age Range:"": ""16 years and up"", ""Grade Range:"": ""Grade 11 and higher""}",https://i.thriftbooks.com/api/imagehandler/m/730862F900107389A60BC3A6E3D896E504B7B3CE.jpeg
The Art of Plants vs. Zombies: A Visual Book,Various,"{""Format:"": ""Hardcover"", ""Language:"": ""English"", ""ISBN:"": ""1616553316"", ""ISBN13:"": ""9781616553319"", ""Release Date:"": ""April 2014"", ""Publisher:"": ""Dark Horse Books"", ""Length:"": ""88 Pages"", ""Weight:"": ""0.78 lbs."", ""Dimensions:"": ""0.5\"" x 6.3\"" x 9.2\"""", ""Age Range:"": ""8 to 12 years"", ""Grade Range:"": ""Grades 3 to 7""}",https://i.thriftbooks.com/api/imagehandler/m/6C7618588AA367842178BBB2A4B01AC18A917F21.jpeg
Plants vs. Zombies Volume 1: Lawnmageddon,Paul Tobin,"{""Format:"": ""Hardcover"", ""Language:"": ""English"", ""ISBN:"": ""1616551925"", ""ISBN13:"": ""9781616551926"", ""Release Date:"": ""November 2013"", ""Publisher:"": ""Dark Horse Books"", ""Length:"": ""80 Pages"", ""Weight:"": ""1.70 lbs."", ""Dimensions:"": ""0.5\"" x 6.2\"" x 9.1\"""", ""Age Range:"": ""8 to 12 years"", ""Grade Range:"": ""Grades 3 to 7""}",https://i.thriftbooks.com/api/imagehandler/m/C29585F8DEEAE205D129AF0746A7C4516F41ADCB.jpeg
"Is This a Zombie?, Vol. 2 - manga (Is This a Zombie?, 2) (Volume 2)",Shinichi Kimura,"{""Format:"": ""Paperback"", ""Language:"": ""English"", ""ISBN:"": ""0316210374"", ""Release Date:"": ""July 2012"", ""Publisher:"": ""Yen Press"", ""Length:"": ""164 Pages"", ""Weight:"": ""0.50 lbs."", ""Dimensions:"": ""7.5\"" x 0.5\"" x 5.0\""""}",https://m.media-amazon.com/images/I/61NbzQ3TTUL._SL350_.jpg
Walking Dead Volume 22: A New Beginning,Robert Kirkman,"{""Format:"": ""Paperback"", ""Language:"": ""English"", ""ISBN:"": ""1632150417"", ""ISBN13:"": ""9781632150417"", ""Release Date:"": ""November 2014"", ""Publisher:"": ""Image Comics"", ""Length:"": ""136 Pages"", ""Weight:"": ""0.75 lbs."", ""Dimensions:"": ""0.4\"" x 6.7\"" x 10.3\"""", ""Age Range:"": ""16 years and up"", ""Grade Range:"": ""Grade 11 and higher""}",https://i.thriftbooks.com/api/imagehandler/m/B2CB26E6E6B93CCFED78EA527DC3540C010010CD.jpeg
Plants Vs. Zombies Lawnmageddon,Paul Tobin,"{""Format:"": ""Paperback"", ""Language:"": ""English"", ""ISBN:"": ""1616554037"", ""ISBN13:"": ""9781616554033"", ""Release Date:"": ""January 2013"", ""Publisher:"": ""PopCap"", ""Weight:"": ""0.45 lbs.""}",https://i.thriftbooks.com/api/imagehandler/m/BD0FE917D4621CDB216C5D3C3D03C76708D2100C.jpeg
